-- phpMyAdmin SQL Dump
-- version 5.2.0
-- https://www.phpmyadmin.net/
--
-- Хост: 127.0.0.1:3306
-- Время создания: Дек 14 2022 г., 20:05
-- Версия сервера: 5.7.39
-- Версия PHP: 7.4.30

SET SQL_MODE = "NO_AUTO_VALUE_ON_ZERO";
START TRANSACTION;
SET time_zone = "+00:00";


/*!40101 SET @OLD_CHARACTER_SET_CLIENT=@@CHARACTER_SET_CLIENT */;
/*!40101 SET @OLD_CHARACTER_SET_RESULTS=@@CHARACTER_SET_RESULTS */;
/*!40101 SET @OLD_COLLATION_CONNECTION=@@COLLATION_CONNECTION */;
/*!40101 SET NAMES utf8mb4 */;

--
-- База данных: `vert`
--

-- --------------------------------------------------------

--
-- Структура таблицы `b_admin_notify`
--

CREATE TABLE `b_admin_notify` (
  `ID` int(11) NOT NULL,
  `MODULE_ID` varchar(50) COLLATE utf8_unicode_ci DEFAULT NULL,
  `TAG` varchar(255) COLLATE utf8_unicode_ci DEFAULT NULL,
  `MESSAGE` text COLLATE utf8_unicode_ci,
  `ENABLE_CLOSE` char(1) COLLATE utf8_unicode_ci DEFAULT 'Y',
  `PUBLIC_SECTION` char(1) COLLATE utf8_unicode_ci NOT NULL DEFAULT 'N',
  `NOTIFY_TYPE` char(1) COLLATE utf8_unicode_ci NOT NULL DEFAULT 'M'
) ENGINE=InnoDB DEFAULT CHARSET=utf8 COLLATE=utf8_unicode_ci;

-- --------------------------------------------------------

--
-- Структура таблицы `b_admin_notify_lang`
--

CREATE TABLE `b_admin_notify_lang` (
  `ID` int(11) NOT NULL,
  `NOTIFY_ID` int(11) NOT NULL,
  `LID` char(2) COLLATE utf8_unicode_ci NOT NULL,
  `MESSAGE` text COLLATE utf8_unicode_ci
) ENGINE=InnoDB DEFAULT CHARSET=utf8 COLLATE=utf8_unicode_ci;

-- --------------------------------------------------------

--
-- Структура таблицы `b_agent`
--

CREATE TABLE `b_agent` (
  `ID` int(11) NOT NULL,
  `MODULE_ID` varchar(50) COLLATE utf8_unicode_ci DEFAULT NULL,
  `SORT` int(11) NOT NULL DEFAULT '100',
  `NAME` text COLLATE utf8_unicode_ci,
  `ACTIVE` char(1) COLLATE utf8_unicode_ci NOT NULL DEFAULT 'Y',
  `LAST_EXEC` datetime DEFAULT NULL,
  `NEXT_EXEC` datetime NOT NULL,
  `DATE_CHECK` datetime DEFAULT NULL,
  `AGENT_INTERVAL` int(11) DEFAULT '86400',
  `IS_PERIOD` char(1) COLLATE utf8_unicode_ci DEFAULT 'Y',
  `USER_ID` int(11) DEFAULT NULL,
  `RUNNING` char(1) COLLATE utf8_unicode_ci NOT NULL DEFAULT 'N',
  `RETRY_COUNT` int(11) DEFAULT NULL
) ENGINE=InnoDB DEFAULT CHARSET=utf8 COLLATE=utf8_unicode_ci;

--
-- Дамп данных таблицы `b_agent`
--

INSERT INTO `b_agent` (`ID`, `MODULE_ID`, `SORT`, `NAME`, `ACTIVE`, `LAST_EXEC`, `NEXT_EXEC`, `DATE_CHECK`, `AGENT_INTERVAL`, `IS_PERIOD`, `USER_ID`, `RUNNING`, `RETRY_COUNT`) VALUES
(1, 'main', 100, '\\Bitrix\\Main\\Analytics\\CounterDataTable::submitData();', 'Y', '2022-12-14 20:04:58', '2022-12-14 20:05:58', NULL, 60, 'N', NULL, 'N', 0),
(2, 'main', 100, 'CCaptchaAgent::DeleteOldCaptcha(3600);', 'Y', '2022-12-14 19:50:12', '2022-12-14 20:50:12', NULL, 3600, 'N', NULL, 'N', 0),
(3, 'main', 100, 'CSiteCheckerTest::CommonTest();', 'Y', '2022-12-14 07:34:48', '2022-12-15 07:34:48', NULL, 86400, 'N', NULL, 'N', 0),
(4, 'main', 100, 'CEvent::CleanUpAgent();', 'Y', '2022-12-14 07:34:48', '2022-12-15 07:34:48', NULL, 86400, 'N', NULL, 'N', 0),
(5, 'main', 100, 'CUser::CleanUpHitAuthAgent();', 'Y', '2022-12-14 07:34:48', '2022-12-15 07:34:48', NULL, 86400, 'N', NULL, 'N', 0),
(6, 'main', 100, 'CUndo::CleanUpOld();', 'Y', '2022-12-14 07:34:48', '2022-12-15 07:34:48', NULL, 86400, 'N', NULL, 'N', 0),
(7, 'main', 100, 'CUserCounter::DeleteOld();', 'Y', '2022-12-14 07:34:48', '2022-12-15 07:34:48', NULL, 86400, 'N', NULL, 'N', 0),
(8, 'main', 100, '\\Bitrix\\Main\\UI\\Viewer\\FilePreviewTable::deleteOldAgent(22, 20);', 'Y', '2022-12-14 07:34:48', '2022-12-15 07:34:48', NULL, 86400, 'N', NULL, 'N', 0),
(9, 'main', 100, 'CUser::AuthActionsCleanUpAgent();', 'Y', '2022-12-14 07:34:48', '2022-12-15 07:34:48', NULL, 86400, 'N', NULL, 'N', 0),
(10, 'main', 100, 'CUser::CleanUpAgent();', 'Y', '2022-12-14 07:34:48', '2022-12-15 07:34:48', NULL, 86400, 'N', NULL, 'N', 0),
(11, 'main', 100, 'CUser::DeactivateAgent();', 'Y', '2022-12-14 07:34:48', '2022-12-15 07:34:48', NULL, 86400, 'N', NULL, 'N', 0),
(12, 'main', 100, 'CEventLog::CleanUpAgent();', 'Y', '2022-12-14 07:34:48', '2022-12-15 07:34:48', NULL, 86400, 'N', NULL, 'N', 0),
(13, 'clouds', 100, 'CCloudStorage::CleanUp();', 'Y', '2022-12-14 07:34:49', '2022-12-15 07:34:49', NULL, 86400, 'N', NULL, 'N', 0),
(14, 'forum', 100, 'CForumStat::CleanUp();', 'Y', '2022-12-14 07:34:49', '2022-12-15 07:34:49', NULL, 86400, 'N', NULL, 'N', 0),
(15, 'forum', 100, 'CForumFiles::CleanUp();', 'Y', '2022-12-14 07:34:49', '2022-12-15 07:34:49', NULL, 86400, 'N', NULL, 'N', 0),
(16, 'landing', 100, 'Bitrix\\Landing\\Agent::clearRecycle();', 'Y', '2022-12-14 18:50:10', '2022-12-14 20:50:10', NULL, 7200, 'N', NULL, 'N', 0),
(17, 'landing', 100, 'Bitrix\\Landing\\Agent::clearFiles(30);', 'Y', '2022-12-14 19:50:12', '2022-12-14 20:50:12', NULL, 3600, 'N', NULL, 'N', 0),
(18, 'landing', 100, 'Bitrix\\Landing\\Agent::sendRestStatistic();', 'Y', '2022-12-14 07:34:51', '2022-12-15 07:34:51', NULL, 86400, 'N', NULL, 'N', 0),
(19, 'landing', 100, 'Bitrix\\Landing\\Agent::clearTempFiles();', 'Y', '2022-12-14 07:34:51', '2022-12-15 07:34:51', NULL, 86400, 'N', NULL, 'N', 0),
(20, 'messageservice', 100, '\\Bitrix\\MessageService\\Queue::cleanUpAgent();', 'Y', '2022-12-14 07:34:51', '2022-12-15 00:00:00', NULL, 86400, 'Y', NULL, 'N', 0),
(21, 'rest', 100, 'Bitrix\\Rest\\Marketplace\\Client::getNumUpdates();', 'Y', '2022-12-14 07:34:51', '2022-12-15 07:34:51', NULL, 86400, 'N', NULL, 'N', 0),
(22, 'rest', 100, '\\Bitrix\\Rest\\EventOfflineTable::cleanProcessAgent();', 'Y', '2022-12-14 07:34:51', '2022-12-15 07:34:51', NULL, 86400, 'N', NULL, 'N', 0),
(23, 'rest', 100, '\\Bitrix\\Rest\\LogTable::cleanUpAgent();', 'Y', '2022-12-14 07:34:51', '2022-12-15 07:34:51', NULL, 86400, 'N', NULL, 'N', 0),
(24, 'rest', 100, '\\Bitrix\\Rest\\Configuration\\Helper::sendStatisticAgent();', 'Y', '2022-12-14 07:34:51', '2022-12-15 07:34:51', NULL, 86400, 'N', NULL, 'N', 0),
(25, 'rest', 100, '\\Bitrix\\Rest\\UsageStatTable::sendAgent();', 'Y', '2022-12-14 19:50:12', '2022-12-14 20:50:12', NULL, 3600, 'N', NULL, 'N', 0),
(26, 'rest', 100, '\\Bitrix\\Rest\\UsageStatTable::cleanUpAgent();', 'Y', '2022-12-14 19:50:12', '2022-12-14 20:50:12', NULL, 3600, 'N', NULL, 'N', 0),
(27, 'rest', 100, '\\Bitrix\\Rest\\Marketplace\\Notification::checkAgent();', 'Y', '2022-12-14 07:34:51', '2022-12-15 07:34:51', NULL, 86400, 'N', NULL, 'N', 0),
(28, 'rest', 100, '\\Bitrix\\Rest\\Marketplace\\Immune::load();', 'Y', '2022-12-14 07:34:52', '2022-12-15 07:34:52', NULL, 86400, 'N', NULL, 'N', 0),
(29, 'rest', 100, '\\Bitrix\\Rest\\Configuration\\Structure::clearContentAgent();', 'Y', '2022-12-14 07:34:52', '2022-12-15 07:34:52', NULL, 86400, 'N', NULL, 'N', 0),
(30, 'rest', 100, '\\Bitrix\\Rest\\Helper::recoveryAgents();', 'Y', '2022-12-13 02:24:31', '2022-12-20 02:24:31', NULL, 604800, 'N', NULL, 'N', 0),
(31, 'search', 10, 'CSearchSuggest::CleanUpAgent();', 'Y', '2022-12-14 07:34:53', '2022-12-15 07:34:53', NULL, 86400, 'N', NULL, 'N', 0),
(32, 'search', 10, 'CSearchStatistic::CleanUpAgent();', 'Y', '2022-12-14 07:34:53', '2022-12-15 07:34:53', NULL, 86400, 'N', NULL, 'N', 0),
(33, 'security', 100, 'CSecuritySession::CleanUpAgent();', 'Y', '2022-12-14 19:53:07', '2022-12-14 20:23:07', NULL, 1800, 'N', NULL, 'N', 0),
(34, 'security', 100, 'CSecurityIPRule::CleanUpAgent();', 'Y', '2022-12-14 19:50:12', '2022-12-14 20:50:12', NULL, 3600, 'N', NULL, 'N', 0),
(35, 'seo', 100, 'Bitrix\\Seo\\Engine\\YandexDirect::updateAgent();', 'Y', '2022-12-14 19:50:12', '2022-12-14 20:50:12', NULL, 3600, 'N', NULL, 'N', 0),
(36, 'seo', 100, 'Bitrix\\Seo\\Adv\\LogTable::clean();', 'Y', '2022-12-14 07:34:52', '2022-12-15 07:34:52', NULL, 86400, 'N', NULL, 'N', 0),
(37, 'seo', 100, 'Bitrix\\Seo\\Adv\\Auto::checkQuantityAgent();', 'Y', '2022-12-14 19:50:12', '2022-12-14 20:50:12', NULL, 3600, 'N', NULL, 'N', 0),
(38, 'subscribe', 100, 'CSubscription::CleanUp();', 'Y', '2022-12-14 07:34:53', '2022-12-15 03:00:00', NULL, 86400, 'Y', NULL, 'N', 0),
(40, 'main', 100, 'CRatings::Calculate(3);', 'Y', '2022-12-14 19:50:12', '2022-12-14 20:50:12', NULL, 3600, 'N', NULL, 'N', 0),
(41, 'main', 100, 'CRatings::Calculate(4);', 'Y', '2022-12-14 19:50:12', '2022-12-14 20:50:12', NULL, 3600, 'N', NULL, 'N', 0);

-- --------------------------------------------------------

--
-- Структура таблицы `b_app_password`
--

CREATE TABLE `b_app_password` (
  `ID` int(11) NOT NULL,
  `USER_ID` int(11) NOT NULL,
  `APPLICATION_ID` varchar(255) COLLATE utf8_unicode_ci NOT NULL,
  `PASSWORD` varchar(255) COLLATE utf8_unicode_ci NOT NULL,
  `DIGEST_PASSWORD` varchar(255) COLLATE utf8_unicode_ci NOT NULL,
  `DATE_CREATE` datetime DEFAULT NULL,
  `DATE_LOGIN` datetime DEFAULT NULL,
  `LAST_IP` varchar(255) COLLATE utf8_unicode_ci DEFAULT NULL,
  `COMMENT` varchar(255) COLLATE utf8_unicode_ci DEFAULT NULL,
  `SYSCOMMENT` varchar(255) COLLATE utf8_unicode_ci DEFAULT NULL,
  `CODE` varchar(255) COLLATE utf8_unicode_ci DEFAULT NULL
) ENGINE=InnoDB DEFAULT CHARSET=utf8 COLLATE=utf8_unicode_ci;

-- --------------------------------------------------------

--
-- Структура таблицы `b_b24connector_buttons`
--

CREATE TABLE `b_b24connector_buttons` (
  `ID` int(11) NOT NULL,
  `APP_ID` int(11) NOT NULL,
  `ADD_DATE` datetime NOT NULL,
  `ADD_BY` int(11) NOT NULL,
  `NAME` varchar(255) COLLATE utf8_unicode_ci DEFAULT NULL,
  `SCRIPT` text COLLATE utf8_unicode_ci
) ENGINE=InnoDB DEFAULT CHARSET=utf8 COLLATE=utf8_unicode_ci;

-- --------------------------------------------------------

--
-- Структура таблицы `b_b24connector_button_site`
--

CREATE TABLE `b_b24connector_button_site` (
  `ID` int(11) NOT NULL,
  `BUTTON_ID` int(11) NOT NULL,
  `SITE_ID` char(2) COLLATE utf8_unicode_ci NOT NULL
) ENGINE=InnoDB DEFAULT CHARSET=utf8 COLLATE=utf8_unicode_ci;

-- --------------------------------------------------------

--
-- Структура таблицы `b_bitrixcloud_option`
--

CREATE TABLE `b_bitrixcloud_option` (
  `ID` int(11) NOT NULL,
  `NAME` varchar(50) COLLATE utf8_unicode_ci NOT NULL,
  `SORT` int(11) NOT NULL,
  `PARAM_KEY` varchar(50) COLLATE utf8_unicode_ci DEFAULT NULL,
  `PARAM_VALUE` varchar(200) COLLATE utf8_unicode_ci DEFAULT NULL
) ENGINE=InnoDB DEFAULT CHARSET=utf8 COLLATE=utf8_unicode_ci;

--
-- Дамп данных таблицы `b_bitrixcloud_option`
--

INSERT INTO `b_bitrixcloud_option` (`ID`, `NAME`, `SORT`, `PARAM_KEY`, `PARAM_VALUE`) VALUES
(1, 'backup_quota', 0, '0', '0'),
(2, 'backup_total_size', 0, '0', '0'),
(3, 'backup_last_backup_time', 0, '0', '1668847712'),
(4, 'monitoring_expire_time', 0, '0', '1670894914');

-- --------------------------------------------------------

--
-- Структура таблицы `b_blog`
--

CREATE TABLE `b_blog` (
  `ID` int(11) NOT NULL,
  `NAME` varchar(255) COLLATE utf8_unicode_ci NOT NULL,
  `DESCRIPTION` text COLLATE utf8_unicode_ci,
  `DATE_CREATE` datetime NOT NULL,
  `DATE_UPDATE` datetime NOT NULL,
  `ACTIVE` char(1) COLLATE utf8_unicode_ci NOT NULL DEFAULT 'Y',
  `OWNER_ID` int(11) DEFAULT NULL,
  `SOCNET_GROUP_ID` int(11) DEFAULT NULL,
  `URL` varchar(255) COLLATE utf8_unicode_ci NOT NULL,
  `REAL_URL` varchar(255) COLLATE utf8_unicode_ci DEFAULT NULL,
  `GROUP_ID` int(11) NOT NULL,
  `ENABLE_COMMENTS` char(1) COLLATE utf8_unicode_ci NOT NULL DEFAULT 'Y',
  `ENABLE_IMG_VERIF` char(1) COLLATE utf8_unicode_ci NOT NULL DEFAULT 'N',
  `ENABLE_RSS` char(1) COLLATE utf8_unicode_ci NOT NULL DEFAULT 'Y',
  `LAST_POST_ID` int(11) DEFAULT NULL,
  `LAST_POST_DATE` datetime DEFAULT NULL,
  `AUTO_GROUPS` varchar(255) COLLATE utf8_unicode_ci DEFAULT NULL,
  `EMAIL_NOTIFY` char(1) COLLATE utf8_unicode_ci NOT NULL DEFAULT 'Y',
  `ALLOW_HTML` char(1) COLLATE utf8_unicode_ci NOT NULL DEFAULT 'N',
  `SEARCH_INDEX` char(1) COLLATE utf8_unicode_ci NOT NULL DEFAULT 'Y',
  `USE_SOCNET` char(1) COLLATE utf8_unicode_ci NOT NULL DEFAULT 'N',
  `EDITOR_USE_FONT` char(1) COLLATE utf8_unicode_ci DEFAULT 'N',
  `EDITOR_USE_LINK` char(1) COLLATE utf8_unicode_ci DEFAULT 'N',
  `EDITOR_USE_IMAGE` char(1) COLLATE utf8_unicode_ci DEFAULT 'N',
  `EDITOR_USE_VIDEO` char(1) COLLATE utf8_unicode_ci DEFAULT 'N',
  `EDITOR_USE_FORMAT` char(1) COLLATE utf8_unicode_ci DEFAULT 'N'
) ENGINE=InnoDB DEFAULT CHARSET=utf8 COLLATE=utf8_unicode_ci;

-- --------------------------------------------------------

--
-- Структура таблицы `b_blog_category`
--

CREATE TABLE `b_blog_category` (
  `ID` int(11) NOT NULL,
  `BLOG_ID` int(11) NOT NULL,
  `NAME` varchar(255) COLLATE utf8_unicode_ci NOT NULL
) ENGINE=InnoDB DEFAULT CHARSET=utf8 COLLATE=utf8_unicode_ci;

-- --------------------------------------------------------

--
-- Структура таблицы `b_blog_comment`
--

CREATE TABLE `b_blog_comment` (
  `ID` int(11) NOT NULL,
  `BLOG_ID` int(11) NOT NULL,
  `POST_ID` int(11) NOT NULL,
  `PARENT_ID` int(11) DEFAULT NULL,
  `AUTHOR_ID` int(11) DEFAULT NULL,
  `ICON_ID` int(11) DEFAULT NULL,
  `AUTHOR_NAME` varchar(255) COLLATE utf8_unicode_ci DEFAULT NULL,
  `AUTHOR_EMAIL` varchar(255) COLLATE utf8_unicode_ci DEFAULT NULL,
  `AUTHOR_IP` varchar(20) COLLATE utf8_unicode_ci DEFAULT NULL,
  `AUTHOR_IP1` varchar(20) COLLATE utf8_unicode_ci DEFAULT NULL,
  `DATE_CREATE` datetime NOT NULL,
  `TITLE` varchar(255) COLLATE utf8_unicode_ci DEFAULT NULL,
  `POST_TEXT` text COLLATE utf8_unicode_ci NOT NULL,
  `PUBLISH_STATUS` char(1) COLLATE utf8_unicode_ci NOT NULL DEFAULT 'P',
  `HAS_PROPS` varchar(1) COLLATE utf8_unicode_ci DEFAULT NULL,
  `SHARE_DEST` text COLLATE utf8_unicode_ci,
  `PATH` varchar(255) COLLATE utf8_unicode_ci DEFAULT NULL
) ENGINE=InnoDB DEFAULT CHARSET=utf8 COLLATE=utf8_unicode_ci;

-- --------------------------------------------------------

--
-- Структура таблицы `b_blog_group`
--

CREATE TABLE `b_blog_group` (
  `ID` int(11) NOT NULL,
  `NAME` varchar(255) COLLATE utf8_unicode_ci NOT NULL,
  `SITE_ID` char(2) COLLATE utf8_unicode_ci NOT NULL
) ENGINE=InnoDB DEFAULT CHARSET=utf8 COLLATE=utf8_unicode_ci;

-- --------------------------------------------------------

--
-- Структура таблицы `b_blog_image`
--

CREATE TABLE `b_blog_image` (
  `ID` int(11) NOT NULL,
  `FILE_ID` int(11) NOT NULL DEFAULT '0',
  `BLOG_ID` int(11) NOT NULL DEFAULT '0',
  `POST_ID` int(11) NOT NULL DEFAULT '0',
  `USER_ID` int(11) NOT NULL DEFAULT '0',
  `TIMESTAMP_X` datetime NOT NULL DEFAULT '1970-01-01 00:00:01',
  `TITLE` varchar(255) COLLATE utf8_unicode_ci DEFAULT NULL,
  `IMAGE_SIZE` int(11) NOT NULL DEFAULT '0',
  `IS_COMMENT` varchar(1) COLLATE utf8_unicode_ci NOT NULL DEFAULT 'N',
  `COMMENT_ID` int(11) DEFAULT NULL
) ENGINE=InnoDB DEFAULT CHARSET=utf8 COLLATE=utf8_unicode_ci;

-- --------------------------------------------------------

--
-- Структура таблицы `b_blog_post`
--

CREATE TABLE `b_blog_post` (
  `ID` int(11) NOT NULL,
  `TITLE` varchar(255) COLLATE utf8_unicode_ci NOT NULL,
  `BLOG_ID` int(11) NOT NULL,
  `AUTHOR_ID` int(11) NOT NULL,
  `PREVIEW_TEXT` text COLLATE utf8_unicode_ci,
  `PREVIEW_TEXT_TYPE` char(4) COLLATE utf8_unicode_ci NOT NULL DEFAULT 'text',
  `DETAIL_TEXT` mediumtext COLLATE utf8_unicode_ci NOT NULL,
  `DETAIL_TEXT_TYPE` char(4) COLLATE utf8_unicode_ci NOT NULL DEFAULT 'text',
  `DATE_CREATE` datetime NOT NULL,
  `DATE_PUBLISH` datetime NOT NULL,
  `KEYWORDS` varchar(255) COLLATE utf8_unicode_ci DEFAULT NULL,
  `PUBLISH_STATUS` char(1) COLLATE utf8_unicode_ci NOT NULL DEFAULT 'P',
  `CATEGORY_ID` varchar(255) COLLATE utf8_unicode_ci DEFAULT NULL,
  `ATRIBUTE` varchar(255) COLLATE utf8_unicode_ci DEFAULT NULL,
  `ENABLE_TRACKBACK` char(1) COLLATE utf8_unicode_ci NOT NULL DEFAULT 'Y',
  `ENABLE_COMMENTS` char(1) COLLATE utf8_unicode_ci NOT NULL DEFAULT 'Y',
  `ATTACH_IMG` int(11) DEFAULT NULL,
  `NUM_COMMENTS` int(11) NOT NULL DEFAULT '0',
  `NUM_COMMENTS_ALL` int(11) NOT NULL DEFAULT '0',
  `NUM_TRACKBACKS` int(11) NOT NULL DEFAULT '0',
  `VIEWS` int(11) DEFAULT NULL,
  `FAVORITE_SORT` int(11) DEFAULT NULL,
  `PATH` varchar(255) COLLATE utf8_unicode_ci DEFAULT NULL,
  `CODE` varchar(255) COLLATE utf8_unicode_ci DEFAULT NULL,
  `MICRO` char(1) COLLATE utf8_unicode_ci NOT NULL DEFAULT 'N',
  `HAS_IMAGES` varchar(1) COLLATE utf8_unicode_ci DEFAULT NULL,
  `HAS_PROPS` varchar(1) COLLATE utf8_unicode_ci DEFAULT NULL,
  `HAS_TAGS` varchar(1) COLLATE utf8_unicode_ci DEFAULT NULL,
  `HAS_COMMENT_IMAGES` varchar(1) COLLATE utf8_unicode_ci DEFAULT NULL,
  `HAS_SOCNET_ALL` varchar(1) COLLATE utf8_unicode_ci DEFAULT NULL,
  `SEO_TITLE` varchar(255) COLLATE utf8_unicode_ci DEFAULT NULL,
  `SEO_TAGS` varchar(255) COLLATE utf8_unicode_ci DEFAULT NULL,
  `SEO_DESCRIPTION` text COLLATE utf8_unicode_ci,
  `BACKGROUND_CODE` varchar(100) COLLATE utf8_unicode_ci DEFAULT NULL
) ENGINE=InnoDB DEFAULT CHARSET=utf8 COLLATE=utf8_unicode_ci;

-- --------------------------------------------------------

--
-- Структура таблицы `b_blog_post_category`
--

CREATE TABLE `b_blog_post_category` (
  `ID` int(11) NOT NULL,
  `BLOG_ID` int(11) NOT NULL,
  `POST_ID` int(11) NOT NULL,
  `CATEGORY_ID` int(11) NOT NULL
) ENGINE=InnoDB DEFAULT CHARSET=utf8 COLLATE=utf8_unicode_ci;

-- --------------------------------------------------------

--
-- Структура таблицы `b_blog_post_param`
--

CREATE TABLE `b_blog_post_param` (
  `ID` int(11) NOT NULL,
  `POST_ID` int(11) DEFAULT NULL,
  `USER_ID` int(11) DEFAULT NULL,
  `NAME` varchar(50) COLLATE utf8_unicode_ci NOT NULL,
  `VALUE` varchar(255) COLLATE utf8_unicode_ci NOT NULL
) ENGINE=InnoDB DEFAULT CHARSET=utf8 COLLATE=utf8_unicode_ci;

-- --------------------------------------------------------

--
-- Структура таблицы `b_blog_site_path`
--

CREATE TABLE `b_blog_site_path` (
  `ID` int(11) NOT NULL,
  `SITE_ID` char(2) COLLATE utf8_unicode_ci NOT NULL,
  `PATH` varchar(255) COLLATE utf8_unicode_ci NOT NULL,
  `TYPE` char(1) COLLATE utf8_unicode_ci DEFAULT NULL
) ENGINE=InnoDB DEFAULT CHARSET=utf8 COLLATE=utf8_unicode_ci;

-- --------------------------------------------------------

--
-- Структура таблицы `b_blog_socnet`
--

CREATE TABLE `b_blog_socnet` (
  `ID` int(11) NOT NULL,
  `BLOG_ID` int(11) NOT NULL
) ENGINE=InnoDB DEFAULT CHARSET=utf8 COLLATE=utf8_unicode_ci;

-- --------------------------------------------------------

--
-- Структура таблицы `b_blog_socnet_rights`
--

CREATE TABLE `b_blog_socnet_rights` (
  `ID` int(11) NOT NULL,
  `POST_ID` int(11) NOT NULL,
  `ENTITY_TYPE` varchar(45) COLLATE utf8_unicode_ci NOT NULL,
  `ENTITY_ID` int(11) NOT NULL,
  `ENTITY` varchar(45) COLLATE utf8_unicode_ci NOT NULL
) ENGINE=InnoDB DEFAULT CHARSET=utf8 COLLATE=utf8_unicode_ci;

-- --------------------------------------------------------

--
-- Структура таблицы `b_blog_trackback`
--

CREATE TABLE `b_blog_trackback` (
  `ID` int(11) NOT NULL,
  `TITLE` varchar(255) COLLATE utf8_unicode_ci NOT NULL,
  `URL` varchar(255) COLLATE utf8_unicode_ci NOT NULL,
  `PREVIEW_TEXT` text COLLATE utf8_unicode_ci NOT NULL,
  `BLOG_NAME` varchar(255) COLLATE utf8_unicode_ci DEFAULT NULL,
  `POST_DATE` datetime NOT NULL,
  `BLOG_ID` int(11) NOT NULL,
  `POST_ID` int(11) NOT NULL
) ENGINE=InnoDB DEFAULT CHARSET=utf8 COLLATE=utf8_unicode_ci;

-- --------------------------------------------------------

--
-- Структура таблицы `b_blog_user`
--

CREATE TABLE `b_blog_user` (
  `ID` int(11) NOT NULL,
  `USER_ID` int(11) NOT NULL,
  `ALIAS` varchar(255) COLLATE utf8_unicode_ci DEFAULT NULL,
  `DESCRIPTION` text COLLATE utf8_unicode_ci,
  `AVATAR` int(11) DEFAULT NULL,
  `INTERESTS` varchar(255) COLLATE utf8_unicode_ci DEFAULT NULL,
  `LAST_VISIT` datetime DEFAULT NULL,
  `DATE_REG` datetime NOT NULL,
  `ALLOW_POST` char(1) COLLATE utf8_unicode_ci NOT NULL DEFAULT 'Y'
) ENGINE=InnoDB DEFAULT CHARSET=utf8 COLLATE=utf8_unicode_ci;

-- --------------------------------------------------------

--
-- Структура таблицы `b_blog_user2blog`
--

CREATE TABLE `b_blog_user2blog` (
  `ID` int(11) NOT NULL,
  `USER_ID` int(11) NOT NULL,
  `BLOG_ID` int(11) NOT NULL
) ENGINE=InnoDB DEFAULT CHARSET=utf8 COLLATE=utf8_unicode_ci;

-- --------------------------------------------------------

--
-- Структура таблицы `b_blog_user2user_group`
--

CREATE TABLE `b_blog_user2user_group` (
  `ID` int(11) NOT NULL,
  `USER_ID` int(11) NOT NULL,
  `BLOG_ID` int(11) NOT NULL,
  `USER_GROUP_ID` int(11) NOT NULL
) ENGINE=InnoDB DEFAULT CHARSET=utf8 COLLATE=utf8_unicode_ci;

-- --------------------------------------------------------

--
-- Структура таблицы `b_blog_user_group`
--

CREATE TABLE `b_blog_user_group` (
  `ID` int(11) NOT NULL,
  `BLOG_ID` int(11) DEFAULT NULL,
  `NAME` varchar(255) COLLATE utf8_unicode_ci NOT NULL
) ENGINE=InnoDB DEFAULT CHARSET=utf8 COLLATE=utf8_unicode_ci;

--
-- Дамп данных таблицы `b_blog_user_group`
--

INSERT INTO `b_blog_user_group` (`ID`, `BLOG_ID`, `NAME`) VALUES
(1, NULL, 'all'),
(2, NULL, 'registered');

-- --------------------------------------------------------

--
-- Структура таблицы `b_blog_user_group_perms`
--

CREATE TABLE `b_blog_user_group_perms` (
  `ID` int(11) NOT NULL,
  `BLOG_ID` int(11) NOT NULL,
  `USER_GROUP_ID` int(11) NOT NULL,
  `PERMS_TYPE` char(1) COLLATE utf8_unicode_ci NOT NULL DEFAULT 'P',
  `POST_ID` int(11) DEFAULT NULL,
  `PERMS` char(1) COLLATE utf8_unicode_ci NOT NULL DEFAULT 'D',
  `AUTOSET` char(1) COLLATE utf8_unicode_ci NOT NULL DEFAULT 'N'
) ENGINE=InnoDB DEFAULT CHARSET=utf8 COLLATE=utf8_unicode_ci;

-- --------------------------------------------------------

--
-- Структура таблицы `b_cache_tag`
--

CREATE TABLE `b_cache_tag` (
  `ID` bigint(20) NOT NULL,
  `SITE_ID` char(2) COLLATE utf8_unicode_ci DEFAULT NULL,
  `CACHE_SALT` char(4) COLLATE utf8_unicode_ci DEFAULT NULL,
  `RELATIVE_PATH` varchar(255) COLLATE utf8_unicode_ci DEFAULT NULL,
  `TAG` varchar(100) COLLATE utf8_unicode_ci DEFAULT NULL
) ENGINE=InnoDB DEFAULT CHARSET=utf8 COLLATE=utf8_unicode_ci;

--
-- Дамп данных таблицы `b_cache_tag`
--

INSERT INTO `b_cache_tag` (`ID`, `SITE_ID`, `CACHE_SALT`, `RELATIVE_PATH`, `TAG`) VALUES
(1, NULL, NULL, '0:1671037498', '**'),
(2, 's1', '/e25', '/s1/bitrix/catalog.section.list/cd2', 'iblock_id_3'),
(3, 's1', '/e25', '/s1/bitrix/news.list/cd2', 'iblock_id_3'),
(4, 's1', '/e25', '/s1/bitrix/news.list/cd2', 'iblock_id_4'),
(5, 's1', '/e25', '/s1/bitrix/news.list/cd2', 'iblock_id_5'),
(6, 's1', '/e25', '/s1/bitrix/news.list/cd2', 'iblock_id_6'),
(7, 's1', '/e25', '/s1/bitrix/news.list/cd2', 'iblock_id_7'),
(8, 's1', '/e25', '/s1/bitrix/news.list/cd2', 'iblock_id_8'),
(9, 's1', '/e25', '/s1/bitrix/news.list/cd2', 'iblock_id_9'),
(10, 's1', '/bf6', '/s1/bitrix/news.list/bf6', 'iblock_id_4'),
(13, 's1', '/343', '/s1/bitrix/news.list/343', 'iblock_id_3'),
(16, 's1', '/343', '/s1/bitrix/news.list/343', 'iblock_id_4'),
(183, 's1', '/7a9', '/s1/bitrix/news.list/7a9', 'iblock_id_3'),
(184, 's1', '/7a9', '/s1/bitrix/news.list/7a9', 'iblock_id_4'),
(198, 's1', '/272', '/s1/bitrix/news.list/272', 'iblock_id_4'),
(209, 's1', '/7a9', '/s1/bitrix/news.list/7a9', 'iblock_id_18'),
(210, 's1', '/7a9', '/s1/bitrix/news.list/7a9', 'iblock_id_17'),
(212, 's1', '/7a9', '/s1/bitrix/news.list/7a9', 'iblock_id_16'),
(216, 's1', '/343', '/s1/bitrix/news.list/343', 'iblock_id_17'),
(218, 's1', '/343', '/s1/bitrix/news.list/343', 'iblock_id_16'),
(223, 's1', '/7a9', '/s1/bitrix/news.list/7a9', 'iblock_id_5'),
(225, 's1', '/343', '/s1/bitrix/news.list/343', 'iblock_id_5'),
(226, 's1', '/272', '/s1/bitrix/news.list/272', 'iblock_id_19'),
(227, 's1', '/272', '/s1/bitrix/news.list/272', 'iblock_id_17'),
(229, 's1', '/272', '/s1/bitrix/news.list/272', 'iblock_id_5'),
(230, 's1', '/272', '/s1/bitrix/news.list/272', 'iblock_id_16'),
(234, 's1', '/464', '/s1/bitrix/news.list/464', 'iblock_id_17'),
(334, 's1', '/464', '/s1/bitrix/news.list/464', 'iblock_id_1'),
(341, 's1', '/bf6', '/s1/bitrix/news.list/bf6', 'iblock_id_22');

-- --------------------------------------------------------

--
-- Структура таблицы `b_captcha`
--

CREATE TABLE `b_captcha` (
  `ID` varchar(32) COLLATE utf8_unicode_ci NOT NULL,
  `CODE` varchar(20) COLLATE utf8_unicode_ci NOT NULL,
  `IP` varchar(15) COLLATE utf8_unicode_ci NOT NULL,
  `DATE_CREATE` datetime NOT NULL
) ENGINE=InnoDB DEFAULT CHARSET=utf8 COLLATE=utf8_unicode_ci;

-- --------------------------------------------------------

--
-- Структура таблицы `b_checklist`
--

CREATE TABLE `b_checklist` (
  `ID` int(11) NOT NULL,
  `DATE_CREATE` varchar(255) COLLATE utf8_unicode_ci DEFAULT NULL,
  `TESTER` varchar(255) COLLATE utf8_unicode_ci DEFAULT NULL,
  `COMPANY_NAME` varchar(255) COLLATE utf8_unicode_ci DEFAULT NULL,
  `PICTURE` int(11) DEFAULT NULL,
  `TOTAL` int(11) DEFAULT NULL,
  `SUCCESS` int(11) DEFAULT NULL,
  `FAILED` int(11) DEFAULT NULL,
  `PENDING` int(11) DEFAULT NULL,
  `SKIP` int(11) DEFAULT NULL,
  `STATE` longtext COLLATE utf8_unicode_ci,
  `REPORT_COMMENT` text COLLATE utf8_unicode_ci,
  `REPORT` char(1) COLLATE utf8_unicode_ci DEFAULT 'Y',
  `EMAIL` varchar(50) COLLATE utf8_unicode_ci DEFAULT NULL,
  `PHONE` varchar(50) COLLATE utf8_unicode_ci DEFAULT NULL,
  `SENDED_TO_BITRIX` char(1) COLLATE utf8_unicode_ci DEFAULT 'N',
  `HIDDEN` char(1) COLLATE utf8_unicode_ci DEFAULT 'N'
) ENGINE=InnoDB DEFAULT CHARSET=utf8 COLLATE=utf8_unicode_ci;

--
-- Дамп данных таблицы `b_checklist`
--

INSERT INTO `b_checklist` (`ID`, `DATE_CREATE`, `TESTER`, `COMPANY_NAME`, `PICTURE`, `TOTAL`, `SUCCESS`, `FAILED`, `PENDING`, `SKIP`, `STATE`, `REPORT_COMMENT`, `REPORT`, `EMAIL`, `PHONE`, `SENDED_TO_BITRIX`, `HIDDEN`) VALUES
(1, '01.12.2022 13:11:42', NULL, NULL, NULL, NULL, NULL, NULL, NULL, NULL, 'a:65:{s:6:\"QD0020\";a:2:{s:6:\"STATUS\";s:1:\"F\";s:8:\"COMMENTS\";a:1:{s:6:\"SYSTEM\";a:2:{s:7:\"PREVIEW\";s:54:\"Проверено: 4 шаблон(a,ов) сайта.\";s:6:\"DETAIL\";s:257:\"В шаблоне verter отсутствует вызов $APPLICATION->ShowHead();\nВ шаблоне verter отсутствует вызов $APPLICATION->ShowTitle();\nВ шаблоне verter отсутствует вызов $APPLICATION->ShowPanel();\n\";}}}s:6:\"QD0010\";a:1:{s:6:\"STATUS\";s:1:\"W\";}s:6:\"QD0030\";a:1:{s:6:\"STATUS\";s:1:\"W\";}s:6:\"QD0040\";a:1:{s:6:\"STATUS\";s:1:\"W\";}s:6:\"QD0050\";a:1:{s:6:\"STATUS\";s:1:\"W\";}s:6:\"QD0060\";a:1:{s:6:\"STATUS\";s:1:\"W\";}s:6:\"QD0070\";a:1:{s:6:\"STATUS\";s:1:\"W\";}s:6:\"QD0080\";a:1:{s:6:\"STATUS\";s:1:\"W\";}s:6:\"QD0090\";a:1:{s:6:\"STATUS\";s:1:\"W\";}s:6:\"QD0100\";a:1:{s:6:\"STATUS\";s:1:\"W\";}s:6:\"QD0110\";a:1:{s:6:\"STATUS\";s:1:\"W\";}s:6:\"QD0120\";a:1:{s:6:\"STATUS\";s:1:\"W\";}s:6:\"QM0010\";a:1:{s:6:\"STATUS\";s:1:\"W\";}s:6:\"QM0020\";a:1:{s:6:\"STATUS\";s:1:\"W\";}s:6:\"QS0010\";a:1:{s:6:\"STATUS\";s:1:\"W\";}s:6:\"QS0020\";a:1:{s:6:\"STATUS\";s:1:\"W\";}s:6:\"QS0030\";a:1:{s:6:\"STATUS\";s:1:\"W\";}s:6:\"QS0040\";a:1:{s:6:\"STATUS\";s:1:\"W\";}s:6:\"QC0010\";a:1:{s:6:\"STATUS\";s:1:\"W\";}s:6:\"QC0020\";a:1:{s:6:\"STATUS\";s:1:\"W\";}s:6:\"QC0030\";a:2:{s:6:\"STATUS\";s:1:\"A\";s:8:\"COMMENTS\";a:1:{s:6:\"SYSTEM\";a:1:{s:7:\"PREVIEW\";s:96:\"У всех кастомизированных компонентов есть описания!\";}}}s:6:\"QC0040\";a:1:{s:6:\"STATUS\";s:1:\"W\";}s:6:\"QC0050\";a:1:{s:6:\"STATUS\";s:1:\"W\";}s:6:\"QC0060\";a:1:{s:6:\"STATUS\";s:1:\"W\";}s:6:\"QC0070\";a:1:{s:6:\"STATUS\";s:1:\"W\";}s:6:\"QC0080\";a:1:{s:6:\"STATUS\";s:1:\"W\";}s:6:\"QC0090\";a:2:{s:6:\"STATUS\";s:1:\"A\";s:8:\"COMMENTS\";a:1:{s:6:\"SYSTEM\";a:1:{s:7:\"PREVIEW\";s:36:\"Проверено файлов: 35\n\";}}}s:6:\"QC0100\";a:1:{s:6:\"STATUS\";s:1:\"W\";}s:6:\"QC0110\";a:1:{s:6:\"STATUS\";s:1:\"W\";}s:6:\"QC0120\";a:1:{s:6:\"STATUS\";s:1:\"W\";}s:6:\"QC0130\";a:1:{s:6:\"STATUS\";s:1:\"W\";}s:6:\"QC0140\";a:1:{s:6:\"STATUS\";s:1:\"W\";}s:6:\"QC0150\";a:1:{s:6:\"STATUS\";s:1:\"W\";}s:6:\"QC0160\";a:1:{s:6:\"STATUS\";s:1:\"W\";}s:6:\"QE0010\";a:1:{s:6:\"STATUS\";s:1:\"W\";}s:6:\"QE0020\";a:1:{s:6:\"STATUS\";s:1:\"W\";}s:6:\"QE0030\";a:1:{s:6:\"STATUS\";s:1:\"W\";}s:6:\"QE0040\";a:1:{s:6:\"STATUS\";s:1:\"W\";}s:8:\"QSEC0010\";a:2:{s:6:\"STATUS\";s:1:\"F\";s:8:\"COMMENTS\";a:1:{s:6:\"SYSTEM\";a:2:{s:7:\"PREVIEW\";s:84:\"Минимальный уровень защиты ниже стандартного\";s:6:\"DETAIL\";s:186:\"Выявлены следующие недочеты:\n1. Уровень безопасности административной группы не является повышенным\n\";}}}s:8:\"QSEC0020\";a:2:{s:6:\"STATUS\";s:1:\"F\";s:8:\"COMMENTS\";a:1:{s:6:\"SYSTEM\";a:1:{s:7:\"PREVIEW\";s:129:\"Уровень безопасности административной группы не является повышенным\n\";}}}s:8:\"QSEC0030\";a:1:{s:6:\"STATUS\";s:1:\"W\";}s:8:\"QSEC0040\";a:1:{s:6:\"STATUS\";s:1:\"W\";}s:8:\"QSEC0050\";a:2:{s:6:\"STATUS\";s:1:\"F\";s:8:\"COMMENTS\";a:1:{s:6:\"SYSTEM\";a:2:{s:7:\"PREVIEW\";s:27:\"Найдены ошибки\";s:6:\"DETAIL\";s:266:\"1. Символы пароля к БД в одном регистре\n2. Пароль к БД не содержит чисел\n3. Пароль к БД не содержит знаков препинания\n4. Длина пароля меньше 8 символов\n\";}}}s:8:\"QSEC0060\";a:2:{s:6:\"STATUS\";s:1:\"A\";s:8:\"COMMENTS\";a:1:{s:6:\"SYSTEM\";a:0:{}}}s:8:\"QSEC0070\";a:1:{s:6:\"STATUS\";s:1:\"W\";}s:8:\"QSEC0080\";a:2:{s:6:\"STATUS\";s:1:\"A\";s:8:\"COMMENTS\";a:1:{s:6:\"SYSTEM\";a:2:{s:7:\"PREVIEW\";s:98:\"Проверенно файлов: 120 Найдено потенциальных проблем: 0\";s:6:\"DETAIL\";s:0:\"\";}}}s:6:\"QP0010\";a:1:{s:6:\"STATUS\";s:1:\"W\";}s:6:\"QP0020\";a:2:{s:6:\"STATUS\";s:1:\"F\";s:8:\"COMMENTS\";a:1:{s:6:\"SYSTEM\";a:1:{s:7:\"PREVIEW\";s:123:\"Конфигурация PHP <a href=\"/bitrix/admin/perfmon_php.php?lang=ru\" target=\"_blank\">неоптимальна</a>.\n\";}}}s:6:\"QP0030\";a:2:{s:6:\"STATUS\";s:1:\"A\";s:8:\"COMMENTS\";a:1:{s:6:\"SYSTEM\";a:1:{s:7:\"PREVIEW\";s:48:\"Автокеширование включено\n\";}}}s:6:\"QP0040\";a:1:{s:6:\"STATUS\";s:1:\"W\";}s:6:\"QP0050\";a:2:{s:6:\"STATUS\";s:1:\"F\";s:8:\"COMMENTS\";a:1:{s:6:\"SYSTEM\";a:1:{s:7:\"PREVIEW\";s:231:\"Проверка не удалась. Проведите тестирование конфигурации в <a href=\"/bitrix/admin/perfmon_panel.php?lang=ru\" target=\"_blank\">панели производительности</a>.\n\";}}}s:6:\"QP0060\";a:1:{s:6:\"STATUS\";s:1:\"W\";}s:6:\"QP0070\";a:1:{s:6:\"STATUS\";s:1:\"W\";}s:6:\"QP0080\";a:1:{s:6:\"STATUS\";s:1:\"W\";}s:6:\"QP0100\";a:1:{s:6:\"STATUS\";s:1:\"W\";}s:6:\"QH0010\";a:1:{s:6:\"STATUS\";s:1:\"W\";}s:6:\"QH0020\";a:1:{s:6:\"STATUS\";s:1:\"W\";}s:6:\"QH0030\";a:1:{s:6:\"STATUS\";s:1:\"W\";}s:6:\"QH0040\";a:1:{s:6:\"STATUS\";s:1:\"W\";}s:6:\"QH0050\";a:2:{s:6:\"STATUS\";s:1:\"F\";s:8:\"COMMENTS\";a:1:{s:6:\"SYSTEM\";a:1:{s:7:\"PREVIEW\";s:151:\"Резервное копирование не осуществляется. В папке /bitrix/backup не найдено файлов бекапа\";}}}s:6:\"QH0060\";a:1:{s:6:\"STATUS\";s:1:\"W\";}s:6:\"QJ0010\";a:2:{s:6:\"STATUS\";s:1:\"F\";s:8:\"COMMENTS\";a:1:{s:6:\"SYSTEM\";a:1:{s:7:\"PREVIEW\";s:131:\"Лицензионный ключ <a href=\"/bitrix/admin/update_system.php?lang=ru\" target=\"_blank\">не активирован</a>\";}}}s:6:\"QJ0020\";a:1:{s:6:\"STATUS\";s:1:\"W\";}s:6:\"QJ0030\";a:1:{s:6:\"STATUS\";s:1:\"W\";}s:6:\"QJ0040\";a:1:{s:6:\"STATUS\";s:1:\"W\";}}', NULL, 'N', NULL, NULL, 'N', 'N');

-- --------------------------------------------------------

--
-- Структура таблицы `b_clouds_copy_queue`
--

CREATE TABLE `b_clouds_copy_queue` (
  `ID` int(32) NOT NULL,
  `TIMESTAMP_X` timestamp NOT NULL,
  `OP` char(1) COLLATE utf8_unicode_ci NOT NULL,
  `SOURCE_BUCKET_ID` int(11) NOT NULL,
  `SOURCE_FILE_PATH` varchar(500) COLLATE utf8_unicode_ci NOT NULL,
  `TARGET_BUCKET_ID` int(11) NOT NULL,
  `TARGET_FILE_PATH` varchar(500) COLLATE utf8_unicode_ci NOT NULL,
  `FILE_SIZE` int(11) NOT NULL DEFAULT '-1',
  `FILE_POS` int(11) NOT NULL DEFAULT '0',
  `FAIL_COUNTER` int(11) NOT NULL DEFAULT '0',
  `STATUS` char(1) COLLATE utf8_unicode_ci NOT NULL DEFAULT 'Y',
  `ERROR_MESSAGE` varchar(500) COLLATE utf8_unicode_ci DEFAULT NULL
) ENGINE=InnoDB DEFAULT CHARSET=utf8 COLLATE=utf8_unicode_ci;

-- --------------------------------------------------------

--
-- Структура таблицы `b_clouds_delete_queue`
--

CREATE TABLE `b_clouds_delete_queue` (
  `ID` int(32) NOT NULL,
  `TIMESTAMP_X` timestamp NOT NULL,
  `BUCKET_ID` int(11) NOT NULL,
  `FILE_PATH` varchar(500) COLLATE utf8_unicode_ci NOT NULL
) ENGINE=InnoDB DEFAULT CHARSET=utf8 COLLATE=utf8_unicode_ci;

-- --------------------------------------------------------

--
-- Структура таблицы `b_clouds_file_bucket`
--

CREATE TABLE `b_clouds_file_bucket` (
  `ID` int(11) NOT NULL,
  `ACTIVE` char(1) COLLATE utf8_unicode_ci DEFAULT 'Y',
  `SORT` int(11) DEFAULT '500',
  `READ_ONLY` char(1) COLLATE utf8_unicode_ci DEFAULT 'N',
  `SERVICE_ID` varchar(50) COLLATE utf8_unicode_ci DEFAULT NULL,
  `BUCKET` varchar(63) COLLATE utf8_unicode_ci DEFAULT NULL,
  `LOCATION` varchar(50) COLLATE utf8_unicode_ci DEFAULT NULL,
  `CNAME` varchar(100) COLLATE utf8_unicode_ci DEFAULT NULL,
  `FILE_COUNT` int(11) DEFAULT '0',
  `FILE_SIZE` double DEFAULT '0',
  `LAST_FILE_ID` int(11) DEFAULT NULL,
  `PREFIX` varchar(100) COLLATE utf8_unicode_ci DEFAULT NULL,
  `SETTINGS` text COLLATE utf8_unicode_ci,
  `FILE_RULES` text COLLATE utf8_unicode_ci,
  `FAILOVER_ACTIVE` char(1) COLLATE utf8_unicode_ci DEFAULT 'N',
  `FAILOVER_BUCKET_ID` int(11) DEFAULT NULL,
  `FAILOVER_COPY` char(1) COLLATE utf8_unicode_ci DEFAULT 'N',
  `FAILOVER_DELETE` char(1) COLLATE utf8_unicode_ci DEFAULT 'N',
  `FAILOVER_DELETE_DELAY` int(11) DEFAULT NULL
) ENGINE=InnoDB DEFAULT CHARSET=utf8 COLLATE=utf8_unicode_ci;

-- --------------------------------------------------------

--
-- Структура таблицы `b_clouds_file_hash`
--

CREATE TABLE `b_clouds_file_hash` (
  `ID` int(32) NOT NULL,
  `BUCKET_ID` int(11) NOT NULL,
  `FILE_PATH` varchar(760) COLLATE utf8_unicode_ci NOT NULL,
  `FILE_SIZE` bigint(20) DEFAULT NULL,
  `FILE_MTIME` datetime DEFAULT NULL,
  `FILE_HASH` varchar(50) COLLATE utf8_unicode_ci DEFAULT NULL
) ENGINE=InnoDB DEFAULT CHARSET=utf8 COLLATE=utf8_unicode_ci;

-- --------------------------------------------------------

--
-- Структура таблицы `b_clouds_file_resize`
--

CREATE TABLE `b_clouds_file_resize` (
  `ID` int(11) NOT NULL,
  `TIMESTAMP_X` timestamp NOT NULL,
  `ERROR_CODE` char(1) COLLATE utf8_unicode_ci NOT NULL DEFAULT '0',
  `FILE_ID` int(11) DEFAULT NULL,
  `PARAMS` text COLLATE utf8_unicode_ci,
  `FROM_PATH` varchar(500) COLLATE utf8_unicode_ci DEFAULT NULL,
  `TO_PATH` varchar(500) COLLATE utf8_unicode_ci DEFAULT NULL
) ENGINE=InnoDB DEFAULT CHARSET=utf8 COLLATE=utf8_unicode_ci;

-- --------------------------------------------------------

--
-- Структура таблицы `b_clouds_file_save`
--

CREATE TABLE `b_clouds_file_save` (
  `ID` int(32) NOT NULL,
  `TIMESTAMP_X` timestamp NOT NULL,
  `BUCKET_ID` int(11) NOT NULL,
  `SUBDIR` varchar(255) COLLATE utf8_unicode_ci DEFAULT NULL,
  `FILE_NAME` varchar(255) COLLATE utf8_unicode_ci NOT NULL,
  `EXTERNAL_ID` varchar(50) COLLATE utf8_unicode_ci DEFAULT NULL,
  `FILE_SIZE` bigint(20) DEFAULT NULL
) ENGINE=InnoDB DEFAULT CHARSET=utf8 COLLATE=utf8_unicode_ci;

-- --------------------------------------------------------

--
-- Структура таблицы `b_clouds_file_upload`
--

CREATE TABLE `b_clouds_file_upload` (
  `ID` varchar(32) COLLATE utf8_unicode_ci NOT NULL,
  `TIMESTAMP_X` timestamp NOT NULL,
  `FILE_PATH` varchar(500) COLLATE utf8_unicode_ci NOT NULL,
  `FILE_SIZE` bigint(20) DEFAULT NULL,
  `TMP_FILE` varchar(500) COLLATE utf8_unicode_ci DEFAULT NULL,
  `BUCKET_ID` int(11) NOT NULL,
  `PART_SIZE` int(11) NOT NULL,
  `PART_NO` int(11) NOT NULL,
  `PART_FAIL_COUNTER` int(11) NOT NULL,
  `NEXT_STEP` mediumtext COLLATE utf8_unicode_ci
) ENGINE=InnoDB DEFAULT CHARSET=utf8 COLLATE=utf8_unicode_ci;

-- --------------------------------------------------------

--
-- Структура таблицы `b_component_params`
--

CREATE TABLE `b_component_params` (
  `ID` int(11) NOT NULL,
  `SITE_ID` char(2) COLLATE utf8_unicode_ci NOT NULL,
  `COMPONENT_NAME` varchar(255) COLLATE utf8_unicode_ci NOT NULL,
  `TEMPLATE_NAME` varchar(255) COLLATE utf8_unicode_ci DEFAULT NULL,
  `REAL_PATH` varchar(255) COLLATE utf8_unicode_ci NOT NULL,
  `SEF_MODE` char(1) COLLATE utf8_unicode_ci NOT NULL DEFAULT 'Y',
  `SEF_FOLDER` varchar(255) COLLATE utf8_unicode_ci DEFAULT NULL,
  `START_CHAR` int(11) NOT NULL,
  `END_CHAR` int(11) NOT NULL,
  `PARAMETERS` text COLLATE utf8_unicode_ci
) ENGINE=InnoDB DEFAULT CHARSET=utf8 COLLATE=utf8_unicode_ci;

--
-- Дамп данных таблицы `b_component_params`
--

INSERT INTO `b_component_params` (`ID`, `SITE_ID`, `COMPONENT_NAME`, `TEMPLATE_NAME`, `REAL_PATH`, `SEF_MODE`, `SEF_FOLDER`, `START_CHAR`, `END_CHAR`, `PARAMETERS`) VALUES
(27, 's1', 'bitrix:main.include', '.default', '/index.php', 'N', NULL, 113, 311, 'a:2:{s:14:\"AREA_FILE_SHOW\";s:4:\"file\";s:4:\"PATH\";s:19:\"/include/banner.php\";}'),
(28, 's1', 'bitrix:catalog.section.list', 'sections', '/index.php', 'N', NULL, 1589, 3480, 'a:19:{s:18:\"COMPONENT_TEMPLATE\";s:8:\".default\";s:11:\"IBLOCK_TYPE\";s:6:\"verter\";s:9:\"IBLOCK_ID\";s:1:\"3\";s:10:\"SECTION_ID\";s:0:\"\";s:12:\"SECTION_CODE\";s:0:\"\";s:14:\"COUNT_ELEMENTS\";s:1:\"N\";s:21:\"COUNT_ELEMENTS_FILTER\";s:10:\"CNT_ACTIVE\";s:9:\"TOP_DEPTH\";s:1:\"2\";s:14:\"SECTION_FIELDS\";a:3:{i:0;s:4:\"NAME\";i:1;s:7:\"PICTURE\";i:2;s:0:\"\";}s:19:\"SECTION_USER_FIELDS\";a:2:{i:0;s:12:\"UF_CLASS_IMG\";i:1;s:0:\"\";}s:11:\"FILTER_NAME\";s:14:\"sectionsFilter\";s:9:\"VIEW_MODE\";s:4:\"LINE\";s:16:\"SHOW_PARENT_NAME\";s:1:\"Y\";s:11:\"SECTION_URL\";s:0:\"\";s:10:\"CACHE_TYPE\";s:1:\"A\";s:10:\"CACHE_TIME\";s:8:\"36000000\";s:12:\"CACHE_GROUPS\";s:1:\"Y\";s:12:\"CACHE_FILTER\";s:1:\"N\";s:18:\"ADD_SECTIONS_CHAIN\";s:1:\"Y\";}'),
(29, 's1', 'bitrix:main.include', '.default', '/index.php', 'N', NULL, 3794, 4104, 'a:2:{s:14:\"AREA_FILE_SHOW\";s:4:\"file\";s:4:\"PATH\";s:19:\"/include/main/1.php\";}'),
(30, 's1', 'bitrix:main.include', '.default', '/index.php', 'N', NULL, 4372, 4738, 'a:2:{s:14:\"AREA_FILE_SHOW\";s:4:\"file\";s:4:\"PATH\";s:19:\"/include/main/2.php\";}'),
(31, 's1', 'bitrix:news.list', 'services', '/index.php', 'N', NULL, 5873, 10392, 'a:51:{s:18:\"ACTIVE_DATE_FORMAT\";s:5:\"d.m.Y\";s:18:\"ADD_SECTIONS_CHAIN\";s:1:\"Y\";s:9:\"AJAX_MODE\";s:1:\"N\";s:22:\"AJAX_OPTION_ADDITIONAL\";s:0:\"\";s:19:\"AJAX_OPTION_HISTORY\";s:1:\"N\";s:16:\"AJAX_OPTION_JUMP\";s:1:\"N\";s:17:\"AJAX_OPTION_STYLE\";s:1:\"Y\";s:12:\"CACHE_FILTER\";s:1:\"N\";s:12:\"CACHE_GROUPS\";s:1:\"Y\";s:10:\"CACHE_TIME\";s:8:\"36000000\";s:10:\"CACHE_TYPE\";s:1:\"A\";s:11:\"CHECK_DATES\";s:1:\"Y\";s:10:\"DETAIL_URL\";s:0:\"\";s:20:\"DISPLAY_BOTTOM_PAGER\";s:1:\"Y\";s:12:\"DISPLAY_DATE\";s:1:\"Y\";s:12:\"DISPLAY_NAME\";s:1:\"Y\";s:15:\"DISPLAY_PICTURE\";s:1:\"Y\";s:20:\"DISPLAY_PREVIEW_TEXT\";s:1:\"Y\";s:17:\"DISPLAY_TOP_PAGER\";s:1:\"N\";s:10:\"FIELD_CODE\";a:2:{i:0;s:15:\"PREVIEW_PICTURE\";i:1;s:14:\"DETAIL_PICTURE\";}s:11:\"FILTER_NAME\";s:0:\"\";s:24:\"HIDE_LINK_WHEN_NO_DETAIL\";s:1:\"N\";s:9:\"IBLOCK_ID\";s:1:\"3\";s:11:\"IBLOCK_TYPE\";s:6:\"verter\";s:25:\"INCLUDE_IBLOCK_INTO_CHAIN\";s:1:\"Y\";s:19:\"INCLUDE_SUBSECTIONS\";s:1:\"Y\";s:11:\"MESSAGE_404\";s:0:\"\";s:10:\"NEWS_COUNT\";s:3:\"100\";s:22:\"PAGER_BASE_LINK_ENABLE\";s:1:\"N\";s:20:\"PAGER_DESC_NUMBERING\";s:1:\"N\";s:31:\"PAGER_DESC_NUMBERING_CACHE_TIME\";s:5:\"36000\";s:14:\"PAGER_SHOW_ALL\";s:1:\"N\";s:17:\"PAGER_SHOW_ALWAYS\";s:1:\"N\";s:14:\"PAGER_TEMPLATE\";s:8:\".default\";s:11:\"PAGER_TITLE\";s:14:\"Новости\";s:14:\"PARENT_SECTION\";s:1:\"3\";s:19:\"PARENT_SECTION_CODE\";s:0:\"\";s:20:\"PREVIEW_TRUNCATE_LEN\";s:0:\"\";s:13:\"PROPERTY_CODE\";a:2:{i:0;s:0:\"\";i:1;s:0:\"\";}s:17:\"SET_BROWSER_TITLE\";s:1:\"Y\";s:17:\"SET_LAST_MODIFIED\";s:1:\"N\";s:20:\"SET_META_DESCRIPTION\";s:1:\"Y\";s:17:\"SET_META_KEYWORDS\";s:1:\"Y\";s:14:\"SET_STATUS_404\";s:1:\"N\";s:9:\"SET_TITLE\";s:1:\"N\";s:8:\"SHOW_404\";s:1:\"N\";s:8:\"SORT_BY1\";s:11:\"ACTIVE_FROM\";s:8:\"SORT_BY2\";s:4:\"SORT\";s:11:\"SORT_ORDER1\";s:4:\"DESC\";s:11:\"SORT_ORDER2\";s:3:\"ASC\";s:20:\"STRICT_SECTION_CHECK\";s:1:\"N\";}'),
(32, 's1', 'bitrix:news.list', 'services2', '/index.php', 'N', NULL, 10662, 15422, 'a:51:{s:18:\"ACTIVE_DATE_FORMAT\";s:5:\"d.m.Y\";s:18:\"ADD_SECTIONS_CHAIN\";s:1:\"Y\";s:9:\"AJAX_MODE\";s:1:\"N\";s:22:\"AJAX_OPTION_ADDITIONAL\";s:0:\"\";s:19:\"AJAX_OPTION_HISTORY\";s:1:\"N\";s:16:\"AJAX_OPTION_JUMP\";s:1:\"N\";s:17:\"AJAX_OPTION_STYLE\";s:1:\"Y\";s:12:\"CACHE_FILTER\";s:1:\"N\";s:12:\"CACHE_GROUPS\";s:1:\"Y\";s:10:\"CACHE_TIME\";s:8:\"36000000\";s:10:\"CACHE_TYPE\";s:1:\"A\";s:11:\"CHECK_DATES\";s:1:\"Y\";s:10:\"DETAIL_URL\";s:0:\"\";s:20:\"DISPLAY_BOTTOM_PAGER\";s:1:\"Y\";s:12:\"DISPLAY_DATE\";s:1:\"Y\";s:12:\"DISPLAY_NAME\";s:1:\"Y\";s:15:\"DISPLAY_PICTURE\";s:1:\"Y\";s:20:\"DISPLAY_PREVIEW_TEXT\";s:1:\"Y\";s:17:\"DISPLAY_TOP_PAGER\";s:1:\"N\";s:10:\"FIELD_CODE\";a:2:{i:0;s:15:\"PREVIEW_PICTURE\";i:1;s:14:\"DETAIL_PICTURE\";}s:11:\"FILTER_NAME\";s:0:\"\";s:24:\"HIDE_LINK_WHEN_NO_DETAIL\";s:1:\"N\";s:9:\"IBLOCK_ID\";s:1:\"3\";s:11:\"IBLOCK_TYPE\";s:6:\"verter\";s:25:\"INCLUDE_IBLOCK_INTO_CHAIN\";s:1:\"Y\";s:19:\"INCLUDE_SUBSECTIONS\";s:1:\"Y\";s:11:\"MESSAGE_404\";s:0:\"\";s:10:\"NEWS_COUNT\";s:3:\"100\";s:22:\"PAGER_BASE_LINK_ENABLE\";s:1:\"N\";s:20:\"PAGER_DESC_NUMBERING\";s:1:\"N\";s:31:\"PAGER_DESC_NUMBERING_CACHE_TIME\";s:5:\"36000\";s:14:\"PAGER_SHOW_ALL\";s:1:\"N\";s:17:\"PAGER_SHOW_ALWAYS\";s:1:\"N\";s:14:\"PAGER_TEMPLATE\";s:8:\".default\";s:11:\"PAGER_TITLE\";s:14:\"Новости\";s:14:\"PARENT_SECTION\";s:1:\"2\";s:19:\"PARENT_SECTION_CODE\";s:0:\"\";s:20:\"PREVIEW_TRUNCATE_LEN\";s:0:\"\";s:13:\"PROPERTY_CODE\";a:2:{i:0;s:0:\"\";i:1;s:0:\"\";}s:17:\"SET_BROWSER_TITLE\";s:1:\"Y\";s:17:\"SET_LAST_MODIFIED\";s:1:\"N\";s:20:\"SET_META_DESCRIPTION\";s:1:\"Y\";s:17:\"SET_META_KEYWORDS\";s:1:\"Y\";s:14:\"SET_STATUS_404\";s:1:\"N\";s:9:\"SET_TITLE\";s:1:\"N\";s:8:\"SHOW_404\";s:1:\"N\";s:8:\"SORT_BY1\";s:11:\"ACTIVE_FROM\";s:8:\"SORT_BY2\";s:4:\"SORT\";s:11:\"SORT_ORDER1\";s:4:\"DESC\";s:11:\"SORT_ORDER2\";s:3:\"ASC\";s:20:\"STRICT_SECTION_CHECK\";s:1:\"N\";}'),
(33, 's1', 'bitrix:news.list', 'services3', '/index.php', 'N', NULL, 15702, 20462, 'a:51:{s:18:\"ACTIVE_DATE_FORMAT\";s:5:\"d.m.Y\";s:18:\"ADD_SECTIONS_CHAIN\";s:1:\"Y\";s:9:\"AJAX_MODE\";s:1:\"N\";s:22:\"AJAX_OPTION_ADDITIONAL\";s:0:\"\";s:19:\"AJAX_OPTION_HISTORY\";s:1:\"N\";s:16:\"AJAX_OPTION_JUMP\";s:1:\"N\";s:17:\"AJAX_OPTION_STYLE\";s:1:\"Y\";s:12:\"CACHE_FILTER\";s:1:\"N\";s:12:\"CACHE_GROUPS\";s:1:\"Y\";s:10:\"CACHE_TIME\";s:8:\"36000000\";s:10:\"CACHE_TYPE\";s:1:\"A\";s:11:\"CHECK_DATES\";s:1:\"Y\";s:10:\"DETAIL_URL\";s:0:\"\";s:20:\"DISPLAY_BOTTOM_PAGER\";s:1:\"Y\";s:12:\"DISPLAY_DATE\";s:1:\"Y\";s:12:\"DISPLAY_NAME\";s:1:\"Y\";s:15:\"DISPLAY_PICTURE\";s:1:\"Y\";s:20:\"DISPLAY_PREVIEW_TEXT\";s:1:\"Y\";s:17:\"DISPLAY_TOP_PAGER\";s:1:\"N\";s:10:\"FIELD_CODE\";a:2:{i:0;s:15:\"PREVIEW_PICTURE\";i:1;s:14:\"DETAIL_PICTURE\";}s:11:\"FILTER_NAME\";s:0:\"\";s:24:\"HIDE_LINK_WHEN_NO_DETAIL\";s:1:\"N\";s:9:\"IBLOCK_ID\";s:1:\"3\";s:11:\"IBLOCK_TYPE\";s:6:\"verter\";s:25:\"INCLUDE_IBLOCK_INTO_CHAIN\";s:1:\"Y\";s:19:\"INCLUDE_SUBSECTIONS\";s:1:\"Y\";s:11:\"MESSAGE_404\";s:0:\"\";s:10:\"NEWS_COUNT\";s:3:\"100\";s:22:\"PAGER_BASE_LINK_ENABLE\";s:1:\"N\";s:20:\"PAGER_DESC_NUMBERING\";s:1:\"N\";s:31:\"PAGER_DESC_NUMBERING_CACHE_TIME\";s:5:\"36000\";s:14:\"PAGER_SHOW_ALL\";s:1:\"N\";s:17:\"PAGER_SHOW_ALWAYS\";s:1:\"N\";s:14:\"PAGER_TEMPLATE\";s:8:\".default\";s:11:\"PAGER_TITLE\";s:14:\"Новости\";s:14:\"PARENT_SECTION\";s:1:\"1\";s:19:\"PARENT_SECTION_CODE\";s:0:\"\";s:20:\"PREVIEW_TRUNCATE_LEN\";s:0:\"\";s:13:\"PROPERTY_CODE\";a:2:{i:0;s:0:\"\";i:1;s:0:\"\";}s:17:\"SET_BROWSER_TITLE\";s:1:\"Y\";s:17:\"SET_LAST_MODIFIED\";s:1:\"N\";s:20:\"SET_META_DESCRIPTION\";s:1:\"Y\";s:17:\"SET_META_KEYWORDS\";s:1:\"Y\";s:14:\"SET_STATUS_404\";s:1:\"N\";s:9:\"SET_TITLE\";s:1:\"N\";s:8:\"SHOW_404\";s:1:\"N\";s:8:\"SORT_BY1\";s:11:\"ACTIVE_FROM\";s:8:\"SORT_BY2\";s:4:\"SORT\";s:11:\"SORT_ORDER1\";s:4:\"DESC\";s:11:\"SORT_ORDER2\";s:3:\"ASC\";s:20:\"STRICT_SECTION_CHECK\";s:1:\"N\";}'),
(34, 's1', 'bitrix:main.include', '.default', '/index.php', 'N', NULL, 20729, 21039, 'a:2:{s:14:\"AREA_FILE_SHOW\";s:4:\"file\";s:4:\"PATH\";s:19:\"/include/main/3.php\";}'),
(35, 's1', 'bitrix:main.include', '.default', '/index.php', 'N', NULL, 21307, 21673, 'a:2:{s:14:\"AREA_FILE_SHOW\";s:4:\"file\";s:4:\"PATH\";s:19:\"/include/main/4.php\";}'),
(36, 's1', 'bitrix:news.list', 'oblast', '/index.php', 'N', NULL, 21897, 26624, 'a:51:{s:18:\"ACTIVE_DATE_FORMAT\";s:5:\"d.m.Y\";s:18:\"ADD_SECTIONS_CHAIN\";s:1:\"Y\";s:9:\"AJAX_MODE\";s:1:\"N\";s:22:\"AJAX_OPTION_ADDITIONAL\";s:0:\"\";s:19:\"AJAX_OPTION_HISTORY\";s:1:\"N\";s:16:\"AJAX_OPTION_JUMP\";s:1:\"N\";s:17:\"AJAX_OPTION_STYLE\";s:1:\"Y\";s:12:\"CACHE_FILTER\";s:1:\"N\";s:12:\"CACHE_GROUPS\";s:1:\"Y\";s:10:\"CACHE_TIME\";s:8:\"36000000\";s:10:\"CACHE_TYPE\";s:1:\"A\";s:11:\"CHECK_DATES\";s:1:\"Y\";s:10:\"DETAIL_URL\";s:0:\"\";s:20:\"DISPLAY_BOTTOM_PAGER\";s:1:\"Y\";s:12:\"DISPLAY_DATE\";s:1:\"Y\";s:12:\"DISPLAY_NAME\";s:1:\"Y\";s:15:\"DISPLAY_PICTURE\";s:1:\"Y\";s:20:\"DISPLAY_PREVIEW_TEXT\";s:1:\"Y\";s:17:\"DISPLAY_TOP_PAGER\";s:1:\"N\";s:10:\"FIELD_CODE\";a:2:{i:0;s:0:\"\";i:1;s:0:\"\";}s:11:\"FILTER_NAME\";s:0:\"\";s:24:\"HIDE_LINK_WHEN_NO_DETAIL\";s:1:\"N\";s:9:\"IBLOCK_ID\";s:1:\"4\";s:11:\"IBLOCK_TYPE\";s:6:\"verter\";s:25:\"INCLUDE_IBLOCK_INTO_CHAIN\";s:1:\"Y\";s:19:\"INCLUDE_SUBSECTIONS\";s:1:\"Y\";s:11:\"MESSAGE_404\";s:0:\"\";s:10:\"NEWS_COUNT\";s:3:\"100\";s:22:\"PAGER_BASE_LINK_ENABLE\";s:1:\"N\";s:20:\"PAGER_DESC_NUMBERING\";s:1:\"N\";s:31:\"PAGER_DESC_NUMBERING_CACHE_TIME\";s:5:\"36000\";s:14:\"PAGER_SHOW_ALL\";s:1:\"N\";s:17:\"PAGER_SHOW_ALWAYS\";s:1:\"N\";s:14:\"PAGER_TEMPLATE\";s:8:\".default\";s:11:\"PAGER_TITLE\";s:14:\"Новости\";s:14:\"PARENT_SECTION\";s:0:\"\";s:19:\"PARENT_SECTION_CODE\";s:0:\"\";s:20:\"PREVIEW_TRUNCATE_LEN\";s:0:\"\";s:13:\"PROPERTY_CODE\";a:2:{i:0;s:0:\"\";i:1;s:0:\"\";}s:17:\"SET_BROWSER_TITLE\";s:1:\"Y\";s:17:\"SET_LAST_MODIFIED\";s:1:\"N\";s:20:\"SET_META_DESCRIPTION\";s:1:\"Y\";s:17:\"SET_META_KEYWORDS\";s:1:\"Y\";s:14:\"SET_STATUS_404\";s:1:\"N\";s:9:\"SET_TITLE\";s:1:\"N\";s:8:\"SHOW_404\";s:1:\"N\";s:8:\"SORT_BY1\";s:11:\"ACTIVE_FROM\";s:8:\"SORT_BY2\";s:4:\"SORT\";s:11:\"SORT_ORDER1\";s:4:\"DESC\";s:11:\"SORT_ORDER2\";s:3:\"ASC\";s:20:\"STRICT_SECTION_CHECK\";s:1:\"N\";}'),
(37, 's1', 'bitrix:news.list', 'projects', '/index.php', 'N', NULL, 27068, 32040, 'a:51:{s:18:\"ACTIVE_DATE_FORMAT\";s:5:\"d.m.Y\";s:18:\"ADD_SECTIONS_CHAIN\";s:1:\"Y\";s:9:\"AJAX_MODE\";s:1:\"N\";s:22:\"AJAX_OPTION_ADDITIONAL\";s:0:\"\";s:19:\"AJAX_OPTION_HISTORY\";s:1:\"N\";s:16:\"AJAX_OPTION_JUMP\";s:1:\"N\";s:17:\"AJAX_OPTION_STYLE\";s:1:\"Y\";s:12:\"CACHE_FILTER\";s:1:\"N\";s:12:\"CACHE_GROUPS\";s:1:\"Y\";s:10:\"CACHE_TIME\";s:8:\"36000000\";s:10:\"CACHE_TYPE\";s:1:\"A\";s:11:\"CHECK_DATES\";s:1:\"Y\";s:10:\"DETAIL_URL\";s:0:\"\";s:20:\"DISPLAY_BOTTOM_PAGER\";s:1:\"Y\";s:12:\"DISPLAY_DATE\";s:1:\"Y\";s:12:\"DISPLAY_NAME\";s:1:\"Y\";s:15:\"DISPLAY_PICTURE\";s:1:\"Y\";s:20:\"DISPLAY_PREVIEW_TEXT\";s:1:\"Y\";s:17:\"DISPLAY_TOP_PAGER\";s:1:\"N\";s:10:\"FIELD_CODE\";a:2:{i:0;s:0:\"\";i:1;s:0:\"\";}s:11:\"FILTER_NAME\";s:0:\"\";s:24:\"HIDE_LINK_WHEN_NO_DETAIL\";s:1:\"N\";s:9:\"IBLOCK_ID\";s:1:\"5\";s:11:\"IBLOCK_TYPE\";s:6:\"verter\";s:25:\"INCLUDE_IBLOCK_INTO_CHAIN\";s:1:\"Y\";s:19:\"INCLUDE_SUBSECTIONS\";s:1:\"Y\";s:11:\"MESSAGE_404\";s:0:\"\";s:10:\"NEWS_COUNT\";s:3:\"100\";s:22:\"PAGER_BASE_LINK_ENABLE\";s:1:\"N\";s:20:\"PAGER_DESC_NUMBERING\";s:1:\"N\";s:31:\"PAGER_DESC_NUMBERING_CACHE_TIME\";s:5:\"36000\";s:14:\"PAGER_SHOW_ALL\";s:1:\"N\";s:17:\"PAGER_SHOW_ALWAYS\";s:1:\"N\";s:14:\"PAGER_TEMPLATE\";s:8:\".default\";s:11:\"PAGER_TITLE\";s:14:\"Новости\";s:14:\"PARENT_SECTION\";s:0:\"\";s:19:\"PARENT_SECTION_CODE\";s:0:\"\";s:20:\"PREVIEW_TRUNCATE_LEN\";s:0:\"\";s:13:\"PROPERTY_CODE\";a:2:{i:0;s:3:\"PR1\";i:1;s:0:\"\";}s:17:\"SET_BROWSER_TITLE\";s:1:\"Y\";s:17:\"SET_LAST_MODIFIED\";s:1:\"N\";s:20:\"SET_META_DESCRIPTION\";s:1:\"Y\";s:17:\"SET_META_KEYWORDS\";s:1:\"Y\";s:14:\"SET_STATUS_404\";s:1:\"N\";s:9:\"SET_TITLE\";s:1:\"N\";s:8:\"SHOW_404\";s:1:\"N\";s:8:\"SORT_BY1\";s:11:\"ACTIVE_FROM\";s:8:\"SORT_BY2\";s:4:\"SORT\";s:11:\"SORT_ORDER1\";s:4:\"DESC\";s:11:\"SORT_ORDER2\";s:3:\"ASC\";s:20:\"STRICT_SECTION_CHECK\";s:1:\"N\";}'),
(38, 's1', 'bitrix:main.include', '.default', '/index.php', 'N', NULL, 32647, 32985, 'a:2:{s:14:\"AREA_FILE_SHOW\";s:4:\"file\";s:4:\"PATH\";s:19:\"/include/main/6.php\";}'),
(39, 's1', 'bitrix:news.list', 'brand', '/index.php', 'N', NULL, 33225, 38194, 'a:51:{s:18:\"ACTIVE_DATE_FORMAT\";s:5:\"d.m.Y\";s:18:\"ADD_SECTIONS_CHAIN\";s:1:\"Y\";s:9:\"AJAX_MODE\";s:1:\"N\";s:22:\"AJAX_OPTION_ADDITIONAL\";s:0:\"\";s:19:\"AJAX_OPTION_HISTORY\";s:1:\"N\";s:16:\"AJAX_OPTION_JUMP\";s:1:\"N\";s:17:\"AJAX_OPTION_STYLE\";s:1:\"Y\";s:12:\"CACHE_FILTER\";s:1:\"N\";s:12:\"CACHE_GROUPS\";s:1:\"Y\";s:10:\"CACHE_TIME\";s:8:\"36000000\";s:10:\"CACHE_TYPE\";s:1:\"A\";s:11:\"CHECK_DATES\";s:1:\"Y\";s:10:\"DETAIL_URL\";s:0:\"\";s:20:\"DISPLAY_BOTTOM_PAGER\";s:1:\"Y\";s:12:\"DISPLAY_DATE\";s:1:\"Y\";s:12:\"DISPLAY_NAME\";s:1:\"Y\";s:15:\"DISPLAY_PICTURE\";s:1:\"Y\";s:20:\"DISPLAY_PREVIEW_TEXT\";s:1:\"Y\";s:17:\"DISPLAY_TOP_PAGER\";s:1:\"N\";s:10:\"FIELD_CODE\";a:2:{i:0;s:0:\"\";i:1;s:0:\"\";}s:11:\"FILTER_NAME\";s:0:\"\";s:24:\"HIDE_LINK_WHEN_NO_DETAIL\";s:1:\"N\";s:9:\"IBLOCK_ID\";s:1:\"6\";s:11:\"IBLOCK_TYPE\";s:6:\"verter\";s:25:\"INCLUDE_IBLOCK_INTO_CHAIN\";s:1:\"Y\";s:19:\"INCLUDE_SUBSECTIONS\";s:1:\"Y\";s:11:\"MESSAGE_404\";s:0:\"\";s:10:\"NEWS_COUNT\";s:3:\"100\";s:22:\"PAGER_BASE_LINK_ENABLE\";s:1:\"N\";s:20:\"PAGER_DESC_NUMBERING\";s:1:\"N\";s:31:\"PAGER_DESC_NUMBERING_CACHE_TIME\";s:5:\"36000\";s:14:\"PAGER_SHOW_ALL\";s:1:\"N\";s:17:\"PAGER_SHOW_ALWAYS\";s:1:\"N\";s:14:\"PAGER_TEMPLATE\";s:8:\".default\";s:11:\"PAGER_TITLE\";s:14:\"Новости\";s:14:\"PARENT_SECTION\";s:0:\"\";s:19:\"PARENT_SECTION_CODE\";s:0:\"\";s:20:\"PREVIEW_TRUNCATE_LEN\";s:0:\"\";s:13:\"PROPERTY_CODE\";a:2:{i:0;s:3:\"PR1\";i:1;s:0:\"\";}s:17:\"SET_BROWSER_TITLE\";s:1:\"Y\";s:17:\"SET_LAST_MODIFIED\";s:1:\"N\";s:20:\"SET_META_DESCRIPTION\";s:1:\"Y\";s:17:\"SET_META_KEYWORDS\";s:1:\"Y\";s:14:\"SET_STATUS_404\";s:1:\"N\";s:9:\"SET_TITLE\";s:1:\"N\";s:8:\"SHOW_404\";s:1:\"N\";s:8:\"SORT_BY1\";s:11:\"ACTIVE_FROM\";s:8:\"SORT_BY2\";s:4:\"SORT\";s:11:\"SORT_ORDER1\";s:4:\"DESC\";s:11:\"SORT_ORDER2\";s:3:\"ASC\";s:20:\"STRICT_SECTION_CHECK\";s:1:\"N\";}'),
(40, 's1', 'bitrix:main.include', '.default', '/index.php', 'N', NULL, 38655, 38994, 'a:2:{s:14:\"AREA_FILE_SHOW\";s:4:\"file\";s:4:\"PATH\";s:20:\"/include/brand/1.php\";}'),
(41, 's1', 'bitrix:news.list', 'BD', '/index.php', 'N', NULL, 39457, 43943, 'a:51:{s:18:\"ACTIVE_DATE_FORMAT\";s:5:\"d.m.Y\";s:18:\"ADD_SECTIONS_CHAIN\";s:1:\"Y\";s:9:\"AJAX_MODE\";s:1:\"N\";s:22:\"AJAX_OPTION_ADDITIONAL\";s:0:\"\";s:19:\"AJAX_OPTION_HISTORY\";s:1:\"N\";s:16:\"AJAX_OPTION_JUMP\";s:1:\"N\";s:17:\"AJAX_OPTION_STYLE\";s:1:\"Y\";s:12:\"CACHE_FILTER\";s:1:\"N\";s:12:\"CACHE_GROUPS\";s:1:\"Y\";s:10:\"CACHE_TIME\";s:8:\"36000000\";s:10:\"CACHE_TYPE\";s:1:\"A\";s:11:\"CHECK_DATES\";s:1:\"Y\";s:10:\"DETAIL_URL\";s:0:\"\";s:20:\"DISPLAY_BOTTOM_PAGER\";s:1:\"Y\";s:12:\"DISPLAY_DATE\";s:1:\"Y\";s:12:\"DISPLAY_NAME\";s:1:\"Y\";s:15:\"DISPLAY_PICTURE\";s:1:\"Y\";s:20:\"DISPLAY_PREVIEW_TEXT\";s:1:\"Y\";s:17:\"DISPLAY_TOP_PAGER\";s:1:\"N\";s:10:\"FIELD_CODE\";a:2:{i:0;s:0:\"\";i:1;s:0:\"\";}s:11:\"FILTER_NAME\";s:0:\"\";s:24:\"HIDE_LINK_WHEN_NO_DETAIL\";s:1:\"N\";s:9:\"IBLOCK_ID\";s:1:\"7\";s:11:\"IBLOCK_TYPE\";s:6:\"verter\";s:25:\"INCLUDE_IBLOCK_INTO_CHAIN\";s:1:\"Y\";s:19:\"INCLUDE_SUBSECTIONS\";s:1:\"Y\";s:11:\"MESSAGE_404\";s:0:\"\";s:10:\"NEWS_COUNT\";s:3:\"100\";s:22:\"PAGER_BASE_LINK_ENABLE\";s:1:\"N\";s:20:\"PAGER_DESC_NUMBERING\";s:1:\"N\";s:31:\"PAGER_DESC_NUMBERING_CACHE_TIME\";s:5:\"36000\";s:14:\"PAGER_SHOW_ALL\";s:1:\"N\";s:17:\"PAGER_SHOW_ALWAYS\";s:1:\"N\";s:14:\"PAGER_TEMPLATE\";s:8:\".default\";s:11:\"PAGER_TITLE\";s:14:\"Новости\";s:14:\"PARENT_SECTION\";s:0:\"\";s:19:\"PARENT_SECTION_CODE\";s:0:\"\";s:20:\"PREVIEW_TRUNCATE_LEN\";s:0:\"\";s:13:\"PROPERTY_CODE\";a:2:{i:0;s:3:\"PR1\";i:1;s:0:\"\";}s:17:\"SET_BROWSER_TITLE\";s:1:\"Y\";s:17:\"SET_LAST_MODIFIED\";s:1:\"N\";s:20:\"SET_META_DESCRIPTION\";s:1:\"Y\";s:17:\"SET_META_KEYWORDS\";s:1:\"Y\";s:14:\"SET_STATUS_404\";s:1:\"N\";s:9:\"SET_TITLE\";s:1:\"N\";s:8:\"SHOW_404\";s:1:\"N\";s:8:\"SORT_BY1\";s:11:\"ACTIVE_FROM\";s:8:\"SORT_BY2\";s:4:\"SORT\";s:11:\"SORT_ORDER1\";s:4:\"DESC\";s:11:\"SORT_ORDER2\";s:3:\"ASC\";s:20:\"STRICT_SECTION_CHECK\";s:1:\"N\";}'),
(42, 's1', 'bitrix:news.list', 'video', '/index.php', 'N', NULL, 44511, 49000, 'a:51:{s:18:\"ACTIVE_DATE_FORMAT\";s:5:\"d.m.Y\";s:18:\"ADD_SECTIONS_CHAIN\";s:1:\"Y\";s:9:\"AJAX_MODE\";s:1:\"N\";s:22:\"AJAX_OPTION_ADDITIONAL\";s:0:\"\";s:19:\"AJAX_OPTION_HISTORY\";s:1:\"N\";s:16:\"AJAX_OPTION_JUMP\";s:1:\"N\";s:17:\"AJAX_OPTION_STYLE\";s:1:\"Y\";s:12:\"CACHE_FILTER\";s:1:\"N\";s:12:\"CACHE_GROUPS\";s:1:\"Y\";s:10:\"CACHE_TIME\";s:8:\"36000000\";s:10:\"CACHE_TYPE\";s:1:\"A\";s:11:\"CHECK_DATES\";s:1:\"Y\";s:10:\"DETAIL_URL\";s:0:\"\";s:20:\"DISPLAY_BOTTOM_PAGER\";s:1:\"Y\";s:12:\"DISPLAY_DATE\";s:1:\"Y\";s:12:\"DISPLAY_NAME\";s:1:\"Y\";s:15:\"DISPLAY_PICTURE\";s:1:\"Y\";s:20:\"DISPLAY_PREVIEW_TEXT\";s:1:\"Y\";s:17:\"DISPLAY_TOP_PAGER\";s:1:\"N\";s:10:\"FIELD_CODE\";a:2:{i:0;s:0:\"\";i:1;s:0:\"\";}s:11:\"FILTER_NAME\";s:0:\"\";s:24:\"HIDE_LINK_WHEN_NO_DETAIL\";s:1:\"N\";s:9:\"IBLOCK_ID\";s:1:\"8\";s:11:\"IBLOCK_TYPE\";s:6:\"verter\";s:25:\"INCLUDE_IBLOCK_INTO_CHAIN\";s:1:\"Y\";s:19:\"INCLUDE_SUBSECTIONS\";s:1:\"Y\";s:11:\"MESSAGE_404\";s:0:\"\";s:10:\"NEWS_COUNT\";s:3:\"100\";s:22:\"PAGER_BASE_LINK_ENABLE\";s:1:\"N\";s:20:\"PAGER_DESC_NUMBERING\";s:1:\"N\";s:31:\"PAGER_DESC_NUMBERING_CACHE_TIME\";s:5:\"36000\";s:14:\"PAGER_SHOW_ALL\";s:1:\"N\";s:17:\"PAGER_SHOW_ALWAYS\";s:1:\"N\";s:14:\"PAGER_TEMPLATE\";s:8:\".default\";s:11:\"PAGER_TITLE\";s:14:\"Новости\";s:14:\"PARENT_SECTION\";s:0:\"\";s:19:\"PARENT_SECTION_CODE\";s:0:\"\";s:20:\"PREVIEW_TRUNCATE_LEN\";s:0:\"\";s:13:\"PROPERTY_CODE\";a:2:{i:0;s:3:\"PR1\";i:1;s:0:\"\";}s:17:\"SET_BROWSER_TITLE\";s:1:\"Y\";s:17:\"SET_LAST_MODIFIED\";s:1:\"N\";s:20:\"SET_META_DESCRIPTION\";s:1:\"Y\";s:17:\"SET_META_KEYWORDS\";s:1:\"Y\";s:14:\"SET_STATUS_404\";s:1:\"N\";s:9:\"SET_TITLE\";s:1:\"N\";s:8:\"SHOW_404\";s:1:\"N\";s:8:\"SORT_BY1\";s:11:\"ACTIVE_FROM\";s:8:\"SORT_BY2\";s:4:\"SORT\";s:11:\"SORT_ORDER1\";s:4:\"DESC\";s:11:\"SORT_ORDER2\";s:3:\"ASC\";s:20:\"STRICT_SECTION_CHECK\";s:1:\"N\";}'),
(43, 's1', 'bitrix:news.list', 'news', '/index.php', 'N', NULL, 49663, 54629, 'a:51:{s:18:\"ACTIVE_DATE_FORMAT\";s:5:\"d.m.Y\";s:18:\"ADD_SECTIONS_CHAIN\";s:1:\"Y\";s:9:\"AJAX_MODE\";s:1:\"N\";s:22:\"AJAX_OPTION_ADDITIONAL\";s:0:\"\";s:19:\"AJAX_OPTION_HISTORY\";s:1:\"N\";s:16:\"AJAX_OPTION_JUMP\";s:1:\"N\";s:17:\"AJAX_OPTION_STYLE\";s:1:\"Y\";s:12:\"CACHE_FILTER\";s:1:\"N\";s:12:\"CACHE_GROUPS\";s:1:\"Y\";s:10:\"CACHE_TIME\";s:8:\"36000000\";s:10:\"CACHE_TYPE\";s:1:\"A\";s:11:\"CHECK_DATES\";s:1:\"Y\";s:10:\"DETAIL_URL\";s:0:\"\";s:20:\"DISPLAY_BOTTOM_PAGER\";s:1:\"Y\";s:12:\"DISPLAY_DATE\";s:1:\"Y\";s:12:\"DISPLAY_NAME\";s:1:\"Y\";s:15:\"DISPLAY_PICTURE\";s:1:\"Y\";s:20:\"DISPLAY_PREVIEW_TEXT\";s:1:\"Y\";s:17:\"DISPLAY_TOP_PAGER\";s:1:\"N\";s:10:\"FIELD_CODE\";a:2:{i:0;s:0:\"\";i:1;s:0:\"\";}s:11:\"FILTER_NAME\";s:0:\"\";s:24:\"HIDE_LINK_WHEN_NO_DETAIL\";s:1:\"N\";s:9:\"IBLOCK_ID\";s:1:\"9\";s:11:\"IBLOCK_TYPE\";s:6:\"verter\";s:25:\"INCLUDE_IBLOCK_INTO_CHAIN\";s:1:\"Y\";s:19:\"INCLUDE_SUBSECTIONS\";s:1:\"Y\";s:11:\"MESSAGE_404\";s:0:\"\";s:10:\"NEWS_COUNT\";s:1:\"3\";s:22:\"PAGER_BASE_LINK_ENABLE\";s:1:\"N\";s:20:\"PAGER_DESC_NUMBERING\";s:1:\"N\";s:31:\"PAGER_DESC_NUMBERING_CACHE_TIME\";s:5:\"36000\";s:14:\"PAGER_SHOW_ALL\";s:1:\"N\";s:17:\"PAGER_SHOW_ALWAYS\";s:1:\"N\";s:14:\"PAGER_TEMPLATE\";s:8:\".default\";s:11:\"PAGER_TITLE\";s:14:\"Новости\";s:14:\"PARENT_SECTION\";s:0:\"\";s:19:\"PARENT_SECTION_CODE\";s:0:\"\";s:20:\"PREVIEW_TRUNCATE_LEN\";s:0:\"\";s:13:\"PROPERTY_CODE\";a:2:{i:0;s:3:\"PR1\";i:1;s:0:\"\";}s:17:\"SET_BROWSER_TITLE\";s:1:\"Y\";s:17:\"SET_LAST_MODIFIED\";s:1:\"N\";s:20:\"SET_META_DESCRIPTION\";s:1:\"Y\";s:17:\"SET_META_KEYWORDS\";s:1:\"Y\";s:14:\"SET_STATUS_404\";s:1:\"N\";s:9:\"SET_TITLE\";s:1:\"N\";s:8:\"SHOW_404\";s:1:\"N\";s:8:\"SORT_BY1\";s:11:\"ACTIVE_FROM\";s:8:\"SORT_BY2\";s:4:\"SORT\";s:11:\"SORT_ORDER1\";s:4:\"DESC\";s:11:\"SORT_ORDER2\";s:3:\"ASC\";s:20:\"STRICT_SECTION_CHECK\";s:1:\"N\";}'),
(179, 's1', 'bitrix:news.list', 'showroom_banner', '/showroom/index.php', 'N', NULL, 134, 2771, 'a:81:{s:18:\"ACTIVE_DATE_FORMAT\";s:5:\"d.m.Y\";s:17:\"ADD_ELEMENT_CHAIN\";s:1:\"N\";s:18:\"ADD_SECTIONS_CHAIN\";s:1:\"N\";s:9:\"AJAX_MODE\";s:1:\"N\";s:22:\"AJAX_OPTION_ADDITIONAL\";s:0:\"\";s:19:\"AJAX_OPTION_HISTORY\";s:1:\"N\";s:16:\"AJAX_OPTION_JUMP\";s:1:\"N\";s:17:\"AJAX_OPTION_STYLE\";s:1:\"Y\";s:13:\"BROWSER_TITLE\";s:1:\"-\";s:12:\"CACHE_FILTER\";s:1:\"N\";s:12:\"CACHE_GROUPS\";s:1:\"Y\";s:10:\"CACHE_TIME\";s:8:\"36000000\";s:10:\"CACHE_TYPE\";s:1:\"N\";s:11:\"CHECK_DATES\";s:1:\"Y\";s:25:\"DETAIL_ACTIVE_DATE_FORMAT\";s:5:\"d.m.Y\";s:27:\"DETAIL_DISPLAY_BOTTOM_PAGER\";s:1:\"Y\";s:24:\"DETAIL_DISPLAY_TOP_PAGER\";s:1:\"N\";s:17:\"DETAIL_FIELD_CODE\";a:2:{i:0;s:0:\"\";i:1;s:0:\"\";}s:21:\"DETAIL_PAGER_SHOW_ALL\";s:1:\"Y\";s:21:\"DETAIL_PAGER_TEMPLATE\";s:0:\"\";s:18:\"DETAIL_PAGER_TITLE\";s:16:\"Страница\";s:20:\"DETAIL_PROPERTY_CODE\";a:4:{i:0;s:11:\"title_block\";i:1;s:4:\"link\";i:2;s:4:\"LINK\";i:3;s:0:\"\";}s:24:\"DETAIL_SET_CANONICAL_URL\";s:1:\"N\";s:10:\"DETAIL_URL\";s:0:\"\";s:20:\"DISPLAY_BOTTOM_PAGER\";s:1:\"Y\";s:12:\"DISPLAY_DATE\";s:1:\"Y\";s:12:\"DISPLAY_NAME\";s:1:\"Y\";s:15:\"DISPLAY_PICTURE\";s:1:\"Y\";s:20:\"DISPLAY_PREVIEW_TEXT\";s:1:\"Y\";s:17:\"DISPLAY_TOP_PAGER\";s:1:\"N\";s:10:\"FIELD_CODE\";a:2:{i:0;s:0:\"\";i:1;s:0:\"\";}s:17:\"FILTER_FIELD_CODE\";a:2:{i:0;s:2:\"ID\";i:1;s:0:\"\";}s:11:\"FILTER_NAME\";s:0:\"\";s:20:\"FILTER_PROPERTY_CODE\";a:2:{i:0;s:0:\"\";i:1;s:0:\"\";}s:24:\"HIDE_LINK_WHEN_NO_DETAIL\";s:1:\"N\";s:9:\"IBLOCK_ID\";s:2:\"11\";s:11:\"IBLOCK_TYPE\";s:8:\"products\";s:25:\"INCLUDE_IBLOCK_INTO_CHAIN\";s:1:\"N\";s:19:\"INCLUDE_SUBSECTIONS\";s:1:\"Y\";s:23:\"LIST_ACTIVE_DATE_FORMAT\";s:5:\"d.m.Y\";s:15:\"LIST_FIELD_CODE\";a:2:{i:0;s:0:\"\";i:1;s:0:\"\";}s:18:\"LIST_PROPERTY_CODE\";a:4:{i:0;s:11:\"title_block\";i:1;s:4:\"link\";i:2;s:4:\"LINK\";i:3;s:0:\"\";}s:14:\"MEDIA_PROPERTY\";s:0:\"\";s:11:\"MESSAGE_404\";s:0:\"\";s:16:\"META_DESCRIPTION\";s:1:\"-\";s:13:\"META_KEYWORDS\";s:1:\"-\";s:10:\"NEWS_COUNT\";s:2:\"20\";s:22:\"PAGER_BASE_LINK_ENABLE\";s:1:\"N\";s:20:\"PAGER_DESC_NUMBERING\";s:1:\"N\";s:31:\"PAGER_DESC_NUMBERING_CACHE_TIME\";s:5:\"36000\";s:14:\"PAGER_SHOW_ALL\";s:1:\"N\";s:17:\"PAGER_SHOW_ALWAYS\";s:1:\"N\";s:14:\"PAGER_TEMPLATE\";s:8:\".default\";s:11:\"PAGER_TITLE\";s:12:\"Баннер\";s:14:\"PARENT_SECTION\";s:0:\"\";s:19:\"PARENT_SECTION_CODE\";s:0:\"\";s:20:\"PREVIEW_TRUNCATE_LEN\";s:0:\"\";s:13:\"PROPERTY_CODE\";a:3:{i:0;s:11:\"title_block\";i:1;s:4:\"link\";i:2;s:0:\"\";}s:8:\"SEF_MODE\";s:1:\"N\";s:17:\"SET_BROWSER_TITLE\";s:1:\"N\";s:17:\"SET_LAST_MODIFIED\";s:1:\"N\";s:20:\"SET_META_DESCRIPTION\";s:1:\"N\";s:17:\"SET_META_KEYWORDS\";s:1:\"N\";s:14:\"SET_STATUS_404\";s:1:\"N\";s:9:\"SET_TITLE\";s:1:\"N\";s:8:\"SHOW_404\";s:1:\"N\";s:15:\"SLIDER_PROPERTY\";s:0:\"\";s:8:\"SORT_BY1\";s:2:\"ID\";s:8:\"SORT_BY2\";s:4:\"SORT\";s:11:\"SORT_ORDER1\";s:4:\"DESC\";s:11:\"SORT_ORDER2\";s:3:\"ASC\";s:20:\"STRICT_SECTION_CHECK\";s:1:\"N\";s:14:\"TEMPLATE_THEME\";s:4:\"blue\";s:14:\"USE_CATEGORIES\";s:1:\"N\";s:10:\"USE_FILTER\";s:1:\"N\";s:15:\"USE_PERMISSIONS\";s:1:\"N\";s:10:\"USE_RATING\";s:1:\"N\";s:10:\"USE_REVIEW\";s:1:\"N\";s:7:\"USE_RSS\";s:1:\"N\";s:10:\"USE_SEARCH\";s:1:\"N\";s:9:\"USE_SHARE\";s:1:\"N\";}'),
(180, 's1', 'bitrix:news.list', 'services2', '/showroom/index.php', 'N', NULL, 2862, 4477, 'a:51:{s:18:\"ACTIVE_DATE_FORMAT\";s:5:\"d.m.Y\";s:18:\"ADD_SECTIONS_CHAIN\";s:1:\"Y\";s:9:\"AJAX_MODE\";s:1:\"N\";s:22:\"AJAX_OPTION_ADDITIONAL\";s:0:\"\";s:19:\"AJAX_OPTION_HISTORY\";s:1:\"N\";s:16:\"AJAX_OPTION_JUMP\";s:1:\"N\";s:17:\"AJAX_OPTION_STYLE\";s:1:\"Y\";s:12:\"CACHE_FILTER\";s:1:\"N\";s:12:\"CACHE_GROUPS\";s:1:\"Y\";s:10:\"CACHE_TIME\";s:8:\"36000000\";s:10:\"CACHE_TYPE\";s:1:\"A\";s:11:\"CHECK_DATES\";s:1:\"Y\";s:10:\"DETAIL_URL\";s:0:\"\";s:20:\"DISPLAY_BOTTOM_PAGER\";s:1:\"Y\";s:12:\"DISPLAY_DATE\";s:1:\"Y\";s:12:\"DISPLAY_NAME\";s:1:\"Y\";s:15:\"DISPLAY_PICTURE\";s:1:\"Y\";s:20:\"DISPLAY_PREVIEW_TEXT\";s:1:\"Y\";s:17:\"DISPLAY_TOP_PAGER\";s:1:\"N\";s:10:\"FIELD_CODE\";a:2:{i:0;s:15:\"PREVIEW_PICTURE\";i:1;s:14:\"DETAIL_PICTURE\";}s:11:\"FILTER_NAME\";s:0:\"\";s:24:\"HIDE_LINK_WHEN_NO_DETAIL\";s:1:\"N\";s:9:\"IBLOCK_ID\";s:1:\"3\";s:11:\"IBLOCK_TYPE\";s:6:\"verter\";s:25:\"INCLUDE_IBLOCK_INTO_CHAIN\";s:1:\"Y\";s:19:\"INCLUDE_SUBSECTIONS\";s:1:\"Y\";s:11:\"MESSAGE_404\";s:0:\"\";s:10:\"NEWS_COUNT\";s:3:\"100\";s:22:\"PAGER_BASE_LINK_ENABLE\";s:1:\"N\";s:20:\"PAGER_DESC_NUMBERING\";s:1:\"N\";s:31:\"PAGER_DESC_NUMBERING_CACHE_TIME\";s:5:\"36000\";s:14:\"PAGER_SHOW_ALL\";s:1:\"N\";s:17:\"PAGER_SHOW_ALWAYS\";s:1:\"N\";s:14:\"PAGER_TEMPLATE\";s:8:\".default\";s:11:\"PAGER_TITLE\";s:14:\"Новости\";s:14:\"PARENT_SECTION\";s:1:\"2\";s:19:\"PARENT_SECTION_CODE\";s:0:\"\";s:20:\"PREVIEW_TRUNCATE_LEN\";s:0:\"\";s:13:\"PROPERTY_CODE\";a:2:{i:0;s:0:\"\";i:1;s:0:\"\";}s:17:\"SET_BROWSER_TITLE\";s:1:\"Y\";s:17:\"SET_LAST_MODIFIED\";s:1:\"N\";s:20:\"SET_META_DESCRIPTION\";s:1:\"Y\";s:17:\"SET_META_KEYWORDS\";s:1:\"Y\";s:14:\"SET_STATUS_404\";s:1:\"N\";s:9:\"SET_TITLE\";s:1:\"N\";s:8:\"SHOW_404\";s:1:\"N\";s:8:\"SORT_BY1\";s:11:\"ACTIVE_FROM\";s:8:\"SORT_BY2\";s:4:\"SORT\";s:11:\"SORT_ORDER1\";s:4:\"DESC\";s:11:\"SORT_ORDER2\";s:3:\"ASC\";s:20:\"STRICT_SECTION_CHECK\";s:1:\"N\";}'),
(181, 's1', 'bitrix:main.include', '.default', '/showroom/index.php', 'N', NULL, 4635, 4781, 'a:2:{s:14:\"AREA_FILE_SHOW\";s:4:\"file\";s:4:\"PATH\";s:19:\"/include/main/3.php\";}'),
(182, 's1', 'bitrix:main.include', '.default', '/showroom/index.php', 'N', NULL, 4938, 5084, 'a:2:{s:14:\"AREA_FILE_SHOW\";s:4:\"file\";s:4:\"PATH\";s:19:\"/include/main/4.php\";}'),
(183, 's1', 'bitrix:news.list', 'oblast', '/showroom/index.php', 'N', NULL, 5227, 6809, 'a:51:{s:18:\"ACTIVE_DATE_FORMAT\";s:5:\"d.m.Y\";s:18:\"ADD_SECTIONS_CHAIN\";s:1:\"Y\";s:9:\"AJAX_MODE\";s:1:\"N\";s:22:\"AJAX_OPTION_ADDITIONAL\";s:0:\"\";s:19:\"AJAX_OPTION_HISTORY\";s:1:\"N\";s:16:\"AJAX_OPTION_JUMP\";s:1:\"N\";s:17:\"AJAX_OPTION_STYLE\";s:1:\"Y\";s:12:\"CACHE_FILTER\";s:1:\"N\";s:12:\"CACHE_GROUPS\";s:1:\"Y\";s:10:\"CACHE_TIME\";s:8:\"36000000\";s:10:\"CACHE_TYPE\";s:1:\"A\";s:11:\"CHECK_DATES\";s:1:\"Y\";s:10:\"DETAIL_URL\";s:0:\"\";s:20:\"DISPLAY_BOTTOM_PAGER\";s:1:\"Y\";s:12:\"DISPLAY_DATE\";s:1:\"Y\";s:12:\"DISPLAY_NAME\";s:1:\"Y\";s:15:\"DISPLAY_PICTURE\";s:1:\"Y\";s:20:\"DISPLAY_PREVIEW_TEXT\";s:1:\"Y\";s:17:\"DISPLAY_TOP_PAGER\";s:1:\"N\";s:10:\"FIELD_CODE\";a:2:{i:0;s:0:\"\";i:1;s:0:\"\";}s:11:\"FILTER_NAME\";s:0:\"\";s:24:\"HIDE_LINK_WHEN_NO_DETAIL\";s:1:\"N\";s:9:\"IBLOCK_ID\";s:1:\"4\";s:11:\"IBLOCK_TYPE\";s:6:\"verter\";s:25:\"INCLUDE_IBLOCK_INTO_CHAIN\";s:1:\"Y\";s:19:\"INCLUDE_SUBSECTIONS\";s:1:\"Y\";s:11:\"MESSAGE_404\";s:0:\"\";s:10:\"NEWS_COUNT\";s:3:\"100\";s:22:\"PAGER_BASE_LINK_ENABLE\";s:1:\"N\";s:20:\"PAGER_DESC_NUMBERING\";s:1:\"N\";s:31:\"PAGER_DESC_NUMBERING_CACHE_TIME\";s:5:\"36000\";s:14:\"PAGER_SHOW_ALL\";s:1:\"N\";s:17:\"PAGER_SHOW_ALWAYS\";s:1:\"N\";s:14:\"PAGER_TEMPLATE\";s:8:\".default\";s:11:\"PAGER_TITLE\";s:14:\"Новости\";s:14:\"PARENT_SECTION\";s:0:\"\";s:19:\"PARENT_SECTION_CODE\";s:0:\"\";s:20:\"PREVIEW_TRUNCATE_LEN\";s:0:\"\";s:13:\"PROPERTY_CODE\";a:2:{i:0;s:0:\"\";i:1;s:0:\"\";}s:17:\"SET_BROWSER_TITLE\";s:1:\"Y\";s:17:\"SET_LAST_MODIFIED\";s:1:\"N\";s:20:\"SET_META_DESCRIPTION\";s:1:\"Y\";s:17:\"SET_META_KEYWORDS\";s:1:\"Y\";s:14:\"SET_STATUS_404\";s:1:\"N\";s:9:\"SET_TITLE\";s:1:\"N\";s:8:\"SHOW_404\";s:1:\"N\";s:8:\"SORT_BY1\";s:11:\"ACTIVE_FROM\";s:8:\"SORT_BY2\";s:4:\"SORT\";s:11:\"SORT_ORDER1\";s:4:\"DESC\";s:11:\"SORT_ORDER2\";s:3:\"ASC\";s:20:\"STRICT_SECTION_CHECK\";s:1:\"N\";}'),
(184, 's1', 'bitrix:news.list', 'scope', '/showroom/index.php', 'N', NULL, 10603, 12214, 'a:52:{s:18:\"ACTIVE_DATE_FORMAT\";s:5:\"d.m.Y\";s:18:\"ADD_SECTIONS_CHAIN\";s:1:\"N\";s:9:\"AJAX_MODE\";s:1:\"N\";s:22:\"AJAX_OPTION_ADDITIONAL\";s:0:\"\";s:19:\"AJAX_OPTION_HISTORY\";s:1:\"Y\";s:16:\"AJAX_OPTION_JUMP\";s:1:\"Y\";s:17:\"AJAX_OPTION_STYLE\";s:1:\"Y\";s:12:\"CACHE_FILTER\";s:1:\"N\";s:12:\"CACHE_GROUPS\";s:1:\"N\";s:10:\"CACHE_TIME\";s:8:\"36000000\";s:10:\"CACHE_TYPE\";s:1:\"N\";s:11:\"CHECK_DATES\";s:1:\"Y\";s:10:\"DETAIL_URL\";s:0:\"\";s:20:\"DISPLAY_BOTTOM_PAGER\";s:1:\"Y\";s:12:\"DISPLAY_DATE\";s:1:\"Y\";s:12:\"DISPLAY_NAME\";s:1:\"Y\";s:15:\"DISPLAY_PICTURE\";s:1:\"Y\";s:20:\"DISPLAY_PREVIEW_TEXT\";s:1:\"Y\";s:17:\"DISPLAY_TOP_PAGER\";s:1:\"N\";s:10:\"FIELD_CODE\";a:2:{i:0;s:0:\"\";i:1;s:0:\"\";}s:11:\"FILTER_NAME\";s:11:\"groupFilter\";s:24:\"HIDE_LINK_WHEN_NO_DETAIL\";s:1:\"N\";s:9:\"IBLOCK_ID\";s:2:\"12\";s:11:\"IBLOCK_TYPE\";s:8:\"products\";s:25:\"INCLUDE_IBLOCK_INTO_CHAIN\";s:1:\"N\";s:19:\"INCLUDE_SUBSECTIONS\";s:1:\"N\";s:14:\"INSTANT_RELOAD\";s:1:\"Y\";s:11:\"MESSAGE_404\";s:0:\"\";s:10:\"NEWS_COUNT\";s:2:\"20\";s:22:\"PAGER_BASE_LINK_ENABLE\";s:1:\"N\";s:20:\"PAGER_DESC_NUMBERING\";s:1:\"N\";s:31:\"PAGER_DESC_NUMBERING_CACHE_TIME\";s:5:\"36000\";s:14:\"PAGER_SHOW_ALL\";s:1:\"N\";s:17:\"PAGER_SHOW_ALWAYS\";s:1:\"N\";s:14:\"PAGER_TEMPLATE\";s:8:\".default\";s:11:\"PAGER_TITLE\";s:14:\"Новости\";s:14:\"PARENT_SECTION\";s:0:\"\";s:19:\"PARENT_SECTION_CODE\";s:0:\"\";s:20:\"PREVIEW_TRUNCATE_LEN\";s:0:\"\";s:13:\"PROPERTY_CODE\";a:2:{i:0;s:4:\"link\";i:1;s:0:\"\";}s:17:\"SET_BROWSER_TITLE\";s:1:\"N\";s:17:\"SET_LAST_MODIFIED\";s:1:\"N\";s:20:\"SET_META_DESCRIPTION\";s:1:\"N\";s:17:\"SET_META_KEYWORDS\";s:1:\"N\";s:14:\"SET_STATUS_404\";s:1:\"N\";s:9:\"SET_TITLE\";s:1:\"N\";s:8:\"SHOW_404\";s:1:\"N\";s:8:\"SORT_BY1\";s:11:\"ACTIVE_FROM\";s:8:\"SORT_BY2\";s:4:\"SORT\";s:11:\"SORT_ORDER1\";s:4:\"DESC\";s:11:\"SORT_ORDER2\";s:3:\"ASC\";s:20:\"STRICT_SECTION_CHECK\";s:1:\"N\";}'),
(185, 's1', 'bitrix:news.list', 'plus', '/showroom/index.php', 'N', NULL, 12379, 14025, 'a:51:{s:18:\"ACTIVE_DATE_FORMAT\";s:5:\"d.m.Y\";s:18:\"ADD_SECTIONS_CHAIN\";s:1:\"Y\";s:9:\"AJAX_MODE\";s:1:\"N\";s:22:\"AJAX_OPTION_ADDITIONAL\";s:0:\"\";s:19:\"AJAX_OPTION_HISTORY\";s:1:\"N\";s:16:\"AJAX_OPTION_JUMP\";s:1:\"N\";s:17:\"AJAX_OPTION_STYLE\";s:1:\"Y\";s:12:\"CACHE_FILTER\";s:1:\"N\";s:12:\"CACHE_GROUPS\";s:1:\"Y\";s:10:\"CACHE_TIME\";s:8:\"36000000\";s:10:\"CACHE_TYPE\";s:1:\"A\";s:11:\"CHECK_DATES\";s:1:\"Y\";s:10:\"DETAIL_URL\";s:0:\"\";s:20:\"DISPLAY_BOTTOM_PAGER\";s:1:\"Y\";s:12:\"DISPLAY_DATE\";s:1:\"Y\";s:12:\"DISPLAY_NAME\";s:1:\"Y\";s:15:\"DISPLAY_PICTURE\";s:1:\"Y\";s:20:\"DISPLAY_PREVIEW_TEXT\";s:1:\"Y\";s:17:\"DISPLAY_TOP_PAGER\";s:1:\"N\";s:10:\"FIELD_CODE\";a:2:{i:0;s:0:\"\";i:1;s:0:\"\";}s:11:\"FILTER_NAME\";s:0:\"\";s:24:\"HIDE_LINK_WHEN_NO_DETAIL\";s:1:\"N\";s:9:\"IBLOCK_ID\";s:2:\"17\";s:11:\"IBLOCK_TYPE\";s:8:\"products\";s:25:\"INCLUDE_IBLOCK_INTO_CHAIN\";s:1:\"Y\";s:19:\"INCLUDE_SUBSECTIONS\";s:1:\"Y\";s:11:\"MESSAGE_404\";s:0:\"\";s:10:\"NEWS_COUNT\";s:2:\"20\";s:22:\"PAGER_BASE_LINK_ENABLE\";s:1:\"N\";s:20:\"PAGER_DESC_NUMBERING\";s:1:\"N\";s:31:\"PAGER_DESC_NUMBERING_CACHE_TIME\";s:5:\"36000\";s:14:\"PAGER_SHOW_ALL\";s:1:\"N\";s:17:\"PAGER_SHOW_ALWAYS\";s:1:\"N\";s:14:\"PAGER_TEMPLATE\";s:8:\".default\";s:11:\"PAGER_TITLE\";s:14:\"Новости\";s:14:\"PARENT_SECTION\";s:0:\"\";s:19:\"PARENT_SECTION_CODE\";s:0:\"\";s:20:\"PREVIEW_TRUNCATE_LEN\";s:0:\"\";s:13:\"PROPERTY_CODE\";a:11:{i:0;s:5:\"plus1\";i:1;s:5:\"plus2\";i:2;s:5:\"plus3\";i:3;s:5:\"plus4\";i:4;s:5:\"plus5\";i:5;s:5:\"plus6\";i:6;s:5:\"plus7\";i:7;s:5:\"plus8\";i:8;s:5:\"plus9\";i:9;s:6:\"plus10\";i:10;s:0:\"\";}s:17:\"SET_BROWSER_TITLE\";s:1:\"N\";s:17:\"SET_LAST_MODIFIED\";s:1:\"N\";s:20:\"SET_META_DESCRIPTION\";s:1:\"N\";s:17:\"SET_META_KEYWORDS\";s:1:\"N\";s:14:\"SET_STATUS_404\";s:1:\"N\";s:9:\"SET_TITLE\";s:1:\"N\";s:8:\"SHOW_404\";s:1:\"N\";s:8:\"SORT_BY1\";s:11:\"ACTIVE_FROM\";s:8:\"SORT_BY2\";s:4:\"SORT\";s:11:\"SORT_ORDER1\";s:4:\"DESC\";s:11:\"SORT_ORDER2\";s:3:\"ASC\";s:20:\"STRICT_SECTION_CHECK\";s:1:\"N\";}'),
(186, 's1', 'bitrix:news.list', 'implemented', '/showroom/index.php', 'N', NULL, 14306, 15906, 'a:51:{s:18:\"ACTIVE_DATE_FORMAT\";s:5:\"d.m.Y\";s:18:\"ADD_SECTIONS_CHAIN\";s:1:\"Y\";s:9:\"AJAX_MODE\";s:1:\"N\";s:22:\"AJAX_OPTION_ADDITIONAL\";s:0:\"\";s:19:\"AJAX_OPTION_HISTORY\";s:1:\"N\";s:16:\"AJAX_OPTION_JUMP\";s:1:\"N\";s:17:\"AJAX_OPTION_STYLE\";s:1:\"Y\";s:12:\"CACHE_FILTER\";s:1:\"N\";s:12:\"CACHE_GROUPS\";s:1:\"Y\";s:10:\"CACHE_TIME\";s:8:\"36000000\";s:10:\"CACHE_TYPE\";s:1:\"A\";s:11:\"CHECK_DATES\";s:1:\"Y\";s:10:\"DETAIL_URL\";s:0:\"\";s:20:\"DISPLAY_BOTTOM_PAGER\";s:1:\"Y\";s:12:\"DISPLAY_DATE\";s:1:\"Y\";s:12:\"DISPLAY_NAME\";s:1:\"Y\";s:15:\"DISPLAY_PICTURE\";s:1:\"Y\";s:20:\"DISPLAY_PREVIEW_TEXT\";s:1:\"Y\";s:17:\"DISPLAY_TOP_PAGER\";s:1:\"N\";s:10:\"FIELD_CODE\";a:2:{i:0;s:0:\"\";i:1;s:0:\"\";}s:11:\"FILTER_NAME\";s:0:\"\";s:24:\"HIDE_LINK_WHEN_NO_DETAIL\";s:1:\"N\";s:9:\"IBLOCK_ID\";s:2:\"15\";s:11:\"IBLOCK_TYPE\";s:8:\"products\";s:25:\"INCLUDE_IBLOCK_INTO_CHAIN\";s:1:\"Y\";s:19:\"INCLUDE_SUBSECTIONS\";s:1:\"Y\";s:11:\"MESSAGE_404\";s:0:\"\";s:10:\"NEWS_COUNT\";s:2:\"20\";s:22:\"PAGER_BASE_LINK_ENABLE\";s:1:\"N\";s:20:\"PAGER_DESC_NUMBERING\";s:1:\"N\";s:31:\"PAGER_DESC_NUMBERING_CACHE_TIME\";s:5:\"36000\";s:14:\"PAGER_SHOW_ALL\";s:1:\"N\";s:17:\"PAGER_SHOW_ALWAYS\";s:1:\"N\";s:14:\"PAGER_TEMPLATE\";s:8:\".default\";s:11:\"PAGER_TITLE\";s:14:\"Новости\";s:14:\"PARENT_SECTION\";s:0:\"\";s:19:\"PARENT_SECTION_CODE\";s:0:\"\";s:20:\"PREVIEW_TRUNCATE_LEN\";s:0:\"\";s:13:\"PROPERTY_CODE\";a:4:{i:0;s:9:\"speedwork\";i:1;s:6:\"imwork\";i:2;s:4:\"link\";i:3;s:0:\"\";}s:17:\"SET_BROWSER_TITLE\";s:1:\"N\";s:17:\"SET_LAST_MODIFIED\";s:1:\"N\";s:20:\"SET_META_DESCRIPTION\";s:1:\"N\";s:17:\"SET_META_KEYWORDS\";s:1:\"N\";s:14:\"SET_STATUS_404\";s:1:\"N\";s:9:\"SET_TITLE\";s:1:\"N\";s:8:\"SHOW_404\";s:1:\"N\";s:8:\"SORT_BY1\";s:11:\"ACTIVE_FROM\";s:8:\"SORT_BY2\";s:4:\"SORT\";s:11:\"SORT_ORDER1\";s:4:\"DESC\";s:11:\"SORT_ORDER2\";s:3:\"ASC\";s:20:\"STRICT_SECTION_CHECK\";s:1:\"N\";}'),
(187, 's1', 'verter:main.feedback', '', '/showroom/index.php', 'N', NULL, 16116, 16400, 'a:6:{s:9:\"AJAX_MODE\";s:1:\"Y\";s:8:\"EMAIL_TO\";s:12:\"test@test.ru\";s:16:\"EVENT_MESSAGE_ID\";N;s:7:\"OK_TEXT\";s:49:\"Ваше сообщение отправлено.\";s:15:\"REQUIRED_FIELDS\";a:3:{i:0;s:4:\"NAME\";i:1;s:5:\"EMAIL\";i:2;s:5:\"PHONE\";}s:11:\"USE_CAPTCHA\";s:1:\"N\";}'),
(188, 's1', 'bitrix:news.list', 'cases', '/showroom/index.php', 'N', NULL, 28827, 30424, 'a:51:{s:18:\"ACTIVE_DATE_FORMAT\";s:5:\"d.m.Y\";s:18:\"ADD_SECTIONS_CHAIN\";s:1:\"Y\";s:9:\"AJAX_MODE\";s:1:\"N\";s:22:\"AJAX_OPTION_ADDITIONAL\";s:0:\"\";s:19:\"AJAX_OPTION_HISTORY\";s:1:\"N\";s:16:\"AJAX_OPTION_JUMP\";s:1:\"N\";s:17:\"AJAX_OPTION_STYLE\";s:1:\"Y\";s:12:\"CACHE_FILTER\";s:1:\"N\";s:12:\"CACHE_GROUPS\";s:1:\"Y\";s:10:\"CACHE_TIME\";s:8:\"36000000\";s:10:\"CACHE_TYPE\";s:1:\"N\";s:11:\"CHECK_DATES\";s:1:\"Y\";s:10:\"DETAIL_URL\";s:0:\"\";s:20:\"DISPLAY_BOTTOM_PAGER\";s:1:\"Y\";s:12:\"DISPLAY_DATE\";s:1:\"Y\";s:12:\"DISPLAY_NAME\";s:1:\"Y\";s:15:\"DISPLAY_PICTURE\";s:1:\"Y\";s:20:\"DISPLAY_PREVIEW_TEXT\";s:1:\"Y\";s:17:\"DISPLAY_TOP_PAGER\";s:1:\"N\";s:10:\"FIELD_CODE\";a:2:{i:0;s:0:\"\";i:1;s:0:\"\";}s:11:\"FILTER_NAME\";s:0:\"\";s:24:\"HIDE_LINK_WHEN_NO_DETAIL\";s:1:\"N\";s:9:\"IBLOCK_ID\";s:2:\"13\";s:11:\"IBLOCK_TYPE\";s:8:\"products\";s:25:\"INCLUDE_IBLOCK_INTO_CHAIN\";s:1:\"Y\";s:19:\"INCLUDE_SUBSECTIONS\";s:1:\"Y\";s:11:\"MESSAGE_404\";s:0:\"\";s:10:\"NEWS_COUNT\";s:2:\"20\";s:22:\"PAGER_BASE_LINK_ENABLE\";s:1:\"N\";s:20:\"PAGER_DESC_NUMBERING\";s:1:\"N\";s:31:\"PAGER_DESC_NUMBERING_CACHE_TIME\";s:5:\"36000\";s:14:\"PAGER_SHOW_ALL\";s:1:\"N\";s:17:\"PAGER_SHOW_ALWAYS\";s:1:\"N\";s:14:\"PAGER_TEMPLATE\";s:8:\".default\";s:11:\"PAGER_TITLE\";s:14:\"Новости\";s:14:\"PARENT_SECTION\";s:0:\"\";s:19:\"PARENT_SECTION_CODE\";s:0:\"\";s:20:\"PREVIEW_TRUNCATE_LEN\";s:0:\"\";s:13:\"PROPERTY_CODE\";a:5:{i:0;s:9:\"speedwork\";i:1;s:6:\"imwork\";i:2;s:4:\"link\";i:3;s:10:\"tags_cases\";i:4;s:0:\"\";}s:17:\"SET_BROWSER_TITLE\";s:1:\"N\";s:17:\"SET_LAST_MODIFIED\";s:1:\"N\";s:20:\"SET_META_DESCRIPTION\";s:1:\"N\";s:17:\"SET_META_KEYWORDS\";s:1:\"N\";s:14:\"SET_STATUS_404\";s:1:\"N\";s:9:\"SET_TITLE\";s:1:\"N\";s:8:\"SHOW_404\";s:1:\"N\";s:8:\"SORT_BY1\";s:2:\"ID\";s:8:\"SORT_BY2\";s:4:\"SORT\";s:11:\"SORT_ORDER1\";s:3:\"ASC\";s:11:\"SORT_ORDER2\";s:3:\"ASC\";s:20:\"STRICT_SECTION_CHECK\";s:1:\"N\";}'),
(189, 's1', 'verter:main.feedback', '', '/showroom/index.php', 'N', NULL, 30851, 31135, 'a:6:{s:9:\"AJAX_MODE\";s:1:\"Y\";s:8:\"EMAIL_TO\";s:12:\"test@test.ru\";s:16:\"EVENT_MESSAGE_ID\";N;s:7:\"OK_TEXT\";s:49:\"Ваше сообщение отправлено.\";s:15:\"REQUIRED_FIELDS\";a:3:{i:0;s:4:\"NAME\";i:1;s:5:\"EMAIL\";i:2;s:5:\"PHONE\";}s:11:\"USE_CAPTCHA\";s:1:\"N\";}'),
(190, 's1', 'bitrix:news.list', 'knowledgebase', '/showroom/index.php', 'N', NULL, 31571, 33172, 'a:51:{s:18:\"ACTIVE_DATE_FORMAT\";s:5:\"d.m.Y\";s:18:\"ADD_SECTIONS_CHAIN\";s:1:\"Y\";s:9:\"AJAX_MODE\";s:1:\"N\";s:22:\"AJAX_OPTION_ADDITIONAL\";s:0:\"\";s:19:\"AJAX_OPTION_HISTORY\";s:1:\"N\";s:16:\"AJAX_OPTION_JUMP\";s:1:\"N\";s:17:\"AJAX_OPTION_STYLE\";s:1:\"N\";s:12:\"CACHE_FILTER\";s:1:\"N\";s:12:\"CACHE_GROUPS\";s:1:\"Y\";s:10:\"CACHE_TIME\";s:8:\"36000000\";s:10:\"CACHE_TYPE\";s:1:\"A\";s:11:\"CHECK_DATES\";s:1:\"Y\";s:10:\"DETAIL_URL\";s:0:\"\";s:20:\"DISPLAY_BOTTOM_PAGER\";s:1:\"Y\";s:12:\"DISPLAY_DATE\";s:1:\"Y\";s:12:\"DISPLAY_NAME\";s:1:\"Y\";s:15:\"DISPLAY_PICTURE\";s:1:\"Y\";s:20:\"DISPLAY_PREVIEW_TEXT\";s:1:\"Y\";s:17:\"DISPLAY_TOP_PAGER\";s:1:\"N\";s:10:\"FIELD_CODE\";a:2:{i:0;s:0:\"\";i:1;s:0:\"\";}s:11:\"FILTER_NAME\";s:0:\"\";s:24:\"HIDE_LINK_WHEN_NO_DETAIL\";s:1:\"N\";s:9:\"IBLOCK_ID\";s:2:\"16\";s:11:\"IBLOCK_TYPE\";s:8:\"products\";s:25:\"INCLUDE_IBLOCK_INTO_CHAIN\";s:1:\"Y\";s:19:\"INCLUDE_SUBSECTIONS\";s:1:\"Y\";s:11:\"MESSAGE_404\";s:0:\"\";s:10:\"NEWS_COUNT\";s:2:\"20\";s:22:\"PAGER_BASE_LINK_ENABLE\";s:1:\"N\";s:20:\"PAGER_DESC_NUMBERING\";s:1:\"N\";s:31:\"PAGER_DESC_NUMBERING_CACHE_TIME\";s:5:\"36000\";s:14:\"PAGER_SHOW_ALL\";s:1:\"N\";s:17:\"PAGER_SHOW_ALWAYS\";s:1:\"N\";s:14:\"PAGER_TEMPLATE\";s:8:\".default\";s:11:\"PAGER_TITLE\";s:14:\"Новости\";s:14:\"PARENT_SECTION\";s:0:\"\";s:19:\"PARENT_SECTION_CODE\";s:0:\"\";s:20:\"PREVIEW_TRUNCATE_LEN\";s:0:\"\";s:13:\"PROPERTY_CODE\";a:5:{i:0;s:6:\"title1\";i:1;s:6:\"about1\";i:2;s:6:\"title2\";i:3;s:6:\"about2\";i:4;s:0:\"\";}s:17:\"SET_BROWSER_TITLE\";s:1:\"N\";s:17:\"SET_LAST_MODIFIED\";s:1:\"N\";s:20:\"SET_META_DESCRIPTION\";s:1:\"N\";s:17:\"SET_META_KEYWORDS\";s:1:\"N\";s:14:\"SET_STATUS_404\";s:1:\"N\";s:9:\"SET_TITLE\";s:1:\"N\";s:8:\"SHOW_404\";s:1:\"N\";s:8:\"SORT_BY1\";s:2:\"ID\";s:8:\"SORT_BY2\";s:4:\"SORT\";s:11:\"SORT_ORDER1\";s:3:\"ASC\";s:11:\"SORT_ORDER2\";s:4:\"DESC\";s:20:\"STRICT_SECTION_CHECK\";s:1:\"N\";}'),
(197, 's1', 'bitrix:news.list', 'cases-detailed', '/test2.php', 'N', NULL, 122, 1711, 'a:51:{s:18:\"ACTIVE_DATE_FORMAT\";s:5:\"d.m.Y\";s:18:\"ADD_SECTIONS_CHAIN\";s:1:\"Y\";s:9:\"AJAX_MODE\";s:1:\"N\";s:22:\"AJAX_OPTION_ADDITIONAL\";s:0:\"\";s:19:\"AJAX_OPTION_HISTORY\";s:1:\"N\";s:16:\"AJAX_OPTION_JUMP\";s:1:\"N\";s:17:\"AJAX_OPTION_STYLE\";s:1:\"Y\";s:12:\"CACHE_FILTER\";s:1:\"N\";s:12:\"CACHE_GROUPS\";s:1:\"Y\";s:10:\"CACHE_TIME\";s:8:\"36000000\";s:10:\"CACHE_TYPE\";s:1:\"A\";s:11:\"CHECK_DATES\";s:1:\"Y\";s:10:\"DETAIL_URL\";s:0:\"\";s:20:\"DISPLAY_BOTTOM_PAGER\";s:1:\"Y\";s:12:\"DISPLAY_DATE\";s:1:\"Y\";s:12:\"DISPLAY_NAME\";s:1:\"Y\";s:15:\"DISPLAY_PICTURE\";s:1:\"Y\";s:20:\"DISPLAY_PREVIEW_TEXT\";s:1:\"Y\";s:17:\"DISPLAY_TOP_PAGER\";s:1:\"N\";s:10:\"FIELD_CODE\";a:2:{i:0;s:0:\"\";i:1;s:0:\"\";}s:11:\"FILTER_NAME\";s:0:\"\";s:24:\"HIDE_LINK_WHEN_NO_DETAIL\";s:1:\"N\";s:9:\"IBLOCK_ID\";s:2:\"21\";s:11:\"IBLOCK_TYPE\";s:8:\"products\";s:25:\"INCLUDE_IBLOCK_INTO_CHAIN\";s:1:\"Y\";s:19:\"INCLUDE_SUBSECTIONS\";s:1:\"Y\";s:11:\"MESSAGE_404\";s:0:\"\";s:10:\"NEWS_COUNT\";s:2:\"20\";s:22:\"PAGER_BASE_LINK_ENABLE\";s:1:\"N\";s:20:\"PAGER_DESC_NUMBERING\";s:1:\"N\";s:31:\"PAGER_DESC_NUMBERING_CACHE_TIME\";s:5:\"36000\";s:14:\"PAGER_SHOW_ALL\";s:1:\"N\";s:17:\"PAGER_SHOW_ALWAYS\";s:1:\"N\";s:14:\"PAGER_TEMPLATE\";s:8:\".default\";s:11:\"PAGER_TITLE\";s:14:\"Новости\";s:14:\"PARENT_SECTION\";s:0:\"\";s:19:\"PARENT_SECTION_CODE\";s:0:\"\";s:20:\"PREVIEW_TRUNCATE_LEN\";s:0:\"\";s:13:\"PROPERTY_CODE\";a:2:{i:0;s:11:\"opis_banner\";i:1;s:0:\"\";}s:17:\"SET_BROWSER_TITLE\";s:1:\"N\";s:17:\"SET_LAST_MODIFIED\";s:1:\"N\";s:20:\"SET_META_DESCRIPTION\";s:1:\"N\";s:17:\"SET_META_KEYWORDS\";s:1:\"N\";s:14:\"SET_STATUS_404\";s:1:\"N\";s:9:\"SET_TITLE\";s:1:\"N\";s:8:\"SHOW_404\";s:1:\"N\";s:8:\"SORT_BY1\";s:11:\"ACTIVE_FROM\";s:8:\"SORT_BY2\";s:4:\"SORT\";s:11:\"SORT_ORDER1\";s:4:\"DESC\";s:11:\"SORT_ORDER2\";s:3:\"ASC\";s:20:\"STRICT_SECTION_CHECK\";s:1:\"N\";}'),
(198, 's1', 'bitrix:news.list', 'slider', '/test.php', 'N', NULL, 92, 1662, 'a:51:{s:18:\"ACTIVE_DATE_FORMAT\";s:5:\"d.m.Y\";s:18:\"ADD_SECTIONS_CHAIN\";s:1:\"Y\";s:9:\"AJAX_MODE\";s:1:\"N\";s:22:\"AJAX_OPTION_ADDITIONAL\";s:0:\"\";s:19:\"AJAX_OPTION_HISTORY\";s:1:\"N\";s:16:\"AJAX_OPTION_JUMP\";s:1:\"N\";s:17:\"AJAX_OPTION_STYLE\";s:1:\"Y\";s:12:\"CACHE_FILTER\";s:1:\"N\";s:12:\"CACHE_GROUPS\";s:1:\"Y\";s:10:\"CACHE_TIME\";s:8:\"36000000\";s:10:\"CACHE_TYPE\";s:1:\"A\";s:11:\"CHECK_DATES\";s:1:\"Y\";s:10:\"DETAIL_URL\";s:0:\"\";s:20:\"DISPLAY_BOTTOM_PAGER\";s:1:\"Y\";s:12:\"DISPLAY_DATE\";s:1:\"Y\";s:12:\"DISPLAY_NAME\";s:1:\"Y\";s:15:\"DISPLAY_PICTURE\";s:1:\"Y\";s:20:\"DISPLAY_PREVIEW_TEXT\";s:1:\"Y\";s:17:\"DISPLAY_TOP_PAGER\";s:1:\"N\";s:10:\"FIELD_CODE\";a:2:{i:0;s:0:\"\";i:1;s:0:\"\";}s:11:\"FILTER_NAME\";s:0:\"\";s:24:\"HIDE_LINK_WHEN_NO_DETAIL\";s:1:\"N\";s:9:\"IBLOCK_ID\";s:2:\"22\";s:11:\"IBLOCK_TYPE\";s:8:\"products\";s:25:\"INCLUDE_IBLOCK_INTO_CHAIN\";s:1:\"Y\";s:19:\"INCLUDE_SUBSECTIONS\";s:1:\"Y\";s:11:\"MESSAGE_404\";s:0:\"\";s:10:\"NEWS_COUNT\";s:2:\"20\";s:22:\"PAGER_BASE_LINK_ENABLE\";s:1:\"N\";s:20:\"PAGER_DESC_NUMBERING\";s:1:\"N\";s:31:\"PAGER_DESC_NUMBERING_CACHE_TIME\";s:5:\"36000\";s:14:\"PAGER_SHOW_ALL\";s:1:\"N\";s:17:\"PAGER_SHOW_ALWAYS\";s:1:\"N\";s:14:\"PAGER_TEMPLATE\";s:8:\".default\";s:11:\"PAGER_TITLE\";s:14:\"Новости\";s:14:\"PARENT_SECTION\";s:0:\"\";s:19:\"PARENT_SECTION_CODE\";s:0:\"\";s:20:\"PREVIEW_TRUNCATE_LEN\";s:0:\"\";s:13:\"PROPERTY_CODE\";a:2:{i:0;s:0:\"\";i:1;s:0:\"\";}s:17:\"SET_BROWSER_TITLE\";s:1:\"N\";s:17:\"SET_LAST_MODIFIED\";s:1:\"N\";s:20:\"SET_META_DESCRIPTION\";s:1:\"N\";s:17:\"SET_META_KEYWORDS\";s:1:\"N\";s:14:\"SET_STATUS_404\";s:1:\"N\";s:9:\"SET_TITLE\";s:1:\"N\";s:8:\"SHOW_404\";s:1:\"N\";s:8:\"SORT_BY1\";s:11:\"ACTIVE_FROM\";s:8:\"SORT_BY2\";s:4:\"SORT\";s:11:\"SORT_ORDER1\";s:4:\"DESC\";s:11:\"SORT_ORDER2\";s:3:\"ASC\";s:20:\"STRICT_SECTION_CHECK\";s:1:\"N\";}');

-- --------------------------------------------------------

--
-- Структура таблицы `b_composite_log`
--

CREATE TABLE `b_composite_log` (
  `ID` int(11) NOT NULL,
  `HOST` varchar(100) COLLATE utf8_unicode_ci NOT NULL,
  `URI` varchar(2000) COLLATE utf8_unicode_ci NOT NULL,
  `TITLE` varchar(250) COLLATE utf8_unicode_ci DEFAULT NULL,
  `CREATED` datetime NOT NULL,
  `TYPE` varchar(50) COLLATE utf8_unicode_ci NOT NULL,
  `MESSAGE` longtext COLLATE utf8_unicode_ci,
  `AJAX` char(1) COLLATE utf8_unicode_ci NOT NULL DEFAULT 'N',
  `USER_ID` int(11) NOT NULL DEFAULT '0',
  `PAGE_ID` int(11) NOT NULL DEFAULT '0'
) ENGINE=InnoDB DEFAULT CHARSET=utf8 COLLATE=utf8_unicode_ci;

-- --------------------------------------------------------

--
-- Структура таблицы `b_composite_page`
--

CREATE TABLE `b_composite_page` (
  `ID` int(11) NOT NULL,
  `CACHE_KEY` varchar(2000) COLLATE utf8_unicode_ci NOT NULL,
  `HOST` varchar(100) COLLATE utf8_unicode_ci NOT NULL,
  `URI` varchar(2000) COLLATE utf8_unicode_ci NOT NULL,
  `TITLE` varchar(250) COLLATE utf8_unicode_ci DEFAULT NULL,
  `CREATED` datetime NOT NULL,
  `CHANGED` datetime NOT NULL,
  `LAST_VIEWED` datetime NOT NULL,
  `VIEWS` int(11) NOT NULL DEFAULT '0',
  `REWRITES` int(11) NOT NULL DEFAULT '0',
  `SIZE` int(11) NOT NULL DEFAULT '0'
) ENGINE=InnoDB DEFAULT CHARSET=utf8 COLLATE=utf8_unicode_ci;

-- --------------------------------------------------------

--
-- Структура таблицы `b_consent_agreement`
--

CREATE TABLE `b_consent_agreement` (
  `ID` int(11) NOT NULL,
  `CODE` varchar(45) COLLATE utf8_unicode_ci DEFAULT NULL,
  `DATE_INSERT` datetime NOT NULL,
  `ACTIVE` char(1) COLLATE utf8_unicode_ci NOT NULL DEFAULT 'Y',
  `NAME` varchar(255) COLLATE utf8_unicode_ci NOT NULL,
  `TYPE` char(1) COLLATE utf8_unicode_ci DEFAULT NULL,
  `LANGUAGE_ID` char(2) COLLATE utf8_unicode_ci DEFAULT NULL,
  `DATA_PROVIDER` varchar(45) COLLATE utf8_unicode_ci DEFAULT NULL,
  `AGREEMENT_TEXT` longtext COLLATE utf8_unicode_ci,
  `LABEL_TEXT` varchar(4000) COLLATE utf8_unicode_ci DEFAULT NULL,
  `SECURITY_CODE` varchar(32) COLLATE utf8_unicode_ci DEFAULT NULL,
  `USE_URL` char(1) COLLATE utf8_unicode_ci NOT NULL DEFAULT 'N',
  `URL` varchar(255) COLLATE utf8_unicode_ci DEFAULT NULL,
  `IS_AGREEMENT_TEXT_HTML` char(1) COLLATE utf8_unicode_ci NOT NULL DEFAULT 'N'
) ENGINE=InnoDB DEFAULT CHARSET=utf8 COLLATE=utf8_unicode_ci;

-- --------------------------------------------------------

--
-- Структура таблицы `b_consent_field`
--

CREATE TABLE `b_consent_field` (
  `ID` int(11) NOT NULL,
  `AGREEMENT_ID` int(11) NOT NULL,
  `CODE` varchar(100) COLLATE utf8_unicode_ci DEFAULT NULL,
  `VALUE` text COLLATE utf8_unicode_ci NOT NULL
) ENGINE=InnoDB DEFAULT CHARSET=utf8 COLLATE=utf8_unicode_ci;

-- --------------------------------------------------------

--
-- Структура таблицы `b_consent_user_consent`
--

CREATE TABLE `b_consent_user_consent` (
  `ID` int(11) NOT NULL,
  `DATE_INSERT` datetime NOT NULL,
  `AGREEMENT_ID` int(11) NOT NULL,
  `USER_ID` int(11) DEFAULT NULL,
  `IP` varchar(15) COLLATE utf8_unicode_ci NOT NULL,
  `URL` varchar(4000) COLLATE utf8_unicode_ci DEFAULT NULL,
  `ORIGIN_ID` varchar(30) COLLATE utf8_unicode_ci DEFAULT NULL,
  `ORIGINATOR_ID` varchar(30) COLLATE utf8_unicode_ci DEFAULT NULL
) ENGINE=InnoDB DEFAULT CHARSET=utf8 COLLATE=utf8_unicode_ci;

-- --------------------------------------------------------

--
-- Структура таблицы `b_consent_user_consent_item`
--

CREATE TABLE `b_consent_user_consent_item` (
  `ID` int(11) NOT NULL,
  `USER_CONSENT_ID` int(11) NOT NULL,
  `VALUE` varchar(50) COLLATE utf8_unicode_ci NOT NULL
) ENGINE=InnoDB DEFAULT CHARSET=utf8 COLLATE=utf8_unicode_ci;

-- --------------------------------------------------------

--
-- Структура таблицы `b_counter_data`
--

CREATE TABLE `b_counter_data` (
  `ID` varchar(16) COLLATE utf8_unicode_ci NOT NULL,
  `TYPE` varchar(30) COLLATE utf8_unicode_ci NOT NULL,
  `DATA` text COLLATE utf8_unicode_ci NOT NULL
) ENGINE=InnoDB DEFAULT CHARSET=utf8 COLLATE=utf8_unicode_ci;

-- --------------------------------------------------------

--
-- Структура таблицы `b_culture`
--

CREATE TABLE `b_culture` (
  `ID` int(11) NOT NULL,
  `CODE` varchar(50) COLLATE utf8_unicode_ci DEFAULT NULL,
  `NAME` varchar(255) COLLATE utf8_unicode_ci DEFAULT NULL,
  `FORMAT_DATE` varchar(50) COLLATE utf8_unicode_ci DEFAULT NULL,
  `FORMAT_DATETIME` varchar(50) COLLATE utf8_unicode_ci DEFAULT NULL,
  `FORMAT_NAME` varchar(50) COLLATE utf8_unicode_ci DEFAULT NULL,
  `WEEK_START` int(11) DEFAULT '1',
  `CHARSET` varchar(50) COLLATE utf8_unicode_ci DEFAULT NULL,
  `DIRECTION` char(1) COLLATE utf8_unicode_ci DEFAULT 'Y',
  `SHORT_DATE_FORMAT` varchar(50) COLLATE utf8_unicode_ci DEFAULT 'n/j/Y',
  `MEDIUM_DATE_FORMAT` varchar(50) COLLATE utf8_unicode_ci DEFAULT 'M j, Y',
  `LONG_DATE_FORMAT` varchar(50) COLLATE utf8_unicode_ci DEFAULT 'F j, Y',
  `FULL_DATE_FORMAT` varchar(50) COLLATE utf8_unicode_ci DEFAULT 'l, F j, Y',
  `DAY_MONTH_FORMAT` varchar(50) COLLATE utf8_unicode_ci DEFAULT 'F j',
  `DAY_SHORT_MONTH_FORMAT` varchar(50) COLLATE utf8_unicode_ci DEFAULT 'M j',
  `DAY_OF_WEEK_MONTH_FORMAT` varchar(50) COLLATE utf8_unicode_ci DEFAULT 'l, F j',
  `SHORT_DAY_OF_WEEK_MONTH_FORMAT` varchar(50) COLLATE utf8_unicode_ci DEFAULT 'D, F j',
  `SHORT_DAY_OF_WEEK_SHORT_MONTH_FORMAT` varchar(50) COLLATE utf8_unicode_ci DEFAULT 'D, M j',
  `SHORT_TIME_FORMAT` varchar(50) COLLATE utf8_unicode_ci DEFAULT 'g:i a',
  `LONG_TIME_FORMAT` varchar(50) COLLATE utf8_unicode_ci DEFAULT 'g:i:s a',
  `AM_VALUE` varchar(20) COLLATE utf8_unicode_ci DEFAULT 'am',
  `PM_VALUE` varchar(20) COLLATE utf8_unicode_ci DEFAULT 'pm',
  `NUMBER_THOUSANDS_SEPARATOR` varchar(10) COLLATE utf8_unicode_ci DEFAULT ',',
  `NUMBER_DECIMAL_SEPARATOR` varchar(10) COLLATE utf8_unicode_ci DEFAULT '.',
  `NUMBER_DECIMALS` tinyint(4) DEFAULT '2'
) ENGINE=InnoDB DEFAULT CHARSET=utf8 COLLATE=utf8_unicode_ci;

--
-- Дамп данных таблицы `b_culture`
--

INSERT INTO `b_culture` (`ID`, `CODE`, `NAME`, `FORMAT_DATE`, `FORMAT_DATETIME`, `FORMAT_NAME`, `WEEK_START`, `CHARSET`, `DIRECTION`, `SHORT_DATE_FORMAT`, `MEDIUM_DATE_FORMAT`, `LONG_DATE_FORMAT`, `FULL_DATE_FORMAT`, `DAY_MONTH_FORMAT`, `DAY_SHORT_MONTH_FORMAT`, `DAY_OF_WEEK_MONTH_FORMAT`, `SHORT_DAY_OF_WEEK_MONTH_FORMAT`, `SHORT_DAY_OF_WEEK_SHORT_MONTH_FORMAT`, `SHORT_TIME_FORMAT`, `LONG_TIME_FORMAT`, `AM_VALUE`, `PM_VALUE`, `NUMBER_THOUSANDS_SEPARATOR`, `NUMBER_DECIMAL_SEPARATOR`, `NUMBER_DECIMALS`) VALUES
(1, 'ru', 'ru', 'DD.MM.YYYY', 'DD.MM.YYYY HH:MI:SS', '#NAME# #LAST_NAME#', 1, 'UTF-8', 'Y', 'd.m.Y', 'j M Y', 'j F Y', 'l, j F Y', 'j F', 'j M', 'l, j F', 'D, j F', 'D, j M', 'H:i', 'H:i:s', 'am', 'pm', ' ', ',', 2),
(2, 'en', 'en', 'MM/DD/YYYY', 'MM/DD/YYYY H:MI:SS T', '#NAME# #LAST_NAME#', 0, 'UTF-8', 'Y', 'n/j/Y', 'M j, Y', 'F j, Y', 'l, F j, Y', 'F j', 'M j', 'l, F j', 'D, F j', 'D, M j', 'g:i a', 'g:i:s a', 'am', 'pm', ',', '.', 2);

-- --------------------------------------------------------

--
-- Структура таблицы `b_entity_usage`
--

CREATE TABLE `b_entity_usage` (
  `USER_ID` int(11) NOT NULL,
  `CONTEXT` varchar(50) COLLATE utf8_unicode_ci NOT NULL,
  `ENTITY_ID` varchar(30) COLLATE utf8_unicode_ci NOT NULL,
  `ITEM_ID` varchar(50) COLLATE utf8_unicode_ci NOT NULL,
  `ITEM_ID_INT` int(11) NOT NULL DEFAULT '0',
  `PREFIX` varchar(10) COLLATE utf8_unicode_ci NOT NULL DEFAULT '',
  `LAST_USE_DATE` datetime NOT NULL
) ENGINE=InnoDB DEFAULT CHARSET=utf8 COLLATE=utf8_unicode_ci;

-- --------------------------------------------------------

--
-- Структура таблицы `b_event`
--

CREATE TABLE `b_event` (
  `ID` int(11) NOT NULL,
  `EVENT_NAME` varchar(255) COLLATE utf8_unicode_ci NOT NULL,
  `MESSAGE_ID` int(11) DEFAULT NULL,
  `LID` varchar(255) COLLATE utf8_unicode_ci NOT NULL,
  `C_FIELDS` longtext COLLATE utf8_unicode_ci,
  `DATE_INSERT` datetime DEFAULT NULL,
  `DATE_EXEC` datetime DEFAULT NULL,
  `SUCCESS_EXEC` char(1) COLLATE utf8_unicode_ci NOT NULL DEFAULT 'N',
  `DUPLICATE` char(1) COLLATE utf8_unicode_ci NOT NULL DEFAULT 'Y',
  `LANGUAGE_ID` char(2) COLLATE utf8_unicode_ci DEFAULT NULL
) ENGINE=InnoDB DEFAULT CHARSET=utf8 COLLATE=utf8_unicode_ci;

--
-- Дамп данных таблицы `b_event`
--

INSERT INTO `b_event` (`ID`, `EVENT_NAME`, `MESSAGE_ID`, `LID`, `C_FIELDS`, `DATE_INSERT`, `DATE_EXEC`, `SUCCESS_EXEC`, `DUPLICATE`, `LANGUAGE_ID`) VALUES
(1, 'FEEDBACK_FORM', NULL, 's1', 'a:4:{s:6:\"AUTHOR\";s:5:\"admin\";s:12:\"AUTHOR_EMAIL\";s:12:\"test@test.ru\";s:8:\"EMAIL_TO\";s:12:\"test@test.ru\";s:4:\"TEXT\";s:14:\"оолдолд\";}', '2022-12-06 11:44:28', '2022-12-06 11:44:29', 'Y', 'Y', 'ru'),
(2, 'FEEDBACK_FORM', NULL, 's1', 'a:5:{s:6:\"AUTHOR\";s:5:\"admin\";s:12:\"AUTHOR_EMAIL\";s:12:\"test@test.ru\";s:12:\"AUTHOR_PHONE\";s:12:\"+79520326482\";s:8:\"EMAIL_TO\";s:12:\"test@test.ru\";s:4:\"TEXT\";s:9:\"522516230\";}', '2022-12-06 12:32:40', '2022-12-06 12:32:42', 'Y', 'Y', 'ru'),
(3, 'FEEDBACK_FORM', NULL, 's1', 'a:5:{s:6:\"AUTHOR\";s:8:\"artur737\";s:12:\"AUTHOR_EMAIL\";s:15:\"jazzman.a@ya.ru\";s:12:\"AUTHOR_PHONE\";s:12:\"+79520326482\";s:8:\"EMAIL_TO\";s:12:\"test@test.ru\";s:4:\"TEXT\";s:0:\"\";}', '2022-12-06 14:35:06', '2022-12-06 14:35:08', 'Y', 'Y', 'ru'),
(4, 'FEEDBACK_FORM', NULL, 's1', 'a:5:{s:6:\"AUTHOR\";s:8:\"artur737\";s:12:\"AUTHOR_EMAIL\";s:15:\"jazzman.a@ya.ru\";s:12:\"AUTHOR_PHONE\";s:12:\"+79872731993\";s:8:\"EMAIL_TO\";s:12:\"test@test.ru\";s:4:\"TEXT\";s:0:\"\";}', '2022-12-06 14:35:13', '2022-12-06 14:35:14', 'Y', 'Y', 'ru'),
(5, 'FEEDBACK_FORM', NULL, 's1', 'a:5:{s:6:\"AUTHOR\";s:8:\"artur737\";s:12:\"AUTHOR_EMAIL\";s:15:\"jazzman.a@ya.ru\";s:12:\"AUTHOR_PHONE\";s:12:\"+79520326482\";s:8:\"EMAIL_TO\";s:12:\"test@test.ru\";s:4:\"TEXT\";N;}', '2022-12-06 14:46:01', '2022-12-06 14:46:02', 'Y', 'Y', 'ru'),
(6, 'FEEDBACK_FORM', NULL, 's1', 'a:5:{s:6:\"AUTHOR\";s:8:\"artur737\";s:12:\"AUTHOR_EMAIL\";s:15:\"jazzman.a@ya.ru\";s:12:\"AUTHOR_PHONE\";s:12:\"+79520326482\";s:8:\"EMAIL_TO\";s:12:\"test@test.ru\";s:4:\"TEXT\";N;}', '2022-12-06 14:47:14', '2022-12-06 14:47:15', 'Y', 'Y', 'ru'),
(7, 'FEEDBACK_FORM', NULL, 's1', 'a:5:{s:6:\"AUTHOR\";s:8:\"artur737\";s:12:\"AUTHOR_EMAIL\";s:15:\"jazzman.a@ya.ru\";s:12:\"AUTHOR_PHONE\";s:12:\"+79520326482\";s:8:\"EMAIL_TO\";s:12:\"test@test.ru\";s:4:\"TEXT\";N;}', '2022-12-06 14:52:08', '2022-12-06 14:52:09', 'Y', 'Y', 'ru'),
(8, 'FEEDBACK_FORM', NULL, 's1', 'a:5:{s:6:\"AUTHOR\";s:8:\"artur737\";s:12:\"AUTHOR_EMAIL\";s:15:\"jazzman.a@ya.ru\";s:12:\"AUTHOR_PHONE\";s:12:\"+79520326482\";s:8:\"EMAIL_TO\";s:12:\"test@test.ru\";s:4:\"TEXT\";N;}', '2022-12-06 14:56:18', '2022-12-06 14:56:19', 'Y', 'Y', 'ru'),
(9, 'FEEDBACK_FORM', NULL, 's1', 'a:5:{s:6:\"AUTHOR\";s:8:\"artur737\";s:12:\"AUTHOR_EMAIL\";s:15:\"jazzman.a@ya.ru\";s:12:\"AUTHOR_PHONE\";s:12:\"+79520326482\";s:8:\"EMAIL_TO\";s:12:\"test@test.ru\";s:4:\"TEXT\";N;}', '2022-12-06 15:18:12', '2022-12-06 15:18:13', 'Y', 'Y', 'ru'),
(10, 'FEEDBACK_FORM', NULL, 's1', 'a:5:{s:6:\"AUTHOR\";s:8:\"artur737\";s:12:\"AUTHOR_EMAIL\";s:15:\"jazzman.a@ya.ru\";s:12:\"AUTHOR_PHONE\";s:12:\"+79520326482\";s:8:\"EMAIL_TO\";s:12:\"test@test.ru\";s:4:\"TEXT\";N;}', '2022-12-06 15:18:17', '2022-12-06 15:18:18', 'Y', 'Y', 'ru'),
(11, 'FEEDBACK_FORM', NULL, 's1', 'a:5:{s:6:\"AUTHOR\";s:8:\"artur737\";s:12:\"AUTHOR_EMAIL\";s:15:\"jazzman.a@ya.ru\";s:12:\"AUTHOR_PHONE\";s:12:\"+79520326482\";s:8:\"EMAIL_TO\";s:12:\"test@test.ru\";s:4:\"TEXT\";N;}', '2022-12-06 15:19:35', '2022-12-06 15:19:35', 'Y', 'Y', 'ru'),
(12, 'FEEDBACK_FORM', NULL, 's1', 'a:5:{s:6:\"AUTHOR\";s:8:\"artur737\";s:12:\"AUTHOR_EMAIL\";s:15:\"jazzman.a@ya.ru\";s:12:\"AUTHOR_PHONE\";s:12:\"+79520326482\";s:8:\"EMAIL_TO\";s:12:\"test@test.ru\";s:4:\"TEXT\";N;}', '2022-12-06 15:19:43', '2022-12-06 15:19:43', 'Y', 'Y', 'ru'),
(13, 'FEEDBACK_FORM', NULL, 's1', 'a:5:{s:6:\"AUTHOR\";s:8:\"artur737\";s:12:\"AUTHOR_EMAIL\";s:15:\"jazzman.a@ya.ru\";s:12:\"AUTHOR_PHONE\";s:12:\"+79520326482\";s:8:\"EMAIL_TO\";s:12:\"test@test.ru\";s:4:\"TEXT\";N;}', '2022-12-06 15:20:00', '2022-12-06 15:20:00', 'Y', 'Y', 'ru'),
(14, 'FEEDBACK_FORM', NULL, 's1', 'a:5:{s:6:\"AUTHOR\";s:8:\"artur737\";s:12:\"AUTHOR_EMAIL\";s:15:\"jazzman.a@ya.ru\";s:12:\"AUTHOR_PHONE\";s:12:\"+79520326482\";s:8:\"EMAIL_TO\";s:12:\"test@test.ru\";s:4:\"TEXT\";N;}', '2022-12-06 15:20:15', '2022-12-06 15:20:15', 'Y', 'Y', 'ru'),
(15, 'FEEDBACK_FORM', NULL, 's1', 'a:5:{s:6:\"AUTHOR\";s:8:\"artur737\";s:12:\"AUTHOR_EMAIL\";s:15:\"jazzman.a@ya.ru\";s:12:\"AUTHOR_PHONE\";s:12:\"+79520326482\";s:8:\"EMAIL_TO\";s:12:\"test@test.ru\";s:4:\"TEXT\";N;}', '2022-12-06 15:20:22', '2022-12-06 15:20:22', 'Y', 'Y', 'ru'),
(16, 'FEEDBACK_FORM', NULL, 's1', 'a:5:{s:6:\"AUTHOR\";s:8:\"artur737\";s:12:\"AUTHOR_EMAIL\";s:15:\"jazzman.a@ya.ru\";s:12:\"AUTHOR_PHONE\";s:12:\"+79520326482\";s:8:\"EMAIL_TO\";s:12:\"test@test.ru\";s:4:\"TEXT\";N;}', '2022-12-06 15:22:28', '2022-12-06 15:22:28', 'Y', 'Y', 'ru'),
(17, 'FEEDBACK_FORM', NULL, 's1', 'a:5:{s:6:\"AUTHOR\";s:8:\"artur737\";s:12:\"AUTHOR_EMAIL\";s:15:\"jazzman.a@ya.ru\";s:12:\"AUTHOR_PHONE\";s:12:\"+79520326482\";s:8:\"EMAIL_TO\";s:12:\"test@test.ru\";s:4:\"TEXT\";N;}', '2022-12-06 15:22:39', '2022-12-06 15:22:39', 'Y', 'Y', 'ru'),
(18, 'FEEDBACK_FORM', NULL, 's1', 'a:5:{s:6:\"AUTHOR\";s:8:\"artur737\";s:12:\"AUTHOR_EMAIL\";s:15:\"jazzman.a@ya.ru\";s:12:\"AUTHOR_PHONE\";s:12:\"+79520326482\";s:8:\"EMAIL_TO\";s:12:\"test@test.ru\";s:4:\"TEXT\";N;}', '2022-12-06 15:31:04', '2022-12-06 15:31:05', 'Y', 'Y', 'ru'),
(19, 'FEEDBACK_FORM', NULL, 's1', 'a:5:{s:6:\"AUTHOR\";s:8:\"artur737\";s:12:\"AUTHOR_EMAIL\";s:15:\"jazzman.a@ya.ru\";s:12:\"AUTHOR_PHONE\";s:12:\"+79520326482\";s:8:\"EMAIL_TO\";s:12:\"test@test.ru\";s:4:\"TEXT\";N;}', '2022-12-06 15:33:04', '2022-12-06 15:33:05', 'Y', 'Y', 'ru'),
(20, 'FEEDBACK_FORM', NULL, 's1', 'a:5:{s:6:\"AUTHOR\";s:10:\"Пивас\";s:12:\"AUTHOR_EMAIL\";s:15:\"jazzman.a@ya.ru\";s:12:\"AUTHOR_PHONE\";s:12:\"+77777777777\";s:8:\"EMAIL_TO\";s:12:\"test@test.ru\";s:4:\"TEXT\";N;}', '2022-12-08 20:28:02', '2022-12-08 20:28:04', 'Y', 'Y', 'ru'),
(21, 'FEEDBACK_FORM', NULL, 's1', 'a:5:{s:6:\"AUTHOR\";s:10:\"Пивас\";s:12:\"AUTHOR_EMAIL\";s:15:\"jazzman.a@ya.ru\";s:12:\"AUTHOR_PHONE\";s:12:\"+77777777777\";s:8:\"EMAIL_TO\";s:12:\"test@test.ru\";s:4:\"TEXT\";N;}', '2022-12-08 20:28:12', '2022-12-08 20:28:12', 'Y', 'Y', 'ru'),
(22, 'FEEDBACK_FORM', NULL, 's1', 'a:5:{s:6:\"AUTHOR\";s:10:\"Пивас\";s:12:\"AUTHOR_EMAIL\";s:15:\"jazzman.a@ya.ru\";s:12:\"AUTHOR_PHONE\";s:12:\"+79520326482\";s:8:\"EMAIL_TO\";s:12:\"test@test.ru\";s:4:\"TEXT\";N;}', '2022-12-08 20:28:36', '2022-12-08 20:28:36', 'Y', 'Y', 'ru'),
(23, 'FEEDBACK_FORM', NULL, 's1', 'a:5:{s:6:\"AUTHOR\";s:10:\"Пивас\";s:12:\"AUTHOR_EMAIL\";s:22:\"ansergeeva@outlook.com\";s:12:\"AUTHOR_PHONE\";s:12:\"+79872731993\";s:8:\"EMAIL_TO\";s:12:\"test@test.ru\";s:4:\"TEXT\";N;}', '2022-12-08 20:28:48', '2022-12-08 20:28:48', 'Y', 'Y', 'ru'),
(24, 'FEEDBACK_FORM', NULL, 's1', 'a:5:{s:6:\"AUTHOR\";s:8:\"artur737\";s:12:\"AUTHOR_EMAIL\";s:15:\"jazzman.a@ya.ru\";s:12:\"AUTHOR_PHONE\";s:12:\"+79520326482\";s:8:\"EMAIL_TO\";s:12:\"test@test.ru\";s:4:\"TEXT\";N;}', '2022-12-14 19:58:16', '2022-12-14 19:58:18', 'Y', 'Y', 'ru'),
(25, 'FEEDBACK_FORM', NULL, 's1', 'a:5:{s:6:\"AUTHOR\";s:8:\"artur737\";s:12:\"AUTHOR_EMAIL\";s:15:\"jazzman.a@ya.ru\";s:12:\"AUTHOR_PHONE\";s:12:\"+79520326482\";s:8:\"EMAIL_TO\";s:12:\"test@test.ru\";s:4:\"TEXT\";N;}', '2022-12-14 19:58:42', '2022-12-14 19:58:42', 'Y', 'Y', 'ru'),
(26, 'FEEDBACK_FORM', NULL, 's1', 'a:5:{s:6:\"AUTHOR\";s:8:\"artur737\";s:12:\"AUTHOR_EMAIL\";s:15:\"jazzman.a@ya.ru\";s:12:\"AUTHOR_PHONE\";s:12:\"+79520326482\";s:8:\"EMAIL_TO\";s:12:\"test@test.ru\";s:4:\"TEXT\";N;}', '2022-12-14 19:59:29', '2022-12-14 19:59:29', 'Y', 'Y', 'ru'),
(27, 'FEEDBACK_FORM', NULL, 's1', 'a:5:{s:6:\"AUTHOR\";s:8:\"artur737\";s:12:\"AUTHOR_EMAIL\";s:15:\"jazzman.a@ya.ru\";s:12:\"AUTHOR_PHONE\";s:12:\"+79520326482\";s:8:\"EMAIL_TO\";s:12:\"test@test.ru\";s:4:\"TEXT\";N;}', '2022-12-14 20:00:01', '2022-12-14 20:00:01', 'Y', 'Y', 'ru'),
(28, 'FEEDBACK_FORM', NULL, 's1', 'a:5:{s:6:\"AUTHOR\";s:8:\"artur737\";s:12:\"AUTHOR_EMAIL\";s:15:\"jazzman.a@ya.ru\";s:12:\"AUTHOR_PHONE\";s:12:\"+79520326482\";s:8:\"EMAIL_TO\";s:12:\"test@test.ru\";s:4:\"TEXT\";N;}', '2022-12-14 20:04:04', '2022-12-14 20:04:05', 'Y', 'Y', 'ru');

-- --------------------------------------------------------

--
-- Структура таблицы `b_event_attachment`
--

CREATE TABLE `b_event_attachment` (
  `EVENT_ID` int(11) NOT NULL,
  `FILE_ID` int(11) NOT NULL,
  `IS_FILE_COPIED` char(1) COLLATE utf8_unicode_ci NOT NULL DEFAULT 'Y'
) ENGINE=InnoDB DEFAULT CHARSET=utf8 COLLATE=utf8_unicode_ci;

-- --------------------------------------------------------

--
-- Структура таблицы `b_event_log`
--

CREATE TABLE `b_event_log` (
  `ID` int(11) NOT NULL,
  `TIMESTAMP_X` timestamp NULL DEFAULT NULL,
  `SEVERITY` varchar(50) COLLATE utf8_unicode_ci NOT NULL,
  `AUDIT_TYPE_ID` varchar(50) COLLATE utf8_unicode_ci NOT NULL,
  `MODULE_ID` varchar(50) COLLATE utf8_unicode_ci NOT NULL,
  `ITEM_ID` varchar(255) COLLATE utf8_unicode_ci NOT NULL,
  `REMOTE_ADDR` varchar(40) COLLATE utf8_unicode_ci DEFAULT NULL,
  `USER_AGENT` text COLLATE utf8_unicode_ci,
  `REQUEST_URI` text COLLATE utf8_unicode_ci,
  `SITE_ID` char(2) COLLATE utf8_unicode_ci DEFAULT NULL,
  `USER_ID` int(11) DEFAULT NULL,
  `GUEST_ID` int(11) DEFAULT NULL,
  `DESCRIPTION` mediumtext COLLATE utf8_unicode_ci
) ENGINE=InnoDB DEFAULT CHARSET=utf8 COLLATE=utf8_unicode_ci;

--
-- Дамп данных таблицы `b_event_log`
--

INSERT INTO `b_event_log` (`ID`, `TIMESTAMP_X`, `SEVERITY`, `AUDIT_TYPE_ID`, `MODULE_ID`, `ITEM_ID`, `REMOTE_ADDR`, `USER_AGENT`, `REQUEST_URI`, `SITE_ID`, `USER_ID`, `GUEST_ID`, `DESCRIPTION`) VALUES
(120, '2022-12-07 06:03:21', 'SECURITY', 'USER_AUTHORIZE', 'main', '1', '127.0.0.1', 'Mozilla/5.0 (Windows NT 10.0; Win64; x64) AppleWebKit/537.36 (KHTML, like Gecko) Chrome/106.0.0.0 YaBrowser/22.11.0.2500 Yowser/2.5 Safari/537.36', '/bitrix/admin/?login=yes', NULL, 1, NULL, NULL),
(121, '2022-12-07 09:03:45', 'SECURITY', 'USER_AUTHORIZE', 'main', '1', '127.0.0.1', 'Mozilla/5.0 (Windows NT 10.0; Win64; x64) AppleWebKit/537.36 (KHTML, like Gecko) Chrome/106.0.0.0 YaBrowser/22.11.0.2500 Yowser/2.5 Safari/537.36', '/bitrix/tools/public_session.php?k=8a9f48d98ca4a8be5bc48c2a838273e4.79e62f611d8c7b8c3cab5f028261d7b6593b0071a9f8fc02764a0d7e8885d325', 's1', 1, NULL, NULL),
(122, '2022-12-07 10:31:46', 'SECURITY', 'USER_AUTHORIZE', 'main', '1', '127.0.0.1', 'Mozilla/5.0 (Windows NT 10.0; Win64; x64) AppleWebKit/537.36 (KHTML, like Gecko) Chrome/106.0.0.0 YaBrowser/22.11.0.2500 Yowser/2.5 Safari/537.36', '/bitrix/tools/public_session.php?k=8a9f48d98ca4a8be5bc48c2a838273e4.79e62f611d8c7b8c3cab5f028261d7b6593b0071a9f8fc02764a0d7e8885d325', 's1', 1, NULL, NULL),
(123, '2022-12-07 11:04:24', 'UNKNOWN', 'PAGE_EDIT', 'main', 'UNKNOWN', '127.0.0.1', 'Mozilla/5.0 (Windows NT 10.0; Win64; x64) AppleWebKit/537.36 (KHTML, like Gecko) Chrome/106.0.0.0 YaBrowser/22.11.0.2500 Yowser/2.5 Safari/537.36', '/bitrix/admin/public_file_edit.php', 's1', 1, NULL, 'a:1:{s:4:\"path\";s:8:\"test.php\";}'),
(124, '2022-12-07 12:13:46', 'SECURITY', 'USER_AUTHORIZE', 'main', '1', '127.0.0.1', 'Mozilla/5.0 (Windows NT 10.0; Win64; x64) AppleWebKit/537.36 (KHTML, like Gecko) Chrome/106.0.0.0 YaBrowser/22.11.0.2500 Yowser/2.5 Safari/537.36', '/bitrix/tools/public_session.php?k=8a9f48d98ca4a8be5bc48c2a838273e4.79e62f611d8c7b8c3cab5f028261d7b6593b0071a9f8fc02764a0d7e8885d325', 's1', 1, NULL, NULL),
(125, '2022-12-07 12:18:55', 'WARNING', 'SITE_CHECKER_ERROR', 'main', 'CSiteCheckerTest::CommonTest();', '-', '-', '/bitrix/tools/public_session.php?k=8a9f48d98ca4a8be5bc48c2a838273e4.79e62f611d8c7b8c3cab5f028261d7b6593b0071a9f8fc02764a0d7e8885d325', 's1', 1, NULL, ''),
(126, '2022-12-07 17:18:05', 'SECURITY', 'USER_AUTHORIZE', 'main', '1', '127.0.0.1', 'Mozilla/5.0 (Windows NT 10.0; Win64; x64) AppleWebKit/537.36 (KHTML, like Gecko) Chrome/106.0.0.0 YaBrowser/22.11.0.2500 Yowser/2.5 Safari/537.36', '/production/', 's1', 1, NULL, NULL),
(127, '2022-12-07 17:53:17', 'UNKNOWN', 'PAGE_EDIT', 'main', 'UNKNOWN', '127.0.0.1', 'Mozilla/5.0 (Windows NT 10.0; Win64; x64) AppleWebKit/537.36 (KHTML, like Gecko) Chrome/106.0.0.0 YaBrowser/22.11.0.2500 Yowser/2.5 Safari/537.36', '/bitrix/admin/public_file_edit.php', 's1', 1, NULL, 'a:1:{s:4:\"path\";s:18:\"showroom/index.php\";}'),
(128, '2022-12-07 20:42:33', 'SECURITY', 'USER_AUTHORIZE', 'main', '1', '127.0.0.1', 'Mozilla/5.0 (Windows NT 10.0; Win64; x64) AppleWebKit/537.36 (KHTML, like Gecko) Chrome/106.0.0.0 YaBrowser/22.11.0.2500 Yowser/2.5 Safari/537.36', '/bitrix/tools/public_session.php?k=edbeed3a30d562579439c733ade48911.1d029ae66879a7bf6ba33163bcf87ae83a06c8312a2a25bfe50e16cb769d2f5c', 's1', 1, NULL, NULL),
(129, '2022-12-08 06:37:44', 'SECURITY', 'USER_AUTHORIZE', 'main', '1', '127.0.0.1', 'Mozilla/5.0 (Windows NT 10.0; Win64; x64) AppleWebKit/537.36 (KHTML, like Gecko) Chrome/106.0.0.0 YaBrowser/22.11.0.2500 Yowser/2.5 Safari/537.36', '/bitrix/tools/public_session.php?k=edbeed3a30d562579439c733ade48911.1d029ae66879a7bf6ba33163bcf87ae83a06c8312a2a25bfe50e16cb769d2f5c', 's1', 1, NULL, NULL),
(130, '2022-12-08 07:49:50', 'SECURITY', 'USER_AUTHORIZE', 'main', '1', '127.0.0.1', 'Mozilla/5.0 (Windows NT 10.0; Win64; x64) AppleWebKit/537.36 (KHTML, like Gecko) Chrome/106.0.0.0 YaBrowser/22.11.0.2500 Yowser/2.5 Safari/537.36', '/showroom/?clear_cache=Y', 's1', 1, NULL, NULL),
(131, '2022-12-08 07:49:51', 'SECURITY', 'USER_AUTHORIZE', 'main', '1', '127.0.0.1', 'Mozilla/5.0 (Windows NT 10.0; Win64; x64) AppleWebKit/537.36 (KHTML, like Gecko) Chrome/106.0.0.0 YaBrowser/22.11.0.2500 Yowser/2.5 Safari/537.36', '/bitrix/admin/iblock_edit.php?type=products&lang=ru&ID=13&admin=Y', NULL, 1, NULL, NULL),
(132, '2022-12-08 07:50:07', 'SECURITY', 'USER_AUTHORIZE', 'main', '1', '127.0.0.1', 'Mozilla/5.0 (Windows NT 10.0; Win64; x64) AppleWebKit/537.36 (KHTML, like Gecko) Chrome/106.0.0.0 YaBrowser/22.11.0.2500 Yowser/2.5 Safari/537.36', '/bitrix/admin/iblock_element_edit.php?IBLOCK_ID=2&type=verter&lang=ru&ID=2&find_section_section=-1&WF=Y', NULL, 1, NULL, NULL),
(133, '2022-12-08 07:50:08', 'SECURITY', 'USER_AUTHORIZE', 'main', '1', '127.0.0.1', 'Mozilla/5.0 (Windows NT 10.0; Win64; x64) AppleWebKit/537.36 (KHTML, like Gecko) Chrome/106.0.0.0 YaBrowser/22.11.0.2500 Yowser/2.5 Safari/537.36', '/bitrix/admin/iblock_element_edit.php?IBLOCK_ID=9&type=verter&lang=ru&ID=45&find_section_section=-1&WF=Y', NULL, 1, NULL, NULL),
(134, '2022-12-08 07:50:09', 'SECURITY', 'USER_AUTHORIZE', 'main', '1', '127.0.0.1', 'Mozilla/5.0 (Windows NT 10.0; Win64; x64) AppleWebKit/537.36 (KHTML, like Gecko) Chrome/106.0.0.0 YaBrowser/22.11.0.2500 Yowser/2.5 Safari/537.36', '/bitrix/admin/iblock_list_admin.php?IBLOCK_ID=13&type=products&lang=ru&find_section_section=0', NULL, 1, NULL, NULL),
(135, '2022-12-08 08:01:40', 'UNKNOWN', 'PAGE_EDIT', 'main', 'UNKNOWN', '127.0.0.1', 'Mozilla/5.0 (Windows NT 10.0; Win64; x64) AppleWebKit/537.36 (KHTML, like Gecko) Chrome/106.0.0.0 YaBrowser/22.11.0.2500 Yowser/2.5 Safari/537.36', '/bitrix/admin/public_file_edit.php', 's1', 1, NULL, 'a:1:{s:4:\"path\";s:8:\"test.php\";}'),
(136, '2022-12-08 08:10:35', 'UNKNOWN', 'PAGE_EDIT', 'main', 'UNKNOWN', '127.0.0.1', 'Mozilla/5.0 (Windows NT 10.0; Win64; x64) AppleWebKit/537.36 (KHTML, like Gecko) Chrome/106.0.0.0 YaBrowser/22.11.0.2500 Yowser/2.5 Safari/537.36', '/bitrix/admin/public_file_edit.php', 's1', 1, NULL, 'a:1:{s:4:\"path\";s:8:\"test.php\";}'),
(137, '2022-12-08 08:33:08', 'UNKNOWN', 'PAGE_EDIT', 'main', 'UNKNOWN', '127.0.0.1', 'Mozilla/5.0 (Windows NT 10.0; Win64; x64) AppleWebKit/537.36 (KHTML, like Gecko) Chrome/106.0.0.0 YaBrowser/22.11.0.2500 Yowser/2.5 Safari/537.36', '/bitrix/admin/public_file_edit.php', 's1', 1, NULL, 'a:1:{s:4:\"path\";s:9:\"test2.php\";}'),
(138, '2022-12-08 09:43:38', 'SECURITY', 'USER_AUTHORIZE', 'main', '1', '127.0.0.1', 'Mozilla/5.0 (Windows NT 10.0; Win64; x64) AppleWebKit/537.36 (KHTML, like Gecko) Chrome/106.0.0.0 YaBrowser/22.11.0.2500 Yowser/2.5 Safari/537.36', '/bitrix/tools/public_session.php?k=122a75c85ddeafb1972a35b6af8ddafd.f1d84f8c276e109aa1e20fbe096dca8bd8e32067217eebaee1fc6b8f0d570704', 's1', 1, NULL, NULL),
(139, '2022-12-08 10:07:08', 'UNKNOWN', 'PAGE_EDIT', 'main', 'UNKNOWN', '127.0.0.1', 'Mozilla/5.0 (Windows NT 10.0; Win64; x64) AppleWebKit/537.36 (KHTML, like Gecko) Chrome/106.0.0.0 YaBrowser/22.11.0.2500 Yowser/2.5 Safari/537.36', '/bitrix/admin/public_file_edit.php', 's1', 1, NULL, 'a:1:{s:4:\"path\";s:9:\"test2.php\";}'),
(140, '2022-12-08 13:21:44', 'SECURITY', 'USER_AUTHORIZE', 'main', '1', '127.0.0.1', 'Mozilla/5.0 (Windows NT 10.0; Win64; x64) AppleWebKit/537.36 (KHTML, like Gecko) Chrome/106.0.0.0 YaBrowser/22.11.0.2500 Yowser/2.5 Safari/537.36', '/bitrix/admin/iblock_list_admin.php?IBLOCK_ID=16&type=products&lang=ru&find_section_section=0', NULL, 1, NULL, NULL),
(141, '2022-12-08 13:21:46', 'WARNING', 'SITE_CHECKER_ERROR', 'main', 'CSiteCheckerTest::CommonTest();', '-', '-', '/bitrix/admin/iblock_list_admin.php?IBLOCK_ID=16&type=products&lang=ru&find_section_section=0', NULL, 1, NULL, ''),
(142, '2022-12-08 13:55:29', 'SECURITY', 'USER_AUTHORIZE', 'main', '1', '127.0.0.1', 'Mozilla/5.0 (Windows NT 10.0; Win64; x64) AppleWebKit/537.36 (KHTML, like Gecko) Chrome/106.0.0.0 YaBrowser/22.11.0.2500 Yowser/2.5 Safari/537.36', '/bitrix/tools/public_session.php?k=7609b75cb7ec8954053a9afe29bc0e72.32cb1805bc70e19187db39d141e9ace8ad80eb38d721c404eae1dce433f3601f', 's1', 1, NULL, NULL),
(143, '2022-12-08 14:05:58', 'UNKNOWN', 'PAGE_EDIT', 'main', 'UNKNOWN', '127.0.0.1', 'Mozilla/5.0 (Windows NT 10.0; Win64; x64) AppleWebKit/537.36 (KHTML, like Gecko) Chrome/106.0.0.0 YaBrowser/22.11.0.2500 Yowser/2.5 Safari/537.36', '/bitrix/admin/public_file_edit.php', 's1', 1, NULL, 'a:1:{s:4:\"path\";s:9:\"test2.php\";}'),
(144, '2022-12-08 14:09:13', 'UNKNOWN', 'PAGE_EDIT', 'main', 'UNKNOWN', '127.0.0.1', 'Mozilla/5.0 (Windows NT 10.0; Win64; x64) AppleWebKit/537.36 (KHTML, like Gecko) Chrome/106.0.0.0 YaBrowser/22.11.0.2500 Yowser/2.5 Safari/537.36', '/bitrix/admin/public_file_edit.php', 's1', 1, NULL, 'a:1:{s:4:\"path\";s:9:\"test2.php\";}'),
(145, '2022-12-08 14:32:37', 'UNKNOWN', 'PAGE_EDIT', 'main', 'UNKNOWN', '127.0.0.1', 'Mozilla/5.0 (Windows NT 10.0; Win64; x64) AppleWebKit/537.36 (KHTML, like Gecko) Chrome/106.0.0.0 YaBrowser/22.11.0.2500 Yowser/2.5 Safari/537.36', '/bitrix/admin/public_file_edit.php', 's1', 1, NULL, 'a:1:{s:4:\"path\";s:18:\"showroom/index.php\";}'),
(146, '2022-12-08 16:51:46', 'SECURITY', 'USER_AUTHORIZE', 'main', '1', '127.0.0.1', 'Mozilla/5.0 (Windows NT 10.0; Win64; x64) AppleWebKit/537.36 (KHTML, like Gecko) Chrome/106.0.0.0 YaBrowser/22.11.0.2500 Yowser/2.5 Safari/537.36', '/showroom/?clear_cache=Y', 's1', 1, NULL, NULL),
(147, '2022-12-08 16:51:46', 'SECURITY', 'USER_AUTHORIZE', 'main', '1', '127.0.0.1', 'Mozilla/5.0 (Windows NT 10.0; Win64; x64) AppleWebKit/537.36 (KHTML, like Gecko) Chrome/106.0.0.0 YaBrowser/22.11.0.2500 Yowser/2.5 Safari/537.36', '/storage/', 's1', 1, NULL, NULL),
(148, '2022-12-08 16:58:22', 'UNKNOWN', 'PAGE_EDIT', 'main', 'UNKNOWN', '127.0.0.1', 'Mozilla/5.0 (Windows NT 10.0; Win64; x64) AppleWebKit/537.36 (KHTML, like Gecko) Chrome/106.0.0.0 YaBrowser/22.11.0.2500 Yowser/2.5 Safari/537.36', '/bitrix/admin/public_file_edit.php', 's1', 1, NULL, 'a:1:{s:4:\"path\";s:8:\"test.php\";}'),
(149, '2022-12-08 16:59:00', 'UNKNOWN', 'PAGE_EDIT', 'main', 'UNKNOWN', '127.0.0.1', 'Mozilla/5.0 (Windows NT 10.0; Win64; x64) AppleWebKit/537.36 (KHTML, like Gecko) Chrome/106.0.0.0 YaBrowser/22.11.0.2500 Yowser/2.5 Safari/537.36', '/bitrix/admin/public_file_edit.php', 's1', 1, NULL, 'a:1:{s:4:\"path\";s:8:\"test.php\";}'),
(150, '2022-12-08 17:00:42', 'UNKNOWN', 'PAGE_EDIT', 'main', 'UNKNOWN', '127.0.0.1', 'Mozilla/5.0 (Windows NT 10.0; Win64; x64) AppleWebKit/537.36 (KHTML, like Gecko) Chrome/106.0.0.0 YaBrowser/22.11.0.2500 Yowser/2.5 Safari/537.36', '/bitrix/admin/public_file_edit.php', 's1', 1, NULL, 'a:1:{s:4:\"path\";s:8:\"test.php\";}'),
(151, '2022-12-08 17:35:30', 'UNKNOWN', 'PAGE_EDIT', 'main', 'UNKNOWN', '127.0.0.1', 'Mozilla/5.0 (Windows NT 10.0; Win64; x64) AppleWebKit/537.36 (KHTML, like Gecko) Chrome/106.0.0.0 YaBrowser/22.11.0.2500 Yowser/2.5 Safari/537.36', '/bitrix/admin/public_file_edit.php', 's1', 1, NULL, 'a:1:{s:4:\"path\";s:8:\"test.php\";}'),
(152, '2022-12-08 18:20:54', 'UNKNOWN', 'PAGE_EDIT', 'main', 'UNKNOWN', '127.0.0.1', 'Mozilla/5.0 (Windows NT 10.0; Win64; x64) AppleWebKit/537.36 (KHTML, like Gecko) Chrome/106.0.0.0 YaBrowser/22.11.0.2500 Yowser/2.5 Safari/537.36', '/bitrix/admin/public_file_edit.php', 's1', 1, NULL, 'a:1:{s:4:\"path\";s:8:\"test.php\";}'),
(153, '2022-12-08 18:51:19', 'SECURITY', 'USER_AUTHORIZE', 'main', '1', '127.0.0.1', 'Mozilla/5.0 (Windows NT 10.0; Win64; x64) AppleWebKit/537.36 (KHTML, like Gecko) Chrome/106.0.0.0 YaBrowser/22.11.0.2500 Yowser/2.5 Safari/537.36', '/bitrix/tools/public_session.php?k=1e835d2dac28eca1e94d7bb604c59b19.08296a9a23ee25142c89844fb7d2484071b3900146d757858b66e27605a27c26', 's1', 1, NULL, NULL),
(154, '2022-12-09 07:58:28', 'SECURITY', 'USER_AUTHORIZE', 'main', '1', '127.0.0.1', 'Mozilla/5.0 (Windows NT 10.0; Win64; x64) AppleWebKit/537.36 (KHTML, like Gecko) Chrome/106.0.0.0 YaBrowser/22.11.0.2500 Yowser/2.5 Safari/537.36', '/showroom/?clear_cache=Y', 's1', 1, NULL, NULL),
(155, '2022-12-09 09:11:05', 'SECURITY', 'USER_AUTHORIZE', 'main', '1', '127.0.0.1', 'Mozilla/5.0 (Windows NT 10.0; Win64; x64) AppleWebKit/537.36 (KHTML, like Gecko) Chrome/106.0.0.0 YaBrowser/22.11.0.2500 Yowser/2.5 Safari/537.36', '/storage/', 's1', 1, NULL, NULL),
(156, '2022-12-09 09:12:50', 'SECURITY', 'USER_LOGOUT', 'main', '1', '127.0.0.1', 'Mozilla/5.0 (Windows NT 10.0; Win64; x64) AppleWebKit/537.36 (KHTML, like Gecko) Chrome/106.0.0.0 YaBrowser/22.11.0.2500 Yowser/2.5 Safari/537.36', '/bitrix/admin/iblock_admin.php?logout=yes&type=products&lang=ru&admin=Y', NULL, NULL, NULL, NULL),
(157, '2022-12-09 19:50:59', 'WARNING', 'SITE_CHECKER_ERROR', 'main', 'CSiteCheckerTest::CommonTest();', '-', '-', '/bitrix/admin/index.php', NULL, NULL, NULL, ''),
(158, '2022-12-09 19:51:01', 'SECURITY', 'USER_AUTHORIZE', 'main', '1', '127.0.0.1', 'Mozilla/5.0 (Windows NT 10.0; Win64; x64) AppleWebKit/537.36 (KHTML, like Gecko) Chrome/106.0.0.0 YaBrowser/22.11.2.807 Yowser/2.5 Safari/537.36', '/bitrix/admin/?login=yes', NULL, 1, NULL, NULL),
(159, '2022-12-10 09:11:44', 'SECURITY', 'USER_AUTHORIZE', 'main', '1', '127.0.0.1', 'Mozilla/5.0 (Windows NT 10.0; Win64; x64) AppleWebKit/537.36 (KHTML, like Gecko) Chrome/106.0.0.0 YaBrowser/22.11.2.807 Yowser/2.5 Safari/537.36', '/bitrix/admin/iblock_edit.php?login=yes&type=products&lang=ru&ID=15&admin=Y', NULL, 1, NULL, NULL),
(160, '2022-12-10 12:00:00', 'SECURITY', 'USER_AUTHORIZE', 'main', '1', '127.0.0.1', 'Mozilla/5.0 (Windows NT 10.0; Win64; x64) AppleWebKit/537.36 (KHTML, like Gecko) Chrome/106.0.0.0 YaBrowser/22.11.2.807 Yowser/2.5 Safari/537.36', '/bitrix/admin/?login=yes', NULL, 1, NULL, NULL),
(161, '2022-12-10 12:57:06', 'SECURITY', 'USER_AUTHORIZE', 'main', '1', '127.0.0.1', 'Mozilla/5.0 (Windows NT 10.0; Win64; x64) AppleWebKit/537.36 (KHTML, like Gecko) Chrome/106.0.0.0 YaBrowser/22.11.2.807 Yowser/2.5 Safari/537.36', '/bitrix/admin/iblock_edit.php?login=yes&lang=ru&admin=Y&type=products', NULL, 1, NULL, NULL),
(162, '2022-12-11 10:53:03', 'SECURITY', 'USER_AUTHORIZE', 'main', '1', '127.0.0.1', 'Mozilla/5.0 (Windows NT 10.0; Win64; x64) AppleWebKit/537.36 (KHTML, like Gecko) Chrome/106.0.0.0 YaBrowser/22.11.2.807 Yowser/2.5 Safari/537.36', '/', 's1', 1, NULL, NULL),
(163, '2022-12-11 10:53:10', 'WARNING', 'SITE_CHECKER_ERROR', 'main', 'CSiteCheckerTest::CommonTest();', '-', '-', '/', 's1', 1, NULL, ''),
(164, '2022-12-11 11:01:45', 'UNKNOWN', 'PAGE_EDIT', 'main', 'UNKNOWN', '127.0.0.1', 'Mozilla/5.0 (Windows NT 10.0; Win64; x64) AppleWebKit/537.36 (KHTML, like Gecko) Chrome/106.0.0.0 YaBrowser/22.11.2.807 Yowser/2.5 Safari/537.36', '/bitrix/admin/public_file_edit.php', 's1', 1, NULL, 'a:1:{s:4:\"path\";s:9:\"test2.php\";}'),
(165, '2022-12-11 11:23:21', 'UNKNOWN', 'PAGE_EDIT', 'main', 'UNKNOWN', '127.0.0.1', 'Mozilla/5.0 (Windows NT 10.0; Win64; x64) AppleWebKit/537.36 (KHTML, like Gecko) Chrome/106.0.0.0 YaBrowser/22.11.2.807 Yowser/2.5 Safari/537.36', '/bitrix/admin/public_file_edit.php', 's1', 1, NULL, 'a:1:{s:4:\"path\";s:9:\"test2.php\";}'),
(166, '2022-12-11 13:28:31', 'SECURITY', 'USER_AUTHORIZE', 'main', '1', '127.0.0.1', 'Mozilla/5.0 (Windows NT 10.0; Win64; x64) AppleWebKit/537.36 (KHTML, like Gecko) Chrome/106.0.0.0 YaBrowser/22.11.2.807 Yowser/2.5 Safari/537.36', '/bitrix/tools/public_session.php?k=04ddd90fb77159f8b40ff70add9ba335.187d5c22471d6b4981c455d20326ff8ba8bb012a663fe427953f6e9485efbd48', 's1', 1, NULL, NULL),
(167, '2022-12-11 21:53:56', 'SECURITY', 'USER_AUTHORIZE', 'main', '1', '127.0.0.1', 'Mozilla/5.0 (Windows NT 10.0; Win64; x64) AppleWebKit/537.36 (KHTML, like Gecko) Chrome/106.0.0.0 YaBrowser/22.11.2.807 Yowser/2.5 Safari/537.36', '/test2.php?clear_cache=Y', 's1', 1, NULL, NULL),
(168, '2022-12-11 21:53:56', 'SECURITY', 'USER_AUTHORIZE', 'main', '1', '127.0.0.1', 'Mozilla/5.0 (Windows NT 10.0; Win64; x64) AppleWebKit/537.36 (KHTML, like Gecko) Chrome/106.0.0.0 YaBrowser/22.11.2.807 Yowser/2.5 Safari/537.36', '/bitrix/admin/iblock_list_admin.php?IBLOCK_ID=21&type=products&lang=ru&find_section_section=0', NULL, 1, NULL, NULL),
(169, '2022-12-11 21:53:56', 'SECURITY', 'USER_AUTHORIZE', 'main', '1', '127.0.0.1', 'Mozilla/5.0 (Windows NT 10.0; Win64; x64) AppleWebKit/537.36 (KHTML, like Gecko) Chrome/106.0.0.0 YaBrowser/22.11.2.807 Yowser/2.5 Safari/537.36', '/cases/', 's1', 1, NULL, NULL),
(170, '2022-12-11 21:54:00', 'SECURITY', 'USER_AUTHORIZE', 'main', '1', '127.0.0.1', 'Mozilla/5.0 (Windows NT 10.0; Win64; x64) AppleWebKit/537.36 (KHTML, like Gecko) Chrome/106.0.0.0 YaBrowser/22.11.2.807 Yowser/2.5 Safari/537.36', '/bitrix/admin/iblock_edit.php?type=products&tabControl_active_tab=edit2&lang=ru&ID=21&admin=Y', NULL, 1, NULL, NULL),
(171, '2022-12-11 22:51:37', 'SECURITY', 'USER_AUTHORIZE', 'main', '1', '127.0.0.1', 'Mozilla/5.0 (Windows NT 10.0; Win64; x64) AppleWebKit/537.36 (KHTML, like Gecko) Chrome/106.0.0.0 YaBrowser/22.11.2.807 Yowser/2.5 Safari/537.36', '/cases/', 's1', 1, NULL, NULL),
(172, '2022-12-11 22:51:40', 'SECURITY', 'USER_AUTHORIZE', 'main', '1', '127.0.0.1', 'Mozilla/5.0 (Windows NT 10.0; Win64; x64) AppleWebKit/537.36 (KHTML, like Gecko) Chrome/106.0.0.0 YaBrowser/22.11.2.807 Yowser/2.5 Safari/537.36', '/cases/', 's1', 1, NULL, NULL),
(173, '2022-12-12 23:24:27', 'SECURITY', 'USER_AUTHORIZE', 'main', '1', '127.0.0.1', 'Mozilla/5.0 (Windows NT 10.0; Win64; x64) AppleWebKit/537.36 (KHTML, like Gecko) Chrome/106.0.0.0 YaBrowser/22.11.2.807 Yowser/2.5 Safari/537.36', '/bitrix/tools/public_session.php?k=02f4107c50790f81faa06b8f6a62f48a.009b92f0795602ab492ce9b632a59cc35b4371ff5df28f92042e4d8982cc1a50', 's1', 1, NULL, NULL),
(174, '2022-12-12 23:24:28', 'WARNING', 'SITE_CHECKER_ERROR', 'main', 'CSiteCheckerTest::CommonTest();', '-', '-', '/bitrix/tools/public_session.php?k=02f4107c50790f81faa06b8f6a62f48a.009b92f0795602ab492ce9b632a59cc35b4371ff5df28f92042e4d8982cc1a50', 's1', 1, NULL, ''),
(175, '2022-12-13 00:58:11', 'SECURITY', 'USER_AUTHORIZE', 'main', '1', '127.0.0.1', 'Mozilla/5.0 (Windows NT 10.0; Win64; x64) AppleWebKit/537.36 (KHTML, like Gecko) Chrome/106.0.0.0 YaBrowser/22.11.2.807 Yowser/2.5 Safari/537.36', '/bitrix/admin/iblock_element_edit.php?IBLOCK_ID=21&type=products&ID=75&lang=ru&find_section_section=0&form_element_21_active_tab=edit1', NULL, 1, NULL, NULL),
(176, '2022-12-13 00:58:11', 'SECURITY', 'USER_AUTHORIZE', 'main', '1', '127.0.0.1', 'Mozilla/5.0 (Windows NT 10.0; Win64; x64) AppleWebKit/537.36 (KHTML, like Gecko) Chrome/106.0.0.0 YaBrowser/22.11.2.807 Yowser/2.5 Safari/537.36', '/bitrix/tools/public_session.php?k=02f4107c50790f81faa06b8f6a62f48a.009b92f0795602ab492ce9b632a59cc35b4371ff5df28f92042e4d8982cc1a50', 's1', 1, NULL, NULL),
(177, '2022-12-13 00:58:13', 'SECURITY', 'USER_AUTHORIZE', 'main', '1', '127.0.0.1', 'Mozilla/5.0 (Windows NT 10.0; Win64; x64) AppleWebKit/537.36 (KHTML, like Gecko) Chrome/106.0.0.0 YaBrowser/22.11.2.807 Yowser/2.5 Safari/537.36', '/bitrix/admin/iblock_edit.php?type=products&tabControl_active_tab=edit2&lang=ru&ID=21&admin=Y', NULL, 1, NULL, NULL),
(178, '2022-12-13 01:39:43', 'SECURITY', 'USER_AUTHORIZE', 'main', '1', '127.0.0.1', 'Mozilla/5.0 (Windows NT 10.0; Win64; x64) AppleWebKit/537.36 (KHTML, like Gecko) Chrome/106.0.0.0 YaBrowser/22.11.2.807 Yowser/2.5 Safari/537.36', '/bitrix/tools/public_session.php?k=0d0db87ce54dd001c06106641e593389.698d054e77856a6e69d79670a7e7c07da99a302158539320baa8b7b46b9a300d', 's1', 1, NULL, NULL),
(179, '2022-12-13 03:29:47', 'SECURITY', 'USER_AUTHORIZE', 'main', '1', '127.0.0.1', 'Mozilla/5.0 (Windows NT 10.0; Win64; x64) AppleWebKit/537.36 (KHTML, like Gecko) Chrome/106.0.0.0 YaBrowser/22.11.2.807 Yowser/2.5 Safari/537.36', '/cases/', 's1', 1, NULL, NULL),
(180, '2022-12-13 04:28:00', 'SECURITY', 'USER_AUTHORIZE', 'main', '1', '127.0.0.1', 'Mozilla/5.0 (Windows NT 10.0; Win64; x64) AppleWebKit/537.36 (KHTML, like Gecko) Chrome/106.0.0.0 YaBrowser/22.11.2.807 Yowser/2.5 Safari/537.36', '/bitrix/tools/public_session.php?k=ebdabfaa6b0a567dcd61cafb9d618998.0330ea21ae85b4c094e7e90475d88e70134fe5b6eb33e2e72a4b775c15383d5a', 's1', 1, NULL, NULL),
(181, '2022-12-13 04:56:19', 'SECURITY', 'USER_AUTHORIZE', 'main', '1', '127.0.0.1', 'Mozilla/5.0 (Windows NT 10.0; Win64; x64) AppleWebKit/537.36 (KHTML, like Gecko) Chrome/106.0.0.0 YaBrowser/22.11.2.807 Yowser/2.5 Safari/537.36', '/bitrix/tools/public_session.php?k=ebdabfaa6b0a567dcd61cafb9d618998.0330ea21ae85b4c094e7e90475d88e70134fe5b6eb33e2e72a4b775c15383d5a', 's1', 1, NULL, NULL),
(182, '2022-12-13 06:00:56', 'UNKNOWN', 'PAGE_EDIT', 'main', 'UNKNOWN', '127.0.0.1', 'Mozilla/5.0 (Windows NT 10.0; Win64; x64) AppleWebKit/537.36 (KHTML, like Gecko) Chrome/106.0.0.0 YaBrowser/22.11.2.807 Yowser/2.5 Safari/537.36', '/bitrix/admin/public_file_edit.php', 's1', 1, NULL, 'a:1:{s:4:\"path\";s:8:\"test.php\";}'),
(183, '2022-12-13 08:10:26', 'SECURITY', 'USER_AUTHORIZE', 'main', '1', '127.0.0.1', 'Mozilla/5.0 (Windows NT 10.0; Win64; x64) AppleWebKit/537.36 (KHTML, like Gecko) Chrome/106.0.0.0 YaBrowser/22.11.2.807 Yowser/2.5 Safari/537.36', '/cases/?clear_cache=Y', 's1', 1, NULL, NULL),
(184, '2022-12-13 08:10:27', 'SECURITY', 'USER_AUTHORIZE', 'main', '1', '127.0.0.1', 'Mozilla/5.0 (Windows NT 10.0; Win64; x64) AppleWebKit/537.36 (KHTML, like Gecko) Chrome/106.0.0.0 YaBrowser/22.11.2.807 Yowser/2.5 Safari/537.36', '/test2/75?clear_cache=Y', 's1', 1, NULL, NULL),
(185, '2022-12-13 09:28:29', 'SECURITY', 'USER_AUTHORIZE', 'main', '1', '127.0.0.1', 'Mozilla/5.0 (Windows NT 10.0; Win64; x64) AppleWebKit/537.36 (KHTML, like Gecko) Chrome/106.0.0.0 YaBrowser/22.11.2.807 Yowser/2.5 Safari/537.36', '/cases/?clear_cache=Y', 's1', 1, NULL, NULL),
(186, '2022-12-13 10:37:02', 'SECURITY', 'USER_AUTHORIZE', 'main', '1', '127.0.0.1', 'Mozilla/5.0 (Windows NT 10.0; Win64; x64) AppleWebKit/537.36 (KHTML, like Gecko) Chrome/106.0.0.0 YaBrowser/22.11.2.807 Yowser/2.5 Safari/537.36', '/bitrix/tools/public_session.php?k=8c9cc37055961998347bd666ea0f97d9.453037cfaec73ab35f863be8c8febea4ff42d085cc9d25194e5b0d52be0421b6', 's1', 1, NULL, NULL),
(187, '2022-12-14 04:34:43', 'SECURITY', 'USER_AUTHORIZE', 'main', '1', '127.0.0.1', 'Mozilla/5.0 (Windows NT 10.0; Win64; x64) AppleWebKit/537.36 (KHTML, like Gecko) Chrome/106.0.0.0 YaBrowser/22.11.2.807 Yowser/2.5 Safari/537.36', '/cases/?clear_cache=Y', 's1', 1, NULL, NULL),
(188, '2022-12-14 04:34:48', 'WARNING', 'SITE_CHECKER_ERROR', 'main', 'CSiteCheckerTest::CommonTest();', '-', '-', '/cases/?clear_cache=Y', 's1', 1, NULL, ''),
(189, '2022-12-14 04:59:30', 'SECURITY', 'USER_AUTHORIZE', 'main', '1', '127.0.0.1', 'Mozilla/5.0 (Windows NT 10.0; Win64; x64) AppleWebKit/537.36 (KHTML, like Gecko) Chrome/106.0.0.0 YaBrowser/22.11.2.807 Yowser/2.5 Safari/537.36', '/bitrix/tools/public_session.php?k=cdfcbce7f778d7efea537b9390e8e468.a8ea9b9fca452d66ac36fc9f6674f07c54c010c2bcb20575280a75c3c6244fe4', 's1', 1, NULL, NULL),
(190, '2022-12-14 04:59:30', 'SECURITY', 'USER_AUTHORIZE', 'main', '1', '127.0.0.1', 'Mozilla/5.0 (Windows NT 10.0; Win64; x64) AppleWebKit/537.36 (KHTML, like Gecko) Chrome/106.0.0.0 YaBrowser/22.11.2.807 Yowser/2.5 Safari/537.36', '/test2/75', 's1', 1, NULL, NULL),
(191, '2022-12-14 05:07:59', 'SECURITY', 'SECURITY_FILTER_XSS', 'security', '$_POST[\'form_data\'][\'PROP_128__75_128__VALUE__TEXT_\']', '127.0.0.1', 'Mozilla/5.0 (Windows NT 10.0; Win64; x64) AppleWebKit/537.36 (KHTML, like Gecko) Chrome/106.0.0.0 YaBrowser/22.11.2.807 Yowser/2.5 Safari/537.36', '/bitrix/tools/autosave.php?bxsender=core_autosave', NULL, 1, NULL, '<h5>Проведена адаптация системы 1С:ТОИР 2 КОРП под бизнес-процессы</h5>\n<p>\n	 Созданы 12 новых печатных форм и 12 специализированных KPI. Выполнена интеграция в ИТ-инфраструктуру предприятия посредством обмена данными.\n</p>\n<p>\n <br>\n</p>\n <iframe class=\"mb-5\" width=\"100%\" height=\"320\" src=\"https://www.youtube.com/embed/W9nZ6u15yis\" title=\"Black Screen 10 seconds\" frameborder=\"0\" allow=\"accelerometer; autoplay; clipboard-write; encrypted-media; gyroscope; picture-in-picture\" allowfullscreen></iframe><br>\nОперации по товарному учёту — пересчёт остатков, приёмка и отгрузка — выполнялись вручную, без использования терминалов сбора данных. Точность учёта полностью зависела от внимательности сотрудников, что периодически приводило к ошибкам в данных по остаткам на складе. В будущем планировалось организовать систему адресного хранения.'),
(192, '2022-12-14 05:10:46', 'SECURITY', 'SECURITY_FILTER_XSS', 'security', '$_POST[\'form_data\'][\'PROP_128__75_128__VALUE__TEXT_\']', '127.0.0.1', 'Mozilla/5.0 (Windows NT 10.0; Win64; x64) AppleWebKit/537.36 (KHTML, like Gecko) Chrome/106.0.0.0 YaBrowser/22.11.2.807 Yowser/2.5 Safari/537.36', '/bitrix/tools/autosave.php?bxsender=core_autosave', NULL, 1, NULL, '<h5>Проведена адаптация системы 1С:ТОИР 2 КОРП под бизнес-процессы</h5>\n<p>\n	 Созданы 12 новых печатных форм и 12 специализированных KPI. Выполнена интеграция в ИТ-инфраструктуру предприятия посредством обмена данными.\n</p>\n<p>\n <br>\n</p>\n <iframe class=\"mb-5\" width=\"100%\" height=\"320\" src=\"https://www.youtube.com/embed/W9nZ6u15yis\" title=\"Black Screen 10 seconds\" frameborder=\"0\" allow=\"accelerometer; autoplay; clipboard-write; encrypted-media; gyroscope; picture-in-picture\" allowfullscreen></iframe><br>\nОперации по товарному учёту — пересчёт остатков, приёмка и отгрузка — выполнялись вручную, без использования терминалов сбора данных. Точность учёта полностью зависела от внимательности сотрудников, что периодически приводило к ошибкам в данных по остаткам на складе. В будущем планировалось организовать систему адресного хранения.'),
(193, '2022-12-14 05:11:03', 'SECURITY', 'SECURITY_FILTER_XSS', 'security', '$_POST[\'form_data\'][\'PROP_128__75_128__VALUE__TEXT_\']', '127.0.0.1', 'Mozilla/5.0 (Windows NT 10.0; Win64; x64) AppleWebKit/537.36 (KHTML, like Gecko) Chrome/106.0.0.0 YaBrowser/22.11.2.807 Yowser/2.5 Safari/537.36', '/bitrix/tools/autosave.php?bxsender=core_autosave', NULL, 1, NULL, '<h5>Проведена адаптация системы 1С:ТОИР 2 КОРП под бизнес-процессы</h5>\n<p>\n	 Созданы 12 новых печатных форм и 12 специализированных KPI. Выполнена интеграция в ИТ-инфраструктуру предприятия посредством обмена данными.\n</p>\n<p>\n <br>\n</p>\n <iframe class=\"mb-5\" width=\"100%\" height=\"320\" src=\"https://www.youtube.com/embed/W9nZ6u15yis\" title=\"Black Screen 10 seconds\" frameborder=\"0\" allow=\"accelerometer; autoplay; clipboard-write; encrypted-media; gyroscope; picture-in-picture\" allowfullscreen></iframe><br>\nОперации по товарному учёту — пересчёт остатков, приёмка и отгрузка — выполнялись вручную, без использования терминалов сбора данных. Точность учёта полностью зависела от внимательности сотрудников, что периодически приводило к ошибкам в данных по остаткам на складе. В будущем планировалось организовать систему адресного хранения.'),
(194, '2022-12-14 05:11:07', 'SECURITY', 'SECURITY_FILTER_XSS', 'security', '$_POST[\'form_data\'][\'PROP_128__75_128__VALUE__TEXT_\']', '127.0.0.1', 'Mozilla/5.0 (Windows NT 10.0; Win64; x64) AppleWebKit/537.36 (KHTML, like Gecko) Chrome/106.0.0.0 YaBrowser/22.11.2.807 Yowser/2.5 Safari/537.36', '/bitrix/tools/autosave.php?bxsender=core_autosave', NULL, 1, NULL, '<h5>Проведена адаптация системы 1С:ТОИР 2 КОРП под бизнес-процессы</h5>\n<p>\n	 Созданы 12 новых печатных форм и 12 специализированных KPI. Выполнена интеграция в ИТ-инфраструктуру предприятия посредством обмена данными.\n</p>\n<p>\n <br>\n</p>\n <iframe class=\"mb-5\" width=\"100%\" height=\"320\" src=\"https://www.youtube.com/embed/W9nZ6u15yis\" title=\"Black Screen 10 seconds\" frameborder=\"0\" allow=\"accelerometer; autoplay; clipboard-write; encrypted-media; gyroscope; picture-in-picture\" allowfullscreen></iframe><br>\nОперации по товарному учёту — пересчёт остатков, приёмка и отгрузка — выполнялись вручную, без использования терминалов сбора данных. Точность учёта полностью зависела от внимательности сотрудников, что периодически приводило к ошибкам в данных по остаткам на складе. В будущем планировалось организовать систему адресного хранения.'),
(195, '2022-12-14 05:11:35', 'SECURITY', 'SECURITY_FILTER_XSS', 'security', '$_POST[\'form_data\'][\'PROP_128__75_128__VALUE__TEXT_\']', '127.0.0.1', 'Mozilla/5.0 (Windows NT 10.0; Win64; x64) AppleWebKit/537.36 (KHTML, like Gecko) Chrome/106.0.0.0 YaBrowser/22.11.2.807 Yowser/2.5 Safari/537.36', '/bitrix/tools/autosave.php?bxsender=core_autosave', NULL, 1, NULL, '<h5>Проведена адаптация системы 1С:ТОИР 2 КОРП под бизнес-процессы</h5>\n<p>\n	 Созданы 12 новых печатных форм и 12 специализированных KPI. Выполнена интеграция в ИТ-инфраструктуру предприятия посредством обмена данными.\n</p>\n<p>\n <br>\n</p>\n <iframe class=\"mb-5\" width=\"100%\" height=\"320\" src=\"https://www.youtube.com/embed/W9nZ6u15yis\" title=\"Black Screen 10 seconds\" frameborder=\"0\" allow=\"accelerometer; autoplay; clipboard-write; encrypted-media; gyroscope; picture-in-picture\" allowfullscreen></iframe><br>\nОперации по товарному учёту — пересчёт остатков, приёмка и отгрузка — выполнялись вручную, без использования терминалов сбора данных. Точность учёта полностью зависела от внимательности сотрудников, что периодически приводило к ошибкам в данных по остаткам на складе. В будущем планировалось организовать систему адресного хранения.'),
(196, '2022-12-14 05:11:42', 'SECURITY', 'SECURITY_FILTER_XSS', 'security', '$_POST[\'form_data\'][\'PROP_128__75_128__VALUE__TEXT_\']', '127.0.0.1', 'Mozilla/5.0 (Windows NT 10.0; Win64; x64) AppleWebKit/537.36 (KHTML, like Gecko) Chrome/106.0.0.0 YaBrowser/22.11.2.807 Yowser/2.5 Safari/537.36', '/bitrix/tools/autosave.php?bxsender=core_autosave', NULL, 1, NULL, '<h5>Проведена адаптация системы 1С:ТОИР 2 КОРП под бизнес-процессы</h5>\n<p>\n	 Созданы 12 новых печатных форм и 12 специализированных KPI. Выполнена интеграция в ИТ-инфраструктуру предприятия посредством обмена данными.\n</p>\n<p>\n <br>\n</p>\n <iframe class=\"mb-5\" width=\"100%\" height=\"320\" src=\"https://www.youtube.com/embed/W9nZ6u15yis\" title=\"Black Screen 10 seconds\" frameborder=\"0\" allow=\"accelerometer; autoplay; clipboard-write; encrypted-media; gyroscope; picture-in-picture\" allowfullscreen></iframe><br>\nОперации по товарному учёту — пересчёт остатков, приёмка и отгрузка — выполнялись вручную, без использования терминалов сбора данных. Точность учёта полностью зависела от внимательности сотрудников, что периодически приводило к ошибкам в данных по остаткам на складе. В будущем планировалось организовать систему адресного хранения.'),
(197, '2022-12-14 05:11:53', 'SECURITY', 'SECURITY_FILTER_XSS', 'security', '$_POST[\'form_data\'][\'PROP_128__75_128__VALUE__TEXT_\']', '127.0.0.1', 'Mozilla/5.0 (Windows NT 10.0; Win64; x64) AppleWebKit/537.36 (KHTML, like Gecko) Chrome/106.0.0.0 YaBrowser/22.11.2.807 Yowser/2.5 Safari/537.36', '/bitrix/tools/autosave.php?bxsender=core_autosave', NULL, 1, NULL, '<h5>Проведена адаптация системы 1С:ТОИР 2 КОРП под бизнес-процессы</h5>\n<p>\n	 Созданы 12 новых печатных форм и 12 специализированных KPI. Выполнена интеграция в ИТ-инфраструктуру предприятия посредством обмена данными.\n</p>\n<p>\n <br>\n</p>\n <iframe class=\"mb-5\" width=\"100%\" height=\"320\" src=\"https://www.youtube.com/embed/W9nZ6u15yis\" title=\"Black Screen 10 seconds\" frameborder=\"0\" allow=\"accelerometer; autoplay; clipboard-write; encrypted-media; gyroscope; picture-in-picture\" allowfullscreen></iframe><br>\nОперации по товарному учёту — пересчёт остатков, приёмка и отгрузка — выполнялись вручную, без использования терминалов сбора данных. Точность учёта полностью зависела от внимательности сотрудников, что периодически приводило к ошибкам в данных по остаткам на складе. В будущем планировалось организовать систему адресного хранения.'),
(198, '2022-12-14 05:12:02', 'SECURITY', 'SECURITY_FILTER_XSS', 'security', '$_POST[\'form_data\'][\'PROP_128__75_128__VALUE__TEXT_\']', '127.0.0.1', 'Mozilla/5.0 (Windows NT 10.0; Win64; x64) AppleWebKit/537.36 (KHTML, like Gecko) Chrome/106.0.0.0 YaBrowser/22.11.2.807 Yowser/2.5 Safari/537.36', '/bitrix/tools/autosave.php?bxsender=core_autosave', NULL, 1, NULL, '<h5>Проведена адаптация системы 1С:ТОИР 2 КОРП под бизнес-процессы</h5>\n<p>\n	 Созданы 12 новых печатных форм и 12 специализированных KPI. Выполнена интеграция в ИТ-инфраструктуру предприятия посредством обмена данными.\n</p>\n<p>\n <br>\n</p>\n <iframe class=\"mb-5\" width=\"100%\" height=\"320\" src=\"https://www.youtube.com/embed/W9nZ6u15yis\" title=\"Black Screen 10 seconds\" frameborder=\"0\" allow=\"accelerometer; autoplay; clipboard-write; encrypted-media; gyroscope; picture-in-picture\" allowfullscreen></iframe><br>\nОперации по товарному учёту — пересчёт остатков, приёмка и отгрузка — выполнялись вручную, без использования терминалов сбора данных. Точность учёта полностью зависела от внимательности сотрудников, что периодически приводило к ошибкам в данных по остаткам на складе. В будущем планировалось организовать систему адресного хранения.'),
(199, '2022-12-14 05:12:18', 'SECURITY', 'SECURITY_FILTER_XSS', 'security', '$_POST[\'form_data\'][\'PROP_128__75_128__VALUE__TEXT_\']', '127.0.0.1', 'Mozilla/5.0 (Windows NT 10.0; Win64; x64) AppleWebKit/537.36 (KHTML, like Gecko) Chrome/106.0.0.0 YaBrowser/22.11.2.807 Yowser/2.5 Safari/537.36', '/bitrix/tools/autosave.php?bxsender=core_autosave', NULL, 1, NULL, '<h5>Проведена адаптация системы 1С:ТОИР 2 КОРП под бизнес-процессы</h5>\n<p>\n	 Созданы 12 новых печатных форм и 12 специализированных KPI. Выполнена интеграция в ИТ-инфраструктуру предприятия посредством обмена данными.\n</p>\n<p>\n <br>\n</p>\n <iframe class=\"mb-5\" width=\"100%\" height=\"320\" src=\"https://www.youtube.com/embed/W9nZ6u15yis\" title=\"Black Screen 10 seconds\" frameborder=\"0\" allow=\"accelerometer; autoplay; clipboard-write; encrypted-media; gyroscope; picture-in-picture\" allowfullscreen></iframe><br>\nОперации по товарному учёту — пересчёт остатков, приёмка и отгрузка — выполнялись вручную, без использования терминалов сбора данных. Точность учёта полностью зависела от внимательности сотрудников, что периодически приводило к ошибкам в данных по остаткам на складе. В будущем планировалось организовать систему адресного хранения.'),
(200, '2022-12-14 05:12:29', 'SECURITY', 'SECURITY_FILTER_XSS', 'security', '$_POST[\'form_data\'][\'PROP_128__75_128__VALUE__TEXT_\']', '127.0.0.1', 'Mozilla/5.0 (Windows NT 10.0; Win64; x64) AppleWebKit/537.36 (KHTML, like Gecko) Chrome/106.0.0.0 YaBrowser/22.11.2.807 Yowser/2.5 Safari/537.36', '/bitrix/tools/autosave.php?bxsender=core_autosave', NULL, 1, NULL, '<h5>Проведена адаптация системы 1С:ТОИР 2 КОРП под бизнес-процессы</h5>\n<p>\n	 Созданы 12 новых печатных форм и 12 специализированных KPI. Выполнена интеграция в ИТ-инфраструктуру предприятия посредством обмена данными.\n</p>\n<p>\n <br>\n</p>\n <iframe class=\"mb-5\" width=\"100%\" height=\"320\" src=\"https://www.youtube.com/embed/W9nZ6u15yis\" title=\"Black Screen 10 seconds\" frameborder=\"0\" allow=\"accelerometer; autoplay; clipboard-write; encrypted-media; gyroscope; picture-in-picture\" allowfullscreen></iframe><br>\nОперации по товарному учёту — пересчёт остатков, приёмка и отгрузка — выполнялись вручную, без использования терминалов сбора данных. Точность учёта полностью зависела от внимательности сотрудников, что периодически приводило к ошибкам в данных по остаткам на складе. В будущем планировалось организовать систему адресного хранения.'),
(201, '2022-12-14 05:12:35', 'SECURITY', 'SECURITY_FILTER_XSS', 'security', '$_POST[\'form_data\'][\'PROP_128__75_128__VALUE__TEXT_\']', '127.0.0.1', 'Mozilla/5.0 (Windows NT 10.0; Win64; x64) AppleWebKit/537.36 (KHTML, like Gecko) Chrome/106.0.0.0 YaBrowser/22.11.2.807 Yowser/2.5 Safari/537.36', '/bitrix/tools/autosave.php?bxsender=core_autosave', NULL, 1, NULL, '<h5>Проведена адаптация системы 1С:ТОИР 2 КОРП под бизнес-процессы</h5>\n<p>\n	 Созданы 12 новых печатных форм и 12 специализированных KPI. Выполнена интеграция в ИТ-инфраструктуру предприятия посредством обмена данными.\n</p>\n<p>\n <br>\n</p>\n <iframe class=\"mb-5\" width=\"100%\" height=\"320\" src=\"https://www.youtube.com/embed/W9nZ6u15yis\" title=\"Black Screen 10 seconds\" frameborder=\"0\" allow=\"accelerometer; autoplay; clipboard-write; encrypted-media; gyroscope; picture-in-picture\" allowfullscreen></iframe><br>\nОперации по товарному учёту — пересчёт остатков, приёмка и отгрузка — выполнялись вручную, без использования терминалов сбора данных. Точность учёта полностью зависела от внимательности сотрудников, что периодически приводило к ошибкам в данных по остаткам на складе. В будущем планировалось организовать систему адресного хранения.'),
(202, '2022-12-14 05:12:43', 'SECURITY', 'SECURITY_FILTER_XSS', 'security', '$_POST[\'form_data\'][\'PROP_128__75_128__VALUE__TEXT_\']', '127.0.0.1', 'Mozilla/5.0 (Windows NT 10.0; Win64; x64) AppleWebKit/537.36 (KHTML, like Gecko) Chrome/106.0.0.0 YaBrowser/22.11.2.807 Yowser/2.5 Safari/537.36', '/bitrix/tools/autosave.php?bxsender=core_autosave', NULL, 1, NULL, '<h5>Проведена адаптация системы 1С:ТОИР 2 КОРП под бизнес-процессы</h5>\n<p>\n	 Созданы 12 новых печатных форм и 12 специализированных KPI. Выполнена интеграция в ИТ-инфраструктуру предприятия посредством обмена данными.\n</p>\n<p>\n <br>\n</p>\n <iframe class=\"mb-5\" width=\"100%\" height=\"320\" src=\"https://www.youtube.com/embed/W9nZ6u15yis\" title=\"Black Screen 10 seconds\" frameborder=\"0\" allow=\"accelerometer; autoplay; clipboard-write; encrypted-media; gyroscope; picture-in-picture\" allowfullscreen></iframe><br>\nОперации по товарному учёту — пересчёт остатков, приёмка и отгрузка — выполнялись вручную, без использования терминалов сбора данных. Точность учёта полностью зависела от внимательности сотрудников, что периодически приводило к ошибкам в данных по остаткам на складе. В будущем планировалось организовать систему адресного хранения.'),
(203, '2022-12-14 05:12:49', 'SECURITY', 'SECURITY_FILTER_XSS', 'security', '$_POST[\'form_data\'][\'PROP_128__75_128__VALUE__TEXT_\']', '127.0.0.1', 'Mozilla/5.0 (Windows NT 10.0; Win64; x64) AppleWebKit/537.36 (KHTML, like Gecko) Chrome/106.0.0.0 YaBrowser/22.11.2.807 Yowser/2.5 Safari/537.36', '/bitrix/tools/autosave.php?bxsender=core_autosave', NULL, 1, NULL, '<h5>Проведена адаптация системы 1С:ТОИР 2 КОРП под бизнес-процессы</h5>\n<p>\n	 Созданы 12 новых печатных форм и 12 специализированных KPI. Выполнена интеграция в ИТ-инфраструктуру предприятия посредством обмена данными.\n</p>\n<p>\n <br>\n</p>\n <iframe class=\"mb-5\" width=\"100%\" height=\"320\" src=\"https://www.youtube.com/embed/W9nZ6u15yis\" title=\"Black Screen 10 seconds\" frameborder=\"0\" allow=\"accelerometer; autoplay; clipboard-write; encrypted-media; gyroscope; picture-in-picture\" allowfullscreen></iframe><br>\nОперации по товарному учёту — пересчёт остатков, приёмка и отгрузка — выполнялись вручную, без использования терминалов сбора данных. Точность учёта полностью зависела от внимательности сотрудников, что периодически приводило к ошибкам в данных по остаткам на складе. В будущем планировалось организовать систему адресного хранения.'),
(204, '2022-12-14 05:12:55', 'SECURITY', 'SECURITY_FILTER_XSS', 'security', '$_POST[\'form_data\'][\'PROP_128__75_128__VALUE__TEXT_\']', '127.0.0.1', 'Mozilla/5.0 (Windows NT 10.0; Win64; x64) AppleWebKit/537.36 (KHTML, like Gecko) Chrome/106.0.0.0 YaBrowser/22.11.2.807 Yowser/2.5 Safari/537.36', '/bitrix/tools/autosave.php?bxsender=core_autosave', NULL, 1, NULL, '<h5>Проведена адаптация системы 1С:ТОИР 2 КОРП под бизнес-процессы</h5>\n<p>\n	 Созданы 12 новых печатных форм и 12 специализированных KPI. Выполнена интеграция в ИТ-инфраструктуру предприятия посредством обмена данными.\n</p>\n<p>\n <br>\n</p>\n <iframe class=\"mb-5\" width=\"100%\" height=\"320\" src=\"https://www.youtube.com/embed/W9nZ6u15yis\" title=\"Black Screen 10 seconds\" frameborder=\"0\" allow=\"accelerometer; autoplay; clipboard-write; encrypted-media; gyroscope; picture-in-picture\" allowfullscreen></iframe><br>\nОперации по товарному учёту — пересчёт остатков, приёмка и отгрузка — выполнялись вручную, без использования терминалов сбора данных. Точность учёта полностью зависела от внимательности сотрудников, что периодически приводило к ошибкам в данных по остаткам на складе. В будущем планировалось организовать систему адресного хранения.'),
(205, '2022-12-14 05:13:18', 'SECURITY', 'SECURITY_FILTER_XSS', 'security', '$_POST[\'form_data\'][\'PROP_128__75_128__VALUE__TEXT_\']', '127.0.0.1', 'Mozilla/5.0 (Windows NT 10.0; Win64; x64) AppleWebKit/537.36 (KHTML, like Gecko) Chrome/106.0.0.0 YaBrowser/22.11.2.807 Yowser/2.5 Safari/537.36', '/bitrix/tools/autosave.php?bxsender=core_autosave', NULL, 1, NULL, '<h5>Проведена адаптация системы 1С:ТОИР 2 КОРП под бизнес-процессы</h5>\n<p>\n	 Созданы 12 новых печатных форм и 12 специализированных KPI. Выполнена интеграция в ИТ-инфраструктуру предприятия посредством обмена данными.\n</p>\n<p>\n <br>\n</p>\n <iframe class=\"mb-5\" width=\"100%\" height=\"320\" src=\"https://www.youtube.com/embed/W9nZ6u15yis\" title=\"Black Screen 10 seconds\" frameborder=\"0\" allow=\"accelerometer; autoplay; clipboard-write; encrypted-media; gyroscope; picture-in-picture\" allowfullscreen></iframe><br>\nОперации по товарному учёту — пересчёт остатков, приёмка и отгрузка — выполнялись вручную, без использования терминалов сбора данных. Точность учёта полностью зависела от внимательности сотрудников, что периодически приводило к ошибкам в данных по остаткам на складе. В будущем планировалось организовать систему адресного хранения.'),
(206, '2022-12-14 05:19:56', 'SECURITY', 'SECURITY_FILTER_XSS', 'security', '$_POST[\'PROP_128__75_128__VALUE__TEXT_\']', '127.0.0.1', 'Mozilla/5.0 (Windows NT 10.0; Win64; x64) AppleWebKit/537.36 (KHTML, like Gecko) Chrome/106.0.0.0 YaBrowser/22.11.2.807 Yowser/2.5 Safari/537.36', '/bitrix/admin/iblock_element_edit.php?IBLOCK_ID=21&type=products&lang=ru&find_section_section=0', NULL, 1, NULL, '<h5>Проведена адаптация системы 1С:ТОИР 2 КОРП под бизнес-процессы</h5>\r\n<p>\r\n	 Созданы 12 новых печатных форм и 12 специализированных KPI. Выполнена интеграция в ИТ-инфраструктуру предприятия посредством обмена данными.\r\n</p>\r\n<p>\r\n <br>\r\n</p>\r\n <iframe class=\"mb-5\" width=\"100%\" height=\"320\" src=\"https://www.youtube.com/embed/W9nZ6u15yis\" title=\"Black Screen 10 seconds\" frameborder=\"0\" allow=\"accelerometer; autoplay; clipboard-write; encrypted-media; gyroscope; picture-in-picture\" allowfullscreen></iframe><br>\r\nОперации по товарному учёту — пересчёт остатков, приёмка и отгрузка — выполнялись вручную, без использования терминалов сбора данных. Точность учёта полностью зависела от внимательности сотрудников, что периодически приводило к ошибкам в данных по остаткам на складе. В будущем планировалось организовать систему адресного хранения.'),
(207, '2022-12-14 07:03:44', 'SECURITY', 'USER_AUTHORIZE', 'main', '1', '127.0.0.1', 'Mozilla/5.0 (Windows NT 10.0; Win64; x64) AppleWebKit/537.36 (KHTML, like Gecko) Chrome/106.0.0.0 YaBrowser/22.11.2.807 Yowser/2.5 Safari/537.36', '/test2/75', 's1', 1, NULL, NULL),
(208, '2022-12-14 07:05:35', 'SECURITY', 'SECURITY_FILTER_XSS', 'security', '$_POST[\'form_data\'][\'PROP_128__75_128__VALUE__TEXT_\']', '127.0.0.1', 'Mozilla/5.0 (Windows NT 10.0; Win64; x64) AppleWebKit/537.36 (KHTML, like Gecko) Chrome/106.0.0.0 YaBrowser/22.11.2.807 Yowser/2.5 Safari/537.36', '/bitrix/tools/autosave.php?bxsender=core_autosave', NULL, 1, NULL, '<h5>Проведена адаптация системы 1С:ТОИР 2 КОРП под бизнес-процессы</h5>\n<p>\n	 Созданы 12 новых печатных форм и 12 специализированных KPI. Выполнена интеграция в ИТ-инфраструктуру предприятия посредством обмена данными.\n</p>\n<p>\n <br>\n</p>\n <iframe class=\"mb-5\" width=\"100%\" height=\"320\" src=\"https://www.youtube.com/embed/W9nZ6u15yis\" title=\"Black Screen 10 seconds\" frameborder=\"0\" allow=\"accelerometer; autoplay; clipboard-write; encrypted-media; gyroscope; picture-in-picture\" allowfullscreen></iframe><br>\nОперации по товарному учёту — пересчёт остатков, приёмка и отгрузка — выполнялись вручную, без использования терминалов сбора данных. Точность учёта полностью зависела от внимательности сотрудников, что периодически приводило к ошибкам в данных по остаткам на складе. В будущем планировалось организовать систему адресного хранения.'),
(209, '2022-12-14 07:05:55', 'SECURITY', 'SECURITY_FILTER_XSS', 'security', '$_POST[\'form_data\'][\'PROP_128__75_128__VALUE__TEXT_\']', '127.0.0.1', 'Mozilla/5.0 (Windows NT 10.0; Win64; x64) AppleWebKit/537.36 (KHTML, like Gecko) Chrome/106.0.0.0 YaBrowser/22.11.2.807 Yowser/2.5 Safari/537.36', '/bitrix/tools/autosave.php?bxsender=core_autosave', NULL, 1, NULL, '<h5>Проведена адаптация системы 1С:ТОИР 2 КОРП под бизнес-процессы</h5>\n<p>\n	 Созданы 12 новых печатных форм и 12 специализированных KPI. Выполнена интеграция в ИТ-инфраструктуру предприятия посредством обмена данными.\n</p>\n<p>\n <br>\n</p>\n <iframe class=\"mb-5\" width=\"100%\" height=\"320\" src=\"https://www.youtube.com/embed/W9nZ6u15yis\" title=\"Black Screen 10 seconds\" frameborder=\"0\" allow=\"accelerometer; autoplay; clipboard-write; encrypted-media; gyroscope; picture-in-picture\" allowfullscreen></iframe><br>\nОперации по товарному учёту — пересчёт остатков, приёмка и отгрузка — выполнялись вручную, без использования терминалов сбора данных. Точность учёта полностью зависела от внимательности сотрудников, что периодически приводило к ошибкам в данных по остаткам на складе. В будущем планировалось организовать систему адресного хранения.'),
(210, '2022-12-14 07:06:12', 'SECURITY', 'SECURITY_FILTER_XSS', 'security', '$_POST[\'form_data\'][\'PROP_128__75_128__VALUE__TEXT_\']', '127.0.0.1', 'Mozilla/5.0 (Windows NT 10.0; Win64; x64) AppleWebKit/537.36 (KHTML, like Gecko) Chrome/106.0.0.0 YaBrowser/22.11.2.807 Yowser/2.5 Safari/537.36', '/bitrix/tools/autosave.php?bxsender=core_autosave', NULL, 1, NULL, '<h5>Проведена адаптация системы 1С:ТОИР 2 КОРП под бизнес-процессы</h5>\n<p>\n	 Созданы 12 новых печатных форм и 12 специализированных KPI. Выполнена интеграция в ИТ-инфраструктуру предприятия посредством обмена данными.\n</p>\n<p>\n <br>\n</p>\n <iframe class=\"mb-5\" width=\"100%\" height=\"320\" src=\"https://www.youtube.com/embed/W9nZ6u15yis\" title=\"Black Screen 10 seconds\" frameborder=\"0\" allow=\"accelerometer; autoplay; clipboard-write; encrypted-media; gyroscope; picture-in-picture\" allowfullscreen></iframe><br>\nОперации по товарному учёту — пересчёт остатков, приёмка и отгрузка — выполнялись вручную, без использования терминалов сбора данных. Точность учёта полностью зависела от внимательности сотрудников, что периодически приводило к ошибкам в данных по остаткам на складе. В будущем планировалось организовать систему адресного хранения.'),
(211, '2022-12-14 07:06:27', 'SECURITY', 'SECURITY_FILTER_XSS', 'security', '$_POST[\'form_data\'][\'PROP_128__75_128__VALUE__TEXT_\']', '127.0.0.1', 'Mozilla/5.0 (Windows NT 10.0; Win64; x64) AppleWebKit/537.36 (KHTML, like Gecko) Chrome/106.0.0.0 YaBrowser/22.11.2.807 Yowser/2.5 Safari/537.36', '/bitrix/tools/autosave.php?bxsender=core_autosave', NULL, 1, NULL, '<h5>Проведена адаптация системы 1С:ТОИР 2 КОРП под бизнес-процессы</h5>\n<p>\n	 Созданы 12 новых печатных форм и 12 специализированных KPI. Выполнена интеграция в ИТ-инфраструктуру предприятия посредством обмена данными.\n</p>\n<p>\n <br>\n</p>\n <iframe class=\"mb-5\" width=\"100%\" height=\"320\" src=\"https://www.youtube.com/embed/W9nZ6u15yis\" title=\"Black Screen 10 seconds\" frameborder=\"0\" allow=\"accelerometer; autoplay; clipboard-write; encrypted-media; gyroscope; picture-in-picture\" allowfullscreen></iframe><br>\nОперации по товарному учёту — пересчёт остатков, приёмка и отгрузка — выполнялись вручную, без использования терминалов сбора данных. Точность учёта полностью зависела от внимательности сотрудников, что периодически приводило к ошибкам в данных по остаткам на складе. В будущем планировалось организовать систему адресного хранения.'),
(212, '2022-12-14 07:06:34', 'SECURITY', 'SECURITY_FILTER_XSS', 'security', '$_POST[\'form_data\'][\'PROP_128__75_128__VALUE__TEXT_\']', '127.0.0.1', 'Mozilla/5.0 (Windows NT 10.0; Win64; x64) AppleWebKit/537.36 (KHTML, like Gecko) Chrome/106.0.0.0 YaBrowser/22.11.2.807 Yowser/2.5 Safari/537.36', '/bitrix/tools/autosave.php?bxsender=core_autosave', NULL, 1, NULL, '<h5>Проведена адаптация системы 1С:ТОИР 2 КОРП под бизнес-процессы</h5>\n<p>\n	 Созданы 12 новых печатных форм и 12 специализированных KPI. Выполнена интеграция в ИТ-инфраструктуру предприятия посредством обмена данными.\n</p>\n<p>\n <br>\n</p>\n <iframe class=\"mb-5\" width=\"100%\" height=\"320\" src=\"https://www.youtube.com/embed/W9nZ6u15yis\" title=\"Black Screen 10 seconds\" frameborder=\"0\" allow=\"accelerometer; autoplay; clipboard-write; encrypted-media; gyroscope; picture-in-picture\" allowfullscreen></iframe><br>\nОперации по товарному учёту — пересчёт остатков, приёмка и отгрузка — выполнялись вручную, без использования терминалов сбора данных. Точность учёта полностью зависела от внимательности сотрудников, что периодически приводило к ошибкам в данных по остаткам на складе. В будущем планировалось организовать систему адресного хранения.'),
(213, '2022-12-14 07:55:03', 'SECURITY', 'USER_AUTHORIZE', 'main', '1', '127.0.0.1', 'Mozilla/5.0 (Windows NT 10.0; Win64; x64) AppleWebKit/537.36 (KHTML, like Gecko) Chrome/106.0.0.0 YaBrowser/22.11.2.807 Yowser/2.5 Safari/537.36', '/bitrix/tools/public_session.php?k=93161aafac98473818992ad61bc66149.97f9023ce694464f9732eb8cbd99d4b17faaca83f83b8dbbfa2ccd155ee525ca', 's1', 1, NULL, NULL),
(214, '2022-12-14 09:04:07', 'SECURITY', 'USER_AUTHORIZE', 'main', '1', '127.0.0.1', 'Mozilla/5.0 (Windows NT 10.0; Win64; x64) AppleWebKit/537.36 (KHTML, like Gecko) Chrome/106.0.0.0 YaBrowser/22.11.2.807 Yowser/2.5 Safari/537.36', '/', 's1', 1, NULL, NULL);
INSERT INTO `b_event_log` (`ID`, `TIMESTAMP_X`, `SEVERITY`, `AUDIT_TYPE_ID`, `MODULE_ID`, `ITEM_ID`, `REMOTE_ADDR`, `USER_AGENT`, `REQUEST_URI`, `SITE_ID`, `USER_ID`, `GUEST_ID`, `DESCRIPTION`) VALUES
(215, '2022-12-14 09:45:46', 'SECURITY', 'USER_AUTHORIZE', 'main', '1', '127.0.0.1', 'Mozilla/5.0 (Windows NT 10.0; Win64; x64) AppleWebKit/537.36 (KHTML, like Gecko) Chrome/106.0.0.0 YaBrowser/22.11.2.807 Yowser/2.5 Safari/537.36', '/cases/?clear_cache=Y', 's1', 1, NULL, NULL),
(216, '2022-12-14 12:51:22', 'SECURITY', 'USER_AUTHORIZE', 'main', '1', '127.0.0.1', 'Mozilla/5.0 (Windows NT 10.0; Win64; x64) AppleWebKit/537.36 (KHTML, like Gecko) Chrome/106.0.0.0 YaBrowser/22.11.2.807 Yowser/2.5 Safari/537.36', '/bitrix/admin/iblock_element_edit.php?IBLOCK_ID=21&type=products&ID=75&lang=ru&find_section_section=0&form_element_21_active_tab=edit1', NULL, 1, NULL, NULL),
(217, '2022-12-14 12:51:23', 'SECURITY', 'USER_AUTHORIZE', 'main', '1', '127.0.0.1', 'Mozilla/5.0 (Windows NT 10.0; Win64; x64) AppleWebKit/537.36 (KHTML, like Gecko) Chrome/106.0.0.0 YaBrowser/22.11.2.807 Yowser/2.5 Safari/537.36', '/bitrix/admin/iblock_edit.php?type=products&tabControl_active_tab=edit2&lang=ru&ID=21&admin=Y', NULL, 1, NULL, NULL),
(218, '2022-12-14 14:06:12', 'SECURITY', 'USER_AUTHORIZE', 'main', '1', '127.0.0.1', 'Mozilla/5.0 (Windows NT 10.0; Win64; x64) AppleWebKit/537.36 (KHTML, like Gecko) Chrome/106.0.0.0 YaBrowser/22.11.2.807 Yowser/2.5 Safari/537.36', '/bitrix/tools/public_session.php?k=5b883085bcd926e1005064991cb1bbd1.06051110a142693224e6b8a9bab3286aecfc0017ddecc0ce3b300ac671b6b5eb', 's1', 1, NULL, NULL),
(219, '2022-12-14 15:50:08', 'SECURITY', 'USER_AUTHORIZE', 'main', '1', '127.0.0.1', 'Mozilla/5.0 (Windows NT 10.0; Win64; x64) AppleWebKit/537.36 (KHTML, like Gecko) Chrome/106.0.0.0 YaBrowser/22.11.2.807 Yowser/2.5 Safari/537.36', '/showroom/', 's1', 1, NULL, NULL),
(220, '2022-12-14 15:50:09', 'SECURITY', 'USER_AUTHORIZE', 'main', '1', '127.0.0.1', 'Mozilla/5.0 (Windows NT 10.0; Win64; x64) AppleWebKit/537.36 (KHTML, like Gecko) Chrome/106.0.0.0 YaBrowser/22.11.2.807 Yowser/2.5 Safari/537.36', '/bitrix/admin/iblock_list_admin.php?IBLOCK_ID=13&type=products&lang=ru&find_section_section=0', NULL, 1, NULL, NULL),
(221, '2022-12-14 15:50:10', 'SECURITY', 'USER_AUTHORIZE', 'main', '1', '127.0.0.1', 'Mozilla/5.0 (Windows NT 10.0; Win64; x64) AppleWebKit/537.36 (KHTML, like Gecko) Chrome/106.0.0.0 YaBrowser/22.11.2.807 Yowser/2.5 Safari/537.36', '/bitrix/admin/iblock_element_edit.php?IBLOCK_ID=21&type=products&lang=ru&ID=75&find_section_section=0&WF=Y', NULL, 1, NULL, NULL),
(222, '2022-12-14 16:09:29', 'SECURITY', 'SECURITY_FILTER_XSS', 'security', '$_POST[\'form_data\'][\'PROP_128__75_128__VALUE__TEXT_\']', '127.0.0.1', 'Mozilla/5.0 (Windows NT 10.0; Win64; x64) AppleWebKit/537.36 (KHTML, like Gecko) Chrome/106.0.0.0 YaBrowser/22.11.2.807 Yowser/2.5 Safari/537.36', '/bitrix/tools/autosave.php?bxsender=core_autosave', NULL, 1, NULL, '<h5>Проведена адаптация системы 1С:ТОИР 2 КОРП под бизнес-процессы</h5>\n<p>\n	 Созданы 12 новых печатных форм и 12 специализированных KPI. Выполнена интеграция в ИТ-инфраструктуру предприятия посредством обмена данными.\n</p>\n<p>\n <br>\n</p>\n <iframe class=\"mb-5\" width=\"100%\" height=\"320\" src=\"https://www.youtube.com/embed/W9nZ6u15yis\" title=\"Black Screen 10 seconds\" frameborder=\"0\" allow=\"accelerometer; autoplay; clipboard-write; encrypted-media; gyroscope; picture-in-picture\" allowfullscreen></iframe><br>\nОперации по товарному учёту — пересчёт остатков, приёмка и отгрузка — выполнялись вручную, без использования терминалов сбора данных. Точность учёта полностью зависела от внимательности сотрудников, что периодически приводило к ошибкам в данных по остаткам на складе. В будущем планировалось организовать систему адресного хранения.'),
(223, '2022-12-14 16:09:38', 'SECURITY', 'SECURITY_FILTER_XSS', 'security', '$_POST[\'form_data\'][\'PROP_128__75_128__VALUE__TEXT_\']', '127.0.0.1', 'Mozilla/5.0 (Windows NT 10.0; Win64; x64) AppleWebKit/537.36 (KHTML, like Gecko) Chrome/106.0.0.0 YaBrowser/22.11.2.807 Yowser/2.5 Safari/537.36', '/bitrix/tools/autosave.php?bxsender=core_autosave', NULL, 1, NULL, '<h5>Проведена адаптация системы 1С:ТОИР 2 КОРП под бизнес-процессы</h5>\n<p>\n	 Созданы 12 новых печатных форм и 12 специализированных KPI. Выполнена интеграция в ИТ-инфраструктуру предприятия посредством обмена данными.\n</p>\n<p>\n <br>\n</p>\n <iframe class=\"mb-5\" width=\"100%\" height=\"320\" src=\"https://www.youtube.com/embed/W9nZ6u15yis\" title=\"Black Screen 10 seconds\" frameborder=\"0\" allow=\"accelerometer; autoplay; clipboard-write; encrypted-media; gyroscope; picture-in-picture\" allowfullscreen></iframe><br>\nОперации по товарному учёту — пересчёт остатков, приёмка и отгрузка — выполнялись вручную, без использования терминалов сбора данных. Точность учёта полностью зависела от внимательности сотрудников, что периодически приводило к ошибкам в данных по остаткам на складе. В будущем планировалось организовать систему адресного хранения.'),
(224, '2022-12-14 16:10:56', 'SECURITY', 'SECURITY_FILTER_XSS', 'security', '$_POST[\'form_data\'][\'PROP_128__75_128__VALUE__TEXT_\']', '127.0.0.1', 'Mozilla/5.0 (Windows NT 10.0; Win64; x64) AppleWebKit/537.36 (KHTML, like Gecko) Chrome/106.0.0.0 YaBrowser/22.11.2.807 Yowser/2.5 Safari/537.36', '/bitrix/tools/autosave.php?bxsender=core_autosave', NULL, 1, NULL, '<h5>Проведена адаптация системы 1С:ТОИР 2 КОРП под бизнес-процессы</h5>\n<p>\n	 Созданы 12 новых печатных форм и 12 специализированных KPI. Выполнена интеграция в ИТ-инфраструктуру предприятия посредством обмена данными.\n</p>\n<p>\n <br>\n</p>\n <iframe class=\"mb-5\" width=\"100%\" height=\"320\" src=\"https://www.youtube.com/embed/W9nZ6u15yis\" title=\"Black Screen 10 seconds\" frameborder=\"0\" allow=\"accelerometer; autoplay; clipboard-write; encrypted-media; gyroscope; picture-in-picture\" allowfullscreen></iframe><br>\nОперации по товарному учёту — пересчёт остатков, приёмка и отгрузка — выполнялись вручную, без использования терминалов сбора данных. Точность учёта полностью зависела от внимательности сотрудников, что периодически приводило к ошибкам в данных по остаткам на складе. В будущем планировалось организовать систему адресного хранения.'),
(225, '2022-12-14 16:12:33', 'SECURITY', 'SECURITY_FILTER_XSS', 'security', '$_POST[\'form_data\'][\'PROP_128__75_128__VALUE__TEXT_\']', '127.0.0.1', 'Mozilla/5.0 (Windows NT 10.0; Win64; x64) AppleWebKit/537.36 (KHTML, like Gecko) Chrome/106.0.0.0 YaBrowser/22.11.2.807 Yowser/2.5 Safari/537.36', '/bitrix/tools/autosave.php?bxsender=core_autosave', NULL, 1, NULL, '<h5>Проведена адаптация системы 1С:ТОИР 2 КОРП под бизнес-процессы</h5>\n<p>\n	 Созданы 12 новых печатных форм и 12 специализированных KPI. Выполнена интеграция в ИТ-инфраструктуру предприятия посредством обмена данными.\n</p>\n<p>\n <br>\n</p>\n <iframe class=\"mb-5\" width=\"100%\" height=\"320\" src=\"https://www.youtube.com/embed/W9nZ6u15yis\" title=\"Black Screen 10 seconds\" frameborder=\"0\" allow=\"accelerometer; autoplay; clipboard-write; encrypted-media; gyroscope; picture-in-picture\" allowfullscreen></iframe><br>\nОперации по товарному учёту — пересчёт остатков, приёмка и отгрузка — выполнялись вручную, без использования терминалов сбора данных. Точность учёта полностью зависела от внимательности сотрудников, что периодически приводило к ошибкам в данных по остаткам на складе. В будущем планировалось организовать систему адресного хранения.'),
(226, '2022-12-14 16:12:43', 'SECURITY', 'SECURITY_FILTER_XSS', 'security', '$_POST[\'PROP_128__75_128__VALUE__TEXT_\']', '127.0.0.1', 'Mozilla/5.0 (Windows NT 10.0; Win64; x64) AppleWebKit/537.36 (KHTML, like Gecko) Chrome/106.0.0.0 YaBrowser/22.11.2.807 Yowser/2.5 Safari/537.36', '/bitrix/admin/iblock_element_edit.php?IBLOCK_ID=21&type=products&lang=ru&find_section_section=0', NULL, 1, NULL, '<h5>Проведена адаптация системы 1С:ТОИР 2 КОРП под бизнес-процессы</h5>\r\n<p>\r\n	 Созданы 12 новых печатных форм и 12 специализированных KPI. Выполнена интеграция в ИТ-инфраструктуру предприятия посредством обмена данными.\r\n</p>\r\n<p>\r\n <br>\r\n</p>\r\n <iframe class=\"mb-5\" width=\"100%\" height=\"320\" src=\"https://www.youtube.com/embed/W9nZ6u15yis\" title=\"Black Screen 10 seconds\" frameborder=\"0\" allow=\"accelerometer; autoplay; clipboard-write; encrypted-media; gyroscope; picture-in-picture\" allowfullscreen></iframe><br>\r\nОперации по товарному учёту — пересчёт остатков, приёмка и отгрузка — выполнялись вручную, без использования терминалов сбора данных. Точность учёта полностью зависела от внимательности сотрудников, что периодически приводило к ошибкам в данных по остаткам на складе. В будущем планировалось организовать систему адресного хранения.'),
(227, '2022-12-14 16:24:56', 'SECURITY', 'SECURITY_FILTER_XSS', 'security', '$_POST[\'form_data\'][\'PROP_128__75_128__VALUE__TEXT_\']', '127.0.0.1', 'Mozilla/5.0 (Windows NT 10.0; Win64; x64) AppleWebKit/537.36 (KHTML, like Gecko) Chrome/106.0.0.0 YaBrowser/22.11.2.807 Yowser/2.5 Safari/537.36', '/bitrix/tools/autosave.php?bxsender=core_autosave', NULL, 1, NULL, '<h5>Проведена адаптация системы 1С:ТОИР 2 КОРП под бизнес-процессы</h5>\n<p>\n	 Созданы 12 новых печатных форм и 12 специализированных KPI. Выполнена интеграция в ИТ-инфраструктуру предприятия посредством обмена данными.\n</p>\n<p>\n <br>\n</p>\n <iframe class=\"mb-5\" width=\"100%\" height=\"320\" src=\"https://www.youtube.com/embed/W9nZ6u15yis\" title=\"Black Screen 10 seconds\" frameborder=\"0\" allow=\"accelerometer; autoplay; clipboard-write; encrypted-media; gyroscope; picture-in-picture\" allowfullscreen></iframe><br>\nОперации по товарному учёту — пересчёт остатков, приёмка и отгрузка — выполнялись вручную, без использования терминалов сбора данных. Точность учёта полностью зависела от внимательности сотрудников, что периодически приводило к ошибкам в данных по остаткам на складе. В будущем планировалось организовать систему адресного хранения.'),
(228, '2022-12-14 16:25:11', 'SECURITY', 'SECURITY_FILTER_XSS', 'security', '$_POST[\'PROP_128__75_128__VALUE__TEXT_\']', '127.0.0.1', 'Mozilla/5.0 (Windows NT 10.0; Win64; x64) AppleWebKit/537.36 (KHTML, like Gecko) Chrome/106.0.0.0 YaBrowser/22.11.2.807 Yowser/2.5 Safari/537.36', '/bitrix/admin/iblock_element_edit.php?IBLOCK_ID=21&type=products&lang=ru&find_section_section=0', NULL, 1, NULL, '<h5>Проведена адаптация системы 1С:ТОИР 2 КОРП под бизнес-процессы</h5>\r\n<p>\r\n	 Созданы 12 новых печатных форм и 12 специализированных KPI. Выполнена интеграция в ИТ-инфраструктуру предприятия посредством обмена данными.\r\n</p>\r\n<p>\r\n <br>\r\n</p>\r\n <iframe class=\"mb-5\" width=\"100%\" height=\"320\" src=\"https://www.youtube.com/embed/W9nZ6u15yis\" title=\"Black Screen 10 seconds\" frameborder=\"0\" allow=\"accelerometer; autoplay; clipboard-write; encrypted-media; gyroscope; picture-in-picture\" allowfullscreen></iframe><br>\r\nОперации по товарному учёту — пересчёт остатков, приёмка и отгрузка — выполнялись вручную, без использования терминалов сбора данных. Точность учёта полностью зависела от внимательности сотрудников, что периодически приводило к ошибкам в данных по остаткам на складе. В будущем планировалось организовать систему адресного хранения.'),
(229, '2022-12-14 16:41:08', 'UNKNOWN', 'MENU_EDIT', 'main', 'UNKNOWN', '127.0.0.1', 'Mozilla/5.0 (Windows NT 10.0; Win64; x64) AppleWebKit/537.36 (KHTML, like Gecko) Chrome/106.0.0.0 YaBrowser/22.11.2.807 Yowser/2.5 Safari/537.36', '/bitrix/admin/public_menu_edit.php?bxsender=core_window_cdialog&lang=ru&site=s1&back_url=%2Fcase%2F75%3Fbitrix_include_areas%3DY%26clear_cache%3DY%26eid%3D75%253Fclear_cache%253DY&path=%2F&name=top&siteTemplateId=verter', NULL, 1, NULL, 'a:2:{s:9:\"menu_name\";s:23:\"Главное меню\";s:4:\"path\";s:0:\"\";}'),
(230, '2022-12-14 16:50:11', 'UNKNOWN', 'MENU_EDIT', 'main', 'UNKNOWN', '127.0.0.1', 'Mozilla/5.0 (Windows NT 10.0; Win64; x64) AppleWebKit/537.36 (KHTML, like Gecko) Chrome/106.0.0.0 YaBrowser/22.11.2.807 Yowser/2.5 Safari/537.36', '/bitrix/admin/public_menu_edit.php?bxsender=core_window_cdialog&lang=ru&site=s1&back_url=%2F%3Fbitrix_include_areas%3DY&path=%2F&name=top&siteTemplateId=verter', NULL, 1, NULL, 'a:2:{s:9:\"menu_name\";s:23:\"Главное меню\";s:4:\"path\";s:0:\"\";}'),
(231, '2022-12-14 16:53:41', 'UNKNOWN', 'MENU_EDIT', 'main', 'UNKNOWN', '127.0.0.1', 'Mozilla/5.0 (Windows NT 10.0; Win64; x64) AppleWebKit/537.36 (KHTML, like Gecko) Chrome/106.0.0.0 YaBrowser/22.11.2.807 Yowser/2.5 Safari/537.36', '/bitrix/admin/public_menu_edit.php?bxsender=core_window_cdialog&lang=ru&site=s1&back_url=%2F%3Fbitrix_include_areas%3DY&path=%2F&name=top&siteTemplateId=verter', NULL, 1, NULL, 'a:2:{s:9:\"menu_name\";s:23:\"Главное меню\";s:4:\"path\";s:0:\"\";}');

-- --------------------------------------------------------

--
-- Структура таблицы `b_event_message`
--

CREATE TABLE `b_event_message` (
  `ID` int(11) NOT NULL,
  `TIMESTAMP_X` timestamp NULL DEFAULT NULL,
  `EVENT_NAME` varchar(255) COLLATE utf8_unicode_ci NOT NULL,
  `LID` char(2) COLLATE utf8_unicode_ci DEFAULT NULL,
  `ACTIVE` char(1) COLLATE utf8_unicode_ci NOT NULL DEFAULT 'Y',
  `EMAIL_FROM` varchar(255) COLLATE utf8_unicode_ci NOT NULL DEFAULT '#EMAIL_FROM#',
  `EMAIL_TO` varchar(255) COLLATE utf8_unicode_ci NOT NULL DEFAULT '#EMAIL_TO#',
  `SUBJECT` varchar(255) COLLATE utf8_unicode_ci DEFAULT NULL,
  `MESSAGE` longtext COLLATE utf8_unicode_ci,
  `MESSAGE_PHP` longtext COLLATE utf8_unicode_ci,
  `BODY_TYPE` varchar(4) COLLATE utf8_unicode_ci NOT NULL DEFAULT 'text',
  `BCC` text COLLATE utf8_unicode_ci,
  `REPLY_TO` varchar(255) COLLATE utf8_unicode_ci DEFAULT NULL,
  `CC` varchar(255) COLLATE utf8_unicode_ci DEFAULT NULL,
  `IN_REPLY_TO` varchar(255) COLLATE utf8_unicode_ci DEFAULT NULL,
  `PRIORITY` varchar(50) COLLATE utf8_unicode_ci DEFAULT NULL,
  `FIELD1_NAME` varchar(50) COLLATE utf8_unicode_ci DEFAULT NULL,
  `FIELD1_VALUE` varchar(255) COLLATE utf8_unicode_ci DEFAULT NULL,
  `FIELD2_NAME` varchar(50) COLLATE utf8_unicode_ci DEFAULT NULL,
  `FIELD2_VALUE` varchar(255) COLLATE utf8_unicode_ci DEFAULT NULL,
  `SITE_TEMPLATE_ID` varchar(255) COLLATE utf8_unicode_ci DEFAULT NULL,
  `ADDITIONAL_FIELD` text COLLATE utf8_unicode_ci,
  `LANGUAGE_ID` char(2) COLLATE utf8_unicode_ci DEFAULT NULL
) ENGINE=InnoDB DEFAULT CHARSET=utf8 COLLATE=utf8_unicode_ci;

--
-- Дамп данных таблицы `b_event_message`
--

INSERT INTO `b_event_message` (`ID`, `TIMESTAMP_X`, `EVENT_NAME`, `LID`, `ACTIVE`, `EMAIL_FROM`, `EMAIL_TO`, `SUBJECT`, `MESSAGE`, `MESSAGE_PHP`, `BODY_TYPE`, `BCC`, `REPLY_TO`, `CC`, `IN_REPLY_TO`, `PRIORITY`, `FIELD1_NAME`, `FIELD1_VALUE`, `FIELD2_NAME`, `FIELD2_VALUE`, `SITE_TEMPLATE_ID`, `ADDITIONAL_FIELD`, `LANGUAGE_ID`) VALUES
(1, '2022-11-19 08:41:03', 'NEW_USER', 's1', 'Y', '#DEFAULT_EMAIL_FROM#', '#DEFAULT_EMAIL_FROM#', '#SITE_NAME#: Зарегистрировался новый пользователь', 'Информационное сообщение сайта #SITE_NAME#\n------------------------------------------\n\nНа сайте #SERVER_NAME# успешно зарегистрирован новый пользователь.\n\nДанные пользователя:\nID пользователя: #USER_ID#\n\nИмя: #NAME#\nФамилия: #LAST_NAME#\nE-Mail: #EMAIL#\n\nLogin: #LOGIN#\n\nПисьмо сгенерировано автоматически.', 'Информационное сообщение сайта <?=$arParams[\"SITE_NAME\"];?>\n\n------------------------------------------\n\nНа сайте <?=$arParams[\"SERVER_NAME\"];?> успешно зарегистрирован новый пользователь.\n\nДанные пользователя:\nID пользователя: <?=$arParams[\"USER_ID\"];?>\n\n\nИмя: <?=$arParams[\"NAME\"];?>\n\nФамилия: <?=$arParams[\"LAST_NAME\"];?>\n\nE-Mail: <?=$arParams[\"EMAIL\"];?>\n\n\nLogin: <?=$arParams[\"LOGIN\"];?>\n\n\nПисьмо сгенерировано автоматически.', 'text', NULL, NULL, NULL, NULL, NULL, NULL, NULL, NULL, NULL, NULL, NULL, 'ru'),
(2, '2022-11-19 08:41:03', 'USER_INFO', 's1', 'Y', '#DEFAULT_EMAIL_FROM#', '#EMAIL#', '#SITE_NAME#: Регистрационная информация', 'Информационное сообщение сайта #SITE_NAME#\n------------------------------------------\n#NAME# #LAST_NAME#,\n\n#MESSAGE#\n\nВаша регистрационная информация:\n\nID пользователя: #USER_ID#\nСтатус профиля: #STATUS#\nLogin: #LOGIN#\n\nВы можете изменить пароль, перейдя по следующей ссылке:\nhttp://#SERVER_NAME#/auth/index.php?change_password=yes&lang=ru&USER_CHECKWORD=#CHECKWORD#&USER_LOGIN=#URL_LOGIN#\n\nСообщение сгенерировано автоматически.', 'Информационное сообщение сайта <?=$arParams[\"SITE_NAME\"];?>\n\n------------------------------------------\n<?=$arParams[\"NAME\"];?> <?=$arParams[\"LAST_NAME\"];?>,\n\n<?=$arParams[\"MESSAGE\"];?>\n\n\nВаша регистрационная информация:\n\nID пользователя: <?=$arParams[\"USER_ID\"];?>\n\nСтатус профиля: <?=$arParams[\"STATUS\"];?>\n\nLogin: <?=$arParams[\"LOGIN\"];?>\n\n\nВы можете изменить пароль, перейдя по следующей ссылке:\nhttp://<?=$arParams[\"SERVER_NAME\"];?>/auth/index.php?change_password=yes&lang=ru&USER_CHECKWORD=<?=$arParams[\"CHECKWORD\"];?>&USER_LOGIN=<?=$arParams[\"URL_LOGIN\"];?>\n\n\nСообщение сгенерировано автоматически.', 'text', NULL, NULL, NULL, NULL, NULL, NULL, NULL, NULL, NULL, NULL, NULL, 'ru'),
(3, '2022-11-19 08:41:03', 'USER_PASS_REQUEST', 's1', 'Y', '#DEFAULT_EMAIL_FROM#', '#EMAIL#', '#SITE_NAME#: Запрос на смену пароля', 'Информационное сообщение сайта #SITE_NAME#\n------------------------------------------\n#NAME# #LAST_NAME#,\n\n#MESSAGE#\n\nДля смены пароля перейдите по следующей ссылке:\nhttp://#SERVER_NAME#/auth/index.php?change_password=yes&lang=ru&USER_CHECKWORD=#CHECKWORD#&USER_LOGIN=#URL_LOGIN#\n\nВаша регистрационная информация:\n\nID пользователя: #USER_ID#\nСтатус профиля: #STATUS#\nLogin: #LOGIN#\n\nСообщение сгенерировано автоматически.', 'Информационное сообщение сайта <?=$arParams[\"SITE_NAME\"];?>\n\n------------------------------------------\n<?=$arParams[\"NAME\"];?> <?=$arParams[\"LAST_NAME\"];?>,\n\n<?=$arParams[\"MESSAGE\"];?>\n\n\nДля смены пароля перейдите по следующей ссылке:\nhttp://<?=$arParams[\"SERVER_NAME\"];?>/auth/index.php?change_password=yes&lang=ru&USER_CHECKWORD=<?=$arParams[\"CHECKWORD\"];?>&USER_LOGIN=<?=$arParams[\"URL_LOGIN\"];?>\n\n\nВаша регистрационная информация:\n\nID пользователя: <?=$arParams[\"USER_ID\"];?>\n\nСтатус профиля: <?=$arParams[\"STATUS\"];?>\n\nLogin: <?=$arParams[\"LOGIN\"];?>\n\n\nСообщение сгенерировано автоматически.', 'text', NULL, NULL, NULL, NULL, NULL, NULL, NULL, NULL, NULL, NULL, NULL, 'ru'),
(4, '2022-11-19 08:41:03', 'USER_PASS_CHANGED', 's1', 'Y', '#DEFAULT_EMAIL_FROM#', '#EMAIL#', '#SITE_NAME#: Подтверждение смены пароля', 'Информационное сообщение сайта #SITE_NAME#\n------------------------------------------\n#NAME# #LAST_NAME#,\n\n#MESSAGE#\n\nВаша регистрационная информация:\n\nID пользователя: #USER_ID#\nСтатус профиля: #STATUS#\nLogin: #LOGIN#\n\nСообщение сгенерировано автоматически.', 'Информационное сообщение сайта <?=$arParams[\"SITE_NAME\"];?>\n\n------------------------------------------\n<?=$arParams[\"NAME\"];?> <?=$arParams[\"LAST_NAME\"];?>,\n\n<?=$arParams[\"MESSAGE\"];?>\n\n\nВаша регистрационная информация:\n\nID пользователя: <?=$arParams[\"USER_ID\"];?>\n\nСтатус профиля: <?=$arParams[\"STATUS\"];?>\n\nLogin: <?=$arParams[\"LOGIN\"];?>\n\n\nСообщение сгенерировано автоматически.', 'text', NULL, NULL, NULL, NULL, NULL, NULL, NULL, NULL, NULL, NULL, NULL, 'ru'),
(5, '2022-11-19 08:41:03', 'NEW_USER_CONFIRM', 's1', 'Y', '#DEFAULT_EMAIL_FROM#', '#EMAIL#', '#SITE_NAME#: Подтверждение регистрации нового пользователя', 'Информационное сообщение сайта #SITE_NAME#\n------------------------------------------\n\nЗдравствуйте,\n\nВы получили это сообщение, так как ваш адрес был использован при регистрации нового пользователя на сервере #SERVER_NAME#.\n\nВаш код для подтверждения регистрации: #CONFIRM_CODE#\n\nДля подтверждения регистрации перейдите по следующей ссылке:\nhttp://#SERVER_NAME#/auth/index.php?confirm_registration=yes&confirm_user_id=#USER_ID#&confirm_code=#CONFIRM_CODE#\n\nВы также можете ввести код для подтверждения регистрации на странице:\nhttp://#SERVER_NAME#/auth/index.php?confirm_registration=yes&confirm_user_id=#USER_ID#\n\nВнимание! Ваш профиль не будет активным, пока вы не подтвердите свою регистрацию.\n\n---------------------------------------------------------------------\n\nСообщение сгенерировано автоматически.', 'Информационное сообщение сайта <?=$arParams[\"SITE_NAME\"];?>\n\n------------------------------------------\n\nЗдравствуйте,\n\nВы получили это сообщение, так как ваш адрес был использован при регистрации нового пользователя на сервере <?=$arParams[\"SERVER_NAME\"];?>.\n\nВаш код для подтверждения регистрации: <?=$arParams[\"CONFIRM_CODE\"];?>\n\n\nДля подтверждения регистрации перейдите по следующей ссылке:\nhttp://<?=$arParams[\"SERVER_NAME\"];?>/auth/index.php?confirm_registration=yes&confirm_user_id=<?=$arParams[\"USER_ID\"];?>&confirm_code=<?=$arParams[\"CONFIRM_CODE\"];?>\n\n\nВы также можете ввести код для подтверждения регистрации на странице:\nhttp://<?=$arParams[\"SERVER_NAME\"];?>/auth/index.php?confirm_registration=yes&confirm_user_id=<?=$arParams[\"USER_ID\"];?>\n\n\nВнимание! Ваш профиль не будет активным, пока вы не подтвердите свою регистрацию.\n\n---------------------------------------------------------------------\n\nСообщение сгенерировано автоматически.', 'text', NULL, NULL, NULL, NULL, NULL, NULL, NULL, NULL, NULL, NULL, NULL, 'ru'),
(6, '2022-11-19 08:41:03', 'USER_INVITE', 's1', 'Y', '#DEFAULT_EMAIL_FROM#', '#EMAIL#', '#SITE_NAME#: Приглашение на сайт', 'Информационное сообщение сайта #SITE_NAME#\n------------------------------------------\nЗдравствуйте, #NAME# #LAST_NAME#!\n\nАдминистратором сайта вы добавлены в число зарегистрированных пользователей.\n\nПриглашаем Вас на наш сайт.\n\nВаша регистрационная информация:\n\nID пользователя: #ID#\nLogin: #LOGIN#\n\nРекомендуем вам сменить установленный автоматически пароль.\n\nДля смены пароля перейдите по следующей ссылке:\nhttp://#SERVER_NAME#/auth.php?change_password=yes&USER_LOGIN=#URL_LOGIN#&USER_CHECKWORD=#CHECKWORD#\n', 'Информационное сообщение сайта <?=$arParams[\"SITE_NAME\"];?>\n\n------------------------------------------\nЗдравствуйте, <?=$arParams[\"NAME\"];?> <?=$arParams[\"LAST_NAME\"];?>!\n\nАдминистратором сайта вы добавлены в число зарегистрированных пользователей.\n\nПриглашаем Вас на наш сайт.\n\nВаша регистрационная информация:\n\nID пользователя: <?=$arParams[\"ID\"];?>\n\nLogin: <?=$arParams[\"LOGIN\"];?>\n\n\nРекомендуем вам сменить установленный автоматически пароль.\n\nДля смены пароля перейдите по следующей ссылке:\nhttp://<?=$arParams[\"SERVER_NAME\"];?>/auth.php?change_password=yes&USER_LOGIN=<?=$arParams[\"URL_LOGIN\"];?>&USER_CHECKWORD=<?=$arParams[\"CHECKWORD\"];?>\n\n', 'text', NULL, NULL, NULL, NULL, NULL, NULL, NULL, NULL, NULL, NULL, NULL, 'ru'),
(7, '2022-11-19 08:41:03', 'FEEDBACK_FORM', 's1', 'Y', '#DEFAULT_EMAIL_FROM#', '#EMAIL_TO#', '#SITE_NAME#: Сообщение из формы обратной связи', 'Вам было отправлено сообщение через форму обратной связи\r\n------------------------------------------\r\n\r\nИмя: #AUTHOR#\r\nE-mail: #AUTHOR_EMAIL#\r\nТелефон: #AUTHOR_PHONE#\r\n', 'Вам было отправлено сообщение через форму обратной связи\r\n------------------------------------------\r\n\r\nИмя: <?=$arParams[\"AUTHOR\"];?>\r\n\r\nE-mail: <?=$arParams[\"AUTHOR_EMAIL\"];?>\r\n\r\nТелефон: <?=$arParams[\"AUTHOR_PHONE\"];?>\r\n\r\n', 'text', '', '', '', '', '', '', '', '', '', '', 'a:0:{}', 'ru'),
(8, '2022-11-19 08:41:03', 'MAIN_MAIL_CONFIRM_CODE', 's1', 'Y', '#DEFAULT_EMAIL_FROM#', '#EMAIL_TO#', '#MESSAGE_SUBJECT#', '<? EventMessageThemeCompiler::includeComponent(\'bitrix:main.mail.confirm\', \'\', $arParams); ?>', '<? EventMessageThemeCompiler::includeComponent(\'bitrix:main.mail.confirm\', \'\', $arParams); ?>', 'html', NULL, NULL, NULL, NULL, NULL, NULL, NULL, NULL, NULL, 'mail_join', NULL, NULL),
(9, '2022-11-19 08:41:03', 'EVENT_LOG_NOTIFICATION', 's1', 'Y', '#DEFAULT_EMAIL_FROM#', '#EMAIL#', 'Оповещение журнала событий: #NAME#', 'Зафиксированы события в журнале, соответствующие параметрам оповещения:\n\nТип события: #AUDIT_TYPE_ID#\nОбъект: #ITEM_ID#\nПользователь: #USER_ID# \nIP-адрес: #REMOTE_ADDR#\nБраузер: #USER_AGENT#\nСтраница: #REQUEST_URI# \n\nКоличество записей: #EVENT_COUNT# \n\n#ADDITIONAL_TEXT#\n\nПерейти в журнал событий:\nhttp://#SERVER_NAME#/bitrix/admin/event_log.php?set_filter=Y&find_audit_type_id=#AUDIT_TYPE_ID#', 'Зафиксированы события в журнале, соответствующие параметрам оповещения:\n\nТип события: <?=$arParams[\"AUDIT_TYPE_ID\"];?>\n\nОбъект: <?=$arParams[\"ITEM_ID\"];?>\n\nПользователь: <?=$arParams[\"USER_ID\"];?> \nIP-адрес: <?=$arParams[\"REMOTE_ADDR\"];?>\n\nБраузер: <?=$arParams[\"USER_AGENT\"];?>\n\nСтраница: <?=$arParams[\"REQUEST_URI\"];?> \n\nКоличество записей: <?=$arParams[\"EVENT_COUNT\"];?> \n\n<?=$arParams[\"ADDITIONAL_TEXT\"];?>\n\n\nПерейти в журнал событий:\nhttp://<?=$arParams[\"SERVER_NAME\"];?>/bitrix/admin/event_log.php?set_filter=Y&find_audit_type_id=<?=$arParams[\"AUDIT_TYPE_ID\"];?>', 'text', NULL, NULL, NULL, NULL, NULL, NULL, NULL, NULL, NULL, NULL, NULL, 'ru'),
(10, '2022-11-19 08:41:03', 'USER_CODE_REQUEST', 's1', 'Y', '#DEFAULT_EMAIL_FROM#', '#EMAIL#', '#SITE_NAME#: Запрос кода авторизации', 'Используйте для авторизации код:\n\n#CHECKWORD#\n\nПосле авторизации вы сможете изменить свой пароль в редактировании профиля.\n\nВаша регистрационная информация:\n\nID пользователя: #USER_ID#\nСтатус профиля: #STATUS#\nЛогин: #LOGIN#\n\nСообщение создано автоматически.', 'Используйте для авторизации код:\n\n<?=$arParams[\"CHECKWORD\"];?>\n\n\nПосле авторизации вы сможете изменить свой пароль в редактировании профиля.\n\nВаша регистрационная информация:\n\nID пользователя: <?=$arParams[\"USER_ID\"];?>\n\nСтатус профиля: <?=$arParams[\"STATUS\"];?>\n\nЛогин: <?=$arParams[\"LOGIN\"];?>\n\n\nСообщение создано автоматически.', 'text', NULL, NULL, NULL, NULL, NULL, NULL, NULL, NULL, NULL, NULL, NULL, 'ru'),
(11, '2022-11-19 08:42:14', 'NEW_BLOG_MESSAGE', 's1', 'Y', '#EMAIL_FROM#', '#EMAIL_TO#', '#SITE_NAME#: [B] #BLOG_NAME# : #MESSAGE_TITLE#', 'Информационное сообщение сайта #SITE_NAME#\n------------------------------------------\n\nНовое сообщение в блоге \"#BLOG_NAME#\"\n\nТема:\n#MESSAGE_TITLE#\n\nАвтор: #AUTHOR#\nДата: #MESSAGE_DATE#\n\nТекст сообщения:\n#MESSAGE_TEXT#\n\nАдрес сообщения:\n#MESSAGE_PATH#\n\nСообщение сгенерировано автоматически.', 'Информационное сообщение сайта <?=$arParams[\"SITE_NAME\"];?>\n\n------------------------------------------\n\nНовое сообщение в блоге \"<?=$arParams[\"BLOG_NAME\"];?>\"\n\nТема:\n<?=$arParams[\"MESSAGE_TITLE\"];?>\n\n\nАвтор: <?=$arParams[\"AUTHOR\"];?>\n\nДата: <?=$arParams[\"MESSAGE_DATE\"];?>\n\n\nТекст сообщения:\n<?=$arParams[\"MESSAGE_TEXT\"];?>\n\n\nАдрес сообщения:\n<?=$arParams[\"MESSAGE_PATH\"];?>\n\n\nСообщение сгенерировано автоматически.', 'text', NULL, NULL, NULL, NULL, NULL, NULL, NULL, NULL, NULL, NULL, NULL, NULL),
(12, '2022-11-19 08:42:14', 'NEW_BLOG_COMMENT', 's1', 'Y', '#EMAIL_FROM#', '#EMAIL_TO#', '#SITE_NAME#: [B] #MESSAGE_TITLE# : #COMMENT_TITLE#', 'Информационное сообщение сайта #SITE_NAME#\n------------------------------------------\n\nНовый комментарий в блоге \"#BLOG_NAME#\" на сообщение \"#MESSAGE_TITLE#\"\n\nТема:\n#COMMENT_TITLE#\nАвтор: #AUTHOR#\nДата: #COMMENT_DATE#\n\nТекст сообщения:\n#COMMENT_TEXT#\n\nАдрес сообщения:\n#COMMENT_PATH#\n\nСообщение сгенерировано автоматически.', 'Информационное сообщение сайта <?=$arParams[\"SITE_NAME\"];?>\n\n------------------------------------------\n\nНовый комментарий в блоге \"<?=$arParams[\"BLOG_NAME\"];?>\" на сообщение \"<?=$arParams[\"MESSAGE_TITLE\"];?>\"\n\nТема:\n<?=$arParams[\"COMMENT_TITLE\"];?>\n\nАвтор: <?=$arParams[\"AUTHOR\"];?>\n\nДата: <?=$arParams[\"COMMENT_DATE\"];?>\n\n\nТекст сообщения:\n<?=$arParams[\"COMMENT_TEXT\"];?>\n\n\nАдрес сообщения:\n<?=$arParams[\"COMMENT_PATH\"];?>\n\n\nСообщение сгенерировано автоматически.', 'text', NULL, NULL, NULL, NULL, NULL, NULL, NULL, NULL, NULL, NULL, NULL, NULL),
(13, '2022-11-19 08:42:14', 'NEW_BLOG_COMMENT2COMMENT', 's1', 'Y', '#EMAIL_FROM#', '#EMAIL_TO#', '#SITE_NAME#: [B] #MESSAGE_TITLE# : #COMMENT_TITLE#', 'Информационное сообщение сайта #SITE_NAME#\n------------------------------------------\n\nНовый комментарий на ваш комментарий в блоге \"#BLOG_NAME#\" на сообщение \"#MESSAGE_TITLE#\".\n\nТема:\n#COMMENT_TITLE#\nАвтор: #AUTHOR#\nДата: #COMMENT_DATE#\n\nТекст сообщения:\n#COMMENT_TEXT#\n\nАдрес сообщения:\n#COMMENT_PATH#\n\nСообщение сгенерировано автоматически.', 'Информационное сообщение сайта <?=$arParams[\"SITE_NAME\"];?>\n\n------------------------------------------\n\nНовый комментарий на ваш комментарий в блоге \"<?=$arParams[\"BLOG_NAME\"];?>\" на сообщение \"<?=$arParams[\"MESSAGE_TITLE\"];?>\".\n\nТема:\n<?=$arParams[\"COMMENT_TITLE\"];?>\n\nАвтор: <?=$arParams[\"AUTHOR\"];?>\n\nДата: <?=$arParams[\"COMMENT_DATE\"];?>\n\n\nТекст сообщения:\n<?=$arParams[\"COMMENT_TEXT\"];?>\n\n\nАдрес сообщения:\n<?=$arParams[\"COMMENT_PATH\"];?>\n\n\nСообщение сгенерировано автоматически.', 'text', NULL, NULL, NULL, NULL, NULL, NULL, NULL, NULL, NULL, NULL, NULL, NULL),
(14, '2022-11-19 08:42:14', 'NEW_BLOG_COMMENT_WITHOUT_TITLE', 's1', 'Y', '#EMAIL_FROM#', '#EMAIL_TO#', '#SITE_NAME#: [B] #MESSAGE_TITLE#', 'Информационное сообщение сайта #SITE_NAME#\n------------------------------------------\n\nНовый комментарий в блоге \"#BLOG_NAME#\" на сообщение \"#MESSAGE_TITLE#\"\n\nАвтор: #AUTHOR#\nДата: #COMMENT_DATE#\n\nТекст сообщения:\n#COMMENT_TEXT#\n\nАдрес сообщения:\n#COMMENT_PATH#\n\nСообщение сгенерировано автоматически.', 'Информационное сообщение сайта <?=$arParams[\"SITE_NAME\"];?>\n\n------------------------------------------\n\nНовый комментарий в блоге \"<?=$arParams[\"BLOG_NAME\"];?>\" на сообщение \"<?=$arParams[\"MESSAGE_TITLE\"];?>\"\n\nАвтор: <?=$arParams[\"AUTHOR\"];?>\n\nДата: <?=$arParams[\"COMMENT_DATE\"];?>\n\n\nТекст сообщения:\n<?=$arParams[\"COMMENT_TEXT\"];?>\n\n\nАдрес сообщения:\n<?=$arParams[\"COMMENT_PATH\"];?>\n\n\nСообщение сгенерировано автоматически.', 'text', NULL, NULL, NULL, NULL, NULL, NULL, NULL, NULL, NULL, NULL, NULL, NULL),
(15, '2022-11-19 08:42:14', 'NEW_BLOG_COMMENT2COMMENT_WITHOUT_TITLE', 's1', 'Y', '#EMAIL_FROM#', '#EMAIL_TO#', '#SITE_NAME#: [B] #MESSAGE_TITLE#', 'Информационное сообщение сайта #SITE_NAME#\n------------------------------------------\n\nНовый комментарий на ваш комментарий в блоге \"#BLOG_NAME#\" на сообщение \"#MESSAGE_TITLE#\".\n\nАвтор: #AUTHOR#\nДата: #COMMENT_DATE#\n\nТекст сообщения:\n#COMMENT_TEXT#\n\nАдрес сообщения:\n#COMMENT_PATH#\n\nСообщение сгенерировано автоматически.\n', 'Информационное сообщение сайта <?=$arParams[\"SITE_NAME\"];?>\n\n------------------------------------------\n\nНовый комментарий на ваш комментарий в блоге \"<?=$arParams[\"BLOG_NAME\"];?>\" на сообщение \"<?=$arParams[\"MESSAGE_TITLE\"];?>\".\n\nАвтор: <?=$arParams[\"AUTHOR\"];?>\n\nДата: <?=$arParams[\"COMMENT_DATE\"];?>\n\n\nТекст сообщения:\n<?=$arParams[\"COMMENT_TEXT\"];?>\n\n\nАдрес сообщения:\n<?=$arParams[\"COMMENT_PATH\"];?>\n\n\nСообщение сгенерировано автоматически.\n', 'text', NULL, NULL, NULL, NULL, NULL, NULL, NULL, NULL, NULL, NULL, NULL, NULL),
(16, '2022-11-19 08:42:14', 'BLOG_YOUR_BLOG_TO_USER', 's1', 'Y', '#EMAIL_FROM#', '#EMAIL_TO#', '#SITE_NAME#: [B] Ваш блог \"#BLOG_NAME#\" был добавлен в друзья к #USER#', 'Информационное сообщение сайта #SITE_NAME#\n------------------------------------------\n\nВаш блог \"#BLOG_NAME#\" был добавлен в друзья к #USER#.\n\nПрофиль пользователя: #USER_URL#\n\nАдрес вашего блога: #BLOG_ADR#\n\nСообщение сгенерировано автоматически.\n', 'Информационное сообщение сайта <?=$arParams[\"SITE_NAME\"];?>\n\n------------------------------------------\n\nВаш блог \"<?=$arParams[\"BLOG_NAME\"];?>\" был добавлен в друзья к <?=$arParams[\"USER\"];?>.\n\nПрофиль пользователя: <?=$arParams[\"USER_URL\"];?>\n\n\nАдрес вашего блога: <?=$arParams[\"BLOG_ADR\"];?>\n\n\nСообщение сгенерировано автоматически.\n', 'text', NULL, NULL, NULL, NULL, NULL, NULL, NULL, NULL, NULL, NULL, NULL, NULL),
(17, '2022-11-19 08:42:14', 'BLOG_YOU_TO_BLOG', 's1', 'Y', '#EMAIL_FROM#', '#EMAIL_TO#', '#SITE_NAME#: [B] Вы были добавлены в друзья блога \"#BLOG_NAME#\"', 'Информационное сообщение сайта #SITE_NAME#\n------------------------------------------\n\nВы были добавлены в друзья блога \"#BLOG_NAME#\".\n\nАдрес блога: #BLOG_ADR#\n\nВаш профиль: #USER_URL#\n\nСообщение сгенерировано автоматически.\n', 'Информационное сообщение сайта <?=$arParams[\"SITE_NAME\"];?>\n\n------------------------------------------\n\nВы были добавлены в друзья блога \"<?=$arParams[\"BLOG_NAME\"];?>\".\n\nАдрес блога: <?=$arParams[\"BLOG_ADR\"];?>\n\n\nВаш профиль: <?=$arParams[\"USER_URL\"];?>\n\n\nСообщение сгенерировано автоматически.\n', 'text', NULL, NULL, NULL, NULL, NULL, NULL, NULL, NULL, NULL, NULL, NULL, NULL),
(18, '2022-11-19 08:42:14', 'BLOG_BLOG_TO_YOU', 's1', 'Y', '#EMAIL_FROM#', '#EMAIL_TO#', '#SITE_NAME#: [B] К вам в друзья был добавлен блог \"#BLOG_NAME#\"', 'Информационное сообщение сайта #SITE_NAME#\n------------------------------------------\n\nК вам в друзья был добавлен блог \"#BLOG_NAME#\".\n\nАдрес блога: #BLOG_ADR#\n\nВаш профиль: #USER_URL#\n\nСообщение сгенерировано автоматически.\n', 'Информационное сообщение сайта <?=$arParams[\"SITE_NAME\"];?>\n\n------------------------------------------\n\nК вам в друзья был добавлен блог \"<?=$arParams[\"BLOG_NAME\"];?>\".\n\nАдрес блога: <?=$arParams[\"BLOG_ADR\"];?>\n\n\nВаш профиль: <?=$arParams[\"USER_URL\"];?>\n\n\nСообщение сгенерировано автоматически.\n', 'text', NULL, NULL, NULL, NULL, NULL, NULL, NULL, NULL, NULL, NULL, NULL, NULL),
(19, '2022-11-19 08:42:14', 'BLOG_USER_TO_YOUR_BLOG', 's1', 'Y', '#EMAIL_FROM#', '#EMAIL_TO#', '#SITE_NAME#: [B] В ваш блог \"#BLOG_NAME#\" был добавлен друг #USER#', 'Информационное сообщение сайта #SITE_NAME#\n------------------------------------------\n\nВ ваш блог \"#BLOG_NAME#\" был добавлен друг #USER#.\n\nПрофиль пользователя: #USER_URL#\n\nАдрес вашего блога: #BLOG_ADR#\n\nСообщение сгенерировано автоматически.\n', 'Информационное сообщение сайта <?=$arParams[\"SITE_NAME\"];?>\n\n------------------------------------------\n\nВ ваш блог \"<?=$arParams[\"BLOG_NAME\"];?>\" был добавлен друг <?=$arParams[\"USER\"];?>.\n\nПрофиль пользователя: <?=$arParams[\"USER_URL\"];?>\n\n\nАдрес вашего блога: <?=$arParams[\"BLOG_ADR\"];?>\n\n\nСообщение сгенерировано автоматически.\n', 'text', NULL, NULL, NULL, NULL, NULL, NULL, NULL, NULL, NULL, NULL, NULL, NULL),
(20, '2022-11-19 08:42:14', 'BLOG_SONET_NEW_POST', 's1', 'Y', '#EMAIL_FROM#', '#EMAIL_TO#', '#POST_TITLE#', '<?EventMessageThemeCompiler::includeComponent(\"bitrix:socialnetwork.blog.post.mail\",\"\",Array(\"EMAIL_TO\" => \"{#EMAIL_TO#}\",\"RECIPIENT_ID\" => \"{#RECIPIENT_ID#}\",\"POST_ID\" => \"{#POST_ID#}\",\"URL\" => \"{#URL#}\"));?>', '<?EventMessageThemeCompiler::includeComponent(\"bitrix:socialnetwork.blog.post.mail\",\"\",Array(\"EMAIL_TO\" => \"{$arParams[\'EMAIL_TO\']}\",\"RECIPIENT_ID\" => \"{$arParams[\'RECIPIENT_ID\']}\",\"POST_ID\" => \"{$arParams[\'POST_ID\']}\",\"URL\" => \"{$arParams[\'URL\']}\"));?>', 'html', NULL, NULL, NULL, NULL, NULL, NULL, NULL, NULL, NULL, 'mail_user', NULL, NULL),
(21, '2022-11-19 08:42:14', 'BLOG_SONET_NEW_COMMENT', 's1', 'Y', '#EMAIL_FROM#', '#EMAIL_TO#', 'Re: #POST_TITLE#', '<?EventMessageThemeCompiler::includeComponent(\"bitrix:socialnetwork.blog.post.comment.mail\",\"\",Array(\"COMMENT_ID\" => \"{#COMMENT_ID#}\",\"RECIPIENT_ID\" => \"{#RECIPIENT_ID#}\",\"EMAIL_TO\" => \"{#EMAIL_TO#}\",\"POST_ID\" => \"{#POST_ID#}\",\"URL\" => \"{#URL#}\"));?>', '<?EventMessageThemeCompiler::includeComponent(\"bitrix:socialnetwork.blog.post.comment.mail\",\"\",Array(\"COMMENT_ID\" => \"{$arParams[\'COMMENT_ID\']}\",\"RECIPIENT_ID\" => \"{$arParams[\'RECIPIENT_ID\']}\",\"EMAIL_TO\" => \"{$arParams[\'EMAIL_TO\']}\",\"POST_ID\" => \"{$arParams[\'POST_ID\']}\",\"URL\" => \"{$arParams[\'URL\']}\"));?>', 'html', NULL, NULL, NULL, NULL, NULL, NULL, NULL, NULL, NULL, 'mail_user', NULL, NULL),
(22, '2022-11-19 08:42:14', 'BLOG_SONET_POST_SHARE', 's1', 'Y', '#EMAIL_FROM#', '#EMAIL_TO#', '#POST_TITLE#', '<?EventMessageThemeCompiler::includeComponent(\"bitrix:socialnetwork.blog.post_share.mail\",\"\",Array(\"EMAIL_TO\" => \"{#EMAIL_TO#}\",\"RECIPIENT_ID\" => \"{#RECIPIENT_ID#}\",\"POST_ID\" => \"{#POST_ID#}\",\"URL\" => \"{#URL#}\"));?>', '<?EventMessageThemeCompiler::includeComponent(\"bitrix:socialnetwork.blog.post_share.mail\",\"\",Array(\"EMAIL_TO\" => \"{$arParams[\'EMAIL_TO\']}\",\"RECIPIENT_ID\" => \"{$arParams[\'RECIPIENT_ID\']}\",\"POST_ID\" => \"{$arParams[\'POST_ID\']}\",\"URL\" => \"{$arParams[\'URL\']}\"));?>', 'html', NULL, NULL, NULL, NULL, NULL, NULL, NULL, NULL, NULL, 'mail_user', NULL, NULL),
(23, '2022-11-19 08:42:14', 'BLOG_POST_BROADCAST', 's1', 'Y', '#DEFAULT_EMAIL_FROM#', '#EMAIL_TO#', '#SITE_NAME#: #MESSAGE_TITLE#', 'Информационное сообщение сайта #SITE_NAME#\n------------------------------------------\n\nНа сайте добавлено новое сообщение.\n\nТема:\n#MESSAGE_TITLE#\n\nАвтор: #AUTHOR#\n\nТекст сообщения:\n#MESSAGE_TEXT#\n\nАдрес сообщения:\n#MESSAGE_PATH#\n\nСообщение сгенерировано автоматически.', 'Информационное сообщение сайта <?=$arParams[\"SITE_NAME\"];?>\n\n------------------------------------------\n\nНа сайте добавлено новое сообщение.\n\nТема:\n<?=$arParams[\"MESSAGE_TITLE\"];?>\n\n\nАвтор: <?=$arParams[\"AUTHOR\"];?>\n\n\nТекст сообщения:\n<?=$arParams[\"MESSAGE_TEXT\"];?>\n\n\nАдрес сообщения:\n<?=$arParams[\"MESSAGE_PATH\"];?>\n\n\nСообщение сгенерировано автоматически.', 'text', NULL, NULL, NULL, NULL, NULL, NULL, NULL, NULL, NULL, NULL, NULL, NULL),
(24, '2022-11-19 08:42:31', 'NEW_FORUM_MESSAGE', 's1', 'Y', '#FROM_EMAIL#', '#RECIPIENT#', '#SITE_NAME#: [F] #TOPIC_TITLE# : #FORUM_NAME#', 'Информационное сообщение сайта #SITE_NAME#\n------------------------------------------\n\nНовое сообщение на форуме #SERVER_NAME#.\n\nТема:\n#TOPIC_TITLE#\n\nАвтор: #AUTHOR#\nДата : #MESSAGE_DATE#\nТекст сообщения:\n\n#MESSAGE_TEXT#\n\nАдрес сообщения:\nhttp://#SERVER_NAME##PATH2FORUM#\n\nСообщение сгенерировано автоматически.\n', 'Информационное сообщение сайта <?=$arParams[\"SITE_NAME\"];?>\n\n------------------------------------------\n\nНовое сообщение на форуме <?=$arParams[\"SERVER_NAME\"];?>.\n\nТема:\n<?=$arParams[\"TOPIC_TITLE\"];?>\n\n\nАвтор: <?=$arParams[\"AUTHOR\"];?>\n\nДата : <?=$arParams[\"MESSAGE_DATE\"];?>\n\nТекст сообщения:\n\n<?=$arParams[\"MESSAGE_TEXT\"];?>\n\n\nАдрес сообщения:\nhttp://<?=$arParams[\"SERVER_NAME\"];?><?=$arParams[\"PATH2FORUM\"];?>\n\n\nСообщение сгенерировано автоматически.\n', 'text', NULL, NULL, NULL, NULL, NULL, NULL, NULL, NULL, NULL, NULL, NULL, NULL),
(25, '2022-11-19 08:42:31', 'NEW_FORUM_PRIV', 's1', 'Y', '#FROM_EMAIL#', '#TO_EMAIL#', '#SITE_NAME#: [private] #SUBJECT#', 'Информационное сообщение сайта #SITE_NAME#\n------------------------------------------\n\nВы получили персональное сообщение с форума на сайте #SERVER_NAME#.\n\nТема: #SUBJECT#\n\nАвтор: #FROM_NAME# #FROM_EMAIL#\nДата : #MESSAGE_DATE#\nСообщение:\n\n#MESSAGE#\n\nСообщение сгенерировано автоматически.\n', 'Информационное сообщение сайта <?=$arParams[\"SITE_NAME\"];?>\n\n------------------------------------------\n\nВы получили персональное сообщение с форума на сайте <?=$arParams[\"SERVER_NAME\"];?>.\n\nТема: <?=$arParams[\"SUBJECT\"];?>\n\n\nАвтор: <?=$arParams[\"FROM_NAME\"];?> <?=$arParams[\"FROM_EMAIL\"];?>\n\nДата : <?=$arParams[\"MESSAGE_DATE\"];?>\n\nСообщение:\n\n<?=$arParams[\"MESSAGE\"];?>\n\n\nСообщение сгенерировано автоматически.\n', 'text', NULL, NULL, NULL, NULL, NULL, NULL, NULL, NULL, NULL, NULL, NULL, NULL),
(26, '2022-11-19 08:42:31', 'NEW_FORUM_PRIVATE_MESSAGE', 's1', 'Y', '#FROM_EMAIL#', '#TO_EMAIL#', '#SITE_NAME#: [private] #SUBJECT#', 'Информационное сообщение сайта #SITE_NAME#\n------------------------------------------\n\nВы получили персональное сообщение с форума на сайте #SERVER_NAME#.\n\nТема: #SUBJECT#\n\nАвтор: #FROM_NAME#\nДата: #MESSAGE_DATE#\nСообщение:\n\n#MESSAGE#\n\nСсылка на сообщение: #MESSAGE_LINK#Сообщение сгенерировано автоматически.\n', 'Информационное сообщение сайта <?=$arParams[\"SITE_NAME\"];?>\n\n------------------------------------------\n\nВы получили персональное сообщение с форума на сайте <?=$arParams[\"SERVER_NAME\"];?>.\n\nТема: <?=$arParams[\"SUBJECT\"];?>\n\n\nАвтор: <?=$arParams[\"FROM_NAME\"];?>\n\nДата: <?=$arParams[\"MESSAGE_DATE\"];?>\n\nСообщение:\n\n<?=$arParams[\"MESSAGE\"];?>\n\n\nСсылка на сообщение: <?=$arParams[\"MESSAGE_LINK\"];?>Сообщение сгенерировано автоматически.\n', 'text', NULL, NULL, NULL, NULL, NULL, NULL, NULL, NULL, NULL, NULL, NULL, NULL),
(27, '2022-11-19 08:42:31', 'EDIT_FORUM_MESSAGE', 's1', 'Y', '#FROM_EMAIL#', '#RECIPIENT#', '#SITE_NAME#: [F] #TOPIC_TITLE# : #FORUM_NAME#', 'Информационное сообщение сайта #SITE_NAME#\n------------------------------------------\n\nИзменение сообщения на форуме #SERVER_NAME#.\n\nТема:\n#TOPIC_TITLE#\n\nАвтор: #AUTHOR#\nДата : #MESSAGE_DATE#\nТекст сообщения:\n\n#MESSAGE_TEXT#\n\nАдрес сообщения:\nhttp://#SERVER_NAME##PATH2FORUM#\n\nСообщение сгенерировано автоматически.\n', 'Информационное сообщение сайта <?=$arParams[\"SITE_NAME\"];?>\n\n------------------------------------------\n\nИзменение сообщения на форуме <?=$arParams[\"SERVER_NAME\"];?>.\n\nТема:\n<?=$arParams[\"TOPIC_TITLE\"];?>\n\n\nАвтор: <?=$arParams[\"AUTHOR\"];?>\n\nДата : <?=$arParams[\"MESSAGE_DATE\"];?>\n\nТекст сообщения:\n\n<?=$arParams[\"MESSAGE_TEXT\"];?>\n\n\nАдрес сообщения:\nhttp://<?=$arParams[\"SERVER_NAME\"];?><?=$arParams[\"PATH2FORUM\"];?>\n\n\nСообщение сгенерировано автоматически.\n', 'text', NULL, NULL, NULL, NULL, NULL, NULL, NULL, NULL, NULL, NULL, NULL, NULL),
(28, '2022-11-19 08:42:31', 'FORUM_NEW_MESSAGE_MAIL', 's1', 'Y', '#FROM_EMAIL#', '#RECIPIENT#', '#TOPIC_TITLE#', '#MESSAGE_TEXT#\n\n------------------------------------------  \nВы получили это сообщение, так как выподписаны на форум #FORUM_NAME#.\n\nОтветить на сообщение можно по электронной почте или через форму на сайте:\nhttp://#SERVER_NAME##PATH2FORUM#\n\nНаписать новое сообщение: #FORUM_EMAIL#\n\nАвтор сообщения: #AUTHOR#\n\nСообщение сгенерировано автоматически на сайте #SITE_NAME#.\n', '<?=$arParams[\"MESSAGE_TEXT\"];?>\n\n\n------------------------------------------  \nВы получили это сообщение, так как выподписаны на форум <?=$arParams[\"FORUM_NAME\"];?>.\n\nОтветить на сообщение можно по электронной почте или через форму на сайте:\nhttp://<?=$arParams[\"SERVER_NAME\"];?><?=$arParams[\"PATH2FORUM\"];?>\n\n\nНаписать новое сообщение: <?=$arParams[\"FORUM_EMAIL\"];?>\n\n\nАвтор сообщения: <?=$arParams[\"AUTHOR\"];?>\n\n\nСообщение сгенерировано автоматически на сайте <?=$arParams[\"SITE_NAME\"];?>.\n', 'text', NULL, NULL, NULL, NULL, NULL, NULL, NULL, NULL, NULL, NULL, NULL, NULL),
(29, '2022-11-19 08:46:43', 'VIRUS_DETECTED', 's1', 'Y', '#DEFAULT_EMAIL_FROM#', '#EMAIL#', '#SITE_NAME#: Обнаружен вирус', 'Информационное сообщение сайта #SITE_NAME#\n------------------------------------------\n\nЗдравствуйте!\n\nВы получили это сообщение, так как модуль проактивной защиты сервера #SERVER_NAME# обнаружил код, похожий на вирус.\n\n1. Подозрительный код был вырезан из html.\n2. Проверьте журнал вторжений и убедитесь, что код действительно вредоносный, а не является кодом какого-либо счетчика или фреймворка.\n (ссылка: http://#SERVER_NAME#/bitrix/admin/event_log.php?lang=ru&set_filter=Y&find_type=audit_type_id&find_audit_type[]=SECURITY_VIRUS )\n3. В случае, если код не является опасным, добавьте его в исключения на странице настройки антивируса.\n (ссылка: http://#SERVER_NAME#/bitrix/admin/security_antivirus.php?lang=ru&tabControl_active_tab=exceptions )\n4. Если код является вирусным, то необходимо выполнить следующие действия:\n\n а) Смените пароли доступа к сайту у администраторов и ответственных сотрудников.\n б) Смените пароли доступа по ssh и ftp.\n в) Проверьте и вылечите компьютеры администраторов, имевших доступ к сайту по ssh или ftp.\n г) В программах доступа к сайту по ssh и ftp отключите сохранение паролей.\n д) Удалите вредоносный код из зараженных файлов. Например, восстановите поврежденные файлы из самой свежей резервной копии.\n\n---------------------------------------------------------------------\nСообщение сгенерировано автоматически.\n', 'Информационное сообщение сайта <?=$arParams[\"SITE_NAME\"];?>\n\n------------------------------------------\n\nЗдравствуйте!\n\nВы получили это сообщение, так как модуль проактивной защиты сервера <?=$arParams[\"SERVER_NAME\"];?> обнаружил код, похожий на вирус.\n\n1. Подозрительный код был вырезан из html.\n2. Проверьте журнал вторжений и убедитесь, что код действительно вредоносный, а не является кодом какого-либо счетчика или фреймворка.\n (ссылка: http://<?=$arParams[\"SERVER_NAME\"];?>/bitrix/admin/event_log.php?lang=ru&set_filter=Y&find_type=audit_type_id&find_audit_type[]=SECURITY_VIRUS )\n3. В случае, если код не является опасным, добавьте его в исключения на странице настройки антивируса.\n (ссылка: http://<?=$arParams[\"SERVER_NAME\"];?>/bitrix/admin/security_antivirus.php?lang=ru&tabControl_active_tab=exceptions )\n4. Если код является вирусным, то необходимо выполнить следующие действия:\n\n а) Смените пароли доступа к сайту у администраторов и ответственных сотрудников.\n б) Смените пароли доступа по ssh и ftp.\n в) Проверьте и вылечите компьютеры администраторов, имевших доступ к сайту по ssh или ftp.\n г) В программах доступа к сайту по ssh и ftp отключите сохранение паролей.\n д) Удалите вредоносный код из зараженных файлов. Например, восстановите поврежденные файлы из самой свежей резервной копии.\n\n---------------------------------------------------------------------\nСообщение сгенерировано автоматически.\n', 'text', '', NULL, NULL, NULL, NULL, NULL, NULL, NULL, NULL, NULL, NULL, NULL),
(30, '2022-11-19 08:46:45', 'SUBSCRIBE_CONFIRM', 's1', 'Y', '#DEFAULT_EMAIL_FROM#', '#EMAIL#', '#SITE_NAME#: Подтверждение подписки', 'Информационное сообщение сайта #SITE_NAME#\n------------------------------------------\n\nЗдравствуйте,\n\nВы получили это сообщение, так как ваш адрес был подписан\nна список рассылки сервера #SERVER_NAME#.\n\nДополнительная информация о подписке:\n\nАдрес подписки (email) ............ #EMAIL#\nДата добавления/редактирования .... #DATE_SUBSCR#\n\nВаш код для подтверждения подписки: #CONFIRM_CODE#\n\nДля подтверждения подписки перейдите по следующей ссылке:\nhttp://#SERVER_NAME##SUBSCR_SECTION#subscr_edit.php?ID=#ID#&CONFIRM_CODE=#CONFIRM_CODE#\n\nВы также можете ввести код для подтверждения подписки на странице:\nhttp://#SERVER_NAME##SUBSCR_SECTION#subscr_edit.php?ID=#ID#\n\nВнимание! Вы не будете получать сообщения рассылки, пока не подтвердите\nсвою подписку.\n\n---------------------------------------------------------------------\nСохраните это письмо, так как оно содержит информацию для авторизации.\nИспользуя код подтверждения подписки, вы cможете изменить параметры\nподписки или отписаться от рассылки.\n\nИзменить параметры:\nhttp://#SERVER_NAME##SUBSCR_SECTION#subscr_edit.php?ID=#ID#&CONFIRM_CODE=#CONFIRM_CODE#\n\nОтписаться:\nhttp://#SERVER_NAME##SUBSCR_SECTION#subscr_edit.php?ID=#ID#&CONFIRM_CODE=#CONFIRM_CODE#&action=unsubscribe\n---------------------------------------------------------------------\n\nСообщение сгенерировано автоматически.\n', 'Информационное сообщение сайта <?=$arParams[\"SITE_NAME\"];?>\n\n------------------------------------------\n\nЗдравствуйте,\n\nВы получили это сообщение, так как ваш адрес был подписан\nна список рассылки сервера <?=$arParams[\"SERVER_NAME\"];?>.\n\nДополнительная информация о подписке:\n\nАдрес подписки (email) ............ <?=$arParams[\"EMAIL\"];?>\n\nДата добавления/редактирования .... <?=$arParams[\"DATE_SUBSCR\"];?>\n\n\nВаш код для подтверждения подписки: <?=$arParams[\"CONFIRM_CODE\"];?>\n\n\nДля подтверждения подписки перейдите по следующей ссылке:\nhttp://<?=$arParams[\"SERVER_NAME\"];?><?=$arParams[\"SUBSCR_SECTION\"];?>subscr_edit.php?ID=<?=$arParams[\"ID\"];?>&CONFIRM_CODE=<?=$arParams[\"CONFIRM_CODE\"];?>\n\n\nВы также можете ввести код для подтверждения подписки на странице:\nhttp://<?=$arParams[\"SERVER_NAME\"];?><?=$arParams[\"SUBSCR_SECTION\"];?>subscr_edit.php?ID=<?=$arParams[\"ID\"];?>\n\n\nВнимание! Вы не будете получать сообщения рассылки, пока не подтвердите\nсвою подписку.\n\n---------------------------------------------------------------------\nСохраните это письмо, так как оно содержит информацию для авторизации.\nИспользуя код подтверждения подписки, вы cможете изменить параметры\nподписки или отписаться от рассылки.\n\nИзменить параметры:\nhttp://<?=$arParams[\"SERVER_NAME\"];?><?=$arParams[\"SUBSCR_SECTION\"];?>subscr_edit.php?ID=<?=$arParams[\"ID\"];?>&CONFIRM_CODE=<?=$arParams[\"CONFIRM_CODE\"];?>\n\n\nОтписаться:\nhttp://<?=$arParams[\"SERVER_NAME\"];?><?=$arParams[\"SUBSCR_SECTION\"];?>subscr_edit.php?ID=<?=$arParams[\"ID\"];?>&CONFIRM_CODE=<?=$arParams[\"CONFIRM_CODE\"];?>&action=unsubscribe\n---------------------------------------------------------------------\n\nСообщение сгенерировано автоматически.\n', 'text', '', NULL, NULL, NULL, NULL, NULL, NULL, NULL, NULL, NULL, NULL, NULL),
(31, '2022-11-19 08:47:02', 'VOTE_FOR', 's1', 'Y', '#DEFAULT_EMAIL_FROM#', '#EMAIL_TO#', '#SITE_NAME#: [V] #VOTE_TITLE#', '#USER_NAME# принял участие в опросе \"#VOTE_TITLE#\":\n#VOTE_STATISTIC#\n\nhttp://#SERVER_NAME##URL#\nСообщение сгенерировано автоматически.', '<?=$arParams[\"USER_NAME\"];?> принял участие в опросе \"<?=$arParams[\"VOTE_TITLE\"];?>\":\n<?=$arParams[\"VOTE_STATISTIC\"];?>\n\n\nhttp://<?=$arParams[\"SERVER_NAME\"];?><?=$arParams[\"URL\"];?>\n\nСообщение сгенерировано автоматически.', 'text', NULL, NULL, NULL, NULL, NULL, NULL, NULL, NULL, NULL, NULL, NULL, NULL);

-- --------------------------------------------------------

--
-- Структура таблицы `b_event_message_attachment`
--

CREATE TABLE `b_event_message_attachment` (
  `EVENT_MESSAGE_ID` int(11) NOT NULL,
  `FILE_ID` int(11) NOT NULL
) ENGINE=InnoDB DEFAULT CHARSET=utf8 COLLATE=utf8_unicode_ci;

-- --------------------------------------------------------

--
-- Структура таблицы `b_event_message_site`
--

CREATE TABLE `b_event_message_site` (
  `EVENT_MESSAGE_ID` int(11) NOT NULL,
  `SITE_ID` char(2) COLLATE utf8_unicode_ci NOT NULL
) ENGINE=InnoDB DEFAULT CHARSET=utf8 COLLATE=utf8_unicode_ci;

--
-- Дамп данных таблицы `b_event_message_site`
--

INSERT INTO `b_event_message_site` (`EVENT_MESSAGE_ID`, `SITE_ID`) VALUES
(1, 's1'),
(2, 's1'),
(3, 's1'),
(4, 's1'),
(5, 's1'),
(6, 's1'),
(7, 's1'),
(8, 's1'),
(9, 's1'),
(10, 's1'),
(11, 's1'),
(12, 's1'),
(13, 's1'),
(14, 's1'),
(15, 's1'),
(16, 's1'),
(17, 's1'),
(18, 's1'),
(19, 's1'),
(20, 's1'),
(21, 's1'),
(22, 's1'),
(23, 's1'),
(24, 's1'),
(25, 's1'),
(26, 's1'),
(27, 's1'),
(28, 's1'),
(29, 's1'),
(30, 's1'),
(31, 's1');

-- --------------------------------------------------------

--
-- Структура таблицы `b_event_type`
--

CREATE TABLE `b_event_type` (
  `ID` int(11) NOT NULL,
  `LID` char(2) COLLATE utf8_unicode_ci NOT NULL,
  `EVENT_NAME` varchar(255) COLLATE utf8_unicode_ci NOT NULL,
  `NAME` varchar(100) COLLATE utf8_unicode_ci DEFAULT NULL,
  `DESCRIPTION` text COLLATE utf8_unicode_ci,
  `SORT` int(11) NOT NULL DEFAULT '150',
  `EVENT_TYPE` varchar(10) COLLATE utf8_unicode_ci NOT NULL DEFAULT 'email'
) ENGINE=InnoDB DEFAULT CHARSET=utf8 COLLATE=utf8_unicode_ci;

--
-- Дамп данных таблицы `b_event_type`
--

INSERT INTO `b_event_type` (`ID`, `LID`, `EVENT_NAME`, `NAME`, `DESCRIPTION`, `SORT`, `EVENT_TYPE`) VALUES
(1, 'ru', 'NEW_USER', 'Зарегистрировался новый пользователь', '\n\n#USER_ID# - ID пользователя\n#LOGIN# - Логин\n#EMAIL# - EMail\n#NAME# - Имя\n#LAST_NAME# - Фамилия\n#USER_IP# - IP пользователя\n#USER_HOST# - Хост пользователя\n', 1, 'email'),
(2, 'ru', 'USER_INFO', 'Информация о пользователе', '\n\n#USER_ID# - ID пользователя\n#STATUS# - Статус логина\n#MESSAGE# - Сообщение пользователю\n#LOGIN# - Логин\n#URL_LOGIN# - Логин, закодированный для использования в URL\n#CHECKWORD# - Контрольная строка для смены пароля\n#NAME# - Имя\n#LAST_NAME# - Фамилия\n#EMAIL# - E-Mail пользователя\n', 2, 'email'),
(3, 'ru', 'NEW_USER_CONFIRM', 'Подтверждение регистрации нового пользователя', '\n\n\n#USER_ID# - ID пользователя\n#LOGIN# - Логин\n#EMAIL# - EMail\n#NAME# - Имя\n#LAST_NAME# - Фамилия\n#USER_IP# - IP пользователя\n#USER_HOST# - Хост пользователя\n#CONFIRM_CODE# - Код подтверждения\n', 3, 'email'),
(4, 'ru', 'USER_PASS_REQUEST', 'Запрос на смену пароля', '\n\n#USER_ID# - ID пользователя\n#STATUS# - Статус логина\n#MESSAGE# - Сообщение пользователю\n#LOGIN# - Логин\n#URL_LOGIN# - Логин, закодированный для использования в URL\n#CHECKWORD# - Контрольная строка для смены пароля\n#NAME# - Имя\n#LAST_NAME# - Фамилия\n#EMAIL# - E-Mail пользователя\n', 4, 'email'),
(5, 'ru', 'USER_PASS_CHANGED', 'Подтверждение смены пароля', '\n\n#USER_ID# - ID пользователя\n#STATUS# - Статус логина\n#MESSAGE# - Сообщение пользователю\n#LOGIN# - Логин\n#URL_LOGIN# - Логин, закодированный для использования в URL\n#CHECKWORD# - Контрольная строка для смены пароля\n#NAME# - Имя\n#LAST_NAME# - Фамилия\n#EMAIL# - E-Mail пользователя\n', 5, 'email'),
(6, 'ru', 'USER_INVITE', 'Приглашение на сайт нового пользователя', '#ID# - ID пользователя\n#LOGIN# - Логин\n#URL_LOGIN# - Логин, закодированный для использования в URL\n#EMAIL# - EMail\n#NAME# - Имя\n#LAST_NAME# - Фамилия\n#PASSWORD# - пароль пользователя \n#CHECKWORD# - Контрольная строка для смены пароля\n#XML_ID# - ID пользователя для связи с внешними источниками\n', 6, 'email'),
(7, 'ru', 'FEEDBACK_FORM', 'Отправка сообщения через форму обратной связи', '#AUTHOR# - Автор сообщения\n#AUTHOR_EMAIL# - Email автора сообщения\n#TEXT# - Текст сообщения\n#EMAIL_FROM# - Email отправителя письма\n#EMAIL_TO# - Email получателя письма', 7, 'email'),
(8, 'ru', 'MAIN_MAIL_CONFIRM_CODE', 'Подтверждение email-адреса отправителя', '\n\n#EMAIL_TO# - Email-адрес для подтверждения\n#MESSAGE_SUBJECT# - Тема сообщения\n#CONFIRM_CODE# - Код подтверждения', 8, 'email'),
(9, 'ru', 'EVENT_LOG_NOTIFICATION', 'Оповещение журнала событий', '#EMAIL# - Email получателя\n#ADDITIONAL_TEXT# - Дополнительный текст действия\n#NAME# - Название оповещения\n#AUDIT_TYPE_ID# - Тип события\n#ITEM_ID# - Объект\n#USER_ID# - Пользователь\n#REMOTE_ADDR# - IP-адрес\n#USER_AGENT# - Браузер\n#REQUEST_URI# - Страница\n#EVENT_COUNT# - Количество записей', 9, 'email'),
(10, 'ru', 'USER_CODE_REQUEST', 'Запрос кода авторизации', '#USER_ID# - ID пользователя\n#STATUS# - Статус логина\n#LOGIN# - Логин\n#CHECKWORD# - Код для авторизации\n#NAME# - Имя\n#LAST_NAME# - Фамилия\n#EMAIL# - Email пользователя\n', 10, 'email'),
(11, 'ru', 'SMS_USER_CONFIRM_NUMBER', 'Подтверждение номера телефона по СМС', '#USER_PHONE# - номер телефона\n#CODE# - код подтверждения\n', 100, 'sms'),
(12, 'ru', 'SMS_USER_RESTORE_PASSWORD', 'Восстановление пароля через СМС', '#USER_PHONE# - номер телефона\n#CODE# - код для восстановления\n', 100, 'sms'),
(13, 'ru', 'SMS_EVENT_LOG_NOTIFICATION', 'Оповещение журнала событий', '#PHONE_NUMBER# - Номер телефона получателя\n#ADDITIONAL_TEXT# - Дополнительный текст действия\n#NAME# - Название оповещения\n#AUDIT_TYPE_ID# - Тип события\n#ITEM_ID# - Объект\n#USER_ID# - Пользователь\n#REMOTE_ADDR# - IP-адрес\n#USER_AGENT# - Браузер\n#REQUEST_URI# - Страница\n#EVENT_COUNT# - Количество записей', 100, 'sms'),
(14, 'en', 'NEW_USER', 'New user was registered', '\n\n#USER_ID# - User ID\n#LOGIN# - Login\n#EMAIL# - EMail\n#NAME# - Name\n#LAST_NAME# - Last Name\n#USER_IP# - User IP\n#USER_HOST# - User Host\n', 1, 'email'),
(15, 'en', 'USER_INFO', 'Account Information', '\n\n#USER_ID# - User ID\n#STATUS# - Account status\n#MESSAGE# - Message for user\n#LOGIN# - Login\n#URL_LOGIN# - Encoded login for use in URL\n#CHECKWORD# - Check string for password change\n#NAME# - Name\n#LAST_NAME# - Last Name\n#EMAIL# - User E-Mail\n', 2, 'email'),
(16, 'en', 'NEW_USER_CONFIRM', 'New user registration confirmation', '\n\n#USER_ID# - User ID\n#LOGIN# - Login\n#EMAIL# - E-mail\n#NAME# - First name\n#LAST_NAME# - Last name\n#USER_IP# - User IP\n#USER_HOST# - User host\n#CONFIRM_CODE# - Confirmation code\n', 3, 'email'),
(17, 'en', 'USER_PASS_REQUEST', 'Password Change Request', '\n\n#USER_ID# - User ID\n#STATUS# - Account status\n#MESSAGE# - Message for user\n#LOGIN# - Login\n#URL_LOGIN# - Encoded login for use in URL\n#CHECKWORD# - Check string for password change\n#NAME# - Name\n#LAST_NAME# - Last Name\n#EMAIL# - User E-Mail\n', 4, 'email'),
(18, 'en', 'USER_PASS_CHANGED', 'Password Change Confirmation', '\n\n#USER_ID# - User ID\n#STATUS# - Account status\n#MESSAGE# - Message for user\n#LOGIN# - Login\n#URL_LOGIN# - Encoded login for use in URL\n#CHECKWORD# - Check string for password change\n#NAME# - Name\n#LAST_NAME# - Last Name\n#EMAIL# - User E-Mail\n', 5, 'email'),
(19, 'en', 'USER_INVITE', 'Invitation of a new site user', '#ID# - User ID\n#LOGIN# - Login\n#URL_LOGIN# - Encoded login for use in URL\n#EMAIL# - EMail\n#NAME# - Name\n#LAST_NAME# - Last Name\n#PASSWORD# - User password \n#CHECKWORD# - Password check string\n#XML_ID# - User ID to link with external data sources\n\n', 6, 'email'),
(20, 'en', 'FEEDBACK_FORM', 'Sending a message using a feedback form', '#AUTHOR# - Message author\n#AUTHOR_EMAIL# - Author\'s e-mail address\n#TEXT# - Message text\n#EMAIL_FROM# - Sender\'s e-mail address\n#EMAIL_TO# - Recipient\'s e-mail address', 7, 'email'),
(21, 'en', 'MAIN_MAIL_CONFIRM_CODE', 'Confirm sender\'s email address', '\n\n#EMAIL_TO# - confirmation email address\n#MESSAGE_SUBJECT# - Message subject\n#CONFIRM_CODE# - Confirmation code', 8, 'email'),
(22, 'en', 'EVENT_LOG_NOTIFICATION', 'Event log notification', '#EMAIL# - Recipient email\n#ADDITIONAL_TEXT# - Action additional text\n#NAME# - Notification name\n#AUDIT_TYPE_ID# - Event type\n#ITEM_ID# - Object\n#USER_ID# - User\n#REMOTE_ADDR# - IP address\n#USER_AGENT# - Browser\n#REQUEST_URI# - Page URL\n#EVENT_COUNT# - Number of events', 9, 'email'),
(23, 'en', 'USER_CODE_REQUEST', 'Request for verification code', '#USER_ID# - user ID\n#STATUS# - Login status\n#LOGIN# - Login\n#CHECKWORD# - Verification code\n#NAME# - First name\n#LAST_NAME# - Last name\n#EMAIL# - User email\n', 10, 'email'),
(24, 'en', 'SMS_USER_CONFIRM_NUMBER', 'Verify phone number using SMS', '#USER_PHONE# - phone number\n#CODE# - confirmation code', 100, 'sms'),
(25, 'en', 'SMS_USER_RESTORE_PASSWORD', 'Recover password using SMS', '#USER_PHONE# - phone number\n#CODE# - recovery confirmation code', 100, 'sms'),
(26, 'en', 'SMS_EVENT_LOG_NOTIFICATION', 'Event log notification', '#PHONE_NUMBER# - Recipient phone number\n#ADDITIONAL_TEXT# - Action additional text\n#NAME# - Notification name\n#AUDIT_TYPE_ID# - Event type\n#ITEM_ID# - Object\n#USER_ID# - User\n#REMOTE_ADDR# - IP address\n#USER_AGENT# - Browser\n#REQUEST_URI# - Page URL\n#EVENT_COUNT# - Number of events', 100, 'sms'),
(27, 'ru', 'NEW_BLOG_MESSAGE', 'Новое сообщение в блоге', '#BLOG_ID# - ID блога \n#BLOG_NAME# - Название блога\n#BLOG_URL# - Название блога латиницей\n#MESSAGE_TITLE# - Тема сообщения\n#MESSAGE_TEXT# - Текст сообщения\n#MESSAGE_DATE# - Дата сообщения\n#MESSAGE_PATH# - URL адрес сообщения\n#AUTHOR# - Автор сообщения\n#EMAIL_FROM# - Email отправителя письма\n#EMAIL_TO# - Email получателя письма', 100, 'email'),
(28, 'ru', 'NEW_BLOG_COMMENT', 'Новый комментарий в блоге', '#BLOG_ID# - ID блога \n#BLOG_NAME# - Название блога\n#BLOG_URL# - Название блога латиницей\n#MESSAGE_TITLE# - Тема сообщения\n#COMMENT_TITLE# - Заголовок комментария\n#COMMENT_TEXT# - Текст комментария\n#COMMENT_DATE# - Текст комментария\n#COMMENT_PATH# - URL адрес сообщения\n#AUTHOR# - Автор сообщения\n#EMAIL_FROM# - Email отправителя письма\n#EMAIL_TO# - Email получателя письма', 100, 'email'),
(29, 'ru', 'NEW_BLOG_COMMENT2COMMENT', 'Новый комментарий на ваш комментарий в блоге', '#BLOG_ID# - ID блога \n#BLOG_NAME# - Название блога\n#BLOG_URL# - Название блога латиницей\n#MESSAGE_TITLE# - Тема сообщения\n#COMMENT_TITLE# - Заголовок комментария\n#COMMENT_TEXT# - Текст комментария\n#COMMENT_DATE# - Текст комментария\n#COMMENT_PATH# - URL адрес сообщения\n#AUTHOR# - Автор сообщения\n#EMAIL_FROM# - Email отправителя письма\n#EMAIL_TO# - Email получателя письма', 100, 'email'),
(30, 'ru', 'NEW_BLOG_COMMENT_WITHOUT_TITLE', 'Новый комментарий в блоге (без темы)', '#BLOG_ID# - ID блога \n#BLOG_NAME# - Название блога\n#BLOG_URL# - Название блога латиницей\n#MESSAGE_TITLE# - Тема сообщения\n#COMMENT_TEXT# - Текст комментария\n#COMMENT_DATE# - Текст комментария\n#COMMENT_PATH# - URL адрес сообщения\n#AUTHOR# - Автор сообщения\n#EMAIL_FROM# - Email отправителя письма\n#EMAIL_TO# - Email получателя письма', 100, 'email'),
(31, 'ru', 'NEW_BLOG_COMMENT2COMMENT_WITHOUT_TITLE', 'Новый комментарий на ваш комментарий в блоге (без темы)', '#BLOG_ID# - ID блога \n#BLOG_NAME# - Название блога\n#BLOG_URL# - Название блога латиницей\n#COMMENT_TITLE# - Заголовок комментария\n#COMMENT_TEXT# - Текст комментария\n#COMMENT_DATE# - Текст комментария\n#COMMENT_PATH# - URL адрес сообщения\n#AUTHOR# - Автор сообщения\n#EMAIL_FROM# - Email отправителя письма\n#EMAIL_TO# - Email получателя письма', 100, 'email'),
(32, 'ru', 'BLOG_YOUR_BLOG_TO_USER', 'Ваш блог был добавлен в друзья', '#BLOG_ID# - ID блога \n#BLOG_NAME# - Название блога\n#BLOG_URL# - Название блога латиницей\n#BLOG_ADR# - Адрес блога\n#USER_ID# - ID пользователя\n#USER# - Пользователь\n#USER_URL# - Адрес пользователя\n#EMAIL_FROM# - Email отправителя письма\n#EMAIL_TO# - Email получателя письма\n', 100, 'email'),
(33, 'ru', 'BLOG_YOU_TO_BLOG', 'Вы были добавлены в друзья блога', '#BLOG_ID# - ID блога \n#BLOG_NAME# - Название блога\n#BLOG_URL# - Название блога латиницей\n#BLOG_ADR# - Адрес блога\n#USER_ID# - ID пользователя\n#USER# - Пользователь\n#USER_URL# - Адрес пользователя\n#EMAIL_FROM# - Email отправителя письма\n#EMAIL_TO# - Email получателя письма\n', 100, 'email'),
(34, 'ru', 'BLOG_BLOG_TO_YOU', 'К вам в друзья был добавлен блог', '#BLOG_ID# - ID блога \n#BLOG_NAME# - Название блога\n#BLOG_URL# - Название блога латиницей\n#BLOG_ADR# - Адрес блога\n#USER_ID# - ID пользователя\n#USER# - Пользователь\n#USER_URL# - Адрес пользователя\n#EMAIL_FROM# - Email отправителя письма\n#EMAIL_TO# - Email получателя письма\n', 100, 'email'),
(35, 'ru', 'BLOG_USER_TO_YOUR_BLOG', 'В ваш блог был добавлен друг', '#BLOG_ID# - ID блога \n#BLOG_NAME# - Название блога\n#BLOG_URL# - Название блога латиницей\n#BLOG_ADR# - Адрес блога\n#USER_ID# - ID пользователя\n#USER# - Пользователь\n#USER_URL# - Адрес пользователя\n#EMAIL_FROM# - Email отправителя письма\n#EMAIL_TO# - Email получателя письма\n', 100, 'email'),
(36, 'ru', 'BLOG_SONET_NEW_POST', 'Добавлено новое сообщение', '#EMAIL_TO# - Email получателя письма\n#POST_ID# - ID сообщения\n#RECIPIENT_ID# - ID получателя\n#URL_ID# - URL страницы сообщения\n', 100, 'email'),
(37, 'ru', 'BLOG_SONET_NEW_COMMENT', 'Добавлен новый комментарий', '#EMAIL_TO# - Email получателя письма\n#COMMENT_ID# - ID комментария\n#POST_ID# - ID сообщения\n#RECIPIENT_ID# - ID получателя\n#URL_ID# - URL страницы сообщения\n', 100, 'email'),
(38, 'ru', 'BLOG_SONET_POST_SHARE', 'Добавлен новый получатель сообщения', '#EMAIL_TO# - Email получателя письма\n#POST_ID# - ID сообщения\n#RECIPIENT_ID# - ID получателя\n#URL_ID# - URL страницы сообщения\n', 100, 'email'),
(39, 'ru', 'BLOG_POST_BROADCAST', 'Добавлено новое сообщение', '\n#MESSAGE_TITLE# - Тема сообщения\n#MESSAGE_TEXT# - Текст сообщения\n#MESSAGE_PATH# - URL адрес сообщения\n#AUTHOR# - Автор сообщения\n#EMAIL_TO# - Email получателя письма', 100, 'email'),
(40, 'en', 'NEW_BLOG_MESSAGE', 'New blog message', '#BLOG_ID# - Blog ID\n#BLOG_NAME# - Blog title\n#BLOG_URL# - Blog url\n#MESSAGE_TITLE# - Message title\n#MESSAGE_TEXT# - Message text\n#MESSAGE_DATE# - Message date\n#MESSAGE_PATH# - URL to message\n#AUTHOR# - Message author\n#EMAIL_FROM# - Sender email\n#EMAIL_TO# - Recipient email', 100, 'email'),
(41, 'en', 'NEW_BLOG_COMMENT', 'New comment in blog', '#BLOG_ID# - Blog ID\n#BLOG_NAME# - Blog title\n#BLOG_URL# - Blog url\n#MESSAGE_TITLE# - Message title\n#COMMENT_TITLE# - Comment title\n#COMMENT_TEXT# - Comment text\n#COMMENT_DATE# - Comment date\n#COMMENT_PATH# - Comment URL\n#AUTHOR# - Comment author\n#EMAIL_FROM# - Sender email\n#EMAIL_TO# - Recipient email', 100, 'email'),
(42, 'en', 'NEW_BLOG_COMMENT2COMMENT', 'New comment for your in blog', '#BLOG_ID# - Blog ID\n#BLOG_NAME# - Blog title\n#BLOG_URL# - Blog url\n#MESSAGE_TITLE# - Message title\n#COMMENT_TITLE# - Comment title\n#COMMENT_TEXT# - Comment text\n#COMMENT_DATE# - Comment date\n#COMMENT_PATH# - Comment URL\n#AUTHOR# - Comment author\n#EMAIL_FROM# - Sender email\n#EMAIL_TO# - Recipient email', 100, 'email'),
(43, 'en', 'NEW_BLOG_COMMENT_WITHOUT_TITLE', 'New comment in blog (without subject)', '#BLOG_ID# - Blog ID\n#BLOG_NAME# - Blog title\n#BLOG_URL# - Blog url\n#MESSAGE_TITLE# - Message title\n#COMMENT_TEXT# - Comment text\n#COMMENT_DATE# - Comment date\n#COMMENT_PATH# - Comment URL\n#AUTHOR# - Comment author\n#EMAIL_FROM# - Sender email\n#EMAIL_TO# - Recipient email', 100, 'email'),
(44, 'en', 'NEW_BLOG_COMMENT2COMMENT_WITHOUT_TITLE', 'New comment for your in blog (without subject)', '#BLOG_ID# - Blog ID\n#BLOG_NAME# - Blog title\n#BLOG_URL# - Blog url\n#MESSAGE_TITLE# - Message title\n#COMMENT_TEXT# - Comment text\n#COMMENT_DATE# - Comment date\n#COMMENT_PATH# - Comment URL\n#AUTHOR# - Comment author\n#EMAIL_FROM# - Sender email\n#EMAIL_TO# - Recipient email', 100, 'email'),
(45, 'en', 'BLOG_YOUR_BLOG_TO_USER', 'Your blog has been added to friends', '#BLOG_ID# - Blog ID\n#BLOG_NAME# - Blog name\n#BLOG_URL# - Blog name, Latin letters only\n#BLOG_ADR# - Blog address\n#USER_ID# - User ID\n#USER# - User\n#USER_URL# - User URL\n#EMAIL_FROM# - Sender E-mail\n#EMAIL_TO# - Recipient E-mail', 100, 'email'),
(46, 'en', 'BLOG_YOU_TO_BLOG', 'You have been added to blog friends', '#BLOG_ID# - Blog ID\n#BLOG_NAME# - Blog name\n#BLOG_URL# - Blog name, Latin letters only\n#BLOG_ADR# - Blog address\n#USER_ID# - User ID\n#USER# - User\n#USER_URL# - User URL\n#EMAIL_FROM# - Sender E-mail\n#EMAIL_TO# - Recipient E-mail', 100, 'email'),
(47, 'en', 'BLOG_BLOG_TO_YOU', 'A blog has been added to your friends', '#BLOG_ID# - Blog ID\n#BLOG_NAME# - Blog name\n#BLOG_URL# - Blog name, Latin letters only\n#BLOG_ADR# - Blog address\n#USER_ID# - User ID\n#USER# - User\n#USER_URL# - User URL\n#EMAIL_FROM# - Sender E-mail\n#EMAIL_TO# - Recipient E-mail', 100, 'email'),
(48, 'en', 'BLOG_USER_TO_YOUR_BLOG', 'A friend has been added to your blog', '#BLOG_ID# - Blog ID\n#BLOG_NAME# - Blog name\n#BLOG_URL# - Blog name, Latin letters only\n#BLOG_ADR# - Blog address\n#USER_ID# - User ID\n#USER# - User\n#USER_URL# - User URL\n#EMAIL_FROM# - Sender E-mail\n#EMAIL_TO# - Recipient E-mail', 100, 'email'),
(49, 'en', 'BLOG_SONET_NEW_POST', 'New post added', '#EMAIL_TO# - Recipient email\n#POST_ID# - Post ID\n#URL_ID# - Post URL', 100, 'email'),
(50, 'en', 'BLOG_SONET_NEW_COMMENT', 'Comment added', '#EMAIL_TO# - Recipient email\n#COMMENT_ID# - Comment ID\n#POST_ID# - Post ID\n#URL_ID# - Post URL', 100, 'email'),
(51, 'en', 'BLOG_SONET_POST_SHARE', 'New recipient added', '#EMAIL_TO# - Recipient email\n#POST_ID# - Post ID\n#URL_ID# - Post URL', 100, 'email'),
(52, 'en', 'BLOG_POST_BROADCAST', 'New post added', '\n#MESSAGE_TITLE# - Post subject\n#MESSAGE_TEXT# - Post text \n#MESSAGE_PATH# - Post URL\n#AUTHOR# - Post author\n#EMAIL_TO# - E-mail recipient', 100, 'email'),
(53, 'ru', 'NEW_FORUM_MESSAGE', 'Новое сообщение на форуме', '\n			#FORUM_ID# - ID форума\n			#FORUM_NAME# - Название форума\n			#TOPIC_ID# - ID темы\n			#MESSAGE_ID# - ID сообщения\n			#TOPIC_TITLE# - Тема сообщения\n			#MESSAGE_TEXT# - Текст сообщения\n			#MESSAGE_DATE# - Дата сообщения\n			#AUTHOR# - Автор сообщения\n			#RECIPIENT# - Получатель сообщения\n			#TAPPROVED# - Тема сообщения показывается\n			#MAPPROVED# - Тело сообщения показывается\n			#PATH2FORUM# - Адрес сообщения\n			#FROM_EMAIL# - E-Mail для поля From письма', 100, 'email'),
(54, 'ru', 'NEW_FORUM_PRIV', 'Приватное письмо посетителю форума', '\n			#FROM_NAME# - Автор сообщения\n			#FROM_EMAIL# - E-Mail автора сообщения\n			#TO_NAME# - Имя получателя сообщения\n			#TO_EMAIL# - E-Mail получателя сообщения\n			#SUBJECT# - Тема сообщения\n			#MESSAGE# - Тело сообщения\n			#MESSAGE_DATE# - Дата сообщения', 100, 'email'),
(55, 'ru', 'NEW_FORUM_PRIVATE_MESSAGE', 'Приватное сообщение', '\n			#FROM_NAME# - Имя автора сообщения\n			#FROM_USER_ID# - ID автора сообщения\n			#FROM_EMAIL# - E-Mail автора сообщения\n			#TO_NAME# - Имя получателя сообщения\n			#TO_USER_ID# - ID получателя сообщения\n			#TO_EMAIL# - E-Mail получателя сообщения\n			#SUBJECT# - Тема сообщения\n			#MESSAGE# - Текст сообщения\n			#MESSAGE_DATE# - Дата сообщения\n			#MESSAGE_LINK# - Ссылка на сообщение', 100, 'email'),
(56, 'ru', 'EDIT_FORUM_MESSAGE', 'Изменение сообщения на форуме', '\n			#FORUM_ID# - ID форума\n			#FORUM_NAME# - Название форума\n			#TOPIC_ID# - ID темы\n			#MESSAGE_ID# - ID сообщения\n			#TOPIC_TITLE# - Тема сообщения\n			#MESSAGE_TEXT# - Текст сообщения\n			#MESSAGE_DATE# - Дата сообщения\n			#AUTHOR# - Автор сообщения\n			#RECIPIENT# - Получатель сообщения\n			#TAPPROVED# - Тема сообщения показывается\n			#MAPPROVED# - Тело сообщения показывается\n			#PATH2FORUM# - Адрес сообщения\n			#FROM_EMAIL# - E-Mail для поля From письма', 100, 'email'),
(57, 'en', 'NEW_FORUM_MESSAGE', 'New forum message', '\n			#FORUM_ID# - Forum ID\n			#FORUM_NAME# - Forum name\n			#TOPIC_ID# - Topic ID\n			#MESSAGE_ID# - Message ID\n			#TOPIC_TITLE# - Topic title\n			#MESSAGE_TEXT# - Message text\n			#MESSAGE_DATE# - Message date\n			#AUTHOR# - Message author\n			#RECIPIENT# - E-Mail recipient\n			#TAPPROVED# - Message topic is approved\n			#MAPPROVED# - Message is approved\n			#PATH2FORUM# - Message Url\n			#FROM_EMAIL# - E-Mail for From field of the EMail', 100, 'email'),
(58, 'en', 'NEW_FORUM_PRIV', 'Private message for forum user', '\n			#FROM_NAME# - Name of the sender\n			#FROM_EMAIL# - E-Mail of the sender\n			#TO_NAME# - Name of recipient\n			#TO_EMAIL# - E-Mail of recipient\n			#SUBJECT# - Topic\n			#MESSAGE# - Message\n			#MESSAGE_DATE# - Date', 100, 'email'),
(59, 'en', 'NEW_FORUM_PRIVATE_MESSAGE', 'Private message for forum user', '\n			#FROM_NAME# - Name of the sender\n			#FROM_USER_ID# - ID of the sender\n			#FROM_EMAIL# - E-Mail of the sender\n			#TO_NAME# - Name of recipient\n			#TO_USER_ID# - ID of recipient\n			#TO_EMAIL# - E-Mail of recipient\n			#SUBJECT# - Topic\n			#MESSAGE# - Message\n			#MESSAGE_DATE# - Date\n			#MESSAGE_LINK# - Link to message', 100, 'email'),
(60, 'en', 'EDIT_FORUM_MESSAGE', 'Changing forum message', '\n			#FORUM_ID# - Forum ID\n			#FORUM_NAME# - Forum name\n			#TOPIC_ID# - Topic ID\n			#MESSAGE_ID# - Message ID\n			#TOPIC_TITLE# - Topic title\n			#MESSAGE_TEXT# - Message text\n			#MESSAGE_DATE# - Message date\n			#AUTHOR# - Message author\n			#RECIPIENT# - E-Mail recipient\n			#TAPPROVED# - Message topic is approved\n			#MAPPROVED# - Message is approved\n			#PATH2FORUM# - Message Url\n			#FROM_EMAIL# - E-Mail for From field of the EMail', 100, 'email'),
(61, 'ru', 'FORUM_NEW_MESSAGE_MAIL', 'Новое сообщение на форуме в режиме общения по E-Mail', '#FORUM_NAME# - Название форума\n#AUTHOR# - Автор сообщения\n#FROM_EMAIL# - E-Mail для поля From письма\n#RECIPIENT# - Получатель сообщения\n#TOPIC_TITLE# - Тема сообщения\n#MESSAGE_TEXT# - Текст сообщения\n#PATH2FORUM# - Адрес сообщения\n#MESSAGE_DATE# - Дата сообщения\n#FORUM_EMAIL# - Е-Mail адрес для добавления сообщений на форум\n#FORUM_ID# - ID форума\n#TOPIC_ID# - ID темы \n#MESSAGE_ID# - ID сообщения\n#TAPPROVED# - Тема опубликована\n#MAPPROVED# - Сообщение опубликовано\n', 100, 'email'),
(62, 'en', 'FORUM_NEW_MESSAGE_MAIL', 'New message at the forum (e-mail messaging mode)', '#FORUM_NAME# - Forum name\n#AUTHOR# - Message author\n#FROM_EMAIL# - E-Mail in the &amp;From&amp; field\n#RECIPIENT# - Message recipient\n#TOPIC_TITLE# - Message subject\n#MESSAGE_TEXT# - Message text\n#PATH2FORUM# - Message URL\n#MESSAGE_DATE# - Message date\n#FORUM_EMAIL# - E-Mail to add messages to the forum \n#FORUM_ID# - Forum ID\n#TOPIC_ID# - Topic ID \n#MESSAGE_ID# - Message ID\n#TAPPROVED# - Topic approved and published\n#MAPPROVED# - Message approved and published\n', 100, 'email'),
(63, 'ru', 'VIRUS_DETECTED', 'Обнаружен вирус', '#EMAIL# - E-Mail администратора сайта (из настроек главного модуля)', 100, 'email'),
(64, 'en', 'VIRUS_DETECTED', 'Virus detected', '#EMAIL# - Site administrator\'s e-mail address (from the Kernel module settings)', 100, 'email'),
(65, 'ru', 'SUBSCRIBE_CONFIRM', 'Подтверждение подписки', '#ID# - идентификатор подписки\n#EMAIL# - адрес подписки\n#CONFIRM_CODE# - код подтверждения\n#SUBSCR_SECTION# - раздел, где находится страница редактирования подписки (задается в настройках)\n#USER_NAME# - имя подписчика (может отсутствовать)\n#DATE_SUBSCR# - дата добавления/изменения адреса\n', 100, 'email'),
(66, 'en', 'SUBSCRIBE_CONFIRM', 'Confirmation of subscription', '#ID# - subscription ID\n#EMAIL# - subscription email\n#CONFIRM_CODE# - confirmation code\n#SUBSCR_SECTION# - section with subscription edit page (specifies in the settings)\n#USER_NAME# - subscriber\'s name (optional)\n#DATE_SUBSCR# - date of adding/change of address\n', 100, 'email'),
(67, 'ru', 'VOTE_FOR', 'Новый голос', '#ID# - ID результата голосования\n#TIME# - время голосования\n#VOTE_TITLE# - наименование опроса\n#VOTE_DESCRIPTION# - описание опроса\n#VOTE_ID# - ID опроса\n#CHANNEL# - наименование группы опроса\n#CHANNEL_ID# - ID группы опроса\n#VOTER_ID# - ID проголосовавшего посетителя\n#USER_NAME# - ФИО пользователя\n#LOGIN# - логин\n#USER_ID# - ID пользователя\n#STAT_GUEST_ID# - ID посетителя модуля статистики\n#SESSION_ID# - ID сессии модуля статистики\n#IP# - IP адрес\n#VOTE_STATISTIC# - Сводная статистика опроса типа ( - Вопрос - Ответ )\n#URL# - Путь к опросу\n', 100, 'email'),
(68, 'en', 'VOTE_FOR', 'New vote', '#ID# - Vote result ID\n#TIME# - Time of vote\n#VOTE_TITLE# - Poll name\n#VOTE_DESCRIPTION# - Poll description\n#VOTE_ID# - Poll ID\n#CHANNEL# - Poll group name\n#CHANNEL_ID# - Poll group ID\n#VOTER_ID# - Voter\'s user ID\n#USER_NAME# - User full name\n#LOGIN# - login\n#USER_ID# - User ID\n#STAT_GUEST_ID# - Visitor ID in web analytics module\n#SESSION_ID# - Session ID in web analytics module\n#IP# - IP address\n#VOTE_STATISTIC# - Summary statistics of this poll type ( - Question - Answer)\n#URL# - Poll URL', 100, 'email');

-- --------------------------------------------------------

--
-- Структура таблицы `b_favorite`
--

CREATE TABLE `b_favorite` (
  `ID` int(11) NOT NULL,
  `TIMESTAMP_X` datetime DEFAULT NULL,
  `DATE_CREATE` datetime DEFAULT NULL,
  `C_SORT` int(11) NOT NULL DEFAULT '100',
  `MODIFIED_BY` int(11) DEFAULT NULL,
  `CREATED_BY` int(11) DEFAULT NULL,
  `MODULE_ID` varchar(50) COLLATE utf8_unicode_ci DEFAULT NULL,
  `NAME` varchar(255) COLLATE utf8_unicode_ci DEFAULT NULL,
  `URL` text COLLATE utf8_unicode_ci,
  `COMMENTS` text COLLATE utf8_unicode_ci,
  `LANGUAGE_ID` char(2) COLLATE utf8_unicode_ci DEFAULT NULL,
  `USER_ID` int(11) DEFAULT NULL,
  `CODE_ID` int(11) DEFAULT NULL,
  `COMMON` char(1) COLLATE utf8_unicode_ci NOT NULL DEFAULT 'Y',
  `MENU_ID` varchar(255) COLLATE utf8_unicode_ci DEFAULT NULL
) ENGINE=InnoDB DEFAULT CHARSET=utf8 COLLATE=utf8_unicode_ci;

-- --------------------------------------------------------

--
-- Структура таблицы `b_file`
--

CREATE TABLE `b_file` (
  `ID` int(11) NOT NULL,
  `TIMESTAMP_X` timestamp NULL DEFAULT NULL,
  `MODULE_ID` varchar(50) COLLATE utf8_unicode_ci DEFAULT NULL,
  `HEIGHT` int(11) DEFAULT NULL,
  `WIDTH` int(11) DEFAULT NULL,
  `FILE_SIZE` bigint(20) DEFAULT NULL,
  `CONTENT_TYPE` varchar(255) COLLATE utf8_unicode_ci DEFAULT 'IMAGE',
  `SUBDIR` varchar(255) COLLATE utf8_unicode_ci DEFAULT NULL,
  `FILE_NAME` varchar(255) COLLATE utf8_unicode_ci NOT NULL,
  `ORIGINAL_NAME` varchar(255) COLLATE utf8_unicode_ci DEFAULT NULL,
  `DESCRIPTION` varchar(255) COLLATE utf8_unicode_ci DEFAULT NULL,
  `HANDLER_ID` varchar(50) COLLATE utf8_unicode_ci DEFAULT NULL,
  `EXTERNAL_ID` varchar(50) COLLATE utf8_unicode_ci DEFAULT NULL
) ENGINE=InnoDB DEFAULT CHARSET=utf8 COLLATE=utf8_unicode_ci;

--
-- Дамп данных таблицы `b_file`
--

INSERT INTO `b_file` (`ID`, `TIMESTAMP_X`, `MODULE_ID`, `HEIGHT`, `WIDTH`, `FILE_SIZE`, `CONTENT_TYPE`, `SUBDIR`, `FILE_NAME`, `ORIGINAL_NAME`, `DESCRIPTION`, `HANDLER_ID`, `EXTERNAL_ID`) VALUES
(1, '2022-11-19 10:41:44', 'iblock', 251, 1622, 352412, 'image/png', 'iblock/a42/i5vp9h1i06ijb6pjo1yv6bfwrvfieaz3', 'verter-word.png', 'verter-word.png', '', NULL, '1af83457bae9655ddafe6c41085bb47f'),
(2, '2022-11-19 10:34:54', 'iblock', 562, 588, 241397, 'image/png', 'iblock/2f1/ngg5e73kdeg4h06et00vh4ejhk2ucitv', 'macbook.png', 'macbook.png', '', NULL, 'cc85bf9b7608fbdad9805139d4efa942'),
(5, '2022-11-20 08:26:47', 'iblock', 290, 324, 121410, 'image/png', 'iblock/f69/nflfrwd1yuspb0thdask9pxyf2uulpbm', 'box.png', 'box.png', '', NULL, '70ed44a45715ff4851a0eea477a81011'),
(6, '2022-11-19 11:05:36', 'iblock', 87, 69, 1606, 'image/png', 'iblock/251/bmu8ulewq8378bcc8aceeg3qoomz2b9f', 'clothes.png', 'clothes.png', '', NULL, '540558cca0f742d296e25f9ae94d5e4a'),
(7, '2022-11-19 11:05:54', 'iblock', 86, 86, 3111, 'image/png', 'iblock/c7d/4xgmqsqlkr8a0px0yf4tzyn0j5hy5f0a', 'shoes.png', 'shoes.png', '', NULL, '5d7be403d1e8f807d2648b1b47dedf45'),
(8, '2022-11-19 11:06:12', 'iblock', 81, 92, 2209, 'image/png', 'iblock/232/13n4db5zjab76rjm5trc8ah3zs72lg0r', 'tools.png', 'tools.png', '', NULL, '3f4f8e80e13597d140046e7825408305'),
(9, '2022-11-19 11:06:37', 'iblock', 87, 85, 3298, 'image/png', 'iblock/f17/q6mp02iuzxlqtqbmc41awoejn1v186nu', 'metal.png', 'metal.png', '', NULL, 'f4db7a9aa0fcda6996a7ee2201e7560c'),
(10, '2022-11-19 11:07:06', 'iblock', 90, 86, 5141, 'image/png', 'iblock/dae/9ymxsu6w62pxx7hm67yzfvq1jon4ijs8', 'wheels.png', 'wheels.png', '', NULL, 'cc762bef85993bfa5f498fadb63d98ef'),
(11, '2022-11-19 11:09:00', 'iblock', 80, 93, 1314, 'image/png', 'iblock/bd5/i6cda1k62k0tjy3b2k0d4jtt0lhty422', 'electronics.png', 'electronics.png', '', NULL, '37fc96695d0da2a3e66f6fd20f0d730e'),
(12, '2022-11-19 11:10:19', 'iblock', 78, 101, 2706, 'image/png', 'iblock/1bf/6oa445mu6lq0uyjf2wmaxpv5p2gdm736', 'build.png', 'build.png', '', NULL, '1960c2d5b523c61e7563f34ad61cbf10'),
(13, '2022-11-19 11:10:40', 'iblock', 79, 118, 3698, 'image/png', 'iblock/902/9ttfbc4m448i31s4fx55cgw50hl8gk54', 'cloth.png', 'cloth.png', '', NULL, 'f1f6b543157bd86d5e99eb6bfbaf17fe'),
(14, '2022-11-19 11:12:07', 'iblock', 88, 117, 4132, 'image/png', 'iblock/f7f/2pzetzeputmj74ublfwei4p1mip41a6o', 'food.png', 'food.png', '', NULL, 'e6c135eb4cc6263ef46ac5837d33446c'),
(15, '2022-11-19 11:12:42', 'iblock', 94, 94, 3014, 'image/png', 'iblock/bb1/nfc52dbbd4pbrj7g8c8mjhq090sfcpk3', 'medicines.png', 'medicines.png', '', NULL, '9eaf90cf1d964d4a6e13f6189f3ad7af'),
(16, '2022-11-20 08:26:58', 'iblock', 306, 407, 120364, 'image/png', 'iblock/424/1xxdehlv5ec647bo1l4i5bab7v5qsmv4', 'shirt-v.png', 'shirt-v.png', '', NULL, '164fdf79aab6e6c33fd6da8b91148c7a'),
(17, '2022-11-20 08:27:07', 'iblock', 268, 366, 86742, 'image/png', 'iblock/3fb/cm4kgv61c6vmkwxqrokom7oy95yfthnv', 'kaska.png', 'kaska.png', '', NULL, '290c70c9f4c78afd63eb39a5c3dc51de'),
(18, '2022-11-20 08:57:27', 'iblock', 311, 707, 248355, 'image/png', 'iblock/465/pc036krliy8q6xrng7plhs5fgq482dec', 'wms.png', 'wms.png', '', NULL, '84d7d904d8b66765c6cc49e526552a62'),
(19, '2022-11-20 08:57:27', 'iblock', 407, 1323, 132889, 'image/jpeg', 'iblock/539/c5c0hoasoxqxc1airuqqvkj4q61qxycp', 'wms_bg.jpg', 'wms_bg.jpg', '', NULL, '4b9607a9e8d916ebd264b280b44dc4d8'),
(20, '2022-11-20 08:58:20', 'iblock', 407, 636, 456667, 'image/png', 'iblock/4da/30htf2rtrdz77iagp1hu8yoveq041oyb', 'monitoring.png', 'monitoring.png', '', NULL, '037b380a82caa9d0258dc1cf89eff3f0'),
(21, '2022-11-20 08:59:22', 'iblock', 338, 271, 104903, 'image/png', 'iblock/3f9/mzqnsda18cqcu332ax03j06ajabujuzt', 'infomat.png', 'infomat.png', '', NULL, '36a395970f1afa2c943dd4144a05d53a'),
(22, '2022-11-20 09:00:39', 'iblock', 40, 178, 3609, 'image/png', 'iblock/be9/ewntxc048x666nw1smpo0w5jjkl3j7qr', 'chesny.png', 'chesny.png', '', NULL, '900d116528a3db0685a859225dfdc906'),
(23, '2022-11-20 09:00:39', 'iblock', 407, 903, 369872, 'image/png', 'iblock/baf/xxf3cguzdftod371g46k8tjj295gtpeu', 'markirovka.png', 'markirovka.png', '', NULL, 'cac6fe32de893d91599bc40f83c73aad'),
(24, '2022-11-20 09:15:54', 'iblock', 325, 207, 54516, 'image/png', 'iblock/293/4i33adwl74wpfgxg54obz74532bk5re3', 'ticket.png', 'ticket.png', '', NULL, '1e87d1e74bb8fff6fb652f0776b22137'),
(25, '2022-11-20 09:16:36', 'iblock', 347, 318, 33075, 'image/png', 'iblock/456/drmz011c6v0rb2418fs1yv1te3rnggbr', 'pc.png', 'pc.png', '', NULL, '91362ece6f28a85a1b7c44039babbe72'),
(26, '2022-11-20 09:24:02', 'iblock', 407, 1321, 260987, 'image/png', 'iblock/53a/j76rlbuqwewu1xn8n1b5y5v117i5lvb4', '1.png', '1.png', '', NULL, '63438de4678d8bc9d94744f69c2bc335'),
(27, '2022-11-20 09:30:12', 'iblock', 407, 636, 31006, 'image/png', 'iblock/f63/zhwedw0lduf4pwp6vh4edia07prlnhz5', '2.png', '2.png', '', NULL, '19d801882ee2b7ce4ecf59a0a36301a4'),
(28, '2022-11-20 09:30:45', 'iblock', 407, 636, 52642, 'image/png', 'iblock/a0a/nlinslvgo5i5mwq1cbsdrz09gvhq77tf', '3.png', '3.png', '', NULL, 'f0c3c4e4fea0f7a22cdde433332eab24'),
(29, '2022-11-20 09:31:40', 'iblock', 407, 1322, 161303, 'image/png', 'iblock/2ad/20fwg73o2luqzntukir1tdfunwv4txf1', '4.png', '4.png', '', NULL, '0681bfccc025b6bcadceccf9ff4a6c36'),
(30, '2022-11-20 09:40:47', 'iblock', 407, 1321, 290558, 'image/png', 'iblock/392/xziufzqhsm7ugi6tmg5ytgysl0er71sp', '1.png', '1.png', '', NULL, 'df54e148c2b1544899a4532906ee0d52'),
(31, '2022-11-20 09:40:40', 'iblock', 407, 1321, 290558, 'image/png', 'iblock/392/xziufzqhsm7ugi6tmg5ytgysl0er71sp', '1.png', '1.png', '', NULL, 'd43577aa5ab4cec23a2643e973f6ac1b'),
(32, '2022-11-20 09:41:37', 'iblock', 407, 639, 153204, 'image/png', 'iblock/4da/vwzgku6331x0g9ojuda7hc4053zwftiw', '3.png', '3.png', '', NULL, '2e89f2606d2550b2e107e1cde13cdf45'),
(33, '2022-11-20 09:42:35', 'iblock', 407, 1248, 488026, 'image/png', 'iblock/718/3eb2jy1hu691qhqq3019s2e5b0rnox7c', '4.png', '4.png', '', NULL, '42395684c2215b2d94c48bc45907a343'),
(34, '2022-11-20 09:42:35', 'iblock', 407, 624, 187783, 'image/png', 'iblock/662/5k533kfa2d7ggjtin2rgbn9g1qv8fxs8', 'macbook2_md.png', 'macbook2_md.png', '', NULL, 'd51ac12a8d82b325318dfbc6ae266840'),
(35, '2022-11-20 09:43:11', 'iblock', 407, 635, 44700, 'image/png', 'iblock/72e/eoz1js2jcha1tdfmgfm21gqswmsroa8o', '5.png', '5.png', '', NULL, 'c24b3fd9705bbb0ecf887a762ff69127'),
(36, '2022-11-20 09:43:44', 'iblock', 234, 199, 42796, 'image/png', 'iblock/3e9/77wa3p4dr1jw1i2vbm25xb55b9ubi3xm', '6.png', '6.png', '', NULL, '54435fa242fa0964e57b7a00c1e2336c'),
(37, '2022-11-20 09:48:15', 'iblock', 245, 175, 8178, 'image/jpeg', 'iblock/7e5/xc75rhpilikyoxdvvuz3ep6mop1gm41t', 'cert.jpg', 'cert.jpg', '', NULL, '2b394e89af20635d6a2d00c1097aacbf'),
(38, '2022-11-20 09:48:15', 'iblock', 0, 0, 3229, 'image/svg+xml', 'iblock/04d/m59gy5d7cibkt7vyx1l7uqirir0og60y', 'label.svg', 'label.svg', '', NULL, 'e949a5a0b409405ae365e7d52e250c4f'),
(39, '2022-11-20 09:49:51', 'iblock', 245, 176, 24192, 'image/png', 'iblock/1af/fzn3wg72uoidqo9803woftl4e4dudl11', 'cert_2.png', 'cert_2.png', '', NULL, '08006be637930c4ab2e3b6961e124e82'),
(40, '2022-11-20 09:49:51', 'iblock', 0, 0, 2283, 'image/svg+xml', 'iblock/796/azzkof7gwgg5bwgj28q4kn6u6uhqp7n9', 'romer.svg', 'romer.svg', '', NULL, '4ad986d5ca3cc5df09972d49ec27298b'),
(41, '2022-11-20 10:07:51', 'iblock', 0, 0, 2066, 'image/svg+xml', 'iblock/b64/2dbz6wx5giss5xg7ozwpzbtju5nv82l4', 'rostech.svg', 'rostech.svg', '', NULL, '7c03c500ebc246223b5722ed36b5a90c'),
(42, '2022-11-20 10:08:09', 'iblock', 0, 0, 3011, 'image/svg+xml', 'iblock/abf/1d23q3hznrgzg31jny1p8sfjoj4d5gqu', 'gazprom.svg', 'gazprom.svg', '', NULL, '7750ecff8d8c4c836f8b6d337a01b4ed'),
(43, '2022-11-20 10:08:26', 'iblock', 0, 0, 3172, 'image/svg+xml', 'iblock/1af/7p5dv6jozg0m4dpvr329ij8ds0pm4ta4', 'tehno.svg', 'tehno.svg', '', NULL, '63d4c2f916ab6b67788d636bf40ac5a1'),
(44, '2022-11-20 10:08:42', 'iblock', 0, 0, 1034, 'image/svg+xml', 'iblock/35f/2m3ol6dxwjq2g3f9cyyhtqcijf598jzl', 'sheremet.svg', 'sheremet.svg', '', NULL, 'a3302306cc83ceccb5130e6223272658'),
(45, '2022-11-20 10:14:20', 'iblock', 0, 0, 2066, 'image/svg+xml', 'iblock/b64/2dbz6wx5giss5xg7ozwpzbtju5nv82l4', 'rostech.svg', 'rostech.svg', '', NULL, '1ac9403904a87f1fc005f351cfb82f2a'),
(46, '2022-11-20 10:23:47', 'iblock', 146, 223, 39039, 'image/png', 'iblock/14d/3n20d0s7wtzdk3k0logtubhf50lxa4dx', 'box_1.png', 'box_1.png', '', NULL, '55ac45b6ea345913bcab39994957572f'),
(47, '2022-11-20 10:24:35', 'iblock', 113, 148, 18575, 'image/png', 'iblock/8ad/wkkd49z5nsog6b4f8fw32ahfjnnuw1vc', 'sticker.png', 'sticker.png', '', NULL, '7f6789ba4a348fa6df4512ed3a9fbc51'),
(48, '2022-11-20 10:25:07', 'iblock', 183, 221, 36655, 'image/png', 'iblock/5d5/ksjwcq4khn6vb6qcc0ggn1wm28itmcce', 'box_2.png', 'box_2.png', '', NULL, 'c2733115efa08f4ea446f04cb79075be'),
(49, '2022-11-20 10:25:57', 'iblock', 207, 259, 61687, 'image/png', 'iblock/971/0wtie852wcdvnihehq9m3xjyl0jaftk9', 'box_3.png', 'box_3.png', '', NULL, 'b9fe92995a21cbe24a2c9a26a168cb1b'),
(50, '2022-11-20 10:26:39', 'iblock', 316, 316, 141204, 'image/png', 'iblock/a2c/74cq90fymc8bx1f0gjcatze0e1at8qqt', 'scanner.png', 'scanner.png', '', NULL, '0722f092dfbc2bffb70371bd379a586f'),
(52, '2022-12-05 14:05:13', 'iblock', 1021, 1800, 195959, 'image/jpeg', 'iblock/23a/87k1pk392h8iqx4zu9e3djw1b0f16xw0', 'bg-3.jpg', 'bg-3.jpg', '', NULL, 'a5b6c8f45f8246891aceca0b39ce4a1f'),
(53, '2022-12-05 16:43:03', 'iblock', 316, 651, 124050, 'image/png', 'iblock/b4b/ci1wl7cpdkezh171e4n1nq3d2wz8jn8j', 'grid-1-1.png', 'grid-1-1.png', '', NULL, '85e16d51db333ac3a7bbfea48a4eacff'),
(55, '2022-12-07 10:52:01', 'iblock', 245, 176, 7882, 'image/png', 'iblock/013/89b7985b76axv7wmv33pa1a0yoebubfl', 'img-2.png', 'img-2.png', '', NULL, '1f38930f329ce6a387661f120a9882f8'),
(56, '2022-12-07 10:52:01', 'iblock', 93, 290, 2404, 'image/png', 'iblock/e26/l8lwctvfsc3d1b9eve220rk73hwgb9a7', 'img-1.png', 'img-1.png', '', NULL, 'cbc5a664fbcf63b3191a4ee5ebbcb8f7'),
(57, '2022-12-07 10:54:00', 'iblock', 34, 175, 990, 'image/png', 'iblock/cc8/lag0f167y3ao5zt3wwmlo4glowhp6g7l', 'img-3.png', 'img-3.png', '', NULL, '9871f11d0b8fe5a0a2d80a29de53467f'),
(58, '2022-12-07 10:54:53', 'iblock', 34, 175, 990, 'image/png', 'iblock/cc8/lag0f167y3ao5zt3wwmlo4glowhp6g7l', 'img-3.png', 'img-3.png', '', NULL, '0484b7d3f5d8c2fad5267f6ad6e062ac'),
(60, '2022-12-07 10:56:11', 'iblock', 93, 290, 2404, 'image/png', 'iblock/e26/l8lwctvfsc3d1b9eve220rk73hwgb9a7', 'img-1.png', 'img-1.png', '', NULL, 'b7409e6c261ad685fe53e6e5764d02fd'),
(61, '2022-12-07 10:56:52', 'iblock', 34, 175, 990, 'image/png', 'iblock/cc8/lag0f167y3ao5zt3wwmlo4glowhp6g7l', 'img-3.png', 'img-3.png', '', NULL, 'ab7685a5480938f729f02e9195a97a37'),
(62, '2022-12-07 10:57:36', 'iblock', 34, 175, 990, 'image/png', 'iblock/cc8/lag0f167y3ao5zt3wwmlo4glowhp6g7l', 'img-3.png', 'img-3.png', '', NULL, 'c19a0433ccdac115ceb7177f07854902'),
(65, '2022-12-07 13:05:16', 'iblock', 316, 651, 62171, 'image/png', 'iblock/fba/c2t3rnbwx6rvip2hzqrhjkwxpjxqshl2', 'grid-1-2.png', 'grid-1-2.png', '', NULL, 'aad71738b10527b37654b74c0c4f823e'),
(66, '2022-12-14 14:12:25', 'iblock', 245, 176, 7882, 'image/png', 'iblock/013/89b7985b76axv7wmv33pa1a0yoebubfl', 'img-2.png', 'img-2.png', '', NULL, '27e46e07bdac4245542823bd2f2d6abe'),
(68, '2022-12-14 14:12:37', 'iblock', 245, 176, 7882, 'image/png', 'iblock/013/89b7985b76axv7wmv33pa1a0yoebubfl', 'img-2.png', 'img-2.png', '', NULL, 'b4c10430c4c9957000ba62c3ae55bd56'),
(71, '2022-12-07 18:43:35', 'iblock', 93, 290, 2404, 'image/png', 'iblock/e26/l8lwctvfsc3d1b9eve220rk73hwgb9a7', 'img-1.png', 'img-1.png', '', NULL, 'e0a2d2b17bc9a60b63b6ea5e08124cfd'),
(76, '2022-12-08 10:01:53', 'iblock', 75, 65, 793, 'image/png', 'iblock/aa6/hggjsdh1a11a7wj6qdpfobkg9jynj1qj', 'icon-1.png', 'icon-1.png', '', NULL, 'a68a6a50da103bb01b2659b56cd8c7c2'),
(77, '2022-12-08 10:01:53', 'iblock', 67, 79, 1295, 'image/png', 'iblock/369/nuapm0r0as7zpodhrwyqfl2tpmlzp9m2', 'icon-2.png', 'icon-2.png', '', NULL, '3a0d83bbd38fcaf9df2e869f3b8498a8'),
(78, '2022-12-08 10:02:03', 'iblock', 487, 499, 68223, 'image/png', 'iblock/604/f1t2ene60d5calh4b6g5u5kkqv37pdfj', 'box.png', 'box.png', '', NULL, '523d7664e2018f658db2781eb3fda396'),
(79, '2022-12-08 10:03:46', 'iblock', 75, 65, 793, 'image/png', 'iblock/aa6/hggjsdh1a11a7wj6qdpfobkg9jynj1qj', 'icon-1.png', 'icon-1.png', '', NULL, '4b4993dae3404300167b5ebc051d7350'),
(80, '2022-12-08 10:03:46', 'iblock', 67, 79, 1295, 'image/png', 'iblock/369/nuapm0r0as7zpodhrwyqfl2tpmlzp9m2', 'icon-2.png', 'icon-2.png', '', NULL, 'e43fd2cde130fbdaac32d9eae29d5226'),
(81, '2022-12-08 10:03:58', 'iblock', 487, 499, 68223, 'image/png', 'iblock/604/f1t2ene60d5calh4b6g5u5kkqv37pdfj', 'box.png', 'box.png', '', NULL, '8bdb9787dcdd9937dd57271ed4415e23'),
(82, '2022-12-08 14:44:10', 'iblock', 316, 316, 51259, 'image/png', 'iblock/b0d/zua60o1bbi3mokawof96tloge2w3fkkj', 'grid-1-3.png', 'grid-1-3.png', '', NULL, 'e431d01ac8a26ff7f08524c58fd49219'),
(83, '2022-12-08 14:46:45', 'iblock', 651, 316, 81335, 'image/png', 'iblock/084/2ig1fp7tev4sdlwgsogt61gntpj19pxb', 'grid-1-4.png', 'grid-1-4.png', '', NULL, 'e045f3521ebfd630b52a2afb4984e6e6'),
(84, '2022-12-08 14:47:40', 'iblock', 651, 651, 133889, 'image/png', 'iblock/185/me7a0p4gnw45dtt808lfmq3uyhd4nf0e', 'grid-1-5.png', 'grid-1-5.png', '', NULL, '3d09b3702cef53068f42264b633e6924'),
(85, '2022-12-08 14:48:35', 'iblock', 316, 651, 59028, 'image/png', 'iblock/e7c/lw7kzf3negeobge5kpwzeo8gskkxr2aq', 'grid-1-7.png', 'grid-1-7.png', '', NULL, 'cf813f5a0a0a58f9a8e633dd9ff60148'),
(86, '2022-12-08 14:50:01', 'iblock', 316, 651, 36254, 'image/png', 'iblock/372/eo30osq35z55bb7apalmq74qltdjmyfm', 'grid-1-8.png', 'grid-1-8.png', '', NULL, '429b6b2873865a32dd7ce5e3e824f408'),
(87, '2022-12-08 14:51:49', 'iblock', 316, 316, 18573, 'image/png', 'iblock/9ec/npm7m0tjzlw0ezoj5e6uiqldgvyjhgta', 'grid-1-6.png', 'grid-1-6.png', '', NULL, '68d6a2e6f960e61a15123c31be801e42'),
(88, '2022-12-08 17:36:00', 'iblock', 1021, 1800, 228225, 'image/jpeg', 'iblock/6bc/r3ryjiqs9jdgtcw7gpekqs2a1b5mxe4c', 'bg-1.jpg', 'bg-1.jpg', '', NULL, '3c2eeaa1be608ea1b9735df61e85381c'),
(90, '2022-12-08 17:33:38', 'iblock', 1020, 1800, 130151, 'image/jpeg', 'iblock/468/ow3ugodkvm97dh91gzavesul2a2tomyp', 'bg-2.jpg', 'bg-2.jpg', '', NULL, '3bea3e75fbde18554a2fdc97d94102bb'),
(91, '2022-12-08 17:36:00', 'iblock', 1021, 1800, 228225, 'image/jpeg', 'iblock/6bc/r3ryjiqs9jdgtcw7gpekqs2a1b5mxe4c', 'bg-1.jpg', 'bg-1.jpg', '', NULL, '939dae32a1e1ccdf64913e8a57c9990f'),
(92, '2022-12-08 17:36:55', 'iblock', 1020, 1800, 130151, 'image/jpeg', 'iblock/468/ow3ugodkvm97dh91gzavesul2a2tomyp', 'bg-2.jpg', 'bg-2.jpg', '', NULL, '1a31dbd215f0e3885d5b7fd98cd8ac5e'),
(93, '2022-12-08 18:13:37', 'iblock', 407, 1321, 239829, 'image/png', 'iblock/4fc/iouc3euxvv72exfpx8usqaaa3v8ey450', '1 (2).png', '1 (2).png', '', NULL, 'b0358b920294d9f8c8cdb435cd25edde'),
(94, '2022-12-08 18:14:14', 'iblock', 407, 636, 47112, 'image/png', 'iblock/aa7/o2ffgou3ggrzek5v58zkxb5n5vlxir9i', '2 (1).png', '2 (1).png', '', NULL, '1a439c4643e5f0a11ad3d61d422951c8'),
(95, '2022-12-08 18:14:51', 'iblock', 407, 639, 109091, 'image/png', 'iblock/f3c/gnfhdt3u4v0k2hgmfo9g090lyqf92rtn', '3 (1).png', '3 (1).png', '', NULL, '6a73e0e3c9ba66d388cfce87dfa9db48'),
(96, '2022-12-08 18:15:43', 'iblock', 360, 1300, 63177, 'image/png', 'iblock/fa1/ibz28r11krpmdgyy46vwh8vgj74xp93a', '4 (1).png', '4 (1).png', '', NULL, '2e843e56c8d40768b839feac0dd5107a'),
(98, '2022-12-08 18:16:45', 'iblock', 407, 635, 18185, 'image/png', 'iblock/f8e/amfrw608rfishskas8xisscu0tp3miuu', '5.png', '5.png', '', NULL, '0be518d3678c75927b48b051d91b3866'),
(99, '2022-12-08 18:17:31', 'iblock', 360, 684, 8284, 'image/png', 'iblock/cc7/2dvpj7y9zo7279ntdd27f8fp0hd0s33d', '6.png', '6.png', '', NULL, 'e15d0a076e49c755fbcd9f098f31df47'),
(100, '2022-12-14 16:26:36', 'iblock', 1039, 1800, 164505, 'image/jpeg', 'iblock/b4c/zxfja8gjkaan7e24icz7pcsn22d74fj7', 'bg-4.jpg', 'bg-4.jpg', '', NULL, 'e1ff636ddc023723a01afe96581eb172'),
(101, '2022-12-11 11:45:42', 'iblock', 93, 290, 2404, 'image/png', 'iblock/e26/l8lwctvfsc3d1b9eve220rk73hwgb9a7', 'img-1.png', 'img-1.png', '', NULL, '027208daf9ca40265d0470c922776d26'),
(102, '2022-12-11 13:30:58', 'iblock', 316, 651, 124050, 'image/png', 'iblock/b4b/ci1wl7cpdkezh171e4n1nq3d2wz8jn8j', 'grid-1-1.png', 'grid-1-1.png', '', NULL, 'bd98a59c1d03fff5beb80a16de3714dc'),
(103, '2022-12-11 13:30:58', 'iblock', 316, 651, 62171, 'image/png', 'iblock/fba/c2t3rnbwx6rvip2hzqrhjkwxpjxqshl2', 'grid-1-2.png', 'grid-1-2.png', '', NULL, '2ed1e89bfd9eb60b26e41b6abda8cb47'),
(104, '2022-12-11 13:30:58', 'iblock', 316, 316, 51259, 'image/png', 'iblock/b0d/zua60o1bbi3mokawof96tloge2w3fkkj', 'grid-1-3.png', 'grid-1-3.png', '', NULL, '4014141b773dab540632d17bf08c5624'),
(105, '2022-12-11 13:30:58', 'iblock', 651, 316, 81335, 'image/png', 'iblock/084/2ig1fp7tev4sdlwgsogt61gntpj19pxb', 'grid-1-4.png', 'grid-1-4.png', '', NULL, '814b994a4467e11c24ea2735d73e65c5'),
(106, '2022-12-11 13:30:58', 'iblock', 651, 651, 133889, 'image/png', 'iblock/185/me7a0p4gnw45dtt808lfmq3uyhd4nf0e', 'grid-1-5.png', 'grid-1-5.png', '', NULL, '6a10dd76eeedac476430f0c219d41b81'),
(107, '2022-12-11 22:17:09', 'iblock', 316, 316, 18573, 'image/png', 'iblock/9ec/npm7m0tjzlw0ezoj5e6uiqldgvyjhgta', 'grid-1-6.png', 'grid-1-6.png', '', NULL, 'c1e06e1d5ef710cee3416c0875951325'),
(108, '2022-12-13 01:14:02', 'iblock', 137, 137, 6995, 'image/png', 'iblock/251/y1cfrpmz2utmty9saceuhn3u1jpgh8qe', 'photo.png', 'photo.png', '', NULL, '3e8a5702c5e27b6d537b270c61d43bcc'),
(109, '2022-12-13 01:14:02', 'iblock', 137, 137, 6995, 'image/png', 'iblock/251/y1cfrpmz2utmty9saceuhn3u1jpgh8qe', 'photo.png', 'photo.png', '', NULL, 'd85cf6f57273b2f368bd929ad20bbbb6'),
(110, '2022-12-13 01:14:02', 'iblock', 137, 137, 6995, 'image/png', 'iblock/251/y1cfrpmz2utmty9saceuhn3u1jpgh8qe', 'photo.png', 'photo.png', '', NULL, 'bd4893092b77e1374ca65ab31ac073d0'),
(111, '2022-12-13 03:43:23', 'fileman', 586, 989, 348244, 'image/png', 'medialibrary/915/s1iiha8u2bveenlx2hpf1rbteglei926', 'img-4.png', 'img-4.png', '', NULL, '00cd93b0d4d5e55bb3e7c21fcc637688'),
(112, '2022-12-13 06:03:06', 'iblock', 586, 989, 348244, 'image/png', 'medialibrary/915/s1iiha8u2bveenlx2hpf1rbteglei926', 'img-4.png', 'img-4.png', '', NULL, 'a09e8e9133dc3c75418861f2581a55c1'),
(113, '2022-12-13 06:03:06', 'iblock', 586, 989, 349114, 'image/png', 'iblock/bee/f31ze2m3vo7hl02k570u8oo5ehmtwqzr', 'img-5.png', 'img-5.png', '', NULL, 'd0502b986ff50b0643c7c0b4ce2aa986'),
(114, '2022-12-13 06:03:06', 'iblock', 586, 989, 336168, 'image/png', 'iblock/86b/hz16pk3zhldesxm24o55hbdcmgg6f5gi', 'img-6.png', 'img-6.png', '', NULL, 'f70cfc339240b79435e76b5d15074a01'),
(116, '2022-12-13 08:30:34', 'fileman', 586, 989, 336168, 'image/png', 'iblock/86b/hz16pk3zhldesxm24o55hbdcmgg6f5gi', 'img-6.png', 'img-6.png', '', NULL, 'f150ee0e7225f151cb135e5b3ec092c7'),
(117, '2022-12-14 05:13:24', 'iblock', 316, 316, 9944, 'image/png', 'iblock/1ba/bvh2pgs7e0gl1i53wqfilbryc2gu0rww', 'img-13.png', 'img-13.png', '', NULL, 'f622338061337e79d59a320a417eac02'),
(118, '2022-12-14 05:19:21', 'iblock', 316, 651, 22887, 'image/png', 'iblock/ee4/0wk3gurg52dp62uy4gme3m0ag8lle5ga', 'img-7.png', 'img-7.png', '', NULL, 'c8460ee5a95baad849d9dd1ca56d820f'),
(119, '2022-12-14 05:19:21', 'iblock', 316, 316, 6568, 'image/png', 'iblock/895/v6eimcckcs4szjnz1zzahc7du9mg18ve', 'img-8.png', 'img-8.png', '', NULL, '27dbbc36aed3bda61d6d3569f0564cab'),
(120, '2022-12-14 05:19:21', 'iblock', 316, 316, 15323, 'image/png', 'iblock/74f/wj04awsvt4pjejxrkb2n1oho4da7ifbo', 'img-9.png', 'img-9.png', '', NULL, '2c80ee833c935960e5a773cc65bfe549'),
(121, '2022-12-14 05:19:21', 'iblock', 651, 316, 36427, 'image/png', 'iblock/63c/19ofbkqgbgw50m2kzhj7bxp30s1rvfoo', 'img-10.png', 'img-10.png', '', NULL, '8d7d7c050ebc3bcb3dc3417bc4d4c2db'),
(122, '2022-12-14 05:31:07', 'iblock', 316, 651, 28428, 'image/png', 'iblock/81a/oppe5c6hh14c3vh733irtypgw1eeds5o', 'img-11.png', 'img-11.png', '', NULL, '2475cf945429be5600b5cff3b252bcc9'),
(123, '2022-12-14 05:31:07', 'iblock', 316, 316, 12597, 'image/png', 'iblock/ae0/7d8ixr6sr241lp07qumfgwqhm736u3k9', 'img-12.png', 'img-12.png', '', NULL, '9e39e48bce27058089b7d6ba192d1362'),
(124, '2022-12-14 07:04:39', 'iblock', 109, 95, 969, 'image/png', 'iblock/d58/b2qyl9a64yxnelgbhjmkfao9d45sxn26', 'box (1).png', 'box (1).png', '', NULL, 'af17b5ac91947d3a32b104f526c72190'),
(125, '2022-12-14 07:04:39', 'iblock', 109, 95, 969, 'image/png', 'iblock/d58/b2qyl9a64yxnelgbhjmkfao9d45sxn26', 'box (1).png', 'box (1).png', '', NULL, 'f36744a2bc95fb29bb102cbfbd9596c9'),
(126, '2022-12-14 07:04:39', 'iblock', 109, 95, 969, 'image/png', 'iblock/d58/b2qyl9a64yxnelgbhjmkfao9d45sxn26', 'box (1).png', 'box (1).png', '', NULL, '685ef610def271d772ec38511ea08f7c'),
(127, '2022-12-14 07:04:39', 'iblock', 109, 95, 969, 'image/png', 'iblock/d58/b2qyl9a64yxnelgbhjmkfao9d45sxn26', 'box (1).png', 'box (1).png', '', NULL, '3ecaa3f3a1b80b73609ce449f70476c4'),
(128, '2022-12-14 07:04:39', 'iblock', 109, 95, 969, 'image/png', 'iblock/d58/b2qyl9a64yxnelgbhjmkfao9d45sxn26', 'box (1).png', 'box (1).png', '', NULL, '7b63933f00b5564afeebabc4fe00713a'),
(129, '2022-12-14 07:04:39', 'iblock', 109, 95, 969, 'image/png', 'iblock/d58/b2qyl9a64yxnelgbhjmkfao9d45sxn26', 'box (1).png', 'box (1).png', '', NULL, 'c74cf781250b257e995434c7b0c1b440'),
(130, '2022-12-14 07:04:39', 'iblock', 109, 95, 969, 'image/png', 'iblock/d58/b2qyl9a64yxnelgbhjmkfao9d45sxn26', 'box (1).png', 'box (1).png', '', NULL, 'ce4d92cb1f30b1c07ac3f3ea896f8566'),
(131, '2022-12-14 16:11:52', 'iblock', 245, 176, 7882, 'image/png', 'iblock/013/89b7985b76axv7wmv33pa1a0yoebubfl', 'img-2.png', 'img-2.png', '', NULL, '0a7ec0f30cebcc1c4830f19595419422'),
(132, '2022-12-14 16:11:52', 'iblock', 34, 175, 990, 'image/png', 'iblock/cc8/lag0f167y3ao5zt3wwmlo4glowhp6g7l', 'img-3.png', 'img-3.png', '', NULL, 'da1438d154b43a1ab9148c75da3a5b37'),
(133, '2022-12-14 16:25:33', 'iblock', 93, 290, 2404, 'image/png', 'iblock/e26/l8lwctvfsc3d1b9eve220rk73hwgb9a7', 'img-1.png', 'img-1.png', '', NULL, 'f734fb0674585ce94342565faa0ad62b'),
(134, '2022-12-14 16:25:57', 'iblock', 34, 175, 990, 'image/png', 'iblock/cc8/lag0f167y3ao5zt3wwmlo4glowhp6g7l', 'img-3.png', 'img-3.png', '', NULL, 'dc3a6e604dda97bea3bf5ee417e39d86');

-- --------------------------------------------------------

--
-- Структура таблицы `b_file_duplicate`
--

CREATE TABLE `b_file_duplicate` (
  `DUPLICATE_ID` int(11) NOT NULL,
  `ORIGINAL_ID` int(11) NOT NULL,
  `COUNTER` int(11) NOT NULL DEFAULT '1',
  `ORIGINAL_DELETED` char(1) COLLATE utf8_unicode_ci NOT NULL DEFAULT 'N'
) ENGINE=InnoDB DEFAULT CHARSET=utf8 COLLATE=utf8_unicode_ci;

--
-- Дамп данных таблицы `b_file_duplicate`
--

INSERT INTO `b_file_duplicate` (`DUPLICATE_ID`, `ORIGINAL_ID`, `COUNTER`, `ORIGINAL_DELETED`) VALUES
(31, 30, 1, 'N'),
(45, 41, 1, 'N'),
(58, 57, 1, 'N'),
(60, 56, 1, 'Y'),
(61, 57, 1, 'N'),
(62, 57, 1, 'N'),
(66, 55, 1, 'Y'),
(68, 55, 1, 'N'),
(71, 56, 1, 'N'),
(79, 76, 1, 'N'),
(80, 77, 1, 'N'),
(81, 78, 1, 'N'),
(91, 88, 1, 'N'),
(92, 90, 1, 'Y'),
(101, 56, 1, 'N'),
(102, 53, 1, 'N'),
(103, 65, 1, 'N'),
(104, 82, 1, 'N'),
(105, 83, 1, 'N'),
(106, 84, 1, 'N'),
(107, 87, 1, 'N'),
(109, 108, 1, 'N'),
(110, 108, 1, 'N'),
(112, 111, 1, 'N'),
(116, 114, 1, 'N'),
(125, 124, 1, 'N'),
(126, 124, 1, 'N'),
(127, 124, 1, 'N'),
(128, 124, 1, 'N'),
(129, 124, 1, 'N'),
(130, 124, 1, 'N'),
(131, 55, 1, 'N'),
(132, 57, 1, 'N'),
(133, 56, 1, 'N'),
(134, 57, 1, 'N');

-- --------------------------------------------------------

--
-- Структура таблицы `b_file_hash`
--

CREATE TABLE `b_file_hash` (
  `FILE_ID` int(11) NOT NULL,
  `FILE_SIZE` bigint(20) NOT NULL,
  `FILE_HASH` varchar(50) COLLATE utf8_unicode_ci NOT NULL
) ENGINE=InnoDB DEFAULT CHARSET=utf8 COLLATE=utf8_unicode_ci;

--
-- Дамп данных таблицы `b_file_hash`
--

INSERT INTO `b_file_hash` (`FILE_ID`, `FILE_SIZE`, `FILE_HASH`) VALUES
(76, 793, '8745297decf04fab0511859bbab17e4a'),
(124, 969, '0ef56479dd6aad298f046baf67370a3f'),
(57, 990, 'a8278c7260fe470a06a6d4af7ed99a7e'),
(44, 1034, '81072b1bdf212698193bc4fa51796d48'),
(77, 1295, 'faebd14909f5495781f561f6db0c3523'),
(11, 1314, 'd5fa922a6e234b5f5f9450d85fe4a21e'),
(6, 1606, '604b84cae7ec101c8f8f0215fee11a7c'),
(41, 2066, 'aefffe0b1eaec642898cf891753d0cf2'),
(8, 2209, '7955e388bf228083ed7366541450581e'),
(40, 2283, '45316188eaa555c03dab137b880ff9e8'),
(56, 2404, '122e27b16148161c4394b8e2d7197be3'),
(12, 2706, '0a0d027875c1741b9129f3b2d17b2560'),
(42, 3011, 'f024301de953e737677e09ed5f382327'),
(15, 3014, '408a6f875a14c8fb9cec458ea96327c5'),
(7, 3111, '03f5d9188806f3933c9dc69dd67ffed4'),
(43, 3172, '8b276ed2bab3e1caeb3d80d6e6ad7c3c'),
(38, 3229, '5ef1f9d8cd978bc37e5f88f1980124ac'),
(9, 3298, '4c7439501462d378f5024718d88d2ba5'),
(22, 3609, '079a9b96b0de1e8ef46db2ce719ce1de'),
(13, 3698, '0a90ebd2c4e9a0c64024383e555db54f'),
(14, 4132, 'c51ac698a279afb3f379dd12e6001382'),
(10, 5141, 'a96e89075ca91d3ff8953daf0eb2b9b8'),
(119, 6568, '9a3840cf27c17da84f511232300f5ae1'),
(108, 6995, 'c58021673259fab6c137c30ed927d33a'),
(55, 7882, 'ceddf0eb1c25bfa867ed751be5fbeb15'),
(37, 8178, 'dfe6dbdca1b8177e3f6123ba9ea3377c'),
(99, 8284, 'bdb38cf942d1d30e088990700c97ba6a'),
(117, 9944, '8d7e17aa5eb51161f8cb80ff4c29a12b'),
(123, 12597, '6c8e526de1a07ed45a7442de571c10c0'),
(120, 15323, '13757fb5fc4c18cd3d8e5b17c460a300'),
(98, 18185, 'bfbf140a998607d5890048e99314bd6a'),
(87, 18573, '226aa8252ac1f625d33cc8ef4d3e67fb'),
(47, 18575, '2371e6c45e98bef5f81803f85fe0e6f1'),
(118, 22887, 'fc6c20dcc3b4521f22cd2c4264cb980d'),
(39, 24192, 'cb85ba6c9c7df530d853c5bf0bc62b52'),
(122, 28428, '7f1091c2a8208b464e2e0549eee74568'),
(27, 31006, '3afd4ef07259c84cf968da18d473eec1'),
(25, 33075, '3a5cf04275859eb085beffa5f7496cde'),
(86, 36254, '7c441de2ebb97266dcee793c10f9a57f'),
(121, 36427, '45f14f8c638fdc59d9a63fe5c1243ca4'),
(48, 36655, '66ff0c8d3df1e822d394889e07c12e69'),
(46, 39039, 'af91a46f0bd2bf8b8ac2fc89cef53809'),
(36, 42796, '1c21e630780681153522e30608427ddf'),
(35, 44700, '14f106173b036c4e6cdabad880367813'),
(94, 47112, '8ffbf8e5cb40bc1554ce99ece5b0a255'),
(82, 51259, 'cbdcd40bdc0eadf7af561b59e06d8f4a'),
(28, 52642, 'bf953f0d21e84b954931d950035fb846'),
(24, 54516, '317291f4eb0c95cc2b4b07a9051bec53'),
(85, 59028, 'af14eb5d68dcdb560190de23a7c3d545'),
(49, 61687, '65a4a1af96d115b409b9c1ff8280915b'),
(65, 62171, 'f39b7d1af1bc3e74de63a84045e7fb46'),
(96, 63177, '1860c3d8d2e580694b147c6b86991bbc'),
(78, 68223, '233f74bba7e449bf9c42c70e6ad8ccef'),
(83, 81335, '765ff669bf2b88366c271ce9b88b3d01'),
(17, 86742, '5b884fc5ff6490bb167dd7d36831bce8'),
(21, 104903, '1ce8dbd5b5d0feb6885de9d35eb9f092'),
(95, 109091, 'd71855198565e29d969a7d298ecb19be'),
(16, 120364, 'e1a3414da654fe11496a07f8870fadbc'),
(5, 121410, 'a1da23e60f0d8c5b9467d61503da6214'),
(53, 124050, '0a4d9128b399aa630d217e5242098873'),
(90, 130151, '92cb84d6e71e7cb921b9cbfd907bf63e'),
(19, 132889, 'ec3814a480a43f8f3ab9c083f241c9db'),
(84, 133889, '05b8ff48d6d862e571c96723ac188d5c'),
(50, 141204, 'b330ade075bcbc2e2ee0d331dee62fe2'),
(32, 153204, 'e1a8a919e0880be810073fbbc140bda4'),
(29, 161303, '0fb3d11ab2f73f8fe0b1dc978491709f'),
(100, 164505, 'f856a9b6d691da734ad5ba3db7fffc0d'),
(34, 187783, 'b3eab420cfd321804fe1f6fcea994651'),
(52, 195959, '6dfe36eba2d1d4e732a907f6de6eaa51'),
(88, 228225, 'a3a498b1dadcc5147a90bea092835f0b'),
(93, 239829, '093b3c2935c18dead7ca9a87a26e1daa'),
(2, 241397, '4eac8eca7f5e4143c23926c20c8b7ae8'),
(18, 248355, 'd1d3e49ebbafa715de0883ca9d656d53'),
(26, 260987, '54c41aa3b6c5f50b69ca758c51e89efa'),
(30, 290558, 'd9d8a6e4ef2787ea6d1553cd7d5e4496'),
(114, 336168, '1d33f4487ba86a2b39c284dafa6c5746'),
(111, 348244, '4101c955f05742bfedcc902dc782c4d5'),
(113, 349114, '5f384b077e26f0feea8d54b9dad2e212'),
(1, 352412, 'c21926566436d326be820285bb628890'),
(23, 369872, '9da5b5d310dd7e5911ce06f5b4b194fd'),
(20, 456667, '1b3f563312f78d6a91657bb15533af1b'),
(33, 488026, 'c8f0f024b9fd3d2a072f7a3fce586b88');

-- --------------------------------------------------------

--
-- Структура таблицы `b_file_preview`
--

CREATE TABLE `b_file_preview` (
  `ID` int(11) NOT NULL,
  `FILE_ID` int(11) NOT NULL,
  `PREVIEW_ID` int(11) DEFAULT NULL,
  `PREVIEW_IMAGE_ID` int(11) DEFAULT NULL,
  `CREATED_AT` datetime NOT NULL,
  `TOUCHED_AT` datetime DEFAULT NULL
) ENGINE=InnoDB DEFAULT CHARSET=utf8 COLLATE=utf8_unicode_ci;

-- --------------------------------------------------------

--
-- Структура таблицы `b_file_search`
--

CREATE TABLE `b_file_search` (
  `ID` int(11) NOT NULL,
  `SESS_ID` varchar(255) COLLATE utf8_unicode_ci NOT NULL,
  `TIMESTAMP_X` timestamp NOT NULL,
  `F_PATH` varchar(255) COLLATE utf8_unicode_ci DEFAULT NULL,
  `B_DIR` int(11) NOT NULL DEFAULT '0',
  `F_SIZE` int(11) NOT NULL DEFAULT '0',
  `F_TIME` int(11) NOT NULL DEFAULT '0'
) ENGINE=InnoDB DEFAULT CHARSET=utf8 COLLATE=utf8_unicode_ci;

-- --------------------------------------------------------

--
-- Структура таблицы `b_filters`
--

CREATE TABLE `b_filters` (
  `ID` int(11) NOT NULL,
  `USER_ID` int(11) DEFAULT NULL,
  `FILTER_ID` varchar(255) COLLATE utf8_unicode_ci NOT NULL,
  `NAME` varchar(255) COLLATE utf8_unicode_ci NOT NULL,
  `FIELDS` text COLLATE utf8_unicode_ci NOT NULL,
  `COMMON` char(1) COLLATE utf8_unicode_ci DEFAULT NULL,
  `PRESET` char(1) COLLATE utf8_unicode_ci DEFAULT NULL,
  `LANGUAGE_ID` char(2) COLLATE utf8_unicode_ci DEFAULT NULL,
  `PRESET_ID` varchar(255) COLLATE utf8_unicode_ci DEFAULT NULL,
  `SORT` int(11) DEFAULT NULL,
  `SORT_FIELD` varchar(255) COLLATE utf8_unicode_ci DEFAULT NULL
) ENGINE=InnoDB DEFAULT CHARSET=utf8 COLLATE=utf8_unicode_ci;

-- --------------------------------------------------------

--
-- Структура таблицы `b_finder_dest`
--

CREATE TABLE `b_finder_dest` (
  `USER_ID` int(11) NOT NULL,
  `CODE` varchar(30) COLLATE utf8_unicode_ci NOT NULL,
  `CODE_USER_ID` int(11) DEFAULT NULL,
  `CODE_TYPE` varchar(10) COLLATE utf8_unicode_ci DEFAULT NULL,
  `CONTEXT` varchar(50) COLLATE utf8_unicode_ci NOT NULL,
  `LAST_USE_DATE` datetime DEFAULT NULL
) ENGINE=InnoDB DEFAULT CHARSET=utf8 COLLATE=utf8_unicode_ci;

-- --------------------------------------------------------

--
-- Структура таблицы `b_form`
--

CREATE TABLE `b_form` (
  `ID` int(18) NOT NULL,
  `TIMESTAMP_X` datetime DEFAULT NULL,
  `NAME` varchar(255) COLLATE utf8_unicode_ci NOT NULL,
  `SID` varchar(50) COLLATE utf8_unicode_ci NOT NULL,
  `BUTTON` varchar(255) COLLATE utf8_unicode_ci DEFAULT NULL,
  `C_SORT` int(18) DEFAULT '100',
  `FIRST_SITE_ID` char(2) COLLATE utf8_unicode_ci DEFAULT NULL,
  `IMAGE_ID` int(18) DEFAULT NULL,
  `USE_CAPTCHA` char(1) COLLATE utf8_unicode_ci DEFAULT 'N',
  `DESCRIPTION` text COLLATE utf8_unicode_ci,
  `DESCRIPTION_TYPE` varchar(4) COLLATE utf8_unicode_ci NOT NULL DEFAULT 'html',
  `FORM_TEMPLATE` text COLLATE utf8_unicode_ci,
  `USE_DEFAULT_TEMPLATE` char(1) COLLATE utf8_unicode_ci DEFAULT 'Y',
  `SHOW_TEMPLATE` varchar(255) COLLATE utf8_unicode_ci DEFAULT NULL,
  `MAIL_EVENT_TYPE` varchar(50) COLLATE utf8_unicode_ci DEFAULT NULL,
  `SHOW_RESULT_TEMPLATE` varchar(255) COLLATE utf8_unicode_ci DEFAULT NULL,
  `PRINT_RESULT_TEMPLATE` varchar(255) COLLATE utf8_unicode_ci DEFAULT NULL,
  `EDIT_RESULT_TEMPLATE` varchar(255) COLLATE utf8_unicode_ci DEFAULT NULL,
  `FILTER_RESULT_TEMPLATE` text COLLATE utf8_unicode_ci,
  `TABLE_RESULT_TEMPLATE` text COLLATE utf8_unicode_ci,
  `USE_RESTRICTIONS` char(1) COLLATE utf8_unicode_ci DEFAULT 'N',
  `RESTRICT_USER` int(5) DEFAULT '0',
  `RESTRICT_TIME` int(10) DEFAULT '0',
  `RESTRICT_STATUS` varchar(255) COLLATE utf8_unicode_ci DEFAULT NULL,
  `STAT_EVENT1` varchar(255) COLLATE utf8_unicode_ci DEFAULT NULL,
  `STAT_EVENT2` varchar(255) COLLATE utf8_unicode_ci DEFAULT NULL,
  `STAT_EVENT3` varchar(255) COLLATE utf8_unicode_ci DEFAULT NULL
) ENGINE=InnoDB DEFAULT CHARSET=utf8 COLLATE=utf8_unicode_ci;

-- --------------------------------------------------------

--
-- Структура таблицы `b_form_2_group`
--

CREATE TABLE `b_form_2_group` (
  `ID` int(18) NOT NULL,
  `FORM_ID` int(18) NOT NULL DEFAULT '0',
  `GROUP_ID` int(18) NOT NULL DEFAULT '0',
  `PERMISSION` int(5) NOT NULL DEFAULT '1'
) ENGINE=InnoDB DEFAULT CHARSET=utf8 COLLATE=utf8_unicode_ci;

-- --------------------------------------------------------

--
-- Структура таблицы `b_form_2_mail_template`
--

CREATE TABLE `b_form_2_mail_template` (
  `FORM_ID` int(18) NOT NULL DEFAULT '0',
  `MAIL_TEMPLATE_ID` int(18) NOT NULL DEFAULT '0'
) ENGINE=InnoDB DEFAULT CHARSET=utf8 COLLATE=utf8_unicode_ci;

-- --------------------------------------------------------

--
-- Структура таблицы `b_form_2_site`
--

CREATE TABLE `b_form_2_site` (
  `FORM_ID` int(18) NOT NULL DEFAULT '0',
  `SITE_ID` char(2) COLLATE utf8_unicode_ci NOT NULL
) ENGINE=InnoDB DEFAULT CHARSET=utf8 COLLATE=utf8_unicode_ci;

-- --------------------------------------------------------

--
-- Структура таблицы `b_form_answer`
--

CREATE TABLE `b_form_answer` (
  `ID` int(18) NOT NULL,
  `FIELD_ID` int(18) NOT NULL DEFAULT '0',
  `TIMESTAMP_X` datetime DEFAULT NULL,
  `MESSAGE` text COLLATE utf8_unicode_ci,
  `C_SORT` int(18) NOT NULL DEFAULT '100',
  `ACTIVE` char(1) COLLATE utf8_unicode_ci NOT NULL DEFAULT 'Y',
  `VALUE` varchar(255) COLLATE utf8_unicode_ci DEFAULT NULL,
  `FIELD_TYPE` varchar(255) COLLATE utf8_unicode_ci NOT NULL DEFAULT 'text',
  `FIELD_WIDTH` int(18) DEFAULT NULL,
  `FIELD_HEIGHT` int(18) DEFAULT NULL,
  `FIELD_PARAM` text COLLATE utf8_unicode_ci
) ENGINE=InnoDB DEFAULT CHARSET=utf8 COLLATE=utf8_unicode_ci;

-- --------------------------------------------------------

--
-- Структура таблицы `b_form_crm`
--

CREATE TABLE `b_form_crm` (
  `ID` int(18) NOT NULL,
  `NAME` varchar(255) COLLATE utf8_unicode_ci NOT NULL DEFAULT '',
  `ACTIVE` char(1) COLLATE utf8_unicode_ci DEFAULT 'Y',
  `URL` varchar(255) COLLATE utf8_unicode_ci NOT NULL DEFAULT '',
  `AUTH_HASH` varchar(32) COLLATE utf8_unicode_ci DEFAULT ''
) ENGINE=InnoDB DEFAULT CHARSET=utf8 COLLATE=utf8_unicode_ci;

-- --------------------------------------------------------

--
-- Структура таблицы `b_form_crm_field`
--

CREATE TABLE `b_form_crm_field` (
  `ID` int(18) NOT NULL,
  `LINK_ID` int(18) NOT NULL DEFAULT '0',
  `FIELD_ID` int(18) DEFAULT '0',
  `FIELD_ALT` varchar(100) COLLATE utf8_unicode_ci DEFAULT '',
  `CRM_FIELD` varchar(255) COLLATE utf8_unicode_ci NOT NULL DEFAULT ''
) ENGINE=InnoDB DEFAULT CHARSET=utf8 COLLATE=utf8_unicode_ci;

-- --------------------------------------------------------

--
-- Структура таблицы `b_form_crm_link`
--

CREATE TABLE `b_form_crm_link` (
  `ID` int(18) NOT NULL,
  `FORM_ID` int(18) NOT NULL DEFAULT '0',
  `CRM_ID` int(18) NOT NULL DEFAULT '0',
  `LINK_TYPE` char(1) COLLATE utf8_unicode_ci NOT NULL DEFAULT 'M'
) ENGINE=InnoDB DEFAULT CHARSET=utf8 COLLATE=utf8_unicode_ci;

-- --------------------------------------------------------

--
-- Структура таблицы `b_form_field`
--

CREATE TABLE `b_form_field` (
  `ID` int(18) NOT NULL,
  `FORM_ID` int(18) NOT NULL DEFAULT '0',
  `TIMESTAMP_X` datetime DEFAULT NULL,
  `ACTIVE` char(1) COLLATE utf8_unicode_ci NOT NULL DEFAULT 'Y',
  `TITLE` text COLLATE utf8_unicode_ci,
  `TITLE_TYPE` varchar(4) COLLATE utf8_unicode_ci NOT NULL DEFAULT 'text',
  `SID` varchar(50) COLLATE utf8_unicode_ci DEFAULT NULL,
  `C_SORT` int(18) NOT NULL DEFAULT '100',
  `ADDITIONAL` char(1) COLLATE utf8_unicode_ci NOT NULL DEFAULT 'N',
  `REQUIRED` char(1) COLLATE utf8_unicode_ci NOT NULL DEFAULT 'N',
  `IN_FILTER` char(1) COLLATE utf8_unicode_ci NOT NULL DEFAULT 'N',
  `IN_RESULTS_TABLE` char(1) COLLATE utf8_unicode_ci NOT NULL DEFAULT 'N',
  `IN_EXCEL_TABLE` char(1) COLLATE utf8_unicode_ci NOT NULL DEFAULT 'Y',
  `FIELD_TYPE` varchar(50) COLLATE utf8_unicode_ci DEFAULT NULL,
  `IMAGE_ID` int(18) DEFAULT NULL,
  `COMMENTS` text COLLATE utf8_unicode_ci,
  `FILTER_TITLE` text COLLATE utf8_unicode_ci,
  `RESULTS_TABLE_TITLE` text COLLATE utf8_unicode_ci
) ENGINE=InnoDB DEFAULT CHARSET=utf8 COLLATE=utf8_unicode_ci;

-- --------------------------------------------------------

--
-- Структура таблицы `b_form_field_filter`
--

CREATE TABLE `b_form_field_filter` (
  `ID` int(18) NOT NULL,
  `FIELD_ID` int(18) NOT NULL DEFAULT '0',
  `PARAMETER_NAME` varchar(50) COLLATE utf8_unicode_ci NOT NULL,
  `FILTER_TYPE` varchar(50) COLLATE utf8_unicode_ci NOT NULL
) ENGINE=InnoDB DEFAULT CHARSET=utf8 COLLATE=utf8_unicode_ci;

-- --------------------------------------------------------

--
-- Структура таблицы `b_form_field_validator`
--

CREATE TABLE `b_form_field_validator` (
  `ID` int(18) NOT NULL,
  `FORM_ID` int(18) NOT NULL DEFAULT '0',
  `FIELD_ID` int(18) NOT NULL DEFAULT '0',
  `TIMESTAMP_X` datetime DEFAULT NULL,
  `ACTIVE` char(1) COLLATE utf8_unicode_ci DEFAULT 'y',
  `C_SORT` int(18) DEFAULT '100',
  `VALIDATOR_SID` varchar(255) COLLATE utf8_unicode_ci NOT NULL DEFAULT '',
  `PARAMS` text COLLATE utf8_unicode_ci
) ENGINE=InnoDB DEFAULT CHARSET=utf8 COLLATE=utf8_unicode_ci;

-- --------------------------------------------------------

--
-- Структура таблицы `b_form_menu`
--

CREATE TABLE `b_form_menu` (
  `ID` int(18) NOT NULL,
  `FORM_ID` int(18) NOT NULL DEFAULT '0',
  `LID` char(2) COLLATE utf8_unicode_ci NOT NULL,
  `MENU` varchar(50) COLLATE utf8_unicode_ci DEFAULT NULL
) ENGINE=InnoDB DEFAULT CHARSET=utf8 COLLATE=utf8_unicode_ci;

-- --------------------------------------------------------

--
-- Структура таблицы `b_form_result`
--

CREATE TABLE `b_form_result` (
  `ID` int(18) NOT NULL,
  `TIMESTAMP_X` datetime DEFAULT NULL,
  `DATE_CREATE` datetime DEFAULT NULL,
  `STATUS_ID` int(18) NOT NULL DEFAULT '0',
  `FORM_ID` int(18) NOT NULL DEFAULT '0',
  `USER_ID` int(18) DEFAULT NULL,
  `USER_AUTH` char(1) COLLATE utf8_unicode_ci NOT NULL DEFAULT 'N',
  `STAT_GUEST_ID` int(18) DEFAULT NULL,
  `STAT_SESSION_ID` int(18) DEFAULT NULL,
  `SENT_TO_CRM` char(1) COLLATE utf8_unicode_ci DEFAULT 'N'
) ENGINE=InnoDB DEFAULT CHARSET=utf8 COLLATE=utf8_unicode_ci;

-- --------------------------------------------------------

--
-- Структура таблицы `b_form_result_answer`
--

CREATE TABLE `b_form_result_answer` (
  `ID` int(18) NOT NULL,
  `RESULT_ID` int(18) NOT NULL DEFAULT '0',
  `FORM_ID` int(18) NOT NULL DEFAULT '0',
  `FIELD_ID` int(18) NOT NULL DEFAULT '0',
  `ANSWER_ID` int(18) DEFAULT NULL,
  `ANSWER_TEXT` text COLLATE utf8_unicode_ci,
  `ANSWER_TEXT_SEARCH` longtext COLLATE utf8_unicode_ci,
  `ANSWER_VALUE` varchar(255) COLLATE utf8_unicode_ci DEFAULT NULL,
  `ANSWER_VALUE_SEARCH` longtext COLLATE utf8_unicode_ci,
  `USER_TEXT` longtext COLLATE utf8_unicode_ci,
  `USER_TEXT_SEARCH` longtext COLLATE utf8_unicode_ci,
  `USER_DATE` datetime DEFAULT NULL,
  `USER_FILE_ID` int(18) DEFAULT NULL,
  `USER_FILE_NAME` varchar(255) COLLATE utf8_unicode_ci DEFAULT NULL,
  `USER_FILE_IS_IMAGE` char(1) COLLATE utf8_unicode_ci DEFAULT NULL,
  `USER_FILE_HASH` varchar(255) COLLATE utf8_unicode_ci DEFAULT NULL,
  `USER_FILE_SUFFIX` varchar(255) COLLATE utf8_unicode_ci DEFAULT NULL,
  `USER_FILE_SIZE` int(18) DEFAULT NULL
) ENGINE=InnoDB DEFAULT CHARSET=utf8 COLLATE=utf8_unicode_ci;

-- --------------------------------------------------------

--
-- Структура таблицы `b_form_status`
--

CREATE TABLE `b_form_status` (
  `ID` int(18) NOT NULL,
  `FORM_ID` int(18) NOT NULL DEFAULT '0',
  `TIMESTAMP_X` datetime DEFAULT NULL,
  `ACTIVE` char(1) COLLATE utf8_unicode_ci NOT NULL DEFAULT 'Y',
  `C_SORT` int(18) NOT NULL DEFAULT '100',
  `TITLE` varchar(255) COLLATE utf8_unicode_ci NOT NULL,
  `DESCRIPTION` text COLLATE utf8_unicode_ci,
  `DEFAULT_VALUE` char(1) COLLATE utf8_unicode_ci NOT NULL DEFAULT 'N',
  `CSS` varchar(255) COLLATE utf8_unicode_ci DEFAULT 'statusgreen',
  `HANDLER_OUT` varchar(255) COLLATE utf8_unicode_ci DEFAULT NULL,
  `HANDLER_IN` varchar(255) COLLATE utf8_unicode_ci DEFAULT NULL,
  `MAIL_EVENT_TYPE` varchar(255) COLLATE utf8_unicode_ci DEFAULT NULL
) ENGINE=InnoDB DEFAULT CHARSET=utf8 COLLATE=utf8_unicode_ci;

-- --------------------------------------------------------

--
-- Структура таблицы `b_form_status_2_group`
--

CREATE TABLE `b_form_status_2_group` (
  `ID` int(18) NOT NULL,
  `STATUS_ID` int(18) NOT NULL DEFAULT '0',
  `GROUP_ID` int(18) NOT NULL DEFAULT '0',
  `PERMISSION` varchar(50) COLLATE utf8_unicode_ci NOT NULL
) ENGINE=InnoDB DEFAULT CHARSET=utf8 COLLATE=utf8_unicode_ci;

-- --------------------------------------------------------

--
-- Структура таблицы `b_form_status_2_mail_template`
--

CREATE TABLE `b_form_status_2_mail_template` (
  `STATUS_ID` int(18) NOT NULL DEFAULT '0',
  `MAIL_TEMPLATE_ID` int(18) NOT NULL DEFAULT '0'
) ENGINE=InnoDB DEFAULT CHARSET=utf8 COLLATE=utf8_unicode_ci;

-- --------------------------------------------------------

--
-- Структура таблицы `b_forum`
--

CREATE TABLE `b_forum` (
  `ID` int(10) NOT NULL,
  `FORUM_GROUP_ID` int(11) DEFAULT NULL,
  `NAME` varchar(255) COLLATE utf8_unicode_ci NOT NULL,
  `DESCRIPTION` text COLLATE utf8_unicode_ci,
  `SORT` int(10) NOT NULL DEFAULT '150',
  `ACTIVE` char(1) COLLATE utf8_unicode_ci NOT NULL DEFAULT 'Y',
  `ALLOW_HTML` char(1) COLLATE utf8_unicode_ci NOT NULL DEFAULT 'N',
  `ALLOW_ANCHOR` char(1) COLLATE utf8_unicode_ci NOT NULL DEFAULT 'Y',
  `ALLOW_BIU` char(1) COLLATE utf8_unicode_ci NOT NULL DEFAULT 'Y',
  `ALLOW_IMG` char(1) COLLATE utf8_unicode_ci NOT NULL DEFAULT 'Y',
  `ALLOW_VIDEO` char(1) COLLATE utf8_unicode_ci NOT NULL DEFAULT 'Y',
  `ALLOW_LIST` char(1) COLLATE utf8_unicode_ci NOT NULL DEFAULT 'Y',
  `ALLOW_QUOTE` char(1) COLLATE utf8_unicode_ci NOT NULL DEFAULT 'Y',
  `ALLOW_CODE` char(1) COLLATE utf8_unicode_ci NOT NULL DEFAULT 'Y',
  `ALLOW_FONT` char(1) COLLATE utf8_unicode_ci NOT NULL DEFAULT 'Y',
  `ALLOW_SMILES` char(1) COLLATE utf8_unicode_ci NOT NULL DEFAULT 'Y',
  `ALLOW_UPLOAD` char(1) COLLATE utf8_unicode_ci NOT NULL DEFAULT 'N',
  `ALLOW_TABLE` char(1) COLLATE utf8_unicode_ci NOT NULL DEFAULT 'N',
  `ALLOW_ALIGN` char(1) COLLATE utf8_unicode_ci NOT NULL DEFAULT 'Y',
  `ALLOW_UPLOAD_EXT` varchar(255) COLLATE utf8_unicode_ci DEFAULT NULL,
  `ALLOW_MOVE_TOPIC` char(1) COLLATE utf8_unicode_ci NOT NULL DEFAULT 'Y',
  `ALLOW_TOPIC_TITLED` char(1) COLLATE utf8_unicode_ci NOT NULL DEFAULT 'N',
  `ALLOW_NL2BR` char(1) COLLATE utf8_unicode_ci NOT NULL DEFAULT 'N',
  `ALLOW_SIGNATURE` char(1) COLLATE utf8_unicode_ci NOT NULL DEFAULT 'Y',
  `PATH2FORUM_MESSAGE` varchar(255) COLLATE utf8_unicode_ci DEFAULT NULL,
  `ASK_GUEST_EMAIL` char(1) COLLATE utf8_unicode_ci NOT NULL DEFAULT 'N',
  `USE_CAPTCHA` char(1) COLLATE utf8_unicode_ci NOT NULL DEFAULT 'N',
  `INDEXATION` char(1) COLLATE utf8_unicode_ci NOT NULL DEFAULT 'Y',
  `DEDUPLICATION` char(1) COLLATE utf8_unicode_ci NOT NULL DEFAULT 'Y',
  `MODERATION` char(1) COLLATE utf8_unicode_ci NOT NULL DEFAULT 'N',
  `ORDER_BY` char(1) COLLATE utf8_unicode_ci NOT NULL DEFAULT 'P',
  `ORDER_DIRECTION` varchar(4) COLLATE utf8_unicode_ci NOT NULL DEFAULT 'DESC',
  `LID` char(2) COLLATE utf8_unicode_ci NOT NULL DEFAULT 'ru',
  `TOPICS` int(11) NOT NULL DEFAULT '0',
  `POSTS` int(11) NOT NULL DEFAULT '0',
  `LAST_POSTER_ID` int(11) DEFAULT NULL,
  `LAST_POSTER_NAME` varchar(255) COLLATE utf8_unicode_ci DEFAULT NULL,
  `LAST_POST_DATE` datetime DEFAULT NULL,
  `LAST_MESSAGE_ID` bigint(20) DEFAULT NULL,
  `POSTS_UNAPPROVED` int(11) DEFAULT '0',
  `ABS_LAST_POSTER_ID` int(11) DEFAULT NULL,
  `ABS_LAST_POSTER_NAME` varchar(255) COLLATE utf8_unicode_ci DEFAULT NULL,
  `ABS_LAST_POST_DATE` datetime DEFAULT NULL,
  `ABS_LAST_MESSAGE_ID` bigint(20) DEFAULT NULL,
  `EVENT1` varchar(255) COLLATE utf8_unicode_ci DEFAULT 'forum',
  `EVENT2` varchar(255) COLLATE utf8_unicode_ci DEFAULT 'message',
  `EVENT3` varchar(255) COLLATE utf8_unicode_ci DEFAULT NULL,
  `HTML` varchar(255) COLLATE utf8_unicode_ci DEFAULT NULL,
  `XML_ID` varchar(255) COLLATE utf8_unicode_ci DEFAULT NULL
) ENGINE=InnoDB DEFAULT CHARSET=utf8 COLLATE=utf8_unicode_ci;

-- --------------------------------------------------------

--
-- Структура таблицы `b_forum2site`
--

CREATE TABLE `b_forum2site` (
  `FORUM_ID` int(11) NOT NULL,
  `SITE_ID` char(2) COLLATE utf8_unicode_ci NOT NULL,
  `PATH2FORUM_MESSAGE` varchar(250) COLLATE utf8_unicode_ci DEFAULT NULL
) ENGINE=InnoDB DEFAULT CHARSET=utf8 COLLATE=utf8_unicode_ci;

-- --------------------------------------------------------

--
-- Структура таблицы `b_forum_dictionary`
--

CREATE TABLE `b_forum_dictionary` (
  `ID` int(11) NOT NULL,
  `TITLE` varchar(50) COLLATE utf8_unicode_ci DEFAULT NULL,
  `TYPE` char(1) COLLATE utf8_unicode_ci DEFAULT NULL
) ENGINE=InnoDB DEFAULT CHARSET=utf8 COLLATE=utf8_unicode_ci;

--
-- Дамп данных таблицы `b_forum_dictionary`
--

INSERT INTO `b_forum_dictionary` (`ID`, `TITLE`, `TYPE`) VALUES
(1, '[ru] Словарь слов', 'W'),
(2, '[ru] Словарь транслита', 'T'),
(3, '[en] Bad words', 'W'),
(4, '[en] Transliteration', 'T');

-- --------------------------------------------------------

--
-- Структура таблицы `b_forum_email`
--

CREATE TABLE `b_forum_email` (
  `ID` int(11) NOT NULL,
  `EMAIL_FORUM_ACTIVE` char(1) COLLATE utf8_unicode_ci NOT NULL DEFAULT 'Y',
  `FORUM_ID` int(11) NOT NULL,
  `SOCNET_GROUP_ID` int(11) DEFAULT NULL,
  `MAIL_FILTER_ID` int(11) NOT NULL,
  `EMAIL` varchar(255) COLLATE utf8_unicode_ci NOT NULL,
  `USE_EMAIL` char(1) COLLATE utf8_unicode_ci DEFAULT NULL,
  `EMAIL_GROUP` varchar(255) COLLATE utf8_unicode_ci DEFAULT NULL,
  `SUBJECT_SUF` varchar(50) COLLATE utf8_unicode_ci DEFAULT NULL,
  `USE_SUBJECT` char(1) COLLATE utf8_unicode_ci DEFAULT NULL,
  `URL_TEMPLATES_MESSAGE` varchar(255) COLLATE utf8_unicode_ci DEFAULT NULL,
  `NOT_MEMBER_POST` char(1) COLLATE utf8_unicode_ci DEFAULT NULL
) ENGINE=InnoDB DEFAULT CHARSET=utf8 COLLATE=utf8_unicode_ci;

-- --------------------------------------------------------

--
-- Структура таблицы `b_forum_file`
--

CREATE TABLE `b_forum_file` (
  `ID` int(18) NOT NULL,
  `FORUM_ID` int(18) DEFAULT NULL,
  `TOPIC_ID` int(20) DEFAULT NULL,
  `MESSAGE_ID` int(20) DEFAULT NULL,
  `FILE_ID` int(18) NOT NULL,
  `USER_ID` int(18) DEFAULT NULL,
  `TIMESTAMP_X` timestamp NOT NULL,
  `HITS` int(18) DEFAULT NULL
) ENGINE=InnoDB DEFAULT CHARSET=utf8 COLLATE=utf8_unicode_ci;

-- --------------------------------------------------------

--
-- Структура таблицы `b_forum_filter`
--

CREATE TABLE `b_forum_filter` (
  `ID` int(11) NOT NULL,
  `DICTIONARY_ID` int(11) DEFAULT NULL,
  `WORDS` varchar(255) COLLATE utf8_unicode_ci DEFAULT NULL,
  `PATTERN` text COLLATE utf8_unicode_ci,
  `REPLACEMENT` varchar(255) COLLATE utf8_unicode_ci DEFAULT NULL,
  `DESCRIPTION` text COLLATE utf8_unicode_ci,
  `USE_IT` varchar(50) COLLATE utf8_unicode_ci DEFAULT NULL,
  `PATTERN_CREATE` varchar(5) COLLATE utf8_unicode_ci DEFAULT NULL
) ENGINE=InnoDB DEFAULT CHARSET=utf8 COLLATE=utf8_unicode_ci;

--
-- Дамп данных таблицы `b_forum_filter`
--

INSERT INTO `b_forum_filter` (`ID`, `DICTIONARY_ID`, `WORDS`, `PATTERN`, `REPLACEMENT`, `DESCRIPTION`, `USE_IT`, `PATTERN_CREATE`) VALUES
(1, 1, '*пизд*', '/(?<=[\\s.,;:!?\\#\\-\\*\\|\\[\\]\\(\\)])([^\\s.,;:!?\\#\\-\\*\\|\\[\\]\\(\\)]*([ПпPp]+)([ИиIi]+)([ЗзZz3]+)([ДдDd]+)[^\\s.,;:!?\\#\\-\\*\\|\\[\\]\\(\\)]*)(?=[\\s.,;:!?\\#\\-\\*\\|\\[\\]\\(\\)])/isu', '', '', 'Y', 'TRNSL'),
(2, 1, '*пизж*', '/(?<=[\\s.,;:!?\\#\\-\\*\\|\\[\\]\\(\\)])([^\\s.,;:!?\\#\\-\\*\\|\\[\\]\\(\\)]*([ПпPp]+)([ИиIi]+)([ЗзZz3]+)([ЖжGg]+)[^\\s.,;:!?\\#\\-\\*\\|\\[\\]\\(\\)]*)(?=[\\s.,;:!?\\#\\-\\*\\|\\[\\]\\(\\)])/isu', '', '', 'Y', 'TRNSL'),
(3, 1, '*сра%', '/(?<=[\\s.,;:!?\\#\\-\\*\\|\\[\\]\\(\\)])([^\\s.,;:!?\\#\\-\\*\\|\\[\\]\\(\\)]*([СсCc]+)([РрPpRr]+)([АаAa]+)([[Цц]+([Аа]+|[Оо]+)]+|[[Тт]+([Ьь]+|)[Сс]+[Яя]+]+))(?=[\\s.,;:!?\\#\\-\\*\\|\\[\\]\\(\\)])/isu', '', '', 'Y', 'TRNSL'),
(4, 1, 'анобляд*', '/(?<=[\\s.,;:!?\\#\\-\\*\\|\\[\\]\\(\\)])(([АаAa]+)([НнNn]+)([ОоOo]+)([БбBb]+)([ЛлLl]+)([Яя]+)([ДдDd]+)[^\\s.,;:!?\\#\\-\\*\\|\\[\\]\\(\\)]*)(?=[\\s.,;:!?\\#\\-\\*\\|\\[\\]\\(\\)])/isu', '', '', 'Y', 'TRNSL'),
(5, 1, 'взъеб*', '/(?<=[\\s.,;:!?\\#\\-\\*\\|\\[\\]\\(\\)])(([ВвVv]+)([ЗзZz3]+)([ЪъЬь\"\']+|)([ЁёЕеEe]+)([БбBb]+)[^\\s.,;:!?\\#\\-\\*\\|\\[\\]\\(\\)]*)(?=[\\s.,;:!?\\#\\-\\*\\|\\[\\]\\(\\)])/isu', '', '', 'Y', 'TRNSL'),
(6, 1, 'бля', '/(?<=[\\s.,;:!?\\#\\-\\*\\|\\[\\]\\(\\)])(([БбBb]+)([ЛлLl]+)([Яя]+))(?=[\\s.,;:!?\\#\\-\\*\\|\\[\\]\\(\\)])/isu', '', '', 'Y', 'TRNSL'),
(7, 1, 'долбоеб*', '/(?<=[\\s.,;:!?\\#\\-\\*\\|\\[\\]\\(\\)])(([ДдDd]+)([ОоOo]+)([ЛлLl]+)([БбBb]+)([ОоOo]+)([ЁёЕеEe]+)([БбBb]+)[^\\s.,;:!?\\#\\-\\*\\|\\[\\]\\(\\)]*)(?=[\\s.,;:!?\\#\\-\\*\\|\\[\\]\\(\\)])/isu', '', '', 'Y', 'TRNSL'),
(8, 1, 'дуроеб*', '/(?<=[\\s.,;:!?\\#\\-\\*\\|\\[\\]\\(\\)])(([ДдDd]+)([УуUu]+)([РрPpRr]+)([ОоOo]+)([ЁёЕеEe]+)([БбBb]+)[^\\s.,;:!?\\#\\-\\*\\|\\[\\]\\(\\)]*)(?=[\\s.,;:!?\\#\\-\\*\\|\\[\\]\\(\\)])/isu', '', '', 'Y', 'TRNSL'),
(9, 1, 'еби', '/(?<=[\\s.,;:!?\\#\\-\\*\\|\\[\\]\\(\\)])(([ЁёЕеEe]+)([БбBb]+)([ИиIi]+))(?=[\\s.,;:!?\\#\\-\\*\\|\\[\\]\\(\\)])/isu', '', '', 'Y', 'TRNSL'),
(10, 1, 'ебисти*', '/(?<=[\\s.,;:!?\\#\\-\\*\\|\\[\\]\\(\\)])(([ЁёЕеEe]+)([БбBb]+)([ИиIi]+)([СсCc]+)([ТтTt]+)([ИиIi]+)[^\\s.,;:!?\\#\\-\\*\\|\\[\\]\\(\\)]*)(?=[\\s.,;:!?\\#\\-\\*\\|\\[\\]\\(\\)])/isu', '', '', 'Y', 'TRNSL'),
(11, 1, 'ебическ*', '/(?<=[\\s.,;:!?\\#\\-\\*\\|\\[\\]\\(\\)])(([ЁёЕеEe]+)([БбBb]+)([ИиIi]+)([Чч]+)([ЁёЕеEe]+)([СсCc]+)([КкKk]+)[^\\s.,;:!?\\#\\-\\*\\|\\[\\]\\(\\)]*)(?=[\\s.,;:!?\\#\\-\\*\\|\\[\\]\\(\\)])/isu', '', '', 'Y', 'TRNSL'),
(12, 1, 'еблив*', '/(?<=[\\s.,;:!?\\#\\-\\*\\|\\[\\]\\(\\)])(([ЁёЕеEe]+)([БбBb]+)([ЛлLl]+)([ИиIi]+)([ВвVv]+)[^\\s.,;:!?\\#\\-\\*\\|\\[\\]\\(\\)]*)(?=[\\s.,;:!?\\#\\-\\*\\|\\[\\]\\(\\)])/isu', '', '', 'Y', 'TRNSL'),
(13, 1, 'ебло*', '/(?<=[\\s.,;:!?\\#\\-\\*\\|\\[\\]\\(\\)])(([ЁёЕеEe]+)([БбBb]+)([ЛлLl]+)([ОоOo]+)[^\\s.,;:!?\\#\\-\\*\\|\\[\\]\\(\\)]*)(?=[\\s.,;:!?\\#\\-\\*\\|\\[\\]\\(\\)])/isu', '', '', 'Y', 'TRNSL'),
(14, 1, 'еблыс*', '/(?<=[\\s.,;:!?\\#\\-\\*\\|\\[\\]\\(\\)])(([ЁёЕеEe]+)([БбBb]+)([ЛлLl]+)([Ыы]+)([СсCc]+)[^\\s.,;:!?\\#\\-\\*\\|\\[\\]\\(\\)]*)(?=[\\s.,;:!?\\#\\-\\*\\|\\[\\]\\(\\)])/isu', '', '', 'Y', 'TRNSL'),
(15, 1, 'ебля', '/(?<=[\\s.,;:!?\\#\\-\\*\\|\\[\\]\\(\\)])(([ЁёЕеEe]+)([БбBb]+)([ЛлLl]+)([Яя]+))(?=[\\s.,;:!?\\#\\-\\*\\|\\[\\]\\(\\)])/isu', '', '', 'Y', 'TRNSL'),
(16, 1, 'ебс', '/(?<=[\\s.,;:!?\\#\\-\\*\\|\\[\\]\\(\\)])(([ЁёЕеEe]+)([БбBb]+)([СсCc]+))(?=[\\s.,;:!?\\#\\-\\*\\|\\[\\]\\(\\)])/isu', '', '', 'Y', 'TRNSL'),
(17, 1, 'ебукент*', '/(?<=[\\s.,;:!?\\#\\-\\*\\|\\[\\]\\(\\)])(([ЁёЕеEe]+)([БбBb]+)([УуUu]+)([КкKk]+)([ЁёЕеEe]+)([НнNn]+)([ТтTt]+)[^\\s.,;:!?\\#\\-\\*\\|\\[\\]\\(\\)]*)(?=[\\s.,;:!?\\#\\-\\*\\|\\[\\]\\(\\)])/isu', '', '', 'Y', 'TRNSL'),
(18, 1, 'ебурген*', '/(?<=[\\s.,;:!?\\#\\-\\*\\|\\[\\]\\(\\)])(([ЁёЕеEe]+)([БбBb]+)([УуUu]+)([РрPpRr]+)([Гг]+)([ЁёЕеEe]+)([НнNn]+)[^\\s.,;:!?\\#\\-\\*\\|\\[\\]\\(\\)]*)(?=[\\s.,;:!?\\#\\-\\*\\|\\[\\]\\(\\)])/isu', '', '', 'Y', 'TRNSL'),
(19, 1, 'коноебит*', '/(?<=[\\s.,;:!?\\#\\-\\*\\|\\[\\]\\(\\)])(([КкKk]+)([ОоOo]+)([НнNn]+)([ОоOo]+)([ЁёЕеEe]+)([БбBb]+)([ИиIi]+)([ТтTt]+)[^\\s.,;:!?\\#\\-\\*\\|\\[\\]\\(\\)]*)(?=[\\s.,;:!?\\#\\-\\*\\|\\[\\]\\(\\)])/isu', '', '', 'Y', 'TRNSL'),
(20, 1, 'мозгоеб*', '/(?<=[\\s.,;:!?\\#\\-\\*\\|\\[\\]\\(\\)])(([МмMm]+)([ОоOo]+)([ЗзZz3]+)([Гг]+)([ОоOo]+)([ЁёЕеEe]+)([БбBb]+)[^\\s.,;:!?\\#\\-\\*\\|\\[\\]\\(\\)]*)(?=[\\s.,;:!?\\#\\-\\*\\|\\[\\]\\(\\)])/isu', '', '', 'Y', 'TRNSL'),
(21, 1, 'мудоеб*', '/(?<=[\\s.,;:!?\\#\\-\\*\\|\\[\\]\\(\\)])(([МмMm]+)([УуUu]+)([ДдDd]+)([ОоOo]+)([ЁёЕеEe]+)([БбBb]+)[^\\s.,;:!?\\#\\-\\*\\|\\[\\]\\(\\)]*)(?=[\\s.,;:!?\\#\\-\\*\\|\\[\\]\\(\\)])/isu', '', '', 'Y', 'TRNSL'),
(22, 1, 'однохуйствен*', '/(?<=[\\s.,;:!?\\#\\-\\*\\|\\[\\]\\(\\)])(([ОоOo]+)([ДдDd]+)([НнNn]+)([ОоOo]+)([ХхXx]+)([УуUu]+)([ЙйИиYy]+)([СсCc]+)([ТтTt]+)([ВвVv]+)([ЁёЕеEe]+)([НнNn]+)[^\\s.,;:!?\\#\\-\\*\\|\\[\\]\\(\\)]*)(?=[\\s.,;:!?\\#\\-\\*\\|\\[\\]\\(\\)])/isu', '', '', 'Y', 'TRNSL'),
(23, 1, 'охуе*', '/(?<=[\\s.,;:!?\\#\\-\\*\\|\\[\\]\\(\\)])(([ОоOo]+)([ХхXx]+)([УуUu]+)([ЁёЕеEe]+)[^\\s.,;:!?\\#\\-\\*\\|\\[\\]\\(\\)]*)(?=[\\s.,;:!?\\#\\-\\*\\|\\[\\]\\(\\)])/isu', '', '', 'Y', 'TRNSL'),
(24, 1, 'охуи*', '/(?<=[\\s.,;:!?\\#\\-\\*\\|\\[\\]\\(\\)])(([ОоOo]+)([ХхXx]+)([УуUu]+)([ИиIi]+)[^\\s.,;:!?\\#\\-\\*\\|\\[\\]\\(\\)]*)(?=[\\s.,;:!?\\#\\-\\*\\|\\[\\]\\(\\)])/isu', '', '', 'Y', 'TRNSL'),
(25, 1, 'охуя*', '/(?<=[\\s.,;:!?\\#\\-\\*\\|\\[\\]\\(\\)])(([ОоOo]+)([ХхXx]+)([УуUu]+)([Яя]+)[^\\s.,;:!?\\#\\-\\*\\|\\[\\]\\(\\)]*)(?=[\\s.,;:!?\\#\\-\\*\\|\\[\\]\\(\\)])/isu', '', '', 'Y', 'TRNSL'),
(26, 1, 'разъеба*', '/(?<=[\\s.,;:!?\\#\\-\\*\\|\\[\\]\\(\\)])(([РрPpRr]+)([АаAa]+)([ЗзZz3]+)([ЪъЬь\"\']+|)([ЁёЕеEe]+)([БбBb]+)([АаAa]+)[^\\s.,;:!?\\#\\-\\*\\|\\[\\]\\(\\)]*)(?=[\\s.,;:!?\\#\\-\\*\\|\\[\\]\\(\\)])/isu', '', '', 'Y', 'TRNSL'),
(27, 1, 'распиздон*', '/(?<=[\\s.,;:!?\\#\\-\\*\\|\\[\\]\\(\\)])(([РрPpRr]+)([АаAa]+)([СсCc]+)([ПпPp]+)([ИиIi]+)([ЗзZz3]+)([ДдDd]+)([ОоOo]+)([НнNn]+)[^\\s.,;:!?\\#\\-\\*\\|\\[\\]\\(\\)]*)(?=[\\s.,;:!?\\#\\-\\*\\|\\[\\]\\(\\)])/isu', '', '', 'Y', 'TRNSL'),
(28, 1, 'расхуюж*', '/(?<=[\\s.,;:!?\\#\\-\\*\\|\\[\\]\\(\\)])(([РрPpRr]+)([АаAa]+)([СсCc]+)([ХхXx]+)([УуUu]+)([Юю]+|[[Йй]+[Оо]+]+)([ЖжGg]+)[^\\s.,;:!?\\#\\-\\*\\|\\[\\]\\(\\)]*)(?=[\\s.,;:!?\\#\\-\\*\\|\\[\\]\\(\\)])/isu', '', '', 'Y', 'TRNSL'),
(29, 1, 'худоебин*', '/(?<=[\\s.,;:!?\\#\\-\\*\\|\\[\\]\\(\\)])(([ХхXx]+)([УуUu]+)([ДдDd]+)([ОоOo]+)([ЁёЕеEe]+)([БбBb]+)([ИиIi]+)([НнNn]+)[^\\s.,;:!?\\#\\-\\*\\|\\[\\]\\(\\)]*)(?=[\\s.,;:!?\\#\\-\\*\\|\\[\\]\\(\\)])/isu', '', '', 'Y', 'TRNSL'),
(30, 1, 'хуе', '/(?<=[\\s.,;:!?\\#\\-\\*\\|\\[\\]\\(\\)])(([ХхXx]+)([УуUu]+)([ЁёЕеEe]+))(?=[\\s.,;:!?\\#\\-\\*\\|\\[\\]\\(\\)])/isu', '', '', 'Y', 'TRNSL'),
(31, 1, 'хуебрат*', '/(?<=[\\s.,;:!?\\#\\-\\*\\|\\[\\]\\(\\)])(([ХхXx]+)([УуUu]+)([ЁёЕеEe]+)([БбBb]+)([РрPpRr]+)([АаAa]+)([ТтTt]+)[^\\s.,;:!?\\#\\-\\*\\|\\[\\]\\(\\)]*)(?=[\\s.,;:!?\\#\\-\\*\\|\\[\\]\\(\\)])/isu', '', '', 'Y', 'TRNSL'),
(32, 1, 'хуеглот*', '/(?<=[\\s.,;:!?\\#\\-\\*\\|\\[\\]\\(\\)])(([ХхXx]+)([УуUu]+)([ЁёЕеEe]+)([Гг]+)([ЛлLl]+)([ОоOo]+)([ТтTt]+)[^\\s.,;:!?\\#\\-\\*\\|\\[\\]\\(\\)]*)(?=[\\s.,;:!?\\#\\-\\*\\|\\[\\]\\(\\)])/isu', '', '', 'Y', 'TRNSL'),
(33, 1, 'хуеплёт*', '/(?<=[\\s.,;:!?\\#\\-\\*\\|\\[\\]\\(\\)])(([ХхXx]+)([УуUu]+)([ЁёЕеEe]+)([ПпPp]+)([ЛлLl]+)([ЁёЕеEe]+|[[Йй]+[Оо]+]+)([ТтTt]+)[^\\s.,;:!?\\#\\-\\*\\|\\[\\]\\(\\)]*)(?=[\\s.,;:!?\\#\\-\\*\\|\\[\\]\\(\\)])/isu', '', '', 'Y', 'TRNSL'),
(34, 1, 'хует*', '/(?<=[\\s.,;:!?\\#\\-\\*\\|\\[\\]\\(\\)])(([ХхXx]+)([УуUu]+)([ЁёЕеEe]+)([ТтTt]+)[^\\s.,;:!?\\#\\-\\*\\|\\[\\]\\(\\)]*)(?=[\\s.,;:!?\\#\\-\\*\\|\\[\\]\\(\\)])/isu', '', '', 'Y', 'TRNSL'),
(35, 1, 'хуила', '/(?<=[\\s.,;:!?\\#\\-\\*\\|\\[\\]\\(\\)])(([ХхXx]+)([УуUu]+)([ИиIi]+)([ЛлLl]+)([АаAa]+))(?=[\\s.,;:!?\\#\\-\\*\\|\\[\\]\\(\\)])/isu', '', '', 'Y', 'TRNSL'),
(36, 1, 'хул?', '/(?<=[\\s.,;:!?\\#\\-\\*\\|\\[\\]\\(\\)])(([ХхXx]+)([УуUu]+)([ЛлLl]+).?)(?=[\\s.,;:!?\\#\\-\\*\\|\\[\\]\\(\\)])/isu', '', '', 'Y', 'TRNSL'),
(37, 1, 'хуя', '/(?<=[\\s.,;:!?\\#\\-\\*\\|\\[\\]\\(\\)])(([ХхXx]+)([УуUu]+)([Яя]+))(?=[\\s.,;:!?\\#\\-\\*\\|\\[\\]\\(\\)])/isu', '', '', 'Y', 'TRNSL'),
(38, 1, '^бляд*', '/(?<=[\\s.,;:!?\\#\\-\\*\\|\\[\\]\\(\\)])(([ВвЗзСс]+|[ВвЫы]+|[ДдОо]+|[ЗзАа]+|[ИиЗзСс]+|[НнАа]+|[НнЕе]+|[ОоТт]+|([Пп]*[Ее]+[Рр]+[Ее]+)+|)([БбBb]+)([ЛлLl]+)([Яя]+)([ДдDd]+)[^\\s.,;:!?\\#\\-\\*\\|\\[\\]\\(\\)]*)(?=[\\s.,;:!?\\#\\-\\*\\|\\[\\]\\(\\)])/isu', '', '', 'Y', 'TRNSL'),
(39, 1, '^пидор*', '/(?<=[\\s.,;:!?\\#\\-\\*\\|\\[\\]\\(\\)])(([ВвЗзСс]+|[ВвЫы]+|[ДдОо]+|[ЗзАа]+|[ИиЗзСс]+|[НнАа]+|[НнЕе]+|[ОоТт]+|([Пп]*[Ее]+[Рр]+[Ее]+)+|)([ПпPp]+)([ИиIi]+)([ДдDd]+)([ОоOo]+)([РрPpRr]+)[^\\s.,;:!?\\#\\-\\*\\|\\[\\]\\(\\)]*)(?=[\\s.,;:!?\\#\\-\\*\\|\\[\\]\\(\\)])/isu', '', '', 'Y', 'TRNSL'),
(40, 1, '^хуев*', '/(?<=[\\s.,;:!?\\#\\-\\*\\|\\[\\]\\(\\)])(([ВвЗзСс]+|[ВвЫы]+|[ДдОо]+|[ЗзАа]+|[ИиЗзСс]+|[НнАа]+|[НнЕе]+|[ОоТт]+|([Пп]*[Ее]+[Рр]+[Ее]+)+|)([ХхXx]+)([УуUu]+)([ЁёЕеEe]+)([ВвVv]+)[^\\s.,;:!?\\#\\-\\*\\|\\[\\]\\(\\)]*)(?=[\\s.,;:!?\\#\\-\\*\\|\\[\\]\\(\\)])/isu', '', '', 'Y', 'TRNSL'),
(41, 1, '^хуем*', '/(?<=[\\s.,;:!?\\#\\-\\*\\|\\[\\]\\(\\)])(([ВвЗзСс]+|[ВвЫы]+|[ДдОо]+|[ЗзАа]+|[ИиЗзСс]+|[НнАа]+|[НнЕе]+|[ОоТт]+|([Пп]*[Ее]+[Рр]+[Ее]+)+|)([ХхXx]+)([УуUu]+)([ЁёЕеEe]+)([МмMm]+)[^\\s.,;:!?\\#\\-\\*\\|\\[\\]\\(\\)]*)(?=[\\s.,;:!?\\#\\-\\*\\|\\[\\]\\(\\)])/isu', '', '', 'Y', 'TRNSL'),
(42, 1, '^хуй*', '/(?<=[\\s.,;:!?\\#\\-\\*\\|\\[\\]\\(\\)])(([ВвЗзСс]+|[ВвЫы]+|[ДдОо]+|[ЗзАа]+|[ИиЗзСс]+|[НнАа]+|[НнЕе]+|[ОоТт]+|([Пп]*[Ее]+[Рр]+[Ее]+)+|)([ХхXx]+)([УуUu]+)([ЙйИиYy]+)[^\\s.,;:!?\\#\\-\\*\\|\\[\\]\\(\\)]*)(?=[\\s.,;:!?\\#\\-\\*\\|\\[\\]\\(\\)])/isu', '', '', 'Y', 'TRNSL'),
(43, 1, '^хуяк*', '/(?<=[\\s.,;:!?\\#\\-\\*\\|\\[\\]\\(\\)])(([ВвЗзСс]+|[ВвЫы]+|[ДдОо]+|[ЗзАа]+|[ИиЗзСс]+|[НнАа]+|[НнЕе]+|[ОоТт]+|([Пп]*[Ее]+[Рр]+[Ее]+)+|)([ХхXx]+)([УуUu]+)([Яя]+)([КкKk]+)[^\\s.,;:!?\\#\\-\\*\\|\\[\\]\\(\\)]*)(?=[\\s.,;:!?\\#\\-\\*\\|\\[\\]\\(\\)])/isu', '', '', 'Y', 'TRNSL'),
(44, 1, '^хуям*', '/(?<=[\\s.,;:!?\\#\\-\\*\\|\\[\\]\\(\\)])(([ВвЗзСс]+|[ВвЫы]+|[ДдОо]+|[ЗзАа]+|[ИиЗзСс]+|[НнАа]+|[НнЕе]+|[ОоТт]+|([Пп]*[Ее]+[Рр]+[Ее]+)+|)([ХхXx]+)([УуUu]+)([Яя]+)([МмMm]+)[^\\s.,;:!?\\#\\-\\*\\|\\[\\]\\(\\)]*)(?=[\\s.,;:!?\\#\\-\\*\\|\\[\\]\\(\\)])/isu', '', '', 'Y', 'TRNSL'),
(45, 1, '^хуяр*', '/(?<=[\\s.,;:!?\\#\\-\\*\\|\\[\\]\\(\\)])(([ВвЗзСс]+|[ВвЫы]+|[ДдОо]+|[ЗзАа]+|[ИиЗзСс]+|[НнАа]+|[НнЕе]+|[ОоТт]+|([Пп]*[Ее]+[Рр]+[Ее]+)+|)([ХхXx]+)([УуUu]+)([Яя]+)([РрPpRr]+)[^\\s.,;:!?\\#\\-\\*\\|\\[\\]\\(\\)]*)(?=[\\s.,;:!?\\#\\-\\*\\|\\[\\]\\(\\)])/isu', '', '', 'Y', 'TRNSL'),
(46, 1, '^хуяч*', '/(?<=[\\s.,;:!?\\#\\-\\*\\|\\[\\]\\(\\)])(([ВвЗзСс]+|[ВвЫы]+|[ДдОо]+|[ЗзАа]+|[ИиЗзСс]+|[НнАа]+|[НнЕе]+|[ОоТт]+|([Пп]*[Ее]+[Рр]+[Ее]+)+|)([ХхXx]+)([УуUu]+)([Яя]+)([Чч]+)[^\\s.,;:!?\\#\\-\\*\\|\\[\\]\\(\\)]*)(?=[\\s.,;:!?\\#\\-\\*\\|\\[\\]\\(\\)])/isu', '', '', 'Y', 'TRNSL'),
(47, 1, '^ъебал*', '/(?<=[\\s.,;:!?\\#\\-\\*\\|\\[\\]\\(\\)])(([ВвЗзСс]+|[ВвЫы]+|[ДдОо]+|[ЗзАа]+|[ИиЗзСс]+|[НнАа]+|[НнЕе]+|[ОоТт]+|([Пп]*[Ее]+[Рр]+[Ее]+)+|)([ЪъЬь\"\']+|)([ЁёЕеEe]+)([БбBb]+)([АаAa]+)([ЛлLl]+)[^\\s.,;:!?\\#\\-\\*\\|\\[\\]\\(\\)]*)(?=[\\s.,;:!?\\#\\-\\*\\|\\[\\]\\(\\)])/isu', '', '', 'Y', 'TRNSL'),
(48, 1, '^ъебан*', '/(?<=[\\s.,;:!?\\#\\-\\*\\|\\[\\]\\(\\)])(([ВвЗзСс]+|[ВвЫы]+|[ДдОо]+|[ЗзАа]+|[ИиЗзСс]+|[НнАа]+|[НнЕе]+|[ОоТт]+|([Пп]*[Ее]+[Рр]+[Ее]+)+|)([ЪъЬь\"\']+|)([ЁёЕеEe]+)([БбBb]+)([АаAa]+)([НнNn]+)[^\\s.,;:!?\\#\\-\\*\\|\\[\\]\\(\\)]*)(?=[\\s.,;:!?\\#\\-\\*\\|\\[\\]\\(\\)])/isu', '', '', 'Y', 'TRNSL'),
(49, 1, '^ъебар*', '/(?<=[\\s.,;:!?\\#\\-\\*\\|\\[\\]\\(\\)])(([ВвЗзСс]+|[ВвЫы]+|[ДдОо]+|[ЗзАа]+|[ИиЗзСс]+|[НнАа]+|[НнЕе]+|[ОоТт]+|([Пп]*[Ее]+[Рр]+[Ее]+)+|)([ЪъЬь\"\']+|)([ЁёЕеEe]+)([БбBb]+)([АаAa]+)([РрPpRr]+)[^\\s.,;:!?\\#\\-\\*\\|\\[\\]\\(\\)]*)(?=[\\s.,;:!?\\#\\-\\*\\|\\[\\]\\(\\)])/isu', '', '', 'Y', 'TRNSL'),
(50, 1, '^ъебат*', '/(?<=[\\s.,;:!?\\#\\-\\*\\|\\[\\]\\(\\)])(([ВвЗзСс]+|[ВвЫы]+|[ДдОо]+|[ЗзАа]+|[ИиЗзСс]+|[НнАа]+|[НнЕе]+|[ОоТт]+|([Пп]*[Ее]+[Рр]+[Ее]+)+|)([ЪъЬь\"\']+|)([ЁёЕеEe]+)([БбBb]+)([АаAa]+)([ТтTt]+)[^\\s.,;:!?\\#\\-\\*\\|\\[\\]\\(\\)]*)(?=[\\s.,;:!?\\#\\-\\*\\|\\[\\]\\(\\)])/isu', '', '', 'Y', 'TRNSL'),
(51, 1, '^ъебен*', '/(?<=[\\s.,;:!?\\#\\-\\*\\|\\[\\]\\(\\)])(([ВвЗзСс]+|[ВвЫы]+|[ДдОо]+|[ЗзАа]+|[ИиЗзСс]+|[НнАа]+|[НнЕе]+|[ОоТт]+|([Пп]*[Ее]+[Рр]+[Ее]+)+|)([ЪъЬь\"\']+|)([ЁёЕеEe]+)([БбBb]+)([ЁёЕеEe]+)([НнNn]+)[^\\s.,;:!?\\#\\-\\*\\|\\[\\]\\(\\)]*)(?=[\\s.,;:!?\\#\\-\\*\\|\\[\\]\\(\\)])/isu', '', '', 'Y', 'TRNSL'),
(52, 1, '^ъеби', '/(?<=[\\s.,;:!?\\#\\-\\*\\|\\[\\]\\(\\)])(([ВвЗзСс]+|[ВвЫы]+|[ДдОо]+|[ЗзАа]+|[ИиЗзСс]+|[НнАа]+|[НнЕе]+|[ОоТт]+|([Пп]*[Ее]+[Рр]+[Ее]+)+|)([ЪъЬь\"\']+|)([ЁёЕеEe]+)([БбBb]+)([ИиIi]+))(?=[\\s.,;:!?\\#\\-\\*\\|\\[\\]\\(\\)])/isu', '', '', 'Y', 'TRNSL'),
(53, 1, '^ъебис*', '/(?<=[\\s.,;:!?\\#\\-\\*\\|\\[\\]\\(\\)])(([ВвЗзСс]+|[ВвЫы]+|[ДдОо]+|[ЗзАа]+|[ИиЗзСс]+|[НнАа]+|[НнЕе]+|[ОоТт]+|([Пп]*[Ее]+[Рр]+[Ее]+)+|)([ЪъЬь\"\']+|)([ЁёЕеEe]+)([БбBb]+)([ИиIi]+)([СсCc]+)[^\\s.,;:!?\\#\\-\\*\\|\\[\\]\\(\\)]*)(?=[\\s.,;:!?\\#\\-\\*\\|\\[\\]\\(\\)])/isu', '', '', 'Y', 'TRNSL'),
(54, 1, '^ъебит*', '/(?<=[\\s.,;:!?\\#\\-\\*\\|\\[\\]\\(\\)])(([ВвЗзСс]+|[ВвЫы]+|[ДдОо]+|[ЗзАа]+|[ИиЗзСс]+|[НнАа]+|[НнЕе]+|[ОоТт]+|([Пп]*[Ее]+[Рр]+[Ее]+)+|)([ЪъЬь\"\']+|)([ЁёЕеEe]+)([БбBb]+)([ИиIi]+)([ТтTt]+)[^\\s.,;:!?\\#\\-\\*\\|\\[\\]\\(\\)]*)(?=[\\s.,;:!?\\#\\-\\*\\|\\[\\]\\(\\)])/isu', '', '', 'Y', 'TRNSL'),
(55, 1, '^ъёбля*', '/(?<=[\\s.,;:!?\\#\\-\\*\\|\\[\\]\\(\\)])(([ВвЗзСс]+|[ВвЫы]+|[ДдОо]+|[ЗзАа]+|[ИиЗзСс]+|[НнАа]+|[НнЕе]+|[ОоТт]+|([Пп]*[Ее]+[Рр]+[Ее]+)+|)([ЪъЬь\"\']+|)([ЁёЕеEe]+|[[Йй]+[Оо]+]+)([БбBb]+)([ЛлLl]+)([Яя]+)[^\\s.,;:!?\\#\\-\\*\\|\\[\\]\\(\\)]*)(?=[\\s.,;:!?\\#\\-\\*\\|\\[\\]\\(\\)])/isu', '', '', 'Y', 'TRNSL'),
(56, 1, '^ъёбну*', '/(?<=[\\s.,;:!?\\#\\-\\*\\|\\[\\]\\(\\)])(([ВвЗзСс]+|[ВвЫы]+|[ДдОо]+|[ЗзАа]+|[ИиЗзСс]+|[НнАа]+|[НнЕе]+|[ОоТт]+|([Пп]*[Ее]+[Рр]+[Ее]+)+|)([ЪъЬь\"\']+|)([ЁёЕеEe]+|[[Йй]+[Оо]+]+)([БбBb]+)([НнNn]+)([УуUu]+)[^\\s.,;:!?\\#\\-\\*\\|\\[\\]\\(\\)]*)(?=[\\s.,;:!?\\#\\-\\*\\|\\[\\]\\(\\)])/isu', '', '', 'Y', 'TRNSL'),
(57, 1, '^ъебу', '/(?<=[\\s.,;:!?\\#\\-\\*\\|\\[\\]\\(\\)])(([ВвЗзСс]+|[ВвЫы]+|[ДдОо]+|[ЗзАа]+|[ИиЗзСс]+|[НнАа]+|[НнЕе]+|[ОоТт]+|([Пп]*[Ее]+[Рр]+[Ее]+)+|)([ЪъЬь\"\']+|)([ЁёЕеEe]+)([БбBb]+)([УуUu]+))(?=[\\s.,;:!?\\#\\-\\*\\|\\[\\]\\(\\)])/isu', '', '', 'Y', 'TRNSL'),
(58, 1, '^ъебуч*', '/(?<=[\\s.,;:!?\\#\\-\\*\\|\\[\\]\\(\\)])(([ВвЗзСс]+|[ВвЫы]+|[ДдОо]+|[ЗзАа]+|[ИиЗзСс]+|[НнАа]+|[НнЕе]+|[ОоТт]+|([Пп]*[Ее]+[Рр]+[Ее]+)+|)([ЪъЬь\"\']+|)([ЁёЕеEe]+)([БбBb]+)([УуUu]+)([Чч]+)[^\\s.,;:!?\\#\\-\\*\\|\\[\\]\\(\\)]*)(?=[\\s.,;:!?\\#\\-\\*\\|\\[\\]\\(\\)])/isu', '', '', 'Y', 'TRNSL'),
(59, 1, '^ъебыв*', '/(?<=[\\s.,;:!?\\#\\-\\*\\|\\[\\]\\(\\)])(([ВвЗзСс]+|[ВвЫы]+|[ДдОо]+|[ЗзАа]+|[ИиЗзСс]+|[НнАа]+|[НнЕе]+|[ОоТт]+|([Пп]*[Ее]+[Рр]+[Ее]+)+|)([ЪъЬь\"\']+|)([ЁёЕеEe]+)([БбBb]+)([Ыы]+)([ВвVv]+)[^\\s.,;:!?\\#\\-\\*\\|\\[\\]\\(\\)]*)(?=[\\s.,;:!?\\#\\-\\*\\|\\[\\]\\(\\)])/isu', '', '', 'Y', 'TRNSL'),
(60, 1, '/(?<=[s.,;:!?-#*|[]()])(?![Вв][ЕеЁё][Бб])(([ВвЗзСс]+|[Ввы]+|[ДдОо]+|[ЗзАа]+|[ИиЗзСс]+|[НнАа]+|[НнЕе]+|[ОоТт]+|([Пп]*[Ее]+[Рр]+[Ее]+)|)([ЬьЪъ]+|)([ЁёЕеEe]+|[Йй]+[Оо]+|[Yy]+[Oo]+)([BbБб]+))(?=[s.,;:!?-#*|[]()])/is', '', '', '', 'Y', 'PTTRN'),
(61, 3, 'angry', '/(?<=[\\s.,;:!?\\#\\-\\*\\|\\[\\]\\(\\)])(a+n+g+r+y+)(?=[\\s.,;:!?\\#\\-\\*\\|\\[\\]\\(\\)])/isu', '', '', 'Y', 'TRNSL'),
(62, 3, 'ass', '/(?<=[\\s.,;:!?\\#\\-\\*\\|\\[\\]\\(\\)])(a+s+s+)(?=[\\s.,;:!?\\#\\-\\*\\|\\[\\]\\(\\)])/isu', '', '', 'Y', 'TRNSL'),
(63, 3, 'asshole', '/(?<=[\\s.,;:!?\\#\\-\\*\\|\\[\\]\\(\\)])(a+s+s+h+o+l+e+)(?=[\\s.,;:!?\\#\\-\\*\\|\\[\\]\\(\\)])/isu', '', '', 'Y', 'TRNSL'),
(64, 3, 'banger', '/(?<=[\\s.,;:!?\\#\\-\\*\\|\\[\\]\\(\\)])(b+a+n+g+e+r+)(?=[\\s.,;:!?\\#\\-\\*\\|\\[\\]\\(\\)])/isu', '', '', 'Y', 'TRNSL'),
(65, 3, 'bastard', '/(?<=[\\s.,;:!?\\#\\-\\*\\|\\[\\]\\(\\)])(b+a+s+t+a+r+d+)(?=[\\s.,;:!?\\#\\-\\*\\|\\[\\]\\(\\)])/isu', '', '', 'Y', 'TRNSL'),
(66, 3, 'batter', '/(?<=[\\s.,;:!?\\#\\-\\*\\|\\[\\]\\(\\)])(b+a+t+t+e+r+)(?=[\\s.,;:!?\\#\\-\\*\\|\\[\\]\\(\\)])/isu', '', '', 'Y', 'TRNSL'),
(67, 3, 'bicho', '/(?<=[\\s.,;:!?\\#\\-\\*\\|\\[\\]\\(\\)])(b+i+c+h+o+)(?=[\\s.,;:!?\\#\\-\\*\\|\\[\\]\\(\\)])/isu', '', '', 'Y', 'TRNSL'),
(68, 3, 'bisexual', '/(?<=[\\s.,;:!?\\#\\-\\*\\|\\[\\]\\(\\)])(b+i+s+e+x+u+a+l+)(?=[\\s.,;:!?\\#\\-\\*\\|\\[\\]\\(\\)])/isu', '', '', 'Y', 'TRNSL'),
(69, 3, 'bitch', '/(?<=[\\s.,;:!?\\#\\-\\*\\|\\[\\]\\(\\)])(b+i+t+c+h+)(?=[\\s.,;:!?\\#\\-\\*\\|\\[\\]\\(\\)])/isu', '', '', 'Y', 'TRNSL'),
(70, 3, 'blumpkin', '/(?<=[\\s.,;:!?\\#\\-\\*\\|\\[\\]\\(\\)])(b+l+u+m+p+k+i+n+)(?=[\\s.,;:!?\\#\\-\\*\\|\\[\\]\\(\\)])/isu', '', '', 'Y', 'TRNSL'),
(71, 3, 'booger', '/(?<=[\\s.,;:!?\\#\\-\\*\\|\\[\\]\\(\\)])(b+o+o+g+e+r+)(?=[\\s.,;:!?\\#\\-\\*\\|\\[\\]\\(\\)])/isu', '', '', 'Y', 'TRNSL'),
(72, 3, 'bugger*', '/(?<=[\\s.,;:!?\\#\\-\\*\\|\\[\\]\\(\\)])(b+u+g+g+e+r+[^\\s.,;:!?\\#\\-\\*\\|\\[\\]\\(\\)]*)(?=[\\s.,;:!?\\#\\-\\*\\|\\[\\]\\(\\)])/isu', '', '', 'Y', 'TRNSL'),
(73, 3, 'bukakke', '/(?<=[\\s.,;:!?\\#\\-\\*\\|\\[\\]\\(\\)])(b+u+k+a+k+k+e+)(?=[\\s.,;:!?\\#\\-\\*\\|\\[\\]\\(\\)])/isu', '', '', 'Y', 'TRNSL'),
(74, 3, 'bull', '/(?<=[\\s.,;:!?\\#\\-\\*\\|\\[\\]\\(\\)])(b+u+l+l+)(?=[\\s.,;:!?\\#\\-\\*\\|\\[\\]\\(\\)])/isu', '', '', 'Y', 'TRNSL'),
(75, 3, 'bulldyke', '/(?<=[\\s.,;:!?\\#\\-\\*\\|\\[\\]\\(\\)])(b+u+l+l+d+y+k+e+)(?=[\\s.,;:!?\\#\\-\\*\\|\\[\\]\\(\\)])/isu', '', '', 'Y', 'TRNSL'),
(76, 3, 'bullshit', '/(?<=[\\s.,;:!?\\#\\-\\*\\|\\[\\]\\(\\)])(b+u+l+l+s+h+i+t+)(?=[\\s.,;:!?\\#\\-\\*\\|\\[\\]\\(\\)])/isu', '', '', 'Y', 'TRNSL'),
(77, 3, 'bunny', '/(?<=[\\s.,;:!?\\#\\-\\*\\|\\[\\]\\(\\)])(b+u+n+n+y+)(?=[\\s.,;:!?\\#\\-\\*\\|\\[\\]\\(\\)])/isu', '', '', 'Y', 'TRNSL'),
(78, 3, 'bunnyfuck', '/(?<=[\\s.,;:!?\\#\\-\\*\\|\\[\\]\\(\\)])(b+u+n+n+y+f+u+c+k+)(?=[\\s.,;:!?\\#\\-\\*\\|\\[\\]\\(\\)])/isu', '', '', 'Y', 'TRNSL'),
(79, 3, 'chocha', '/(?<=[\\s.,;:!?\\#\\-\\*\\|\\[\\]\\(\\)])(c+h+o+c+h+a+)(?=[\\s.,;:!?\\#\\-\\*\\|\\[\\]\\(\\)])/isu', '', '', 'Y', 'TRNSL'),
(80, 3, 'chode', '/(?<=[\\s.,;:!?\\#\\-\\*\\|\\[\\]\\(\\)])(c+h+o+d+e+)(?=[\\s.,;:!?\\#\\-\\*\\|\\[\\]\\(\\)])/isu', '', '', 'Y', 'TRNSL'),
(81, 3, 'clap', '/(?<=[\\s.,;:!?\\#\\-\\*\\|\\[\\]\\(\\)])(c+l+a+p+)(?=[\\s.,;:!?\\#\\-\\*\\|\\[\\]\\(\\)])/isu', '', '', 'Y', 'TRNSL'),
(82, 3, 'coconuts', '/(?<=[\\s.,;:!?\\#\\-\\*\\|\\[\\]\\(\\)])(c+o+c+o+n+u+t+s+)(?=[\\s.,;:!?\\#\\-\\*\\|\\[\\]\\(\\)])/isu', '', '', 'Y', 'TRNSL'),
(83, 3, 'cohones', '/(?<=[\\s.,;:!?\\#\\-\\*\\|\\[\\]\\(\\)])(c+o+h+o+n+e+s+)(?=[\\s.,;:!?\\#\\-\\*\\|\\[\\]\\(\\)])/isu', '', '', 'Y', 'TRNSL'),
(84, 3, 'cojones', '/(?<=[\\s.,;:!?\\#\\-\\*\\|\\[\\]\\(\\)])(c+o+j+o+n+e+s+)(?=[\\s.,;:!?\\#\\-\\*\\|\\[\\]\\(\\)])/isu', '', '', 'Y', 'TRNSL'),
(85, 3, 'coon', '/(?<=[\\s.,;:!?\\#\\-\\*\\|\\[\\]\\(\\)])(c+o+o+n+)(?=[\\s.,;:!?\\#\\-\\*\\|\\[\\]\\(\\)])/isu', '', '', 'Y', 'TRNSL'),
(86, 3, 'cootch', '/(?<=[\\s.,;:!?\\#\\-\\*\\|\\[\\]\\(\\)])(c+o+o+t+c+h+)(?=[\\s.,;:!?\\#\\-\\*\\|\\[\\]\\(\\)])/isu', '', '', 'Y', 'TRNSL'),
(87, 3, 'cooter', '/(?<=[\\s.,;:!?\\#\\-\\*\\|\\[\\]\\(\\)])(c+o+o+t+e+r+)(?=[\\s.,;:!?\\#\\-\\*\\|\\[\\]\\(\\)])/isu', '', '', 'Y', 'TRNSL'),
(88, 3, 'cornhole', '/(?<=[\\s.,;:!?\\#\\-\\*\\|\\[\\]\\(\\)])(c+o+r+n+h+o+l+e+)(?=[\\s.,;:!?\\#\\-\\*\\|\\[\\]\\(\\)])/isu', '', '', 'Y', 'TRNSL'),
(89, 3, 'cracka', '/(?<=[\\s.,;:!?\\#\\-\\*\\|\\[\\]\\(\\)])(c+r+a+c+k+a+)(?=[\\s.,;:!?\\#\\-\\*\\|\\[\\]\\(\\)])/isu', '', '', 'Y', 'TRNSL'),
(90, 3, 'crap', '/(?<=[\\s.,;:!?\\#\\-\\*\\|\\[\\]\\(\\)])(c+r+a+p+)(?=[\\s.,;:!?\\#\\-\\*\\|\\[\\]\\(\\)])/isu', '', '', 'Y', 'TRNSL'),
(91, 3, 'cum', '/(?<=[\\s.,;:!?\\#\\-\\*\\|\\[\\]\\(\\)])(c+u+m+)(?=[\\s.,;:!?\\#\\-\\*\\|\\[\\]\\(\\)])/isu', '', '', 'Y', 'TRNSL'),
(92, 3, 'cunnilingus', '/(?<=[\\s.,;:!?\\#\\-\\*\\|\\[\\]\\(\\)])(c+u+n+n+i+l+i+n+g+u+s+)(?=[\\s.,;:!?\\#\\-\\*\\|\\[\\]\\(\\)])/isu', '', '', 'Y', 'TRNSL'),
(93, 3, 'cunt*', '/(?<=[\\s.,;:!?\\#\\-\\*\\|\\[\\]\\(\\)])(c+u+n+t+[^\\s.,;:!?\\#\\-\\*\\|\\[\\]\\(\\)]*)(?=[\\s.,;:!?\\#\\-\\*\\|\\[\\]\\(\\)])/isu', '', '', 'Y', 'TRNSL'),
(94, 3, 'damn*', '/(?<=[\\s.,;:!?\\#\\-\\*\\|\\[\\]\\(\\)])(d+a+m+n+[^\\s.,;:!?\\#\\-\\*\\|\\[\\]\\(\\)]*)(?=[\\s.,;:!?\\#\\-\\*\\|\\[\\]\\(\\)])/isu', '', '', 'Y', 'TRNSL'),
(95, 3, 'dark*', '/(?<=[\\s.,;:!?\\#\\-\\*\\|\\[\\]\\(\\)])(d+a+r+k+[^\\s.,;:!?\\#\\-\\*\\|\\[\\]\\(\\)]*)(?=[\\s.,;:!?\\#\\-\\*\\|\\[\\]\\(\\)])/isu', '', '', 'Y', 'TRNSL'),
(96, 3, 'dick', '/(?<=[\\s.,;:!?\\#\\-\\*\\|\\[\\]\\(\\)])(d+i+c+k+)(?=[\\s.,;:!?\\#\\-\\*\\|\\[\\]\\(\\)])/isu', '', '', 'Y', 'TRNSL'),
(97, 3, 'dickhead', '/(?<=[\\s.,;:!?\\#\\-\\*\\|\\[\\]\\(\\)])(d+i+c+k+h+e+a+d+)(?=[\\s.,;:!?\\#\\-\\*\\|\\[\\]\\(\\)])/isu', '', '', 'Y', 'TRNSL'),
(98, 3, 'diddle', '/(?<=[\\s.,;:!?\\#\\-\\*\\|\\[\\]\\(\\)])(d+i+d+d+l+e+)(?=[\\s.,;:!?\\#\\-\\*\\|\\[\\]\\(\\)])/isu', '', '', 'Y', 'TRNSL'),
(99, 3, 'dildo', '/(?<=[\\s.,;:!?\\#\\-\\*\\|\\[\\]\\(\\)])(d+i+l+d+o+)(?=[\\s.,;:!?\\#\\-\\*\\|\\[\\]\\(\\)])/isu', '', '', 'Y', 'TRNSL'),
(100, 3, 'dilhole', '/(?<=[\\s.,;:!?\\#\\-\\*\\|\\[\\]\\(\\)])(d+i+l+h+o+l+e+)(?=[\\s.,;:!?\\#\\-\\*\\|\\[\\]\\(\\)])/isu', '', '', 'Y', 'TRNSL'),
(101, 3, 'dingleberry', '/(?<=[\\s.,;:!?\\#\\-\\*\\|\\[\\]\\(\\)])(d+i+n+g+l+e+b+e+r+r+y+)(?=[\\s.,;:!?\\#\\-\\*\\|\\[\\]\\(\\)])/isu', '', '', 'Y', 'TRNSL'),
(102, 3, 'doodle', '/(?<=[\\s.,;:!?\\#\\-\\*\\|\\[\\]\\(\\)])(d+o+o+d+l+e+)(?=[\\s.,;:!?\\#\\-\\*\\|\\[\\]\\(\\)])/isu', '', '', 'Y', 'TRNSL'),
(103, 3, 'dork', '/(?<=[\\s.,;:!?\\#\\-\\*\\|\\[\\]\\(\\)])(d+o+r+k+)(?=[\\s.,;:!?\\#\\-\\*\\|\\[\\]\\(\\)])/isu', '', '', 'Y', 'TRNSL'),
(104, 3, 'dumpster', '/(?<=[\\s.,;:!?\\#\\-\\*\\|\\[\\]\\(\\)])(d+u+m+p+s+t+e+r+)(?=[\\s.,;:!?\\#\\-\\*\\|\\[\\]\\(\\)])/isu', '', '', 'Y', 'TRNSL'),
(105, 3, 'faggot', '/(?<=[\\s.,;:!?\\#\\-\\*\\|\\[\\]\\(\\)])(f+a+g+g+o+t+)(?=[\\s.,;:!?\\#\\-\\*\\|\\[\\]\\(\\)])/isu', '', '', 'Y', 'TRNSL'),
(106, 3, 'fart', '/(?<=[\\s.,;:!?\\#\\-\\*\\|\\[\\]\\(\\)])(f+a+r+t+)(?=[\\s.,;:!?\\#\\-\\*\\|\\[\\]\\(\\)])/isu', '', '', 'Y', 'TRNSL'),
(107, 3, 'frig', '/(?<=[\\s.,;:!?\\#\\-\\*\\|\\[\\]\\(\\)])(f+r+i+g+)(?=[\\s.,;:!?\\#\\-\\*\\|\\[\\]\\(\\)])/isu', '', '', 'Y', 'TRNSL'),
(108, 3, 'fuck*', '/(?<=[\\s.,;:!?\\#\\-\\*\\|\\[\\]\\(\\)])(f+u+c+k+[^\\s.,;:!?\\#\\-\\*\\|\\[\\]\\(\\)]*)(?=[\\s.,;:!?\\#\\-\\*\\|\\[\\]\\(\\)])/isu', '', '', 'Y', 'TRNSL'),
(109, 3, 'fucker', '/(?<=[\\s.,;:!?\\#\\-\\*\\|\\[\\]\\(\\)])(f+u+c+k+e+r+)(?=[\\s.,;:!?\\#\\-\\*\\|\\[\\]\\(\\)])/isu', '', '', 'Y', 'TRNSL'),
(110, 3, 'giz', '/(?<=[\\s.,;:!?\\#\\-\\*\\|\\[\\]\\(\\)])(g+i+z+)(?=[\\s.,;:!?\\#\\-\\*\\|\\[\\]\\(\\)])/isu', '', '', 'Y', 'TRNSL'),
(111, 3, 'goatse', '/(?<=[\\s.,;:!?\\#\\-\\*\\|\\[\\]\\(\\)])(g+o+a+t+s+e+)(?=[\\s.,;:!?\\#\\-\\*\\|\\[\\]\\(\\)])/isu', '', '', 'Y', 'TRNSL'),
(112, 3, 'gook', '/(?<=[\\s.,;:!?\\#\\-\\*\\|\\[\\]\\(\\)])(g+o+o+k+)(?=[\\s.,;:!?\\#\\-\\*\\|\\[\\]\\(\\)])/isu', '', '', 'Y', 'TRNSL'),
(113, 3, 'gringo', '/(?<=[\\s.,;:!?\\#\\-\\*\\|\\[\\]\\(\\)])(g+r+i+n+g+o+)(?=[\\s.,;:!?\\#\\-\\*\\|\\[\\]\\(\\)])/isu', '', '', 'Y', 'TRNSL'),
(114, 3, 'hobo', '/(?<=[\\s.,;:!?\\#\\-\\*\\|\\[\\]\\(\\)])(h+o+b+o+)(?=[\\s.,;:!?\\#\\-\\*\\|\\[\\]\\(\\)])/isu', '', '', 'Y', 'TRNSL'),
(115, 3, 'honky', '/(?<=[\\s.,;:!?\\#\\-\\*\\|\\[\\]\\(\\)])(h+o+n+k+y+)(?=[\\s.,;:!?\\#\\-\\*\\|\\[\\]\\(\\)])/isu', '', '', 'Y', 'TRNSL'),
(116, 3, 'jackass', '/(?<=[\\s.,;:!?\\#\\-\\*\\|\\[\\]\\(\\)])(j+a+c+k+a+s+s+)(?=[\\s.,;:!?\\#\\-\\*\\|\\[\\]\\(\\)])/isu', '', '', 'Y', 'TRNSL'),
(117, 3, 'jackoff', '/(?<=[\\s.,;:!?\\#\\-\\*\\|\\[\\]\\(\\)])(j+a+c+k+o+f+f+)(?=[\\s.,;:!?\\#\\-\\*\\|\\[\\]\\(\\)])/isu', '', '', 'Y', 'TRNSL'),
(118, 3, 'jerkoff', '/(?<=[\\s.,;:!?\\#\\-\\*\\|\\[\\]\\(\\)])(j+e+r+k+o+f+f+)(?=[\\s.,;:!?\\#\\-\\*\\|\\[\\]\\(\\)])/isu', '', '', 'Y', 'TRNSL'),
(119, 3, 'jiggaboo', '/(?<=[\\s.,;:!?\\#\\-\\*\\|\\[\\]\\(\\)])(j+i+g+g+a+b+o+o+)(?=[\\s.,;:!?\\#\\-\\*\\|\\[\\]\\(\\)])/isu', '', '', 'Y', 'TRNSL'),
(120, 3, 'jizz', '/(?<=[\\s.,;:!?\\#\\-\\*\\|\\[\\]\\(\\)])(j+i+z+z+)(?=[\\s.,;:!?\\#\\-\\*\\|\\[\\]\\(\\)])/isu', '', '', 'Y', 'TRNSL'),
(121, 3, 'kike', '/(?<=[\\s.,;:!?\\#\\-\\*\\|\\[\\]\\(\\)])(k+i+k+e+)(?=[\\s.,;:!?\\#\\-\\*\\|\\[\\]\\(\\)])/isu', '', '', 'Y', 'TRNSL'),
(122, 3, 'mayo', '/(?<=[\\s.,;:!?\\#\\-\\*\\|\\[\\]\\(\\)])(m+a+y+o+)(?=[\\s.,;:!?\\#\\-\\*\\|\\[\\]\\(\\)])/isu', '', '', 'Y', 'TRNSL'),
(123, 3, 'moose', '/(?<=[\\s.,;:!?\\#\\-\\*\\|\\[\\]\\(\\)])(m+o+o+s+e+)(?=[\\s.,;:!?\\#\\-\\*\\|\\[\\]\\(\\)])/isu', '', '', 'Y', 'TRNSL'),
(124, 3, 'nigg*', '/(?<=[\\s.,;:!?\\#\\-\\*\\|\\[\\]\\(\\)])(n+i+g+g+[^\\s.,;:!?\\#\\-\\*\\|\\[\\]\\(\\)]*)(?=[\\s.,;:!?\\#\\-\\*\\|\\[\\]\\(\\)])/isu', '', '', 'Y', 'TRNSL'),
(125, 3, 'paki', '/(?<=[\\s.,;:!?\\#\\-\\*\\|\\[\\]\\(\\)])(p+a+k+i+)(?=[\\s.,;:!?\\#\\-\\*\\|\\[\\]\\(\\)])/isu', '', '', 'Y', 'TRNSL'),
(126, 3, 'pecker', '/(?<=[\\s.,;:!?\\#\\-\\*\\|\\[\\]\\(\\)])(p+e+c+k+e+r+)(?=[\\s.,;:!?\\#\\-\\*\\|\\[\\]\\(\\)])/isu', '', '', 'Y', 'TRNSL'),
(127, 3, 'piss', '/(?<=[\\s.,;:!?\\#\\-\\*\\|\\[\\]\\(\\)])(p+i+s+s+)(?=[\\s.,;:!?\\#\\-\\*\\|\\[\\]\\(\\)])/isu', '', '', 'Y', 'TRNSL'),
(128, 3, 'poonanni', '/(?<=[\\s.,;:!?\\#\\-\\*\\|\\[\\]\\(\\)])(p+o+o+n+a+n+n+i+)(?=[\\s.,;:!?\\#\\-\\*\\|\\[\\]\\(\\)])/isu', '', '', 'Y', 'TRNSL'),
(129, 3, 'poontang', '/(?<=[\\s.,;:!?\\#\\-\\*\\|\\[\\]\\(\\)])(p+o+o+n+t+a+n+g+)(?=[\\s.,;:!?\\#\\-\\*\\|\\[\\]\\(\\)])/isu', '', '', 'Y', 'TRNSL'),
(130, 3, 'prick', '/(?<=[\\s.,;:!?\\#\\-\\*\\|\\[\\]\\(\\)])(p+r+i+c+k+)(?=[\\s.,;:!?\\#\\-\\*\\|\\[\\]\\(\\)])/isu', '', '', 'Y', 'TRNSL'),
(131, 3, 'punch', '/(?<=[\\s.,;:!?\\#\\-\\*\\|\\[\\]\\(\\)])(p+u+n+c+h+)(?=[\\s.,;:!?\\#\\-\\*\\|\\[\\]\\(\\)])/isu', '', '', 'Y', 'TRNSL'),
(132, 3, 'queef', '/(?<=[\\s.,;:!?\\#\\-\\*\\|\\[\\]\\(\\)])(q+u+e+e+f+)(?=[\\s.,;:!?\\#\\-\\*\\|\\[\\]\\(\\)])/isu', '', '', 'Y', 'TRNSL'),
(133, 3, 'rogue', '/(?<=[\\s.,;:!?\\#\\-\\*\\|\\[\\]\\(\\)])(r+o+g+u+e+)(?=[\\s.,;:!?\\#\\-\\*\\|\\[\\]\\(\\)])/isu', '', '', 'Y', 'TRNSL'),
(134, 3, 'sanchez', '/(?<=[\\s.,;:!?\\#\\-\\*\\|\\[\\]\\(\\)])(s+a+n+c+h+e+z+)(?=[\\s.,;:!?\\#\\-\\*\\|\\[\\]\\(\\)])/isu', '', '', 'Y', 'TRNSL'),
(135, 3, 'schlong', '/(?<=[\\s.,;:!?\\#\\-\\*\\|\\[\\]\\(\\)])(s+c+h+l+o+n+g+)(?=[\\s.,;:!?\\#\\-\\*\\|\\[\\]\\(\\)])/isu', '', '', 'Y', 'TRNSL'),
(136, 3, 'shit', '/(?<=[\\s.,;:!?\\#\\-\\*\\|\\[\\]\\(\\)])(s+h+i+t+)(?=[\\s.,;:!?\\#\\-\\*\\|\\[\\]\\(\\)])/isu', '', '', 'Y', 'TRNSL'),
(137, 3, 'skank', '/(?<=[\\s.,;:!?\\#\\-\\*\\|\\[\\]\\(\\)])(s+k+a+n+k+)(?=[\\s.,;:!?\\#\\-\\*\\|\\[\\]\\(\\)])/isu', '', '', 'Y', 'TRNSL'),
(138, 3, 'spaz', '/(?<=[\\s.,;:!?\\#\\-\\*\\|\\[\\]\\(\\)])(s+p+a+z+)(?=[\\s.,;:!?\\#\\-\\*\\|\\[\\]\\(\\)])/isu', '', '', 'Y', 'TRNSL'),
(139, 3, 'spic', '/(?<=[\\s.,;:!?\\#\\-\\*\\|\\[\\]\\(\\)])(s+p+i+c+)(?=[\\s.,;:!?\\#\\-\\*\\|\\[\\]\\(\\)])/isu', '', '', 'Y', 'TRNSL'),
(140, 3, 'teabag*', '/(?<=[\\s.,;:!?\\#\\-\\*\\|\\[\\]\\(\\)])(t+e+a+b+a+g+[^\\s.,;:!?\\#\\-\\*\\|\\[\\]\\(\\)]*)(?=[\\s.,;:!?\\#\\-\\*\\|\\[\\]\\(\\)])/isu', '', '', 'Y', 'TRNSL'),
(141, 3, 'tits', '/(?<=[\\s.,;:!?\\#\\-\\*\\|\\[\\]\\(\\)])(t+i+t+s+)(?=[\\s.,;:!?\\#\\-\\*\\|\\[\\]\\(\\)])/isu', '', '', 'Y', 'TRNSL'),
(142, 3, 'twat', '/(?<=[\\s.,;:!?\\#\\-\\*\\|\\[\\]\\(\\)])(t+w+a+t+)(?=[\\s.,;:!?\\#\\-\\*\\|\\[\\]\\(\\)])/isu', '', '', 'Y', 'TRNSL'),
(143, 3, 'twot', '/(?<=[\\s.,;:!?\\#\\-\\*\\|\\[\\]\\(\\)])(t+w+o+t+)(?=[\\s.,;:!?\\#\\-\\*\\|\\[\\]\\(\\)])/isu', '', '', 'Y', 'TRNSL'),
(144, 3, 'vart', '/(?<=[\\s.,;:!?\\#\\-\\*\\|\\[\\]\\(\\)])(v+a+r+t+)(?=[\\s.,;:!?\\#\\-\\*\\|\\[\\]\\(\\)])/isu', '', '', 'Y', 'TRNSL'),
(145, 3, 'wanker', '/(?<=[\\s.,;:!?\\#\\-\\*\\|\\[\\]\\(\\)])(w+a+n+k+e+r+)(?=[\\s.,;:!?\\#\\-\\*\\|\\[\\]\\(\\)])/isu', '', '', 'Y', 'TRNSL'),
(146, 3, 'waste', '/(?<=[\\s.,;:!?\\#\\-\\*\\|\\[\\]\\(\\)])(w+a+s+t+e+)(?=[\\s.,;:!?\\#\\-\\*\\|\\[\\]\\(\\)])/isu', '', '', 'Y', 'TRNSL'),
(147, 3, 'wetback', '/(?<=[\\s.,;:!?\\#\\-\\*\\|\\[\\]\\(\\)])(w+e+t+b+a+c+k+)(?=[\\s.,;:!?\\#\\-\\*\\|\\[\\]\\(\\)])/isu', '', '', 'Y', 'TRNSL'),
(148, 3, 'whore', '/(?<=[\\s.,;:!?\\#\\-\\*\\|\\[\\]\\(\\)])(w+h+o+r+e+)(?=[\\s.,;:!?\\#\\-\\*\\|\\[\\]\\(\\)])/isu', '', '', 'Y', 'TRNSL'),
(149, 3, 'wigger', '/(?<=[\\s.,;:!?\\#\\-\\*\\|\\[\\]\\(\\)])(w+i+g+g+e+r+)(?=[\\s.,;:!?\\#\\-\\*\\|\\[\\]\\(\\)])/isu', '', '', 'Y', 'TRNSL'),
(150, 3, 'wog', '/(?<=[\\s.,;:!?\\#\\-\\*\\|\\[\\]\\(\\)])(w+o+g+)(?=[\\s.,;:!?\\#\\-\\*\\|\\[\\]\\(\\)])/isu', '', '', 'Y', 'TRNSL'),
(151, 3, 'wop', '/(?<=[\\s.,;:!?\\#\\-\\*\\|\\[\\]\\(\\)])(w+o+p+)(?=[\\s.,;:!?\\#\\-\\*\\|\\[\\]\\(\\)])/isu', '', '', 'Y', 'TRNSL');

-- --------------------------------------------------------

--
-- Структура таблицы `b_forum_group`
--

CREATE TABLE `b_forum_group` (
  `ID` int(11) NOT NULL,
  `SORT` int(11) NOT NULL DEFAULT '150',
  `PARENT_ID` int(11) DEFAULT NULL,
  `LEFT_MARGIN` int(11) DEFAULT NULL,
  `RIGHT_MARGIN` int(11) DEFAULT NULL,
  `DEPTH_LEVEL` int(11) DEFAULT NULL,
  `XML_ID` varchar(255) COLLATE utf8_unicode_ci DEFAULT NULL
) ENGINE=InnoDB DEFAULT CHARSET=utf8 COLLATE=utf8_unicode_ci;

-- --------------------------------------------------------

--
-- Структура таблицы `b_forum_group_lang`
--

CREATE TABLE `b_forum_group_lang` (
  `ID` int(11) NOT NULL,
  `FORUM_GROUP_ID` int(11) NOT NULL,
  `LID` char(2) COLLATE utf8_unicode_ci NOT NULL,
  `NAME` varchar(255) COLLATE utf8_unicode_ci NOT NULL,
  `DESCRIPTION` varchar(255) COLLATE utf8_unicode_ci DEFAULT NULL
) ENGINE=InnoDB DEFAULT CHARSET=utf8 COLLATE=utf8_unicode_ci;

-- --------------------------------------------------------

--
-- Структура таблицы `b_forum_letter`
--

CREATE TABLE `b_forum_letter` (
  `ID` int(11) NOT NULL,
  `DICTIONARY_ID` int(11) DEFAULT '0',
  `LETTER` varchar(50) COLLATE utf8_unicode_ci DEFAULT NULL,
  `REPLACEMENT` varchar(255) COLLATE utf8_unicode_ci DEFAULT NULL
) ENGINE=InnoDB DEFAULT CHARSET=utf8 COLLATE=utf8_unicode_ci;

--
-- Дамп данных таблицы `b_forum_letter`
--

INSERT INTO `b_forum_letter` (`ID`, `DICTIONARY_ID`, `LETTER`, `REPLACEMENT`) VALUES
(1, 2, 'а', 'АаAa'),
(2, 2, 'б', 'БбBb'),
(3, 2, 'в', 'ВвVv'),
(4, 2, 'г', 'Гг'),
(5, 2, 'д', 'ДдDd'),
(6, 2, 'е', 'ЁёЕеEe'),
(7, 2, 'ё', 'ЁёЕеEe, [Йй]+[Оо]+'),
(8, 2, 'ж', 'ЖжGg'),
(9, 2, 'з', 'ЗзZz3'),
(10, 2, 'и', 'ИиIi'),
(11, 2, 'й', 'ЙйИиYy'),
(12, 2, 'к', 'КкKk'),
(13, 2, 'л', 'ЛлLl'),
(14, 2, 'м', 'МмMm'),
(15, 2, 'н', 'НнNn'),
(16, 2, 'о', 'ОоOo'),
(17, 2, 'п', 'ПпPp'),
(18, 2, 'р', 'РрPpRr'),
(19, 2, 'с', 'СсCc'),
(20, 2, 'т', 'ТтTt'),
(21, 2, 'у', 'УуUu'),
(22, 2, 'ф', 'ФфFf'),
(23, 2, 'х', 'ХхXx'),
(24, 2, 'ц', 'ЦцCc'),
(25, 2, 'ч', 'Чч'),
(26, 2, 'ш', 'Шш'),
(27, 2, 'щ', 'Щщ'),
(28, 2, 'ь', 'ЪъЬь\"\','),
(29, 2, 'ы', 'Ыы'),
(30, 2, 'ъ', 'ЪъЬь\"\','),
(31, 2, 'э', 'Ээ'),
(32, 2, 'ю', 'Юю, [Йй]+[Оо]+'),
(33, 2, 'я', 'Яя'),
(34, 2, '%', '[Цц]+([Аа]+|[Оо]+), [Тт]+([Ьь]+|)[Сс]+[Яя]+'),
(35, 2, '^', ',ВвЗзСс,ВвЫы,ДдОо,ЗзАа,ИиЗзСс,НнАа,НнЕе,ОоТт,([Пп]*[Ее]+[Рр]+[Ее]+)'),
(36, 2, 'тся', '%'),
(37, 2, 'ться', '%');

-- --------------------------------------------------------

--
-- Структура таблицы `b_forum_message`
--

CREATE TABLE `b_forum_message` (
  `ID` bigint(20) NOT NULL,
  `FORUM_ID` int(10) NOT NULL,
  `TOPIC_ID` bigint(20) NOT NULL,
  `USE_SMILES` char(1) COLLATE utf8_unicode_ci NOT NULL DEFAULT 'Y',
  `NEW_TOPIC` char(1) COLLATE utf8_unicode_ci NOT NULL DEFAULT 'N',
  `APPROVED` char(1) COLLATE utf8_unicode_ci NOT NULL DEFAULT 'Y',
  `SOURCE_ID` varchar(255) COLLATE utf8_unicode_ci NOT NULL DEFAULT 'WEB',
  `POST_DATE` datetime NOT NULL,
  `POST_MESSAGE` text COLLATE utf8_unicode_ci,
  `POST_MESSAGE_HTML` text COLLATE utf8_unicode_ci,
  `POST_MESSAGE_FILTER` text COLLATE utf8_unicode_ci,
  `POST_MESSAGE_CHECK` char(32) COLLATE utf8_unicode_ci DEFAULT NULL,
  `ATTACH_IMG` int(11) DEFAULT NULL,
  `PARAM1` varchar(2) COLLATE utf8_unicode_ci DEFAULT NULL,
  `PARAM2` int(11) DEFAULT NULL,
  `AUTHOR_ID` int(10) DEFAULT NULL,
  `AUTHOR_NAME` varchar(255) COLLATE utf8_unicode_ci DEFAULT NULL,
  `AUTHOR_EMAIL` varchar(255) COLLATE utf8_unicode_ci DEFAULT NULL,
  `AUTHOR_IP` varchar(255) COLLATE utf8_unicode_ci DEFAULT NULL,
  `AUTHOR_REAL_IP` varchar(128) COLLATE utf8_unicode_ci DEFAULT NULL,
  `GUEST_ID` int(10) DEFAULT NULL,
  `EDITOR_ID` int(10) DEFAULT NULL,
  `EDITOR_NAME` varchar(255) COLLATE utf8_unicode_ci DEFAULT NULL,
  `EDITOR_EMAIL` varchar(255) COLLATE utf8_unicode_ci DEFAULT NULL,
  `EDIT_REASON` text COLLATE utf8_unicode_ci,
  `EDIT_DATE` datetime DEFAULT NULL,
  `XML_ID` varchar(255) COLLATE utf8_unicode_ci DEFAULT NULL,
  `HTML` text COLLATE utf8_unicode_ci,
  `MAIL_HEADER` text COLLATE utf8_unicode_ci,
  `SERVICE_TYPE` tinyint(4) DEFAULT NULL,
  `SERVICE_DATA` text COLLATE utf8_unicode_ci
) ENGINE=InnoDB DEFAULT CHARSET=utf8 COLLATE=utf8_unicode_ci;

-- --------------------------------------------------------

--
-- Структура таблицы `b_forum_perms`
--

CREATE TABLE `b_forum_perms` (
  `ID` int(11) NOT NULL,
  `FORUM_ID` int(11) NOT NULL,
  `GROUP_ID` int(11) NOT NULL,
  `PERMISSION` char(1) COLLATE utf8_unicode_ci NOT NULL DEFAULT 'M'
) ENGINE=InnoDB DEFAULT CHARSET=utf8 COLLATE=utf8_unicode_ci;

-- --------------------------------------------------------

--
-- Структура таблицы `b_forum_pm_folder`
--

CREATE TABLE `b_forum_pm_folder` (
  `ID` int(11) NOT NULL,
  `TITLE` varchar(255) COLLATE utf8_unicode_ci NOT NULL,
  `USER_ID` int(11) NOT NULL,
  `SORT` int(11) NOT NULL
) ENGINE=InnoDB DEFAULT CHARSET=utf8 COLLATE=utf8_unicode_ci;

--
-- Дамп данных таблицы `b_forum_pm_folder`
--

INSERT INTO `b_forum_pm_folder` (`ID`, `TITLE`, `USER_ID`, `SORT`) VALUES
(1, 'SYSTEM_FOLDER_1', 0, 0),
(2, 'SYSTEM_FOLDER_2', 0, 0),
(3, 'SYSTEM_FOLDER_3', 0, 0),
(4, 'SYSTEM_FOLDER_4', 0, 0);

-- --------------------------------------------------------

--
-- Структура таблицы `b_forum_points`
--

CREATE TABLE `b_forum_points` (
  `ID` int(11) NOT NULL,
  `MIN_POINTS` int(11) NOT NULL,
  `CODE` varchar(100) COLLATE utf8_unicode_ci DEFAULT NULL,
  `VOTES` int(11) NOT NULL
) ENGINE=InnoDB DEFAULT CHARSET=utf8 COLLATE=utf8_unicode_ci;

-- --------------------------------------------------------

--
-- Структура таблицы `b_forum_points2post`
--

CREATE TABLE `b_forum_points2post` (
  `ID` int(11) NOT NULL,
  `MIN_NUM_POSTS` int(11) NOT NULL,
  `POINTS_PER_POST` decimal(18,4) NOT NULL DEFAULT '0.0000'
) ENGINE=InnoDB DEFAULT CHARSET=utf8 COLLATE=utf8_unicode_ci;

-- --------------------------------------------------------

--
-- Структура таблицы `b_forum_points_lang`
--

CREATE TABLE `b_forum_points_lang` (
  `POINTS_ID` int(11) NOT NULL,
  `LID` char(2) COLLATE utf8_unicode_ci NOT NULL,
  `NAME` varchar(250) COLLATE utf8_unicode_ci DEFAULT NULL
) ENGINE=InnoDB DEFAULT CHARSET=utf8 COLLATE=utf8_unicode_ci;

-- --------------------------------------------------------

--
-- Структура таблицы `b_forum_private_message`
--

CREATE TABLE `b_forum_private_message` (
  `ID` bigint(10) NOT NULL,
  `AUTHOR_ID` int(11) DEFAULT '0',
  `RECIPIENT_ID` int(11) DEFAULT '0',
  `POST_DATE` datetime DEFAULT NULL,
  `POST_SUBJ` varchar(255) COLLATE utf8_unicode_ci DEFAULT NULL,
  `POST_MESSAGE` text COLLATE utf8_unicode_ci NOT NULL,
  `USER_ID` int(11) NOT NULL,
  `FOLDER_ID` int(11) NOT NULL,
  `IS_READ` char(1) COLLATE utf8_unicode_ci DEFAULT NULL,
  `REQUEST_IS_READ` char(1) COLLATE utf8_unicode_ci DEFAULT NULL,
  `USE_SMILES` char(1) COLLATE utf8_unicode_ci DEFAULT NULL
) ENGINE=InnoDB DEFAULT CHARSET=utf8 COLLATE=utf8_unicode_ci;

-- --------------------------------------------------------

--
-- Структура таблицы `b_forum_rank`
--

CREATE TABLE `b_forum_rank` (
  `ID` int(11) NOT NULL,
  `CODE` varchar(100) COLLATE utf8_unicode_ci DEFAULT NULL,
  `MIN_NUM_POSTS` int(11) NOT NULL DEFAULT '0'
) ENGINE=InnoDB DEFAULT CHARSET=utf8 COLLATE=utf8_unicode_ci;

-- --------------------------------------------------------

--
-- Структура таблицы `b_forum_rank_lang`
--

CREATE TABLE `b_forum_rank_lang` (
  `ID` int(11) NOT NULL,
  `RANK_ID` int(11) NOT NULL,
  `LID` char(2) COLLATE utf8_unicode_ci NOT NULL,
  `NAME` varchar(100) COLLATE utf8_unicode_ci NOT NULL
) ENGINE=InnoDB DEFAULT CHARSET=utf8 COLLATE=utf8_unicode_ci;

-- --------------------------------------------------------

--
-- Структура таблицы `b_forum_service_deleted_message`
--

CREATE TABLE `b_forum_service_deleted_message` (
  `ID` bigint(20) NOT NULL,
  `FORUM_ID` int(10) NOT NULL,
  `TOPIC_ID` bigint(20) NOT NULL,
  `MESSAGE_ID` bigint(20) NOT NULL,
  `NEW_TOPIC` char(1) COLLATE utf8_unicode_ci NOT NULL DEFAULT 'N',
  `APPROVED` char(1) COLLATE utf8_unicode_ci NOT NULL DEFAULT 'Y',
  `PARAM1` varchar(2) COLLATE utf8_unicode_ci DEFAULT NULL,
  `PARAM2` int(11) DEFAULT NULL,
  `AUTHOR_ID` int(10) DEFAULT NULL
) ENGINE=InnoDB DEFAULT CHARSET=utf8 COLLATE=utf8_unicode_ci;

-- --------------------------------------------------------

--
-- Структура таблицы `b_forum_service_statistic_queue`
--

CREATE TABLE `b_forum_service_statistic_queue` (
  `ID` bigint(10) NOT NULL,
  `ENTITY_TYPE` varchar(20) COLLATE utf8_unicode_ci DEFAULT NULL,
  `ENTITY_ID` int(10) NOT NULL
) ENGINE=InnoDB DEFAULT CHARSET=utf8 COLLATE=utf8_unicode_ci;

-- --------------------------------------------------------

--
-- Структура таблицы `b_forum_stat`
--

CREATE TABLE `b_forum_stat` (
  `ID` bigint(20) NOT NULL,
  `USER_ID` int(10) DEFAULT NULL,
  `IP_ADDRESS` varchar(128) COLLATE utf8_unicode_ci DEFAULT NULL,
  `PHPSESSID` varchar(255) COLLATE utf8_unicode_ci DEFAULT NULL,
  `LAST_VISIT` datetime DEFAULT NULL,
  `SITE_ID` char(2) COLLATE utf8_unicode_ci DEFAULT NULL,
  `FORUM_ID` smallint(5) NOT NULL DEFAULT '0',
  `TOPIC_ID` int(10) DEFAULT NULL,
  `SHOW_NAME` varchar(255) COLLATE utf8_unicode_ci DEFAULT NULL
) ENGINE=InnoDB DEFAULT CHARSET=utf8 COLLATE=utf8_unicode_ci;

-- --------------------------------------------------------

--
-- Структура таблицы `b_forum_subscribe`
--

CREATE TABLE `b_forum_subscribe` (
  `ID` int(10) NOT NULL,
  `USER_ID` int(10) NOT NULL,
  `FORUM_ID` int(10) NOT NULL,
  `TOPIC_ID` int(10) DEFAULT NULL,
  `START_DATE` datetime NOT NULL,
  `LAST_SEND` int(10) DEFAULT NULL,
  `NEW_TOPIC_ONLY` char(50) COLLATE utf8_unicode_ci NOT NULL DEFAULT 'N',
  `SITE_ID` char(2) COLLATE utf8_unicode_ci NOT NULL DEFAULT 'ru',
  `SOCNET_GROUP_ID` int(11) DEFAULT NULL
) ENGINE=InnoDB DEFAULT CHARSET=utf8 COLLATE=utf8_unicode_ci;

-- --------------------------------------------------------

--
-- Структура таблицы `b_forum_topic`
--

CREATE TABLE `b_forum_topic` (
  `ID` bigint(20) NOT NULL,
  `FORUM_ID` int(10) NOT NULL,
  `TOPIC_ID` bigint(20) DEFAULT NULL,
  `TITLE` varchar(255) COLLATE utf8_unicode_ci NOT NULL,
  `TITLE_SEO` varchar(255) COLLATE utf8_unicode_ci DEFAULT NULL,
  `TAGS` varchar(255) COLLATE utf8_unicode_ci DEFAULT NULL,
  `DESCRIPTION` varchar(255) COLLATE utf8_unicode_ci DEFAULT NULL,
  `ICON` varchar(255) COLLATE utf8_unicode_ci DEFAULT NULL,
  `STATE` char(1) COLLATE utf8_unicode_ci NOT NULL DEFAULT 'Y',
  `APPROVED` char(1) COLLATE utf8_unicode_ci NOT NULL DEFAULT 'Y',
  `SORT` int(10) NOT NULL DEFAULT '150',
  `VIEWS` int(10) NOT NULL DEFAULT '0',
  `USER_START_ID` int(10) DEFAULT NULL,
  `USER_START_NAME` varchar(255) COLLATE utf8_unicode_ci DEFAULT NULL,
  `START_DATE` datetime NOT NULL,
  `POSTS` int(10) NOT NULL DEFAULT '0',
  `POSTS_SERVICE` int(10) NOT NULL DEFAULT '0',
  `LAST_POSTER_ID` int(10) DEFAULT NULL,
  `LAST_POSTER_NAME` varchar(255) COLLATE utf8_unicode_ci NOT NULL,
  `LAST_POST_DATE` datetime NOT NULL,
  `LAST_MESSAGE_ID` bigint(20) DEFAULT NULL,
  `POSTS_UNAPPROVED` int(11) DEFAULT '0',
  `ABS_LAST_POSTER_ID` int(10) DEFAULT NULL,
  `ABS_LAST_POSTER_NAME` varchar(255) COLLATE utf8_unicode_ci DEFAULT NULL,
  `ABS_LAST_POST_DATE` datetime DEFAULT NULL,
  `ABS_LAST_MESSAGE_ID` bigint(20) DEFAULT NULL,
  `XML_ID` varchar(255) COLLATE utf8_unicode_ci DEFAULT NULL,
  `HTML` text COLLATE utf8_unicode_ci,
  `SOCNET_GROUP_ID` int(10) DEFAULT NULL,
  `OWNER_ID` int(10) DEFAULT NULL
) ENGINE=InnoDB DEFAULT CHARSET=utf8 COLLATE=utf8_unicode_ci;

-- --------------------------------------------------------

--
-- Структура таблицы `b_forum_user`
--

CREATE TABLE `b_forum_user` (
  `ID` bigint(10) NOT NULL,
  `USER_ID` int(10) NOT NULL,
  `ALIAS` varchar(64) COLLATE utf8_unicode_ci DEFAULT NULL,
  `DESCRIPTION` varchar(255) COLLATE utf8_unicode_ci DEFAULT NULL,
  `IP_ADDRESS` varchar(128) COLLATE utf8_unicode_ci DEFAULT NULL,
  `AVATAR` int(10) DEFAULT NULL,
  `NUM_POSTS` int(10) DEFAULT '0',
  `INTERESTS` text COLLATE utf8_unicode_ci,
  `LAST_POST` int(10) DEFAULT NULL,
  `ALLOW_POST` char(1) COLLATE utf8_unicode_ci NOT NULL DEFAULT 'Y',
  `LAST_VISIT` datetime NOT NULL,
  `DATE_REG` date NOT NULL,
  `REAL_IP_ADDRESS` varchar(128) COLLATE utf8_unicode_ci DEFAULT NULL,
  `SIGNATURE` varchar(255) COLLATE utf8_unicode_ci DEFAULT NULL,
  `SHOW_NAME` char(1) COLLATE utf8_unicode_ci NOT NULL DEFAULT 'Y',
  `RANK_ID` int(11) DEFAULT NULL,
  `POINTS` int(11) NOT NULL DEFAULT '0',
  `HIDE_FROM_ONLINE` char(1) COLLATE utf8_unicode_ci NOT NULL DEFAULT 'N',
  `SUBSC_GROUP_MESSAGE` char(1) COLLATE utf8_unicode_ci NOT NULL DEFAULT 'N',
  `SUBSC_GET_MY_MESSAGE` char(1) COLLATE utf8_unicode_ci NOT NULL DEFAULT 'Y'
) ENGINE=InnoDB DEFAULT CHARSET=utf8 COLLATE=utf8_unicode_ci;

-- --------------------------------------------------------

--
-- Структура таблицы `b_forum_user_forum`
--

CREATE TABLE `b_forum_user_forum` (
  `ID` int(11) NOT NULL,
  `USER_ID` int(11) DEFAULT NULL,
  `FORUM_ID` int(11) DEFAULT NULL,
  `LAST_VISIT` datetime DEFAULT NULL,
  `MAIN_LAST_VISIT` datetime DEFAULT NULL
) ENGINE=InnoDB DEFAULT CHARSET=utf8 COLLATE=utf8_unicode_ci;

-- --------------------------------------------------------

--
-- Структура таблицы `b_forum_user_points`
--

CREATE TABLE `b_forum_user_points` (
  `FROM_USER_ID` int(11) NOT NULL,
  `TO_USER_ID` int(11) NOT NULL,
  `POINTS` int(11) NOT NULL DEFAULT '0',
  `DATE_UPDATE` datetime DEFAULT NULL
) ENGINE=InnoDB DEFAULT CHARSET=utf8 COLLATE=utf8_unicode_ci;

-- --------------------------------------------------------

--
-- Структура таблицы `b_forum_user_topic`
--

CREATE TABLE `b_forum_user_topic` (
  `ID` bigint(20) NOT NULL,
  `TOPIC_ID` int(11) NOT NULL,
  `USER_ID` int(11) NOT NULL,
  `FORUM_ID` int(11) DEFAULT NULL,
  `LAST_VISIT` datetime DEFAULT NULL
) ENGINE=InnoDB DEFAULT CHARSET=utf8 COLLATE=utf8_unicode_ci;

-- --------------------------------------------------------

--
-- Структура таблицы `b_geoip_handlers`
--

CREATE TABLE `b_geoip_handlers` (
  `ID` int(11) NOT NULL,
  `SORT` int(11) NOT NULL DEFAULT '100',
  `ACTIVE` char(1) COLLATE utf8_unicode_ci NOT NULL DEFAULT 'Y',
  `CLASS_NAME` varchar(255) COLLATE utf8_unicode_ci NOT NULL,
  `CONFIG` text COLLATE utf8_unicode_ci
) ENGINE=InnoDB DEFAULT CHARSET=utf8 COLLATE=utf8_unicode_ci;

--
-- Дамп данных таблицы `b_geoip_handlers`
--

INSERT INTO `b_geoip_handlers` (`ID`, `SORT`, `ACTIVE`, `CLASS_NAME`, `CONFIG`) VALUES
(1, 90, 'Y', '\\Bitrix\\Main\\Service\\GeoIp\\Extension', NULL),
(2, 100, 'N', '\\Bitrix\\Main\\Service\\GeoIp\\MaxMind', NULL),
(3, 110, 'Y', '\\Bitrix\\Main\\Service\\GeoIp\\SypexGeo', NULL);

-- --------------------------------------------------------

--
-- Структура таблицы `b_group`
--

CREATE TABLE `b_group` (
  `ID` int(11) NOT NULL,
  `TIMESTAMP_X` timestamp NULL DEFAULT NULL,
  `ACTIVE` char(1) COLLATE utf8_unicode_ci NOT NULL DEFAULT 'Y',
  `C_SORT` int(11) NOT NULL DEFAULT '100',
  `ANONYMOUS` char(1) COLLATE utf8_unicode_ci NOT NULL DEFAULT 'N',
  `IS_SYSTEM` char(1) COLLATE utf8_unicode_ci NOT NULL DEFAULT 'Y',
  `NAME` varchar(255) COLLATE utf8_unicode_ci NOT NULL,
  `DESCRIPTION` varchar(255) COLLATE utf8_unicode_ci DEFAULT NULL,
  `SECURITY_POLICY` text COLLATE utf8_unicode_ci,
  `STRING_ID` varchar(255) COLLATE utf8_unicode_ci DEFAULT NULL
) ENGINE=InnoDB DEFAULT CHARSET=utf8 COLLATE=utf8_unicode_ci;

--
-- Дамп данных таблицы `b_group`
--

INSERT INTO `b_group` (`ID`, `TIMESTAMP_X`, `ACTIVE`, `C_SORT`, `ANONYMOUS`, `IS_SYSTEM`, `NAME`, `DESCRIPTION`, `SECURITY_POLICY`, `STRING_ID`) VALUES
(1, '2022-11-19 08:48:24', 'Y', 1, 'N', 'Y', 'Администраторы', 'Полный доступ к управлению сайтом.', 'a:12:{s:15:\"SESSION_TIMEOUT\";i:15;s:15:\"SESSION_IP_MASK\";s:15:\"255.255.255.255\";s:13:\"MAX_STORE_NUM\";i:1;s:13:\"STORE_IP_MASK\";s:15:\"255.255.255.255\";s:13:\"STORE_TIMEOUT\";i:4320;s:17:\"CHECKWORD_TIMEOUT\";i:60;s:15:\"PASSWORD_LENGTH\";i:10;s:18:\"PASSWORD_UPPERCASE\";s:1:\"Y\";s:18:\"PASSWORD_LOWERCASE\";s:1:\"Y\";s:15:\"PASSWORD_DIGITS\";s:1:\"Y\";s:20:\"PASSWORD_PUNCTUATION\";s:1:\"Y\";s:14:\"LOGIN_ATTEMPTS\";i:3;}', NULL),
(2, '2022-11-19 08:41:03', 'Y', 2, 'Y', 'Y', 'Все пользователи (в том числе неавторизованные)', 'Все пользователи, включая неавторизованных.', NULL, NULL),
(3, '2022-11-19 08:41:03', 'Y', 3, 'N', 'Y', 'Пользователи, имеющие право голосовать за рейтинг', 'В эту группу пользователи добавляются автоматически.', NULL, 'RATING_VOTE'),
(4, '2022-11-19 08:41:03', 'Y', 4, 'N', 'Y', 'Пользователи имеющие право голосовать за авторитет', 'В эту группу пользователи добавляются автоматически.', NULL, 'RATING_VOTE_AUTHORITY'),
(5, '2022-11-19 08:48:24', 'Y', 3, 'N', 'Y', 'Зарегистрированные пользователи', NULL, NULL, 'REGISTERED_USERS'),
(6, '2022-11-19 08:48:24', 'Y', 4, 'N', 'Y', 'Пользователи панели управления', NULL, NULL, 'CONTROL_PANEL_USERS');

-- --------------------------------------------------------

--
-- Структура таблицы `b_group_collection_task`
--

CREATE TABLE `b_group_collection_task` (
  `GROUP_ID` int(11) NOT NULL,
  `TASK_ID` int(11) NOT NULL,
  `COLLECTION_ID` int(11) NOT NULL
) ENGINE=InnoDB DEFAULT CHARSET=utf8 COLLATE=utf8_unicode_ci;

-- --------------------------------------------------------

--
-- Структура таблицы `b_group_subordinate`
--

CREATE TABLE `b_group_subordinate` (
  `ID` int(11) NOT NULL,
  `AR_SUBGROUP_ID` text COLLATE utf8_unicode_ci NOT NULL
) ENGINE=InnoDB DEFAULT CHARSET=utf8 COLLATE=utf8_unicode_ci;

-- --------------------------------------------------------

--
-- Структура таблицы `b_group_task`
--

CREATE TABLE `b_group_task` (
  `GROUP_ID` int(11) NOT NULL,
  `TASK_ID` int(11) NOT NULL,
  `EXTERNAL_ID` varchar(50) COLLATE utf8_unicode_ci DEFAULT ''
) ENGINE=InnoDB DEFAULT CHARSET=utf8 COLLATE=utf8_unicode_ci;

--
-- Дамп данных таблицы `b_group_task`
--

INSERT INTO `b_group_task` (`GROUP_ID`, `TASK_ID`, `EXTERNAL_ID`) VALUES
(5, 2, ''),
(6, 2, '');

-- --------------------------------------------------------

--
-- Структура таблицы `b_hlbd_tegicases`
--

CREATE TABLE `b_hlbd_tegicases` (
  `ID` int(11) UNSIGNED NOT NULL,
  `UF_NAME` text COLLATE utf8_unicode_ci,
  `UF_SORT` int(18) DEFAULT NULL,
  `UF_XML_ID` text COLLATE utf8_unicode_ci,
  `UF_LINK` text COLLATE utf8_unicode_ci,
  `UF_DESCRIPTION` text COLLATE utf8_unicode_ci,
  `UF_FULL_DESCRIPTION` text COLLATE utf8_unicode_ci,
  `UF_DEF` int(18) DEFAULT NULL,
  `UF_FILE` int(18) DEFAULT NULL
) ENGINE=InnoDB DEFAULT CHARSET=utf8 COLLATE=utf8_unicode_ci;

--
-- Дамп данных таблицы `b_hlbd_tegicases`
--

INSERT INTO `b_hlbd_tegicases` (`ID`, `UF_NAME`, `UF_SORT`, `UF_XML_ID`, `UF_LINK`, `UF_DESCRIPTION`, `UF_FULL_DESCRIPTION`, `UF_DEF`, `UF_FILE`) VALUES
(1, 'Адресный склад', 100, 'p5BQJEY6', '', '', '', 0, NULL),
(2, 'Приёмка товара', 100, 'KlVguzJD', '', '', '', 0, NULL),
(3, 'Комплектация заказа', 100, 'FcRsr1D5', '', '', '', 0, NULL),
(4, 'Электронная очередь', 100, 'SHcZHoYe', '', '', '', 0, NULL),
(5, 'Отгрузка', 100, 'kkIEV6Fl', '', '', '', 0, NULL),
(6, 'Перемещение товаров', 100, 'ow1K0vcF', '', '', '', 0, NULL),
(7, 'Агрегация товаров', 100, 'zIX4KriW', '', '', '', 0, NULL),
(8, 'Возврат товаров', 100, '4eQI5W6H', '', '', '', 0, NULL),
(9, 'Инвентаризация товара', 100, 'r0jCF3uV', '', '', '', 0, NULL),
(10, 'Передача в кладовую цеха', 100, 'V15wH5ZJ', '', '', '', 0, NULL),
(11, 'Все кейсы', 100, 'Brw31YCO', '', '', '', 0, NULL);

-- --------------------------------------------------------

--
-- Структура таблицы `b_hlbd_tegifiltra`
--

CREATE TABLE `b_hlbd_tegifiltra` (
  `ID` int(11) UNSIGNED NOT NULL,
  `UF_NAME` text COLLATE utf8_unicode_ci,
  `UF_SORT` int(18) DEFAULT NULL,
  `UF_XML_ID` text COLLATE utf8_unicode_ci,
  `UF_LINK` text COLLATE utf8_unicode_ci,
  `UF_DESCRIPTION` text COLLATE utf8_unicode_ci,
  `UF_FULL_DESCRIPTION` text COLLATE utf8_unicode_ci,
  `UF_DEF` int(18) DEFAULT NULL,
  `UF_FILE` int(18) DEFAULT NULL
) ENGINE=InnoDB DEFAULT CHARSET=utf8 COLLATE=utf8_unicode_ci;

--
-- Дамп данных таблицы `b_hlbd_tegifiltra`
--

INSERT INTO `b_hlbd_tegifiltra` (`ID`, `UF_NAME`, `UF_SORT`, `UF_XML_ID`, `UF_LINK`, `UF_DESCRIPTION`, `UF_FULL_DESCRIPTION`, `UF_DEF`, `UF_FILE`) VALUES
(1, 'Адресный склад', 100, 'OADNjQfj', '', '', '', 0, NULL),
(2, 'Приёмка товара', 100, 'rw4EKupF', '', '', '', 0, NULL),
(3, 'Комплектация заказа', 100, 'EQ9uahlM', '', '', '', 0, NULL),
(4, 'Электронная очередь', 100, 'RR2INyjx', '', '', '', 0, NULL),
(5, 'Отгрузка', 100, 'YAJ3bdk9', '', '', '', 0, NULL),
(6, 'Перемещение товаров', 100, '2dQicpUu', '', '', '', 0, NULL),
(7, 'Агрегация товаров', 100, 'hfHKOLfd', '', '', '', 0, NULL),
(8, 'Возврат товаров', 100, 'YinmIzPW', '', '', '', 0, NULL),
(9, 'Возврат товаров', 100, 'abuFol4f', '', '', '', 0, NULL),
(10, 'Инвентаризация товара', 100, 'YDIPxy6T', '', '', '', 0, NULL),
(11, 'Передача в кладовую цеха', 100, '5IHmc1LY', '', '', '', 0, NULL);

-- --------------------------------------------------------

--
-- Структура таблицы `b_hlblock_entity`
--

CREATE TABLE `b_hlblock_entity` (
  `ID` int(11) UNSIGNED NOT NULL,
  `NAME` varchar(100) COLLATE utf8_unicode_ci NOT NULL,
  `TABLE_NAME` varchar(64) COLLATE utf8_unicode_ci NOT NULL
) ENGINE=InnoDB DEFAULT CHARSET=utf8 COLLATE=utf8_unicode_ci;

--
-- Дамп данных таблицы `b_hlblock_entity`
--

INSERT INTO `b_hlblock_entity` (`ID`, `NAME`, `TABLE_NAME`) VALUES
(2, 'Tegifiltra', 'b_hlbd_tegifiltra'),
(3, 'Tegicases', 'b_hlbd_tegicases');

-- --------------------------------------------------------

--
-- Структура таблицы `b_hlblock_entity_lang`
--

CREATE TABLE `b_hlblock_entity_lang` (
  `ID` int(11) UNSIGNED NOT NULL,
  `LID` char(2) COLLATE utf8_unicode_ci NOT NULL,
  `NAME` varchar(100) COLLATE utf8_unicode_ci NOT NULL
) ENGINE=InnoDB DEFAULT CHARSET=utf8 COLLATE=utf8_unicode_ci;

-- --------------------------------------------------------

--
-- Структура таблицы `b_hlblock_entity_rights`
--

CREATE TABLE `b_hlblock_entity_rights` (
  `ID` int(11) UNSIGNED NOT NULL,
  `HL_ID` int(11) UNSIGNED NOT NULL,
  `TASK_ID` int(11) UNSIGNED NOT NULL,
  `ACCESS_CODE` varchar(50) COLLATE utf8_unicode_ci NOT NULL
) ENGINE=InnoDB DEFAULT CHARSET=utf8 COLLATE=utf8_unicode_ci;

-- --------------------------------------------------------

--
-- Структура таблицы `b_hot_keys`
--

CREATE TABLE `b_hot_keys` (
  `ID` int(11) NOT NULL,
  `KEYS_STRING` varchar(20) COLLATE utf8_unicode_ci NOT NULL,
  `CODE_ID` int(11) NOT NULL,
  `USER_ID` int(11) NOT NULL
) ENGINE=InnoDB DEFAULT CHARSET=utf8 COLLATE=utf8_unicode_ci;

--
-- Дамп данных таблицы `b_hot_keys`
--

INSERT INTO `b_hot_keys` (`ID`, `KEYS_STRING`, `CODE_ID`, `USER_ID`) VALUES
(1, 'Ctrl+Alt+85', 139, 0),
(2, 'Ctrl+Alt+80', 17, 0),
(3, 'Ctrl+Alt+70', 120, 0),
(4, 'Ctrl+Alt+68', 117, 0),
(5, 'Ctrl+Alt+81', 3, 0),
(6, 'Ctrl+Alt+75', 106, 0),
(7, 'Ctrl+Alt+79', 133, 0),
(8, 'Ctrl+Alt+70', 121, 0),
(9, 'Ctrl+Alt+69', 118, 0),
(10, 'Ctrl+Shift+83', 87, 0),
(11, 'Ctrl+Shift+88', 88, 0),
(12, 'Ctrl+Shift+76', 89, 0),
(13, 'Ctrl+Alt+85', 139, 1),
(14, 'Ctrl+Alt+80', 17, 1),
(15, 'Ctrl+Alt+70', 120, 1),
(16, 'Ctrl+Alt+68', 117, 1),
(17, 'Ctrl+Alt+81', 3, 1),
(18, 'Ctrl+Alt+75', 106, 1),
(19, 'Ctrl+Alt+79', 133, 1),
(20, 'Ctrl+Alt+70', 121, 1),
(21, 'Ctrl+Alt+69', 118, 1),
(22, 'Ctrl+Shift+83', 87, 1),
(23, 'Ctrl+Shift+88', 88, 1),
(24, 'Ctrl+Shift+76', 89, 1);

-- --------------------------------------------------------

--
-- Структура таблицы `b_hot_keys_code`
--

CREATE TABLE `b_hot_keys_code` (
  `ID` int(11) NOT NULL,
  `CLASS_NAME` varchar(50) COLLATE utf8_unicode_ci DEFAULT NULL,
  `CODE` varchar(255) COLLATE utf8_unicode_ci DEFAULT NULL,
  `NAME` varchar(255) COLLATE utf8_unicode_ci DEFAULT NULL,
  `COMMENTS` varchar(255) COLLATE utf8_unicode_ci DEFAULT NULL,
  `TITLE_OBJ` varchar(50) COLLATE utf8_unicode_ci DEFAULT NULL,
  `URL` varchar(255) COLLATE utf8_unicode_ci DEFAULT NULL,
  `IS_CUSTOM` tinyint(4) NOT NULL DEFAULT '1'
) ENGINE=InnoDB DEFAULT CHARSET=utf8 COLLATE=utf8_unicode_ci;

--
-- Дамп данных таблицы `b_hot_keys_code`
--

INSERT INTO `b_hot_keys_code` (`ID`, `CLASS_NAME`, `CODE`, `NAME`, `COMMENTS`, `TITLE_OBJ`, `URL`, `IS_CUSTOM`) VALUES
(3, 'CAdminTabControl', 'NextTab();', 'HK_DB_CADMINTC', 'HK_DB_CADMINTC_C', 'tab-container', '', 0),
(5, 'btn_new', 'var d=BX (\'btn_new\'); if (d) location.href = d.href;', 'HK_DB_BUT_ADD', 'HK_DB_BUT_ADD_C', 'btn_new', '', 0),
(6, 'btn_excel', 'var d=BX(\'btn_excel\'); if (d) location.href = d.href;', 'HK_DB_BUT_EXL', 'HK_DB_BUT_EXL_C', 'btn_excel', '', 0),
(7, 'btn_settings', 'var d=BX(\'btn_settings\'); if (d) location.href = d.href;', 'HK_DB_BUT_OPT', 'HK_DB_BUT_OPT_C', 'btn_settings', '', 0),
(8, 'btn_list', 'var d=BX(\'btn_list\'); if (d) location.href = d.href;', 'HK_DB_BUT_LST', 'HK_DB_BUT_LST_C', 'btn_list', '', 0),
(9, 'Edit_Save_Button', 'var d=BX .findChild(document, {attribute: {\'name\': \'save\'}}, true );  if (d) d.click();', 'HK_DB_BUT_SAVE', 'HK_DB_BUT_SAVE_C', 'Edit_Save_Button', '', 0),
(10, 'btn_delete', 'var d=BX(\'btn_delete\'); if (d) location.href = d.href;', 'HK_DB_BUT_DEL', 'HK_DB_BUT_DEL_C', 'btn_delete', '', 0),
(12, 'CAdminFilter', 'var d=BX .findChild(document, {attribute: {\'name\': \'find\'}}, true ); if (d) d.focus();', 'HK_DB_FLT_FND', 'HK_DB_FLT_FND_C', 'find', '', 0),
(13, 'CAdminFilter', 'var d=BX .findChild(document, {attribute: {\'name\': \'set_filter\'}}, true );  if (d) d.click();', 'HK_DB_FLT_BUT_F', 'HK_DB_FLT_BUT_F_C', 'set_filter', '', 0),
(14, 'CAdminFilter', 'var d=BX .findChild(document, {attribute: {\'name\': \'del_filter\'}}, true );  if (d) d.click();', 'HK_DB_FLT_BUT_CNL', 'HK_DB_FLT_BUT_CNL_C', 'del_filter', '', 0),
(15, 'bx-panel-admin-button-help-icon-id', 'var d=BX(\'bx-panel-admin-button-help-icon-id\'); if (d) location.href = d.href;', 'HK_DB_BUT_HLP', 'HK_DB_BUT_HLP_C', 'bx-panel-admin-button-help-icon-id', '', 0),
(17, 'Global', 'BXHotKeys.ShowSettings();', 'HK_DB_SHW_L', 'HK_DB_SHW_L_C', 'bx-panel-hotkeys', '', 0),
(19, 'Edit_Apply_Button', 'var d=BX .findChild(document, {attribute: {\'name\': \'apply\'}}, true );  if (d) d.click();', 'HK_DB_BUT_APPL', 'HK_DB_BUT_APPL_C', 'Edit_Apply_Button', '', 0),
(20, 'Edit_Cancel_Button', 'var d=BX .findChild(document, {attribute: {\'name\': \'cancel\'}}, true );  if (d) d.click();', 'HK_DB_BUT_CANCEL', 'HK_DB_BUT_CANCEL_C', 'Edit_Cancel_Button', '', 0),
(54, 'top_panel_org_fav', '', '-=AUTONAME=-', NULL, 'top_panel_org_fav', NULL, 0),
(55, 'top_panel_module_settings', '', '-=AUTONAME=-', NULL, 'top_panel_module_settings', '', 0),
(56, 'top_panel_interface_settings', '', '-=AUTONAME=-', NULL, 'top_panel_interface_settings', '', 0),
(57, 'top_panel_help', '', '-=AUTONAME=-', NULL, 'top_panel_help', '', 0),
(58, 'top_panel_bizproc_tasks', '', '-=AUTONAME=-', NULL, 'top_panel_bizproc_tasks', '', 0),
(59, 'top_panel_add_fav', '', '-=AUTONAME=-', NULL, 'top_panel_add_fav', NULL, 0),
(60, 'top_panel_create_page', '', '-=AUTONAME=-', NULL, 'top_panel_create_page', '', 0),
(62, 'top_panel_create_folder', '', '-=AUTONAME=-', NULL, 'top_panel_create_folder', '', 0),
(63, 'top_panel_edit_page', '', '-=AUTONAME=-', NULL, 'top_panel_edit_page', '', 0),
(64, 'top_panel_page_prop', '', '-=AUTONAME=-', NULL, 'top_panel_page_prop', '', 0),
(65, 'top_panel_edit_page_html', '', '-=AUTONAME=-', NULL, 'top_panel_edit_page_html', '', 0),
(67, 'top_panel_edit_page_php', '', '-=AUTONAME=-', NULL, 'top_panel_edit_page_php', '', 0),
(68, 'top_panel_del_page', '', '-=AUTONAME=-', NULL, 'top_panel_del_page', '', 0),
(69, 'top_panel_folder_prop', '', '-=AUTONAME=-', NULL, 'top_panel_folder_prop', '', 0),
(70, 'top_panel_access_folder_new', '', '-=AUTONAME=-', NULL, 'top_panel_access_folder_new', '', 0),
(71, 'main_top_panel_struct_panel', '', '-=AUTONAME=-', NULL, 'main_top_panel_struct_panel', '', 0),
(72, 'top_panel_cache_page', '', '-=AUTONAME=-', NULL, 'top_panel_cache_page', '', 0),
(73, 'top_panel_cache_comp', '', '-=AUTONAME=-', NULL, 'top_panel_cache_comp', '', 0),
(74, 'top_panel_cache_not', '', '-=AUTONAME=-', NULL, 'top_panel_cache_not', '', 0),
(75, 'top_panel_edit_mode', '', '-=AUTONAME=-', NULL, 'top_panel_edit_mode', '', 0),
(76, 'top_panel_templ_site_css', '', '-=AUTONAME=-', NULL, 'top_panel_templ_site_css', '', 0),
(77, 'top_panel_templ_templ_css', '', '-=AUTONAME=-', NULL, 'top_panel_templ_templ_css', '', 0),
(78, 'top_panel_templ_site', '', '-=AUTONAME=-', NULL, 'top_panel_templ_site', '', 0),
(81, 'top_panel_debug_time', '', '-=AUTONAME=-', NULL, 'top_panel_debug_time', '', 0),
(82, 'top_panel_debug_incl', '', '-=AUTONAME=-', NULL, 'top_panel_debug_incl', '', 0),
(83, 'top_panel_debug_sql', '', '-=AUTONAME=-', NULL, 'top_panel_debug_sql', NULL, 0),
(84, 'top_panel_debug_compr', '', '-=AUTONAME=-', NULL, 'top_panel_debug_compr', '', 0),
(85, 'MTP_SHORT_URI1', '', '-=AUTONAME=-', NULL, 'MTP_SHORT_URI1', '', 0),
(86, 'MTP_SHORT_URI_LIST', '', '-=AUTONAME=-', NULL, 'MTP_SHORT_URI_LIST', '', 0),
(87, 'FMST_PANEL_STICKER_ADD', '', '-=AUTONAME=-', NULL, 'FMST_PANEL_STICKER_ADD', '', 0),
(88, 'FMST_PANEL_STICKERS_SHOW', '', '-=AUTONAME=-', NULL, 'FMST_PANEL_STICKERS_SHOW', '', 0),
(89, 'FMST_PANEL_CUR_STICKER_LIST', '', '-=AUTONAME=-', NULL, 'FMST_PANEL_CUR_STICKER_LIST', '', 0),
(90, 'FMST_PANEL_ALL_STICKER_LIST', '', '-=AUTONAME=-', NULL, 'FMST_PANEL_ALL_STICKER_LIST', '', 0),
(91, 'top_panel_menu', 'var d=BX(\"bx-panel-menu\"); if (d) d.click();', '-=AUTONAME=-', NULL, 'bx-panel-menu', '', 0),
(92, 'top_panel_admin', 'var d=BX(\'bx-panel-admin-tab\'); if (d) location.href = d.href;', '-=AUTONAME=-', NULL, 'bx-panel-admin-tab', '', 0),
(93, 'admin_panel_site', 'var d=BX(\'bx-panel-view-tab\'); if (d) location.href = d.href;', '-=AUTONAME=-', NULL, 'bx-panel-view-tab', '', 0),
(94, 'admin_panel_admin', 'var d=BX(\'bx-panel-admin-tab\'); if (d) location.href = d.href;', '-=AUTONAME=-', NULL, 'bx-panel-admin-tab', '', 0),
(96, 'top_panel_folder_prop_new', '', '-=AUTONAME=-', NULL, 'top_panel_folder_prop_new', '', 0),
(97, 'main_top_panel_structure', '', '-=AUTONAME=-', NULL, 'main_top_panel_structure', '', 0),
(98, 'top_panel_clear_cache', '', '-=AUTONAME=-', NULL, 'top_panel_clear_cache', '', 0),
(99, 'top_panel_templ', '', '-=AUTONAME=-', NULL, 'top_panel_templ', '', 0),
(100, 'top_panel_debug', '', '-=AUTONAME=-', NULL, 'top_panel_debug', '', 0),
(101, 'MTP_SHORT_URI', '', '-=AUTONAME=-', NULL, 'MTP_SHORT_URI', '', 0),
(102, 'FMST_PANEL_STICKERS', '', '-=AUTONAME=-', NULL, 'FMST_PANEL_STICKERS', '', 0),
(103, 'top_panel_settings', '', '-=AUTONAME=-', NULL, 'top_panel_settings', '', 0),
(104, 'top_panel_fav', '', '-=AUTONAME=-', NULL, 'top_panel_fav', '', 0),
(106, 'Global', 'location.href=\'/bitrix/admin/hot_keys_list.php?lang=ru\';', 'HK_DB_SHW_HK', '', '', '', 0),
(107, 'top_panel_edit_new', '', '-=AUTONAME=-', NULL, 'top_panel_edit_new', '', 0),
(108, 'FLOW_PANEL_CREATE_WITH_WF', '', '-=AUTONAME=-', NULL, 'FLOW_PANEL_CREATE_WITH_WF', '', 0),
(109, 'FLOW_PANEL_EDIT_WITH_WF', '', '-=AUTONAME=-', NULL, 'FLOW_PANEL_EDIT_WITH_WF', '', 0),
(110, 'FLOW_PANEL_HISTORY', '', '-=AUTONAME=-', NULL, 'FLOW_PANEL_HISTORY', '', 0),
(111, 'top_panel_create_new', '', '-=AUTONAME=-', NULL, 'top_panel_create_new', '', 0),
(112, 'top_panel_create_folder_new', '', '-=AUTONAME=-', NULL, 'top_panel_create_folder_new', '', 0),
(116, 'bx-panel-toggle', '', '-=AUTONAME=-', NULL, 'bx-panel-toggle', '', 0),
(117, 'bx-panel-small-toggle', '', '-=AUTONAME=-', NULL, 'bx-panel-small-toggle', '', 0),
(118, 'bx-panel-expander', 'var d=BX(\'bx-panel-expander\'); if (d) BX.fireEvent(d, \'click\');', '-=AUTONAME=-', NULL, 'bx-panel-expander', '', 0),
(119, 'bx-panel-hider', 'var d=BX(\'bx-panel-hider\'); if (d) d.click();', '-=AUTONAME=-', NULL, 'bx-panel-hider', '', 0),
(120, 'search-textbox-input', 'var d=BX(\'search-textbox-input\'); if (d) { d.click(); d.focus();}', '-=AUTONAME=-', '', 'search', '', 0),
(121, 'bx-search-input', 'var d=BX(\'bx-search-input\'); if (d) { d.click(); d.focus(); }', '-=AUTONAME=-', '', 'bx-search-input', '', 0),
(133, 'bx-panel-logout', 'var d=BX(\'bx-panel-logout\'); if (d) location.href = d.href;', '-=AUTONAME=-', '', 'bx-panel-logout', '', 0),
(135, 'CDialog', 'var d=BX(\'cancel\'); if (d) d.click();', 'HK_DB_D_CANCEL', '', 'cancel', '', 0),
(136, 'CDialog', 'var d=BX(\'close\'); if (d) d.click();', 'HK_DB_D_CLOSE', '', 'close', '', 0),
(137, 'CDialog', 'var d=BX(\'savebtn\'); if (d) d.click();', 'HK_DB_D_SAVE', '', 'savebtn', '', 0),
(138, 'CDialog', 'var d=BX(\'btn_popup_save\'); if (d) d.click();', 'HK_DB_D_EDIT_SAVE', '', 'btn_popup_save', '', 0),
(139, 'Global', 'location.href=\'/bitrix/admin/user_admin.php?lang=\'+phpVars.LANGUAGE_ID;', 'HK_DB_SHW_U', '', '', '', 0);

-- --------------------------------------------------------

--
-- Структура таблицы `b_iblock`
--

CREATE TABLE `b_iblock` (
  `ID` int(11) NOT NULL,
  `TIMESTAMP_X` timestamp NOT NULL DEFAULT CURRENT_TIMESTAMP ON UPDATE CURRENT_TIMESTAMP,
  `IBLOCK_TYPE_ID` varchar(50) COLLATE utf8_unicode_ci NOT NULL,
  `LID` char(2) COLLATE utf8_unicode_ci NOT NULL,
  `CODE` varchar(50) COLLATE utf8_unicode_ci DEFAULT NULL,
  `API_CODE` varchar(50) COLLATE utf8_unicode_ci DEFAULT NULL,
  `REST_ON` char(1) COLLATE utf8_unicode_ci NOT NULL DEFAULT 'N',
  `NAME` varchar(255) COLLATE utf8_unicode_ci NOT NULL,
  `ACTIVE` char(1) COLLATE utf8_unicode_ci NOT NULL DEFAULT 'Y',
  `SORT` int(11) NOT NULL DEFAULT '500',
  `LIST_PAGE_URL` varchar(255) COLLATE utf8_unicode_ci DEFAULT NULL,
  `DETAIL_PAGE_URL` varchar(255) COLLATE utf8_unicode_ci DEFAULT NULL,
  `SECTION_PAGE_URL` varchar(255) COLLATE utf8_unicode_ci DEFAULT NULL,
  `CANONICAL_PAGE_URL` varchar(255) COLLATE utf8_unicode_ci DEFAULT NULL,
  `PICTURE` int(18) DEFAULT NULL,
  `DESCRIPTION` text COLLATE utf8_unicode_ci,
  `DESCRIPTION_TYPE` char(4) COLLATE utf8_unicode_ci NOT NULL DEFAULT 'text',
  `RSS_TTL` int(11) NOT NULL DEFAULT '24',
  `RSS_ACTIVE` char(1) COLLATE utf8_unicode_ci NOT NULL DEFAULT 'Y',
  `RSS_FILE_ACTIVE` char(1) COLLATE utf8_unicode_ci NOT NULL DEFAULT 'N',
  `RSS_FILE_LIMIT` int(11) DEFAULT NULL,
  `RSS_FILE_DAYS` int(11) DEFAULT NULL,
  `RSS_YANDEX_ACTIVE` char(1) COLLATE utf8_unicode_ci NOT NULL DEFAULT 'N',
  `XML_ID` varchar(255) COLLATE utf8_unicode_ci DEFAULT NULL,
  `TMP_ID` varchar(40) COLLATE utf8_unicode_ci DEFAULT NULL,
  `INDEX_ELEMENT` char(1) COLLATE utf8_unicode_ci NOT NULL DEFAULT 'Y',
  `INDEX_SECTION` char(1) COLLATE utf8_unicode_ci NOT NULL DEFAULT 'N',
  `WORKFLOW` char(1) COLLATE utf8_unicode_ci NOT NULL DEFAULT 'Y',
  `BIZPROC` char(1) COLLATE utf8_unicode_ci NOT NULL DEFAULT 'N',
  `SECTION_CHOOSER` char(1) COLLATE utf8_unicode_ci DEFAULT NULL,
  `LIST_MODE` char(1) COLLATE utf8_unicode_ci DEFAULT NULL,
  `RIGHTS_MODE` char(1) COLLATE utf8_unicode_ci DEFAULT NULL,
  `SECTION_PROPERTY` char(1) COLLATE utf8_unicode_ci DEFAULT NULL,
  `PROPERTY_INDEX` char(1) COLLATE utf8_unicode_ci DEFAULT NULL,
  `VERSION` int(11) NOT NULL DEFAULT '1',
  `LAST_CONV_ELEMENT` int(11) NOT NULL DEFAULT '0',
  `SOCNET_GROUP_ID` int(18) DEFAULT NULL,
  `EDIT_FILE_BEFORE` varchar(255) COLLATE utf8_unicode_ci DEFAULT NULL,
  `EDIT_FILE_AFTER` varchar(255) COLLATE utf8_unicode_ci DEFAULT NULL,
  `SECTIONS_NAME` varchar(100) COLLATE utf8_unicode_ci DEFAULT NULL,
  `SECTION_NAME` varchar(100) COLLATE utf8_unicode_ci DEFAULT NULL,
  `ELEMENTS_NAME` varchar(100) COLLATE utf8_unicode_ci DEFAULT NULL,
  `ELEMENT_NAME` varchar(100) COLLATE utf8_unicode_ci DEFAULT NULL
) ENGINE=InnoDB DEFAULT CHARSET=utf8 COLLATE=utf8_unicode_ci;

--
-- Дамп данных таблицы `b_iblock`
--

INSERT INTO `b_iblock` (`ID`, `TIMESTAMP_X`, `IBLOCK_TYPE_ID`, `LID`, `CODE`, `API_CODE`, `REST_ON`, `NAME`, `ACTIVE`, `SORT`, `LIST_PAGE_URL`, `DETAIL_PAGE_URL`, `SECTION_PAGE_URL`, `CANONICAL_PAGE_URL`, `PICTURE`, `DESCRIPTION`, `DESCRIPTION_TYPE`, `RSS_TTL`, `RSS_ACTIVE`, `RSS_FILE_ACTIVE`, `RSS_FILE_LIMIT`, `RSS_FILE_DAYS`, `RSS_YANDEX_ACTIVE`, `XML_ID`, `TMP_ID`, `INDEX_ELEMENT`, `INDEX_SECTION`, `WORKFLOW`, `BIZPROC`, `SECTION_CHOOSER`, `LIST_MODE`, `RIGHTS_MODE`, `SECTION_PROPERTY`, `PROPERTY_INDEX`, `VERSION`, `LAST_CONV_ELEMENT`, `SOCNET_GROUP_ID`, `EDIT_FILE_BEFORE`, `EDIT_FILE_AFTER`, `SECTIONS_NAME`, `SECTION_NAME`, `ELEMENTS_NAME`, `ELEMENT_NAME`) VALUES
(1, '2022-11-19 09:32:48', 'verter', 's1', '', NULL, 'N', 'Контактные данные', 'Y', 500, '#SITE_DIR#/verter/index.php?ID=#IBLOCK_ID#', '#SITE_DIR#/verter/detail.php?ID=#ELEMENT_ID#', '#SITE_DIR#/verter/list.php?SECTION_ID=#SECTION_ID#', '', NULL, '', 'text', 24, 'Y', 'N', NULL, NULL, 'N', NULL, NULL, 'Y', 'Y', 'N', 'N', 'L', '', 'S', 'N', 'N', 1, 0, NULL, '', '', 'Разделы', 'Раздел', 'Элементы', 'Элемент'),
(2, '2022-11-19 10:32:46', 'verter', 's1', '', NULL, 'N', 'Баннер на главной', 'Y', 500, '#SITE_DIR#/verter/index.php?ID=#IBLOCK_ID#', '#SITE_DIR#/verter/detail.php?ID=#ELEMENT_ID#', '#SITE_DIR#/verter/list.php?SECTION_ID=#SECTION_ID#', '', NULL, '', 'text', 24, 'Y', 'N', NULL, NULL, 'N', NULL, NULL, 'Y', 'Y', 'N', 'N', 'L', '', 'S', 'N', 'N', 1, 0, NULL, '', '', 'Разделы', 'Раздел', 'Элементы', 'Элемент'),
(3, '2022-11-20 08:27:07', 'verter', 's1', '', NULL, 'N', 'Услуги', 'Y', 500, '#SITE_DIR#/verter/index.php?ID=#IBLOCK_ID#', '#SITE_DIR#/verter/detail.php?ID=#ELEMENT_ID#', '#SITE_DIR#/catalog/#CODE#/', '', NULL, '', 'text', 24, 'Y', 'N', NULL, NULL, 'N', NULL, 'd94769e55dd29b3c0517cb8bf9c5c56c', 'Y', 'Y', 'N', 'N', 'L', '', 'S', 'N', 'N', 1, 0, NULL, '', '', 'Разделы', 'Раздел', 'Элементы', 'Элемент'),
(4, '2022-11-19 11:04:43', 'verter', 's1', '', NULL, 'N', 'Область применения', 'Y', 500, '#SITE_DIR#/verter/index.php?ID=#IBLOCK_ID#', '#SITE_DIR#/verter/detail.php?ID=#ELEMENT_ID#', '#SITE_DIR#/verter/list.php?SECTION_ID=#SECTION_ID#', '', NULL, '', 'text', 24, 'Y', 'N', NULL, NULL, 'N', NULL, NULL, 'Y', 'Y', 'N', 'N', 'L', '', 'S', 'N', 'N', 1, 0, NULL, '', '', 'Разделы', 'Раздел', 'Элементы', 'Элемент'),
(5, '2022-11-20 09:46:49', 'verter', 's1', '', NULL, 'N', 'Реализованные проекты', 'Y', 500, '#SITE_DIR#/verter/index.php?ID=#IBLOCK_ID#', '#SITE_DIR#/verter/detail.php?ID=#ELEMENT_ID#', '#SITE_DIR#/verter/list.php?SECTION_ID=#SECTION_ID#', '', NULL, '', 'text', 24, 'Y', 'N', NULL, NULL, 'N', NULL, NULL, 'Y', 'Y', 'N', 'N', 'L', '', 'S', 'N', 'N', 1, 0, NULL, '', '', 'Разделы', 'Раздел', 'Элементы', 'Элемент'),
(6, '2022-11-20 10:07:27', 'verter', 's1', '', NULL, 'N', 'Бренды', 'Y', 500, '#SITE_DIR#/verter/index.php?ID=#IBLOCK_ID#', '#SITE_DIR#/verter/detail.php?ID=#ELEMENT_ID#', '#SITE_DIR#/verter/list.php?SECTION_ID=#SECTION_ID#', '', NULL, '', 'text', 24, 'Y', 'N', NULL, NULL, 'N', NULL, NULL, 'Y', 'Y', 'N', 'N', 'L', '', 'S', 'N', 'N', 1, 0, NULL, '', '', 'Разделы', 'Раздел', 'Элементы', 'Элемент'),
(7, '2022-11-20 10:22:16', 'verter', 's1', '', NULL, 'N', 'База знаний', 'Y', 500, '#SITE_DIR#/verter/index.php?ID=#IBLOCK_ID#', '#SITE_DIR#/verter/detail.php?ID=#ELEMENT_ID#', '#SITE_DIR#/verter/list.php?SECTION_ID=#SECTION_ID#', '', NULL, '', 'text', 24, 'Y', 'N', NULL, NULL, 'N', NULL, NULL, 'Y', 'Y', 'N', 'N', 'L', '', 'S', 'N', 'N', 1, 0, NULL, '', '', 'Разделы', 'Раздел', 'Элементы', 'Элемент'),
(8, '2022-11-20 10:37:55', 'verter', 's1', '', NULL, 'N', 'Видео', 'Y', 500, '#SITE_DIR#/verter/index.php?ID=#IBLOCK_ID#', '#SITE_DIR#/verter/detail.php?ID=#ELEMENT_ID#', '#SITE_DIR#/verter/list.php?SECTION_ID=#SECTION_ID#', '', NULL, '', 'text', 24, 'Y', 'N', NULL, NULL, 'N', NULL, NULL, 'Y', 'Y', 'N', 'N', 'L', '', 'S', 'N', 'N', 1, 0, NULL, '', '', 'Разделы', 'Раздел', 'Элементы', 'Элемент'),
(9, '2022-11-20 11:02:09', 'verter', 's1', '', NULL, 'N', 'Новости', 'Y', 500, '#SITE_DIR#/verter/index.php?ID=#IBLOCK_ID#', '#SITE_DIR#/verter/detail.php?ID=#ELEMENT_ID#', '#SITE_DIR#/verter/list.php?SECTION_ID=#SECTION_ID#', '', NULL, '', 'text', 24, 'Y', 'N', NULL, NULL, 'N', NULL, NULL, 'Y', 'Y', 'N', 'N', 'L', '', 'S', 'N', 'N', 1, 0, NULL, '', '', 'Разделы', 'Раздел', 'Элементы', 'Элемент'),
(11, '2022-12-05 12:33:38', 'products', 's1', 'showroom_banner', NULL, 'N', 'Баннер продаж', 'Y', 500, '#SITE_DIR#/products/index.php?ID=#IBLOCK_ID#', '#SITE_DIR#/products/detail.php?ID=#ELEMENT_ID#', '#SITE_DIR#/products/list.php?SECTION_ID=#SECTION_ID#', '', NULL, '', 'text', 24, 'Y', 'N', NULL, NULL, 'N', NULL, NULL, 'Y', 'Y', 'N', 'N', 'L', 'C', 'S', 'N', 'N', 1, 0, NULL, '', '', 'Разделы', 'Раздел', 'Элементы', 'Элемент'),
(12, '2022-12-05 17:16:31', 'products', 's1', 'scope', NULL, 'N', 'Возможности', 'Y', 500, '#SITE_DIR#/products/index.php?ID=#IBLOCK_ID#', '#SITE_DIR#/products/detail.php?ID=#ELEMENT_ID#', '#SITE_DIR#/products/list.php?SECTION_ID=#SECTION_ID#', '', NULL, '', 'text', 24, 'Y', 'N', NULL, NULL, 'N', NULL, NULL, 'Y', 'Y', 'N', 'N', 'L', 'C', 'S', 'Y', 'Y', 1, 0, NULL, '', '', 'Разделы', 'Раздел', 'Элементы', 'Элемент'),
(13, '2022-12-14 06:02:48', 'products', 's1', 'cases', NULL, 'N', 'Кейсы', 'Y', 500, '#SITE_DIR#/products/index.php?ID=#IBLOCK_ID#', '#SITE_DIR#/products/detail.php?ID=#ELEMENT_ID#', '#SITE_DIR#/products/list.php?SECTION_ID=#SECTION_ID#', '', NULL, '', 'text', 24, 'Y', 'N', NULL, NULL, 'N', NULL, NULL, 'Y', 'Y', 'N', 'N', 'L', 'C', 'S', 'Y', 'Y', 1, 0, NULL, '', '', 'Разделы', 'Раздел', 'Элементы', 'Элемент'),
(16, '2022-12-08 08:50:55', 'products', 's1', 'knowledgebase', NULL, 'N', 'База знаний', 'Y', 500, '#SITE_DIR#/products/index.php?ID=#IBLOCK_ID#', '#SITE_DIR#/products/detail.php?ID=#ELEMENT_ID#', '#SITE_DIR#/products/list.php?SECTION_ID=#SECTION_ID#', '', NULL, '', 'text', 24, 'Y', 'N', NULL, NULL, 'N', NULL, NULL, 'Y', 'Y', 'N', 'N', 'L', 'C', 'S', 'N', 'N', 1, 0, NULL, '', '', 'Разделы', 'Раздел', 'Элементы', 'Элемент'),
(17, '2022-12-08 14:04:50', 'products', 's1', 'plus', NULL, 'N', 'Плюсы внедрения адресного склада', 'Y', 500, '#SITE_DIR#/products/index.php?ID=#IBLOCK_ID#', '#SITE_DIR#/products/detail.php?ID=#ELEMENT_ID#', '#SITE_DIR#/products/list.php?SECTION_ID=#SECTION_ID#', '', NULL, '', 'text', 24, 'Y', 'N', NULL, NULL, 'N', NULL, NULL, 'Y', 'Y', 'N', 'N', 'L', 'C', 'S', 'N', 'N', 1, 0, NULL, '', '', 'Разделы', 'Раздел', 'Элементы', 'Элемент'),
(18, '2022-12-08 16:55:18', 'products', 's1', 'sklad_banner', NULL, 'N', 'Баннер склад', 'Y', 500, '#SITE_DIR#/products/index.php?ID=#IBLOCK_ID#', '#SITE_DIR#/products/detail.php?ID=#ELEMENT_ID#', '#SITE_DIR#/products/list.php?SECTION_ID=#SECTION_ID#', '', NULL, '', 'text', 24, 'Y', 'N', NULL, NULL, 'N', NULL, NULL, 'Y', 'Y', 'N', 'N', 'L', 'C', 'S', 'N', 'N', 1, 0, NULL, '', '', 'Разделы', 'Раздел', 'Элементы', 'Элемент'),
(19, '2022-12-08 17:32:32', 'products', 's1', 'proiz_banner', NULL, 'N', 'Баннер производство', 'Y', 500, '#SITE_DIR#/products/index.php?ID=#IBLOCK_ID#', '#SITE_DIR#/products/detail.php?ID=#ELEMENT_ID#', '#SITE_DIR#/products/list.php?SECTION_ID=#SECTION_ID#', '', NULL, '', 'text', 24, 'Y', 'N', NULL, NULL, 'N', NULL, NULL, 'Y', 'Y', 'N', 'N', 'L', 'C', 'S', 'N', 'N', 1, 0, NULL, '', '', 'Разделы', 'Раздел', 'Элементы', 'Элемент'),
(20, '2022-12-08 18:12:17', 'products', 's1', 'products', NULL, 'N', 'Продукты элементы ', 'Y', 500, '#SITE_DIR#/products/index.php?ID=#IBLOCK_ID#', '#SITE_DIR#/products/detail.php?ID=#ELEMENT_ID#', '#SITE_DIR#/products/list.php?SECTION_ID=#SECTION_ID#', '', NULL, '', 'text', 24, 'Y', 'N', NULL, NULL, 'N', NULL, NULL, 'Y', 'Y', 'N', 'N', 'L', 'C', 'S', 'N', 'N', 1, 0, NULL, '', '', 'Разделы', 'Раздел', 'Элементы', 'Элемент'),
(21, '2022-12-14 16:12:01', 'products', 's1', 'case-detailed', NULL, 'N', 'Кейс просмотр ', 'Y', 500, '#SITE_DIR#/products/index.php?ID=#IBLOCK_ID#', '#SITE_DIR#/products/detail.php?ID=#ELEMENT_ID#', '#SITE_DIR#/products/list.php?SECTION_ID=#SECTION_ID#', '', NULL, '', 'text', 24, 'Y', 'N', NULL, NULL, 'N', NULL, NULL, 'Y', 'Y', 'N', 'N', 'L', 'C', 'S', 'N', 'N', 2, 0, NULL, '', '', 'Разделы', 'Раздел', 'Элементы', 'Элемент'),
(22, '2022-12-13 05:38:37', 'products', 's1', 'slider', NULL, 'N', 'Слайдер', 'Y', 500, '#SITE_DIR#/products/index.php?ID=#IBLOCK_ID#', '#SITE_DIR#/products/detail.php?ID=#ELEMENT_ID#', '#SITE_DIR#/products/list.php?SECTION_ID=#SECTION_ID#', '', NULL, '', 'text', 24, 'Y', 'N', NULL, NULL, 'N', NULL, NULL, 'Y', 'Y', 'N', 'N', 'L', 'C', 'S', 'N', 'N', 1, 0, NULL, '', '', 'Разделы', 'Раздел', 'Элементы', 'Элемент');

-- --------------------------------------------------------

--
-- Структура таблицы `b_iblock_12_index`
--

CREATE TABLE `b_iblock_12_index` (
  `SECTION_ID` int(11) NOT NULL,
  `ELEMENT_ID` int(11) NOT NULL,
  `FACET_ID` int(11) NOT NULL,
  `VALUE` int(11) NOT NULL,
  `VALUE_NUM` double NOT NULL,
  `INCLUDE_SUBSECTIONS` int(11) NOT NULL
) ENGINE=InnoDB DEFAULT CHARSET=utf8 COLLATE=utf8_unicode_ci;

--
-- Дамп данных таблицы `b_iblock_12_index`
--

INSERT INTO `b_iblock_12_index` (`SECTION_ID`, `ELEMENT_ID`, `FACET_ID`, `VALUE`, `VALUE_NUM`, `INCLUDE_SUBSECTIONS`) VALUES
(0, 48, 1, 0, 0, 1),
(0, 49, 1, 0, 0, 1),
(0, 61, 1, 0, 0, 1),
(0, 62, 1, 0, 0, 1),
(0, 63, 1, 0, 0, 1),
(0, 64, 1, 0, 0, 1),
(0, 65, 1, 0, 0, 1),
(0, 66, 1, 0, 0, 1),
(0, 48, 28, 1, 0, 1),
(0, 49, 28, 2, 0, 1),
(0, 62, 28, 2, 0, 1),
(0, 66, 28, 2, 0, 1),
(0, 61, 28, 3, 0, 1),
(0, 64, 28, 4, 0, 1),
(0, 63, 28, 5, 0, 1),
(0, 65, 28, 5, 0, 1);

-- --------------------------------------------------------

--
-- Структура таблицы `b_iblock_12_index_val`
--

CREATE TABLE `b_iblock_12_index_val` (
  `ID` int(11) NOT NULL,
  `VALUE` varchar(2000) COLLATE utf8_unicode_ci NOT NULL
) ENGINE=InnoDB DEFAULT CHARSET=utf8 COLLATE=utf8_unicode_ci;

--
-- Дамп данных таблицы `b_iblock_12_index_val`
--

INSERT INTO `b_iblock_12_index_val` (`ID`, `VALUE`) VALUES
(1, 'OADNjQfj'),
(2, 'rw4EKupF'),
(3, 'YinmIzPW'),
(4, 'YDIPxy6T'),
(5, '2dQicpUu');

-- --------------------------------------------------------

--
-- Структура таблицы `b_iblock_13_index`
--

CREATE TABLE `b_iblock_13_index` (
  `SECTION_ID` int(11) NOT NULL,
  `ELEMENT_ID` int(11) NOT NULL,
  `FACET_ID` int(11) NOT NULL,
  `VALUE` int(11) NOT NULL,
  `VALUE_NUM` double NOT NULL,
  `INCLUDE_SUBSECTIONS` int(11) NOT NULL
) ENGINE=InnoDB DEFAULT CHARSET=utf8 COLLATE=utf8_unicode_ci;

--
-- Дамп данных таблицы `b_iblock_13_index`
--

INSERT INTO `b_iblock_13_index` (`SECTION_ID`, `ELEMENT_ID`, `FACET_ID`, `VALUE`, `VALUE_NUM`, `INCLUDE_SUBSECTIONS`) VALUES
(0, 50, 1, 0, 0, 1),
(0, 51, 1, 0, 0, 1),
(0, 52, 1, 0, 0, 1),
(0, 53, 1, 0, 0, 1),
(0, 54, 1, 0, 0, 1),
(0, 55, 1, 0, 0, 1),
(0, 50, 38, 1, 0, 1),
(0, 51, 38, 2, 0, 1),
(0, 55, 38, 2, 0, 1),
(0, 52, 38, 3, 0, 1),
(0, 53, 38, 4, 0, 1),
(0, 54, 38, 5, 0, 1);

-- --------------------------------------------------------

--
-- Структура таблицы `b_iblock_13_index_val`
--

CREATE TABLE `b_iblock_13_index_val` (
  `ID` int(11) NOT NULL,
  `VALUE` varchar(2000) COLLATE utf8_unicode_ci NOT NULL
) ENGINE=InnoDB DEFAULT CHARSET=utf8 COLLATE=utf8_unicode_ci;

--
-- Дамп данных таблицы `b_iblock_13_index_val`
--

INSERT INTO `b_iblock_13_index_val` (`ID`, `VALUE`) VALUES
(1, 'zIX4KriW'),
(2, 'SHcZHoYe'),
(3, 'p5BQJEY6'),
(4, 'r0jCF3uV'),
(5, 'kkIEV6Fl');

-- --------------------------------------------------------

--
-- Структура таблицы `b_iblock_cache`
--

CREATE TABLE `b_iblock_cache` (
  `CACHE_KEY` varchar(35) COLLATE utf8_unicode_ci NOT NULL,
  `CACHE` longtext COLLATE utf8_unicode_ci NOT NULL,
  `CACHE_DATE` datetime NOT NULL
) ENGINE=InnoDB DEFAULT CHARSET=utf8 COLLATE=utf8_unicode_ci;

-- --------------------------------------------------------

--
-- Структура таблицы `b_iblock_element`
--

CREATE TABLE `b_iblock_element` (
  `ID` int(11) NOT NULL,
  `TIMESTAMP_X` datetime DEFAULT NULL,
  `MODIFIED_BY` int(18) DEFAULT NULL,
  `DATE_CREATE` datetime DEFAULT NULL,
  `CREATED_BY` int(18) DEFAULT NULL,
  `IBLOCK_ID` int(11) NOT NULL DEFAULT '0',
  `IBLOCK_SECTION_ID` int(11) DEFAULT NULL,
  `ACTIVE` char(1) COLLATE utf8_unicode_ci NOT NULL DEFAULT 'Y',
  `ACTIVE_FROM` datetime DEFAULT NULL,
  `ACTIVE_TO` datetime DEFAULT NULL,
  `SORT` int(11) NOT NULL DEFAULT '500',
  `NAME` varchar(255) COLLATE utf8_unicode_ci NOT NULL,
  `PREVIEW_PICTURE` int(18) DEFAULT NULL,
  `PREVIEW_TEXT` text COLLATE utf8_unicode_ci,
  `PREVIEW_TEXT_TYPE` varchar(4) COLLATE utf8_unicode_ci NOT NULL DEFAULT 'text',
  `DETAIL_PICTURE` int(18) DEFAULT NULL,
  `DETAIL_TEXT` longtext COLLATE utf8_unicode_ci,
  `DETAIL_TEXT_TYPE` varchar(4) COLLATE utf8_unicode_ci NOT NULL DEFAULT 'text',
  `SEARCHABLE_CONTENT` text COLLATE utf8_unicode_ci,
  `WF_STATUS_ID` int(18) DEFAULT '1',
  `WF_PARENT_ELEMENT_ID` int(11) DEFAULT NULL,
  `WF_NEW` char(1) COLLATE utf8_unicode_ci DEFAULT NULL,
  `WF_LOCKED_BY` int(18) DEFAULT NULL,
  `WF_DATE_LOCK` datetime DEFAULT NULL,
  `WF_COMMENTS` text COLLATE utf8_unicode_ci,
  `IN_SECTIONS` char(1) COLLATE utf8_unicode_ci NOT NULL DEFAULT 'N',
  `XML_ID` varchar(255) COLLATE utf8_unicode_ci DEFAULT NULL,
  `CODE` varchar(255) COLLATE utf8_unicode_ci DEFAULT NULL,
  `TAGS` varchar(255) COLLATE utf8_unicode_ci DEFAULT NULL,
  `TMP_ID` varchar(40) COLLATE utf8_unicode_ci DEFAULT NULL,
  `WF_LAST_HISTORY_ID` int(11) DEFAULT NULL,
  `SHOW_COUNTER` int(18) DEFAULT NULL,
  `SHOW_COUNTER_START` datetime DEFAULT NULL
) ENGINE=InnoDB DEFAULT CHARSET=utf8 COLLATE=utf8_unicode_ci;

--
-- Дамп данных таблицы `b_iblock_element`
--

INSERT INTO `b_iblock_element` (`ID`, `TIMESTAMP_X`, `MODIFIED_BY`, `DATE_CREATE`, `CREATED_BY`, `IBLOCK_ID`, `IBLOCK_SECTION_ID`, `ACTIVE`, `ACTIVE_FROM`, `ACTIVE_TO`, `SORT`, `NAME`, `PREVIEW_PICTURE`, `PREVIEW_TEXT`, `PREVIEW_TEXT_TYPE`, `DETAIL_PICTURE`, `DETAIL_TEXT`, `DETAIL_TEXT_TYPE`, `SEARCHABLE_CONTENT`, `WF_STATUS_ID`, `WF_PARENT_ELEMENT_ID`, `WF_NEW`, `WF_LOCKED_BY`, `WF_DATE_LOCK`, `WF_COMMENTS`, `IN_SECTIONS`, `XML_ID`, `CODE`, `TAGS`, `TMP_ID`, `WF_LAST_HISTORY_ID`, `SHOW_COUNTER`, `SHOW_COUNTER_START`) VALUES
(1, '2022-11-19 12:56:51', 1, '2022-11-19 12:33:21', 1, 1, NULL, 'Y', NULL, NULL, 500, '+7 495 018 41 05', NULL, 'Рабочие дни с пн - пт / 10:00 - 18:00', 'text', NULL, '', 'text', '+7 495 018 41 05\r\nРАБОЧИЕ ДНИ С ПН - ПТ / 10:00 - 18:00\r\n', 1, NULL, NULL, NULL, NULL, NULL, 'N', '1', '', '', '0', NULL, NULL, NULL),
(2, '2022-11-19 13:41:44', 1, '2022-11-19 13:33:01', 1, 2, NULL, 'Y', NULL, NULL, 500, 'Баннер', 1, 'IT решения для&nbsp;склада и&nbsp;производства', 'html', NULL, 'Мы разрабатываем готовые решения для складской и производственной логистики', 'html', 'БАННЕР\r\nIT РЕШЕНИЯ ДЛЯ&NBSP;СКЛАДА И&NBSP;ПРОИЗВОДСТВА\r\nМЫ РАЗРАБАТЫВАЕМ ГОТОВЫЕ РЕШЕНИЯ ДЛЯ СКЛАДСКОЙ \r\nИ ПРОИЗВОДСТВЕННОЙ ЛОГИСТИКИ', 1, NULL, NULL, NULL, NULL, NULL, 'N', '2', '', '', '0', NULL, NULL, NULL),
(3, '2022-11-19 14:18:40', 1, '2022-11-19 14:05:13', 1, 4, NULL, 'Y', NULL, NULL, 10, 'Одежда', 6, '', 'text', NULL, '', 'text', 'ОДЕЖДА\r\n\r\n', 1, NULL, NULL, NULL, NULL, NULL, 'N', '3', '', '', '0', NULL, NULL, NULL),
(4, '2022-11-19 14:18:40', 1, '2022-11-19 14:05:54', 1, 4, NULL, 'Y', NULL, NULL, 20, 'Обувь', 7, '', 'text', NULL, '', 'text', 'ОБУВЬ\r\n\r\n', 1, NULL, NULL, NULL, NULL, NULL, 'N', '4', '', '', '0', NULL, NULL, NULL),
(5, '2022-11-19 14:18:40', 1, '2022-11-19 14:06:12', 1, 4, NULL, 'Y', NULL, NULL, 30, 'Инструменты', 8, '', 'text', NULL, '', 'text', 'ИНСТРУМЕНТЫ\r\n\r\n', 1, NULL, NULL, NULL, NULL, NULL, 'N', '5', '', '', '0', NULL, NULL, NULL),
(6, '2022-11-19 14:18:40', 1, '2022-11-19 14:06:37', 1, 4, NULL, 'Y', NULL, NULL, 40, 'Металло продукция', 9, '', 'text', NULL, '', 'text', 'МЕТАЛЛО ПРОДУКЦИЯ\r\n\r\n', 1, NULL, NULL, NULL, NULL, NULL, 'N', '6', '', '', '0', NULL, NULL, NULL),
(7, '2022-11-19 14:18:40', 1, '2022-11-19 14:07:06', 1, 4, NULL, 'Y', NULL, NULL, 50, 'РТИ', 10, '', 'text', NULL, '', 'text', 'РТИ\r\n\r\n', 1, NULL, NULL, NULL, NULL, NULL, 'N', '7', '', '', '0', NULL, NULL, NULL),
(8, '2022-11-19 14:18:40', 1, '2022-11-19 14:09:00', 1, 4, NULL, 'Y', NULL, NULL, 60, 'Электроника', 11, '', 'text', NULL, '', 'text', 'ЭЛЕКТРОНИКА\r\n\r\n', 1, NULL, NULL, NULL, NULL, NULL, 'N', '8', '', '', '0', NULL, NULL, NULL),
(9, '2022-11-19 14:18:40', 1, '2022-11-19 14:10:19', 1, 4, NULL, 'Y', NULL, NULL, 70, 'Строй - материалы', 12, '', 'text', NULL, '', 'text', 'СТРОЙ - МАТЕРИАЛЫ\r\n\r\n', 1, NULL, NULL, NULL, NULL, NULL, 'N', '9', '', '', '0', NULL, NULL, NULL),
(10, '2022-11-19 14:18:40', 1, '2022-11-19 14:10:40', 1, 4, NULL, 'Y', NULL, NULL, 80, 'Ткань и фурнитура', 13, '', 'text', NULL, '', 'text', 'ТКАНЬ И ФУРНИТУРА\r\n\r\n', 1, NULL, NULL, NULL, NULL, NULL, 'N', '10', '', '', '0', NULL, NULL, NULL),
(11, '2022-11-19 14:18:40', 1, '2022-11-19 14:12:07', 1, 4, NULL, 'Y', NULL, NULL, 90, 'Продукты питания', 14, '', 'text', NULL, '', 'text', 'ПРОДУКТЫ ПИТАНИЯ\r\n\r\n', 1, NULL, NULL, NULL, NULL, NULL, 'N', '11', '', '', '0', NULL, NULL, NULL),
(12, '2022-11-19 14:18:40', 1, '2022-11-19 14:12:42', 1, 4, NULL, 'Y', NULL, NULL, 100, 'Лекарства', 15, '', 'text', NULL, '', 'text', 'ЛЕКАРСТВА\r\n\r\n', 1, NULL, NULL, NULL, NULL, NULL, 'N', '12', '', '', '0', NULL, NULL, NULL),
(13, '2022-11-20 12:14:06', 1, '2022-11-20 11:56:43', 1, 3, 3, 'Y', NULL, NULL, 100, 'WMS + ТСД', 18, 'Мобильное приложение терминалов сбора данных, позволяющая кладовщику быть мобильным и всегда на связи', 'text', 19, '', 'text', 'WMS + ТСД\r\nМОБИЛЬНОЕ ПРИЛОЖЕНИЕ ТЕРМИНАЛОВ СБОРА ДАННЫХ, ПОЗВОЛЯЮЩАЯ КЛАДОВЩИКУ БЫТЬ МОБИЛЬНЫМ И ВСЕГДА НА СВЯЗИ\r\n', 1, NULL, NULL, NULL, NULL, NULL, 'Y', '13', 'wms-tsd', '', '0', NULL, NULL, NULL),
(14, '2022-11-20 12:14:06', 1, '2022-11-20 11:58:20', 1, 3, 3, 'Y', NULL, NULL, 200, 'Центр мониторинга', 20, 'Система для вывода на внешние мониторы статистической и динамической информации', 'text', NULL, '', 'text', 'ЦЕНТР МОНИТОРИНГА\r\nСИСТЕМА ДЛЯ ВЫВОДА НА ВНЕШНИЕ МОНИТОРЫ СТАТИСТИЧЕСКОЙ И ДИНАМИЧЕСКОЙ ИНФОРМАЦИИ\r\n', 1, NULL, NULL, NULL, NULL, NULL, 'Y', '14', 'tsentr-monitoringa', '', '0', NULL, NULL, NULL),
(15, '2022-11-20 12:14:06', 1, '2022-11-20 11:59:22', 1, 3, 3, 'Y', NULL, NULL, 300, 'Инфомат', 21, 'Система для сенсорных киосков для интерактивного отражения складских операций', 'text', NULL, '', 'text', 'ИНФОМАТ\r\nСИСТЕМА ДЛЯ СЕНСОРНЫХ КИОСКОВ ДЛЯ ИНТЕРАКТИВНОГО ОТРАЖЕНИЯ СКЛАДСКИХ ОПЕРАЦИЙ\r\n', 1, NULL, NULL, NULL, NULL, NULL, 'Y', '15', 'infomat', '', '0', NULL, NULL, NULL),
(16, '2022-11-20 12:14:06', 1, '2022-11-20 12:00:39', 1, 3, 3, 'Y', NULL, NULL, 400, 'Маркировка', 22, 'Система для учета маркированного товара в т.ч по требованиям Честного Знака', 'text', 23, '', 'text', 'МАРКИРОВКА\r\nСИСТЕМА ДЛЯ УЧЕТА МАРКИРОВАННОГО ТОВАРА В Т.Ч ПО ТРЕБОВАНИЯМ ЧЕСТНОГО ЗНАКА\r\n', 1, NULL, NULL, NULL, NULL, NULL, 'Y', '16', 'markirovka', '', '0', NULL, NULL, NULL),
(17, '2022-11-20 12:15:54', 1, '2022-11-20 12:15:54', 1, 3, 3, 'Y', NULL, NULL, 500, 'Электронная очередь', 24, 'Система для управления очередью заказов на приемку, комплектацию отгрузку', 'text', NULL, '', 'text', 'ЭЛЕКТРОННАЯ ОЧЕРЕДЬ\r\nСИСТЕМА ДЛЯ УПРАВЛЕНИЯ ОЧЕРЕДЬЮ ЗАКАЗОВ НА ПРИЕМКУ, КОМПЛЕКТАЦИЮ ОТГРУЗКУ\r\n', 1, NULL, NULL, NULL, NULL, NULL, 'Y', '17', 'elektronnaya-ochered', '', '0', NULL, NULL, NULL),
(18, '2022-11-20 12:16:36', 1, '2022-11-20 12:16:36', 1, 3, 3, 'Y', NULL, NULL, 600, 'Модуль для 1С', 25, 'Специализированные АРМ-ы для управления и распределения складских операций между кладовщиками', 'text', NULL, '', 'text', 'МОДУЛЬ ДЛЯ 1С\r\nСПЕЦИАЛИЗИРОВАННЫЕ АРМ-Ы ДЛЯ УПРАВЛЕНИЯ И РАСПРЕДЕЛЕНИЯ СКЛАДСКИХ ОПЕРАЦИЙ МЕЖДУ КЛАДОВЩИКАМИ\r\n', 1, NULL, NULL, NULL, NULL, NULL, 'Y', '18', 'modul-dlya-1s', '', '0', NULL, NULL, NULL),
(19, '2022-11-20 12:24:02', 1, '2022-11-20 12:24:02', 1, 3, 2, 'Y', NULL, NULL, 100, 'Шоурум', 26, 'Система для вывода на внешние мониторы статистической и динамической информации', 'text', NULL, '', 'text', 'ШОУРУМ\r\nСИСТЕМА ДЛЯ ВЫВОДА НА ВНЕШНИЕ МОНИТОРЫ СТАТИСТИЧЕСКОЙ И ДИНАМИЧЕСКОЙ ИНФОРМАЦИИ\r\n', 1, NULL, NULL, NULL, NULL, NULL, 'Y', '19', 'shourum', '', '0', NULL, NULL, NULL),
(20, '2022-11-20 12:30:12', 1, '2022-11-20 12:29:55', 1, 3, 2, 'Y', NULL, NULL, 200, 'Мастер отгрузки', 27, 'Центральная база, каждую складскую операцию по товару, позволяет', 'text', NULL, '', 'text', 'МАСТЕР ОТГРУЗКИ\r\nЦЕНТРАЛЬНАЯ БАЗА, КАЖДУЮ СКЛАДСКУЮ ОПЕРАЦИЮ ПО ТОВАРУ, ПОЗВОЛЯЕТ\r\n', 1, NULL, NULL, NULL, NULL, NULL, 'Y', '20', 'master-otgruzki', '', '0', NULL, NULL, NULL),
(21, '2022-11-20 12:30:45', 1, '2022-11-20 12:30:45', 1, 3, 2, 'Y', NULL, NULL, 300, 'CRM', 28, 'Система для сенсорных киосков для интерактивного отражения складских операций', 'text', NULL, '', 'text', 'CRM\r\nСИСТЕМА ДЛЯ СЕНСОРНЫХ КИОСКОВ ДЛЯ ИНТЕРАКТИВНОГО ОТРАЖЕНИЯ СКЛАДСКИХ ОПЕРАЦИЙ\r\n', 1, NULL, NULL, NULL, NULL, NULL, 'Y', '21', 'crm', '', '0', NULL, NULL, NULL),
(22, '2022-11-20 12:31:40', 1, '2022-11-20 12:31:40', 1, 3, 2, 'Y', NULL, NULL, 400, 'Планшет менеджера по продажам', 29, 'Система для вывода на внешние мониторы статистической и динамической информации', 'text', NULL, '', 'text', 'ПЛАНШЕТ МЕНЕДЖЕРА ПО ПРОДАЖАМ\r\nСИСТЕМА ДЛЯ ВЫВОДА НА ВНЕШНИЕ МОНИТОРЫ СТАТИСТИЧЕСКОЙ И ДИНАМИЧЕСКОЙ ИНФОРМАЦИИ\r\n', 1, NULL, NULL, NULL, NULL, NULL, 'Y', '22', 'planshet-menedzhera-po-prodazham', '', '0', NULL, NULL, NULL),
(23, '2022-11-20 12:40:47', 1, '2022-11-20 12:39:58', 1, 3, 1, 'Y', NULL, NULL, 100, 'MES', 30, 'Система для вывода на внешние мониторы статистической и динамической информации', 'text', NULL, '', 'text', 'MES\r\nСИСТЕМА ДЛЯ ВЫВОДА НА ВНЕШНИЕ МОНИТОРЫ СТАТИСТИЧЕСКОЙ И ДИНАМИЧЕСКОЙ ИНФОРМАЦИИ\r\n', 1, NULL, NULL, NULL, NULL, NULL, 'Y', '23', 'mes', '', '0', NULL, NULL, NULL),
(24, '2022-11-20 12:40:40', 1, '2022-11-20 12:40:40', 1, 3, 1, 'Y', NULL, NULL, 200, 'Управление складом металла', 31, 'Центральная база, контролирующая каждую складскую операцию по товару, позволяет вести учет маркированного товара', 'text', NULL, '', 'text', 'УПРАВЛЕНИЕ СКЛАДОМ МЕТАЛЛА\r\nЦЕНТРАЛЬНАЯ БАЗА, КОНТРОЛИРУЮЩАЯ КАЖДУЮ СКЛАДСКУЮ ОПЕРАЦИЮ ПО ТОВАРУ, ПОЗВОЛЯЕТ ВЕСТИ УЧЕТ МАРКИРОВАННОГО ТОВАРА\r\n', 1, NULL, NULL, NULL, NULL, NULL, 'Y', '24', 'upravlenie-skladom-metalla', '', '0', NULL, NULL, NULL),
(25, '2022-11-20 12:41:37', 1, '2022-11-20 12:41:37', 1, 3, 1, 'Y', NULL, NULL, 300, 'ТОИР', 32, 'Система для сенсорных киосков для интерактивного отражения складских операций', 'text', NULL, '', 'text', 'ТОИР\r\nСИСТЕМА ДЛЯ СЕНСОРНЫХ КИОСКОВ ДЛЯ ИНТЕРАКТИВНОГО ОТРАЖЕНИЯ СКЛАДСКИХ ОПЕРАЦИЙ\r\n', 1, NULL, NULL, NULL, NULL, NULL, 'Y', '25', 'toir', '', '0', NULL, NULL, NULL),
(26, '2022-11-20 12:42:35', 1, '2022-11-20 12:42:27', 1, 3, 1, 'Y', NULL, NULL, 400, 'Управление IT-активами', 33, 'Система для вывода на внешние мониторы статистической и динамической информации', 'text', 34, '', 'text', 'УПРАВЛЕНИЕ IT-АКТИВАМИ\r\nСИСТЕМА ДЛЯ ВЫВОДА НА ВНЕШНИЕ МОНИТОРЫ СТАТИСТИЧЕСКОЙ И ДИНАМИЧЕСКОЙ ИНФОРМАЦИИ\r\n', 1, NULL, NULL, NULL, NULL, NULL, 'Y', '26', 'upravlenie-it-aktivami', '', '0', NULL, NULL, NULL),
(27, '2022-11-20 12:43:11', 1, '2022-11-20 12:43:11', 1, 3, 1, 'Y', NULL, NULL, 500, 'Технолог ОГТ', 35, 'Система для сенсорных киосков для интерактивного отражения складских операций', 'text', NULL, '', 'text', 'ТЕХНОЛОГ ОГТ\r\nСИСТЕМА ДЛЯ СЕНСОРНЫХ КИОСКОВ ДЛЯ ИНТЕРАКТИВНОГО ОТРАЖЕНИЯ СКЛАДСКИХ ОПЕРАЦИЙ\r\n', 1, NULL, NULL, NULL, NULL, NULL, 'Y', '27', 'tekhnolog-ogt', '', '0', NULL, NULL, NULL),
(28, '2022-11-20 12:43:44', 1, '2022-11-20 12:43:44', 1, 3, 1, 'Y', NULL, NULL, 600, 'Учет инструмента и спецоснастки', 36, 'Система для вывода на внешние мониторы статистической', 'text', NULL, '', 'text', 'УЧЕТ ИНСТРУМЕНТА И СПЕЦОСНАСТКИ\r\nСИСТЕМА ДЛЯ ВЫВОДА НА ВНЕШНИЕ МОНИТОРЫ СТАТИСТИЧЕСКОЙ\r\n', 1, NULL, NULL, NULL, NULL, NULL, 'Y', '28', 'uchet-instrumenta-i-spetsosnastki', '', '0', NULL, NULL, NULL),
(29, '2022-11-20 12:48:15', 1, '2022-11-20 12:48:15', 1, 5, NULL, 'Y', NULL, NULL, 500, 'Автоматизация агрегации кодов на фабриках', 37, 'В срок всего 2 месяца нами был реализован проект по маркировке одежды уникальными кодами при помощи ТСД. Это привело к ускорению приема и отгрузки на 40%, а также исключению ошибок при работе с маркированныи товаром.', 'text', NULL, '', 'text', 'АВТОМАТИЗАЦИЯ АГРЕГАЦИИ КОДОВ НА ФАБРИКАХ\r\nВ СРОК ВСЕГО 2 МЕСЯЦА НАМИ БЫЛ РЕАЛИЗОВАН ПРОЕКТ ПО МАРКИРОВКЕ ОДЕЖДЫ УНИКАЛЬНЫМИ КОДАМИ ПРИ ПОМОЩИ ТСД. ЭТО ПРИВЕЛО К УСКОРЕНИЮ ПРИЕМА И ОТГРУЗКИ НА 40%, А ТАКЖЕ ИСКЛЮЧЕНИЮ ОШИБОК ПРИ РАБОТЕ С МАРКИРОВАННЫИ ТОВАРОМ.\r\n', 1, NULL, NULL, NULL, NULL, NULL, 'N', '29', 'avtomatizatsiya-agregatsii-kodov-na-fabrikakh', '', '0', NULL, NULL, NULL),
(30, '2022-11-20 12:49:51', 1, '2022-11-20 12:49:51', 1, 5, NULL, 'Y', NULL, NULL, 600, 'Автоматизация агрегации кодов на фабриках 2', 39, 'В срок всего 2 месяца нами был реализован проект по маркировке одежды уникальными кодами при помощи ТСД. Это привело к ускорению приема и отгрузки на 40%, а также исключению ошибок при работе с маркированныи товаром.', 'text', NULL, '', 'text', 'АВТОМАТИЗАЦИЯ АГРЕГАЦИИ КОДОВ НА ФАБРИКАХ 2\r\nВ СРОК ВСЕГО 2 МЕСЯЦА НАМИ БЫЛ РЕАЛИЗОВАН ПРОЕКТ ПО МАРКИРОВКЕ ОДЕЖДЫ УНИКАЛЬНЫМИ КОДАМИ ПРИ ПОМОЩИ ТСД. ЭТО ПРИВЕЛО К УСКОРЕНИЮ ПРИЕМА И ОТГРУЗКИ НА 40%, А ТАКЖЕ ИСКЛЮЧЕНИЮ ОШИБОК ПРИ РАБОТЕ С МАРКИРОВАННЫИ ТОВАРОМ.\r\n', 1, NULL, NULL, NULL, NULL, NULL, 'N', '30', 'avtomatizatsiya-agregatsii-kodov-na-fabrikakh-2', '', '0', NULL, NULL, NULL),
(31, '2022-11-20 13:07:51', 1, '2022-11-20 13:06:58', 1, 6, NULL, 'Y', NULL, NULL, 500, 'rostech', NULL, '', 'text', NULL, '', 'text', 'ROSTECH\r\n\r\n', 1, NULL, NULL, NULL, NULL, NULL, 'N', '31', '', '', '0', NULL, NULL, NULL),
(32, '2022-11-20 13:08:09', 1, '2022-11-20 13:08:09', 1, 6, NULL, 'Y', NULL, NULL, 500, 'gazprom', NULL, '', 'text', NULL, '', 'text', 'GAZPROM\r\n\r\n', 1, NULL, NULL, NULL, NULL, NULL, 'N', '32', '', '', '0', NULL, NULL, NULL),
(33, '2022-11-20 13:08:26', 1, '2022-11-20 13:08:26', 1, 6, NULL, 'Y', NULL, NULL, 500, 'tehno', NULL, '', 'text', NULL, '', 'text', 'TEHNO\r\n\r\n', 1, NULL, NULL, NULL, NULL, NULL, 'N', '33', '', '', '0', NULL, NULL, NULL),
(34, '2022-11-20 13:08:42', 1, '2022-11-20 13:08:42', 1, 6, NULL, 'Y', NULL, NULL, 500, 'sheremet', NULL, '', 'text', NULL, '', 'text', 'SHEREMET\r\n\r\n', 1, NULL, NULL, NULL, NULL, NULL, 'N', '34', '', '', '0', NULL, NULL, NULL),
(35, '2022-11-20 13:14:20', 1, '2022-11-20 13:14:20', 1, 6, NULL, 'Y', NULL, NULL, 500, 'rostech 2', NULL, '', 'text', NULL, '', 'text', 'ROSTECH 2\r\n\r\n', 1, NULL, NULL, NULL, NULL, NULL, 'N', '35', '', '', '0', NULL, NULL, NULL),
(36, '2022-11-20 13:23:47', 1, '2022-11-20 13:23:06', 1, 7, NULL, 'Y', NULL, NULL, 100, 'Маркировка остатков, ивентаризация', 46, 'Перед получением кодов маркировки datamatrix, необходимо провести инвентаризацию на складе', 'text', NULL, '', 'text', 'МАРКИРОВКА ОСТАТКОВ, ИВЕНТАРИЗАЦИЯ\r\nПЕРЕД ПОЛУЧЕНИЕМ КОДОВ МАРКИРОВКИ DATAMATRIX, НЕОБХОДИМО ПРОВЕСТИ ИНВЕНТАРИЗАЦИЮ НА СКЛАДЕ\r\n', 1, NULL, NULL, NULL, NULL, NULL, 'N', '36', 'markirovka-ostatkov-iventarizatsiya', '', '0', NULL, NULL, NULL),
(37, '2022-11-20 13:24:35', 1, '2022-11-20 13:24:35', 1, 7, NULL, 'Y', NULL, NULL, 200, 'Маркировка остатков, получение кодов маркировки', 47, 'Остатки на скаладе посчитаны, можно формировать запрос в систему честный знак для получения кодов маркировки datamatrix', 'text', NULL, '', 'text', 'МАРКИРОВКА ОСТАТКОВ, ПОЛУЧЕНИЕ КОДОВ МАРКИРОВКИ\r\nОСТАТКИ НА СКАЛАДЕ ПОСЧИТАНЫ, МОЖНО ФОРМИРОВАТЬ ЗАПРОС В СИСТЕМУ ЧЕСТНЫЙ ЗНАК ДЛЯ ПОЛУЧЕНИЯ КОДОВ МАРКИРОВКИ DATAMATRIX\r\n', 1, NULL, NULL, NULL, NULL, NULL, 'N', '37', 'markirovka-ostatkov-poluchenie-kodov-markirovki', '', '0', NULL, NULL, NULL),
(38, '2022-11-20 13:25:07', 1, '2022-11-20 13:25:07', 1, 7, NULL, 'Y', NULL, NULL, 300, 'Маркировка остатков, ввод в оборот', 48, 'Перед получением кодов маркировки datamatrix, необходимо провести инвентаризацию на складе', 'text', NULL, '', 'text', 'МАРКИРОВКА ОСТАТКОВ, ВВОД В ОБОРОТ\r\nПЕРЕД ПОЛУЧЕНИЕМ КОДОВ МАРКИРОВКИ DATAMATRIX, НЕОБХОДИМО ПРОВЕСТИ ИНВЕНТАРИЗАЦИЮ НА СКЛАДЕ\r\n', 1, NULL, NULL, NULL, NULL, NULL, 'N', '38', 'markirovka-ostatkov-vvod-v-oborot', '', '0', NULL, NULL, NULL),
(39, '2022-11-20 13:25:57', 1, '2022-11-20 13:25:57', 1, 7, NULL, 'Y', NULL, NULL, 400, 'Маркировка остатков, ивентаризация', 49, 'Перед получением кодов маркировки datamatrix, необходимо провести инвентаризацию на складе', 'text', NULL, '', 'text', 'МАРКИРОВКА ОСТАТКОВ, ИВЕНТАРИЗАЦИЯ\r\nПЕРЕД ПОЛУЧЕНИЕМ КОДОВ МАРКИРОВКИ DATAMATRIX, НЕОБХОДИМО ПРОВЕСТИ ИНВЕНТАРИЗАЦИЮ НА СКЛАДЕ\r\n', 1, NULL, NULL, NULL, NULL, NULL, 'N', '39', 'markirovka-ostatkov-iventarizatsiya2', '', '0', NULL, NULL, NULL),
(40, '2022-11-20 13:26:39', 1, '2022-11-20 13:26:39', 1, 7, NULL, 'Y', NULL, NULL, 500, 'Маркировка остатков, ивентаризация', 50, 'Перед получением кодов маркировки datamatrix, необходимо провести инвентаризацию на складе', 'text', NULL, '', 'text', 'МАРКИРОВКА ОСТАТКОВ, ИВЕНТАРИЗАЦИЯ\r\nПЕРЕД ПОЛУЧЕНИЕМ КОДОВ МАРКИРОВКИ DATAMATRIX, НЕОБХОДИМО ПРОВЕСТИ ИНВЕНТАРИЗАЦИЮ НА СКЛАДЕ\r\n', 1, NULL, NULL, NULL, NULL, NULL, 'N', '40', 'markirovka-ostatkov-iventarizatsiya3', '', '0', NULL, NULL, NULL),
(41, '2022-11-20 13:38:30', 1, '2022-11-20 13:38:30', 1, 8, NULL, 'Y', NULL, NULL, 500, 'W9nZ6u15yis', NULL, 'Работы, дополненая реальность и ТСД - технологии для бизнеса. Zebra Tehnologies | Клеверенс', 'text', NULL, '', 'text', 'W9NZ6U15YIS\r\nРАБОТЫ, ДОПОЛНЕНАЯ РЕАЛЬНОСТЬ И ТСД - ТЕХНОЛОГИИ ДЛЯ БИЗНЕСА. ZEBRA TEHNOLOGIES | КЛЕВЕРЕНС\r\n', 1, NULL, NULL, NULL, NULL, NULL, 'N', '41', '', '', '0', NULL, NULL, NULL),
(42, '2022-11-20 13:53:01', 1, '2022-11-20 13:53:01', 1, 8, NULL, 'Y', NULL, NULL, 500, 'W9nZ6u15yis', NULL, 'Работы, дополненая реальность и ТСД - технологии для бизнеса. Zebra Tehnologies | Клеверенс', 'text', NULL, '', 'text', 'W9NZ6U15YIS\r\nРАБОТЫ, ДОПОЛНЕНАЯ РЕАЛЬНОСТЬ И ТСД - ТЕХНОЛОГИИ ДЛЯ БИЗНЕСА. ZEBRA TEHNOLOGIES | КЛЕВЕРЕНС\r\n', 1, NULL, NULL, NULL, NULL, NULL, 'N', '42', '', '', '0', NULL, NULL, NULL),
(43, '2022-11-20 14:02:42', 1, '2022-11-20 14:02:42', 1, 9, NULL, 'Y', NULL, NULL, 500, 'Улучшение печати - в \"продажи\" 1.4.9.4', NULL, 'Появилась поддержка новых групп маркированного товара', 'text', NULL, '', 'text', 'УЛУЧШЕНИЕ ПЕЧАТИ - В \"ПРОДАЖИ\" 1.4.9.4\r\nПОЯВИЛАСЬ ПОДДЕРЖКА НОВЫХ ГРУПП МАРКИРОВАННОГО ТОВАРА\r\n', 1, NULL, NULL, NULL, NULL, NULL, 'N', '43', 'uluchshenie-pechati-v-prodazhi-1-4-9-4', '', '0', NULL, NULL, NULL),
(44, '2022-11-20 14:03:11', 1, '2022-11-20 14:03:11', 1, 9, NULL, 'Y', NULL, NULL, 500, 'Интегрирован Seuic AutolD Q9C', NULL, 'Завершена интеграция термина сбора данных', 'text', NULL, '', 'text', 'ИНТЕГРИРОВАН SEUIC AUTOLD Q9C\r\nЗАВЕРШЕНА ИНТЕГРАЦИЯ ТЕРМИНА СБОРА ДАННЫХ\r\n', 1, NULL, NULL, NULL, NULL, NULL, 'N', '44', 'integrirovan-seuic-autold-q9c', '', '0', NULL, NULL, NULL),
(45, '2022-11-20 14:03:41', 1, '2022-11-20 14:03:41', 1, 9, NULL, 'Y', NULL, NULL, 500, 'Интегрирован Martech ALPHA', NULL, 'Завершена интеграция мобильного принтера', 'text', NULL, '', 'text', 'ИНТЕГРИРОВАН MARTECH ALPHA\r\nЗАВЕРШЕНА ИНТЕГРАЦИЯ МОБИЛЬНОГО ПРИНТЕРА\r\n', 1, NULL, NULL, NULL, NULL, NULL, 'N', '45', 'integrirovan-martech-alpha', '', '0', NULL, NULL, NULL),
(47, '2022-12-05 17:05:13', 1, '2022-12-05 15:34:42', 1, 11, NULL, 'Y', NULL, NULL, 500, 'Для реализации продукции на выставках по образцам', 52, 'Мобильная автоматизации упрощает работу сотрудников склада и устраняет ошибки при приёмке, отгрузке и инвентаризации товара', 'text', NULL, '', 'text', 'ДЛЯ РЕАЛИЗАЦИИ ПРОДУКЦИИ НА ВЫСТАВКАХ ПО ОБРАЗЦАМ\r\nМОБИЛЬНАЯ АВТОМАТИЗАЦИИ УПРОЩАЕТ РАБОТУ СОТРУДНИКОВ СКЛАДА И УСТРАНЯЕТ ОШИБКИ ПРИ ПРИЁМКЕ, ОТГРУЗКЕ И ИНВЕНТАРИЗАЦИИ ТОВАРА\r\n', 1, NULL, NULL, NULL, NULL, NULL, 'N', '47', 'dlya-realizatsii-produktsii-na-vystavkakh-po-obraztsam', '', '0', NULL, 1, '2022-12-05 15:36:23'),
(48, '2022-12-08 18:01:39', 1, '2022-12-05 16:15:49', 1, 12, NULL, 'Y', NULL, NULL, 10, 'Управление топологией склада', 53, 'С помощью внедрения системы адресного хранения, можно автоматизировать', 'text', NULL, '', 'text', 'УПРАВЛЕНИЕ ТОПОЛОГИЕЙ СКЛАДА\r\nС ПОМОЩЬЮ ВНЕДРЕНИЯ СИСТЕМЫ АДРЕСНОГО ХРАНЕНИЯ, МОЖНО АВТОМАТИЗИРОВАТЬ\r\n', 1, NULL, NULL, NULL, NULL, NULL, 'N', '48', 'upravlenie-topologiey', '', '0', NULL, 1, '2022-12-06 15:42:13'),
(49, '2022-12-08 18:01:39', 1, '2022-12-05 16:18:13', 1, 12, NULL, 'Y', NULL, NULL, 20, 'Размещение товара в ячейке', 65, 'Lorem ipsum dolor sit amet, consectetur adipiscing elit, sed do eiusmod tempor incididunt ut labore et dolore magna', 'text', NULL, '', 'text', 'РАЗМЕЩЕНИЕ ТОВАРА В ЯЧЕЙКЕ\r\nLOREM IPSUM DOLOR SIT AMET, CONSECTETUR ADIPISCING ELIT, SED DO EIUSMOD TEMPOR INCIDIDUNT UT LABORE ET DOLORE MAGNA\r\n', 1, NULL, NULL, NULL, NULL, NULL, 'N', '49', 'razmeshchenie-tovara-v-yacheyke', '', '0', NULL, NULL, NULL),
(50, '2022-12-14 17:12:25', 1, '2022-12-07 13:52:01', 1, 13, NULL, 'Y', NULL, NULL, 10, 'Автоматизация агрегации кодов на фабриках', 66, 'В срок всего 2 месяца нами был реализован проект по маркировке одежды уникальными кодами при помощи ТСД. Это привело к ускорению приема и отгрузки на 40%, а также исключению ошибок при работе с маркированным товаром.', 'text', NULL, '', 'text', 'АВТОМАТИЗАЦИЯ АГРЕГАЦИИ КОДОВ НА ФАБРИКАХ\r\nВ СРОК ВСЕГО 2 МЕСЯЦА НАМИ БЫЛ РЕАЛИЗОВАН ПРОЕКТ ПО МАРКИРОВКЕ ОДЕЖДЫ УНИКАЛЬНЫМИ КОДАМИ ПРИ ПОМОЩИ ТСД. ЭТО ПРИВЕЛО К УСКОРЕНИЮ ПРИЕМА И ОТГРУЗКИ НА 40%, А ТАКЖЕ ИСКЛЮЧЕНИЮ ОШИБОК ПРИ РАБОТЕ С МАРКИРОВАННЫМ ТОВАРОМ.\r\n', 1, NULL, NULL, NULL, NULL, NULL, 'N', '50', 'avtomatizatsiya-agregatsii-kodov-na-fabrikakh', '', '0', NULL, NULL, NULL),
(51, '2022-12-14 16:19:52', 1, '2022-12-07 13:54:00', 1, 13, NULL, 'Y', NULL, NULL, 50, 'Запуск и внедрение ERP', NULL, 'Компанией в кратчайшие сроки был реализован проект по внедрению системы для управления бизнес-процессами и ресурсами обувной фабрики на основе единой базы данных. ERP создает единую унифицированную систему отчетности для всех процессов. Большая производительность за меньший срок.', 'text', NULL, '', 'text', 'ЗАПУСК И ВНЕДРЕНИЕ ERP\r\nКОМПАНИЕЙ В КРАТЧАЙШИЕ СРОКИ БЫЛ РЕАЛИЗОВАН ПРОЕКТ ПО ВНЕДРЕНИЮ СИСТЕМЫ ДЛЯ УПРАВЛЕНИЯ БИЗНЕС-ПРОЦЕССАМИ И РЕСУРСАМИ ОБУВНОЙ ФАБРИКИ НА ОСНОВЕ ЕДИНОЙ БАЗЫ ДАННЫХ. ERP СОЗДАЕТ ЕДИНУЮ УНИФИЦИРОВАННУЮ СИСТЕМУ ОТЧЕТНОСТИ ДЛЯ ВСЕХ ПРОЦЕССОВ. БОЛЬШАЯ ПРОИЗВОДИТЕЛЬНОСТЬ ЗА МЕНЬШИЙ СРОК.\r\n', 1, NULL, NULL, NULL, NULL, NULL, 'N', '51', 'zapusk-i-vnedrenie-erp', '', '0', NULL, NULL, NULL),
(52, '2022-12-14 16:20:05', 1, '2022-12-07 13:54:53', 1, 13, NULL, 'Y', NULL, NULL, 40, 'Запуск и внедрение ERP', NULL, 'Компанией в кратчайшие сроки был реализован проект по внедрению системы для управления бизнес-процессами и ресурсами обувной фабрики на основе единой базы данных. ERP создает единую унифицированную систему отчетности для всех процессов. Большая производительность за меньший срок.', 'text', NULL, '', 'text', 'ЗАПУСК И ВНЕДРЕНИЕ ERP\r\nКОМПАНИЕЙ В КРАТЧАЙШИЕ СРОКИ БЫЛ РЕАЛИЗОВАН ПРОЕКТ ПО ВНЕДРЕНИЮ СИСТЕМЫ ДЛЯ УПРАВЛЕНИЯ БИЗНЕС-ПРОЦЕССАМИ И РЕСУРСАМИ ОБУВНОЙ ФАБРИКИ НА ОСНОВЕ ЕДИНОЙ БАЗЫ ДАННЫХ. ERP СОЗДАЕТ ЕДИНУЮ УНИФИЦИРОВАННУЮ СИСТЕМУ ОТЧЕТНОСТИ ДЛЯ ВСЕХ ПРОЦЕССОВ. БОЛЬШАЯ ПРОИЗВОДИТЕЛЬНОСТЬ ЗА МЕНЬШИЙ СРОК.\r\n', 1, NULL, NULL, NULL, NULL, NULL, 'N', '52', 'zapusk-i-vnedrenie-erp2', '', '0', NULL, NULL, NULL),
(53, '2022-12-14 17:12:37', 1, '2022-12-07 13:56:11', 1, 13, NULL, 'Y', NULL, NULL, 40, 'Автоматизация агрегации кодов на фабриках', 68, 'В срок всего 2 месяца нами был реализован проект по маркировке одежды уникальными кодами при помощи ТСД. Это привело к ускорению приема и отгрузки на 40%, а также исключению ошибок при работе с маркированным товаром.', 'text', NULL, '', 'text', 'АВТОМАТИЗАЦИЯ АГРЕГАЦИИ КОДОВ НА ФАБРИКАХ\r\nВ СРОК ВСЕГО 2 МЕСЯЦА НАМИ БЫЛ РЕАЛИЗОВАН ПРОЕКТ ПО МАРКИРОВКЕ ОДЕЖДЫ УНИКАЛЬНЫМИ КОДАМИ ПРИ ПОМОЩИ ТСД. ЭТО ПРИВЕЛО К УСКОРЕНИЮ ПРИЕМА И ОТГРУЗКИ НА 40%, А ТАКЖЕ ИСКЛЮЧЕНИЮ ОШИБОК ПРИ РАБОТЕ С МАРКИРОВАННЫМ ТОВАРОМ.\r\n', 1, NULL, NULL, NULL, NULL, NULL, 'N', '53', 'avtomatizatsiya-agregatsii-kodov-na-fabrikakh2', '', '0', NULL, NULL, NULL),
(54, '2022-12-14 16:21:16', 1, '2022-12-07 13:56:52', 1, 13, NULL, 'Y', NULL, NULL, 30, 'Запуск и внедрение ERP', NULL, 'Компанией в кратчайшие сроки был реализован проект по внедрению системы для управления бизнес-процессами и ресурсами обувной фабрики на основе единой базы данных. ERP создает единую унифицированную систему отчетности для всех процессов. Большая производительность за меньший срок.', 'text', NULL, '', 'text', 'ЗАПУСК И ВНЕДРЕНИЕ ERP\r\nКОМПАНИЕЙ В КРАТЧАЙШИЕ СРОКИ БЫЛ РЕАЛИЗОВАН ПРОЕКТ ПО ВНЕДРЕНИЮ СИСТЕМЫ ДЛЯ УПРАВЛЕНИЯ БИЗНЕС-ПРОЦЕССАМИ И РЕСУРСАМИ ОБУВНОЙ ФАБРИКИ НА ОСНОВЕ ЕДИНОЙ БАЗЫ ДАННЫХ. ERP СОЗДАЕТ ЕДИНУЮ УНИФИЦИРОВАННУЮ СИСТЕМУ ОТЧЕТНОСТИ ДЛЯ ВСЕХ ПРОЦЕССОВ. БОЛЬШАЯ ПРОИЗВОДИТЕЛЬНОСТЬ ЗА МЕНЬШИЙ СРОК.\r\n', 1, NULL, NULL, NULL, NULL, NULL, 'N', '54', 'zapusk-i-vnedrenie-erp3', '', '0', NULL, NULL, NULL),
(55, '2022-12-14 16:21:16', 1, '2022-12-07 13:57:36', 1, 13, NULL, 'Y', NULL, NULL, 20, 'Запуск и внедрение ERP', NULL, 'Компанией в кратчайшие сроки был реализован проект по внедрению системы для управления бизнес-процессами и ресурсами обувной фабрики на основе единой базы данных. ERP создает единую унифицированную систему отчетности для всех процессов. Большая производительность за меньший срок.', 'text', NULL, '', 'text', 'ЗАПУСК И ВНЕДРЕНИЕ ERP\r\nКОМПАНИЕЙ В КРАТЧАЙШИЕ СРОКИ БЫЛ РЕАЛИЗОВАН ПРОЕКТ ПО ВНЕДРЕНИЮ СИСТЕМЫ ДЛЯ УПРАВЛЕНИЯ БИЗНЕС-ПРОЦЕССАМИ И РЕСУРСАМИ ОБУВНОЙ ФАБРИКИ НА ОСНОВЕ ЕДИНОЙ БАЗЫ ДАННЫХ. ERP СОЗДАЕТ ЕДИНУЮ УНИФИЦИРОВАННУЮ СИСТЕМУ ОТЧЕТНОСТИ ДЛЯ ВСЕХ ПРОЦЕССОВ. БОЛЬШАЯ ПРОИЗВОДИТЕЛЬНОСТЬ ЗА МЕНЬШИЙ СРОК.\r\n', 1, NULL, NULL, NULL, NULL, NULL, 'N', '55', 'zapusk-i-vnedrenie-erp4', '', '0', NULL, NULL, NULL),
(58, '2022-12-08 13:02:03', 1, '2022-12-08 13:01:53', 1, 16, NULL, 'Y', NULL, NULL, 500, 'Виды адресного хранения', 78, '', 'text', NULL, '', 'text', 'ВИДЫ АДРЕСНОГО ХРАНЕНИЯ\r\n\r\n', 1, NULL, NULL, NULL, NULL, NULL, 'N', '58', 'vidy-adresnogo-khraneniya', '', '0', NULL, NULL, NULL),
(59, '2022-12-08 13:03:58', 1, '2022-12-08 13:03:46', 1, 16, NULL, 'Y', NULL, NULL, 500, 'Виды адресного хранения 2', 81, '', 'text', NULL, '', 'text', 'ВИДЫ АДРЕСНОГО ХРАНЕНИЯ 2\r\n\r\n', 1, NULL, NULL, NULL, NULL, NULL, 'N', '59', 'vidy-adresnogo-khraneniya-2', '', '0', NULL, NULL, NULL),
(60, '2022-12-08 17:11:18', 1, '2022-12-08 17:11:18', 1, 17, NULL, 'Y', NULL, NULL, 500, 'Компании, с внедренной адресной складской системой хранения товара, имеют весомое преимущество перед конкурентами.', NULL, 'Все изделия промаркированы, записаны и учтены в программе. Это существенно повышает прибыль и производительность предприятия. И чем крупнее компания, тем выгоднее подобная оптимизация.', 'text', NULL, '', 'text', 'КОМПАНИИ, С ВНЕДРЕННОЙ АДРЕСНОЙ СКЛАДСКОЙ СИСТЕМОЙ ХРАНЕНИЯ ТОВАРА, ИМЕЮТ ВЕСОМОЕ ПРЕИМУЩЕСТВО ПЕРЕД КОНКУРЕНТАМИ.\r\nВСЕ ИЗДЕЛИЯ ПРОМАРКИРОВАНЫ, ЗАПИСАНЫ И УЧТЕНЫ В ПРОГРАММЕ. ЭТО СУЩЕСТВЕННО ПОВЫШАЕТ ПРИБЫЛЬ И ПРОИЗВОДИТЕЛЬНОСТЬ ПРЕДПРИЯТИЯ. И ЧЕМ КРУПНЕЕ КОМПАНИЯ, ТЕМ ВЫГОДНЕЕ ПОДОБНАЯ ОПТИМИЗАЦИЯ.\r\n', 1, NULL, NULL, NULL, NULL, NULL, 'N', '60', '', '', '0', NULL, NULL, NULL),
(61, '2022-12-08 18:01:39', 1, '2022-12-08 17:42:10', 1, 12, NULL, 'Y', NULL, NULL, 30, 'Маркировка адресных ячеек', 82, 'Lorem ipsum dolor sit amet, consectetur adipiscing elit, sed do eiusmod tempor incididun', 'text', NULL, '', 'text', 'МАРКИРОВКА АДРЕСНЫХ ЯЧЕЕК\r\nLOREM IPSUM DOLOR SIT AMET, CONSECTETUR ADIPISCING ELIT, SED DO EIUSMOD TEMPOR INCIDIDUN\r\n', 1, NULL, NULL, NULL, NULL, NULL, 'N', '61', 'markirovka-adresnykh-yacheek', '', '0', NULL, NULL, NULL),
(62, '2022-12-08 18:01:39', 1, '2022-12-08 17:46:21', 1, 12, NULL, 'Y', NULL, NULL, 40, 'Отбор товара из ячейк', 83, 'Lorem ipsum dolor sit amet, consectetur adipiscing elit, sed do eiusmod tempor incididunt', 'text', NULL, '', 'text', 'ОТБОР ТОВАРА ИЗ ЯЧЕЙК\r\nLOREM IPSUM DOLOR SIT AMET, CONSECTETUR ADIPISCING ELIT, SED DO EIUSMOD TEMPOR INCIDIDUNT\r\n', 1, NULL, NULL, NULL, NULL, NULL, 'N', '62', 'otbor-tovara-iz-yacheyk', '', '0', NULL, NULL, NULL),
(63, '2022-12-08 18:01:39', 1, '2022-12-08 17:47:36', 1, 12, NULL, 'Y', NULL, NULL, 50, 'Построение маршрута комплектации заказа', 84, 'Lorem ipsum dolor sit amet, consectetur adipiscing elit, sed do eiusmod tempor incididun', 'text', NULL, '', 'text', 'ПОСТРОЕНИЕ МАРШРУТА КОМПЛЕКТАЦИИ ЗАКАЗА\r\nLOREM IPSUM DOLOR SIT AMET, CONSECTETUR ADIPISCING ELIT, SED DO EIUSMOD TEMPOR INCIDIDUN\r\n', 1, NULL, NULL, NULL, NULL, NULL, 'N', '63', 'postroenie-marshruta-komplektatsii-zakaza', '', '0', NULL, NULL, NULL),
(64, '2022-12-08 18:01:39', 1, '2022-12-08 17:48:35', 1, 12, NULL, 'Y', NULL, NULL, 70, 'Инвентаризация по ячейкам', 85, 'Lorem ipsum dolor sit amet, consectetur adipiscing elit, sed do eiusmod tempor incididunt', 'text', NULL, '', 'text', 'ИНВЕНТАРИЗАЦИЯ ПО ЯЧЕЙКАМ\r\nLOREM IPSUM DOLOR SIT AMET, CONSECTETUR ADIPISCING ELIT, SED DO EIUSMOD TEMPOR INCIDIDUNT\r\n', 1, NULL, NULL, NULL, NULL, NULL, 'N', '64', 'inventarizatsiya-po-yacheykam', '', '0', NULL, NULL, NULL),
(65, '2022-12-08 18:01:39', 1, '2022-12-08 17:50:01', 1, 12, NULL, 'Y', NULL, NULL, 80, 'Статистика оборота по ячейкам', 86, 'Lorem ipsum dolor sit amet, consectetur adipiscing elit, sed do eiusmod tempor incididunt', 'text', NULL, '', 'text', 'СТАТИСТИКА ОБОРОТА ПО ЯЧЕЙКАМ\r\nLOREM IPSUM DOLOR SIT AMET, CONSECTETUR ADIPISCING ELIT, SED DO EIUSMOD TEMPOR INCIDIDUNT\r\n', 1, NULL, NULL, NULL, NULL, NULL, 'N', '65', 'statistika-oborota-po-yacheykam', '', '0', NULL, NULL, NULL),
(66, '2022-12-08 18:01:39', 1, '2022-12-08 17:51:49', 1, 12, NULL, 'Y', NULL, NULL, 60, 'Мультиячейка', 87, '', 'text', NULL, '', 'text', 'МУЛЬТИЯЧЕЙКА\r\n\r\n', 1, NULL, NULL, NULL, NULL, NULL, 'N', '66', 'multiyacheyka', '', '0', NULL, NULL, NULL),
(67, '2022-12-08 20:36:00', 1, '2022-12-08 19:56:35', 1, 18, NULL, 'Y', NULL, NULL, 500, 'Для управления и оптимизации процессов оптовых складов', 91, 'Мобильная автоматизации упрощает работу сотрудников склада и устраняет ошибки при приёмке, отгрузке и инвентаризации товара', 'text', 88, '', 'text', 'ДЛЯ УПРАВЛЕНИЯ И ОПТИМИЗАЦИИ ПРОЦЕССОВ ОПТОВЫХ СКЛАДОВ\r\nМОБИЛЬНАЯ АВТОМАТИЗАЦИИ УПРОЩАЕТ РАБОТУ СОТРУДНИКОВ СКЛАДА И УСТРАНЯЕТ ОШИБКИ ПРИ ПРИЁМКЕ, ОТГРУЗКЕ И ИНВЕНТАРИЗАЦИИ ТОВАРА\r\n', 1, NULL, NULL, NULL, NULL, NULL, 'N', '67', 'dlya-upravleniya-i-optimizatsii-protsessov-optovykh-skladov', '', '0', NULL, NULL, NULL),
(68, '2022-12-08 20:36:55', 1, '2022-12-08 20:33:31', 1, 19, NULL, 'Y', NULL, NULL, 500, 'Для оптимизации процессов внутрицехового учета', 92, 'Система управления производственными процессами, позволяющая планировать и оперативно управлять циклом производства', 'text', NULL, 'Система управления производственными процессами, позволяющая планировать и оперативно управлять циклом производства', 'text', 'ДЛЯ ОПТИМИЗАЦИИ ПРОЦЕССОВ ВНУТРИЦЕХОВОГО УЧЕТА\r\nСИСТЕМА УПРАВЛЕНИЯ ПРОИЗВОДСТВЕННЫМИ ПРОЦЕССАМИ, ПОЗВОЛЯЮЩАЯ ПЛАНИРОВАТЬ И ОПЕРАТИВНО УПРАВЛЯТЬ ЦИКЛОМ ПРОИЗВОДСТВА\r\nСИСТЕМА УПРАВЛЕНИЯ ПРОИЗВОДСТВЕННЫМИ ПРОЦЕССАМИ, ПОЗВОЛЯЮЩАЯ ПЛАНИРОВАТЬ И ОПЕРАТИВНО УПРАВЛЯТЬ ЦИКЛОМ ПРОИЗВОДСТВА', 1, NULL, NULL, NULL, NULL, NULL, 'N', '68', 'dlya-optimizatsii-protsessov-vnutritsekhovogo-ucheta', '', '0', NULL, NULL, NULL),
(69, '2022-12-08 21:17:52', 1, '2022-12-08 21:13:33', 1, 20, NULL, 'Y', NULL, NULL, 10, 'MES', 93, 'Система для вывода на внешние мониторы статистической и динамической информации', 'text', NULL, '', 'text', 'MES\r\nСИСТЕМА ДЛЯ ВЫВОДА НА ВНЕШНИЕ МОНИТОРЫ СТАТИСТИЧЕСКОЙ И ДИНАМИЧЕСКОЙ ИНФОРМАЦИИ\r\n', 1, NULL, NULL, NULL, NULL, NULL, 'N', '69', 'mes', '', '0', NULL, NULL, NULL),
(70, '2022-12-08 21:17:52', 1, '2022-12-08 21:14:12', 1, 20, NULL, 'Y', NULL, NULL, 20, 'Управление складом металла', 94, 'Центральная база, контролирующая каждую складскую операцию по товару, позволяет вести учет маркированного товара', 'text', NULL, '', 'text', 'УПРАВЛЕНИЕ СКЛАДОМ МЕТАЛЛА\r\nЦЕНТРАЛЬНАЯ БАЗА, КОНТРОЛИРУЮЩАЯ КАЖДУЮ СКЛАДСКУЮ ОПЕРАЦИЮ ПО ТОВАРУ, ПОЗВОЛЯЕТ ВЕСТИ УЧЕТ МАРКИРОВАННОГО ТОВАРА\r\n', 1, NULL, NULL, NULL, NULL, NULL, 'N', '70', 'upravlenie-skladom-metalla', '', '0', NULL, NULL, NULL),
(71, '2022-12-08 21:17:52', 1, '2022-12-08 21:14:49', 1, 20, NULL, 'Y', NULL, NULL, 30, 'ТОИР', 95, 'Система для сенсорных киосков для интерактивного отражения складских операций', 'text', NULL, '', 'text', 'ТОИР\r\nСИСТЕМА ДЛЯ СЕНСОРНЫХ КИОСКОВ ДЛЯ ИНТЕРАКТИВНОГО ОТРАЖЕНИЯ СКЛАДСКИХ ОПЕРАЦИЙ\r\n', 1, NULL, NULL, NULL, NULL, NULL, 'N', '71', 'toir', '', '0', NULL, NULL, NULL),
(72, '2022-12-08 21:17:52', 1, '2022-12-08 21:15:43', 1, 20, NULL, 'Y', NULL, NULL, 40, 'Управление IT-активами', 96, 'Система для вывода на внешние мониторы статистической и динамической информации', 'text', NULL, '', 'text', 'УПРАВЛЕНИЕ IT-АКТИВАМИ\r\nСИСТЕМА ДЛЯ ВЫВОДА НА ВНЕШНИЕ МОНИТОРЫ СТАТИСТИЧЕСКОЙ И ДИНАМИЧЕСКОЙ ИНФОРМАЦИИ\r\n', 1, NULL, NULL, NULL, NULL, NULL, 'N', '72', 'upravlenie-it-aktivami', '', '0', NULL, NULL, NULL),
(73, '2022-12-08 21:17:52', 1, '2022-12-08 21:16:05', 1, 20, NULL, 'Y', NULL, NULL, 50, 'Технолог ОГТ', 98, 'Система для сенсорных киосков для интерактивного отражения складских операций', 'text', NULL, '', 'text', 'ТЕХНОЛОГ ОГТ\r\nСИСТЕМА ДЛЯ СЕНСОРНЫХ КИОСКОВ ДЛЯ ИНТЕРАКТИВНОГО ОТРАЖЕНИЯ СКЛАДСКИХ ОПЕРАЦИЙ\r\n', 1, NULL, NULL, NULL, NULL, NULL, 'N', '73', 'tekhnolog-ogt', '', '0', NULL, NULL, NULL),
(74, '2022-12-08 21:17:52', 1, '2022-12-08 21:17:28', 1, 20, NULL, 'Y', NULL, NULL, 60, 'Учет инструмента и спецоснастки', 99, '', 'text', NULL, '', 'text', 'УЧЕТ ИНСТРУМЕНТА И СПЕЦОСНАСТКИ\r\n\r\n', 1, NULL, NULL, NULL, NULL, NULL, 'N', '74', 'uchet-instrumenta-i-spetsosnastki', '', '0', NULL, NULL, NULL),
(75, '2022-12-14 19:26:36', 1, '2022-12-11 14:00:15', 1, 21, NULL, 'Y', NULL, NULL, 500, 'Автоматизация оптовых складов', 100, '', 'text', NULL, '', 'text', 'АВТОМАТИЗАЦИЯ ОПТОВЫХ СКЛАДОВ\r\n\r\n', 1, NULL, NULL, NULL, NULL, NULL, 'N', '75', 'avtomatizatsiya-optovykh-skladov', '', '0', NULL, NULL, NULL),
(76, '2022-12-13 09:03:06', 1, '2022-12-13 09:03:06', 1, 22, NULL, 'Y', NULL, NULL, 500, 'Кейс 1', NULL, '', 'text', NULL, '', 'text', 'КЕЙС 1\r\n\r\n', 1, NULL, NULL, NULL, NULL, NULL, 'N', '76', 'keys-1', '', '0', NULL, NULL, NULL);

-- --------------------------------------------------------

--
-- Структура таблицы `b_iblock_element_iprop`
--

CREATE TABLE `b_iblock_element_iprop` (
  `IBLOCK_ID` int(11) NOT NULL,
  `SECTION_ID` int(11) NOT NULL,
  `ELEMENT_ID` int(11) NOT NULL,
  `IPROP_ID` int(11) NOT NULL,
  `VALUE` text COLLATE utf8_unicode_ci NOT NULL
) ENGINE=InnoDB DEFAULT CHARSET=utf8 COLLATE=utf8_unicode_ci;

-- --------------------------------------------------------

--
-- Структура таблицы `b_iblock_element_lock`
--

CREATE TABLE `b_iblock_element_lock` (
  `IBLOCK_ELEMENT_ID` int(11) NOT NULL,
  `DATE_LOCK` datetime DEFAULT NULL,
  `LOCKED_BY` varchar(32) COLLATE utf8_unicode_ci DEFAULT NULL
) ENGINE=InnoDB DEFAULT CHARSET=utf8 COLLATE=utf8_unicode_ci;

-- --------------------------------------------------------

--
-- Структура таблицы `b_iblock_element_property`
--

CREATE TABLE `b_iblock_element_property` (
  `ID` int(11) NOT NULL,
  `IBLOCK_PROPERTY_ID` int(11) NOT NULL,
  `IBLOCK_ELEMENT_ID` int(11) NOT NULL,
  `VALUE` text COLLATE utf8_unicode_ci NOT NULL,
  `VALUE_TYPE` char(4) COLLATE utf8_unicode_ci NOT NULL DEFAULT 'text',
  `VALUE_ENUM` int(11) DEFAULT NULL,
  `VALUE_NUM` decimal(18,4) DEFAULT NULL,
  `DESCRIPTION` varchar(255) COLLATE utf8_unicode_ci DEFAULT NULL
) ENGINE=InnoDB DEFAULT CHARSET=utf8 COLLATE=utf8_unicode_ci;

--
-- Дамп данных таблицы `b_iblock_element_property`
--

INSERT INTO `b_iblock_element_property` (`ID`, `IBLOCK_PROPERTY_ID`, `IBLOCK_ELEMENT_ID`, `VALUE`, `VALUE_TYPE`, `VALUE_ENUM`, `VALUE_NUM`, `DESCRIPTION`) VALUES
(1, 1, 1, '/dz/', 'text', NULL, '0.0000', ''),
(2, 2, 1, '/vk/', 'text', NULL, '0.0000', ''),
(3, 3, 1, '/tel/', 'text', NULL, '0.0000', ''),
(4, 4, 2, '2', 'text', NULL, '2.0000', NULL),
(5, 5, 29, '2 месяца', 'text', NULL, '2.0000', ''),
(6, 6, 29, '>40%', 'text', NULL, '0.0000', ''),
(7, 7, 29, '38', 'text', NULL, '38.0000', ''),
(8, 5, 30, '3 месяца', 'text', NULL, '3.0000', ''),
(9, 6, 30, '>50%', 'text', NULL, '0.0000', ''),
(10, 7, 30, '40', 'text', NULL, '40.0000', ''),
(11, 8, 31, '41', 'text', NULL, '41.0000', ''),
(12, 8, 32, '42', 'text', NULL, '42.0000', ''),
(13, 8, 33, '43', 'text', NULL, '43.0000', ''),
(14, 8, 34, '44', 'text', NULL, '44.0000', ''),
(15, 8, 35, '45', 'text', NULL, '45.0000', ''),
(20, 11, 47, 'Verter.Продажи', 'text', NULL, '0.0000', ''),
(21, 12, 47, '5645645', 'text', NULL, '5645645.0000', ''),
(22, 13, 48, '#', 'text', NULL, '0.0000', ''),
(23, 13, 49, '#', 'text', NULL, '0.0000', ''),
(24, 14, 48, 'OADNjQfj', 'text', NULL, '0.0000', ''),
(25, 14, 49, 'rw4EKupF', 'text', NULL, '0.0000', ''),
(26, 15, 50, '2 месяца', 'text', NULL, '2.0000', ''),
(27, 16, 50, '>40%', 'text', NULL, '0.0000', ''),
(28, 17, 50, '75', 'text', NULL, '75.0000', ''),
(30, 19, 50, 'zIX4KriW', 'text', NULL, '0.0000', ''),
(31, 17, 51, '75', 'text', NULL, '75.0000', ''),
(32, 18, 51, '57', 'text', NULL, '57.0000', NULL),
(33, 17, 52, '75', 'text', NULL, '75.0000', ''),
(34, 18, 52, '58', 'text', NULL, '58.0000', NULL),
(35, 19, 52, 'p5BQJEY6', 'text', NULL, '0.0000', ''),
(36, 15, 53, '2 месяца', 'text', NULL, '2.0000', ''),
(37, 16, 53, '>40%', 'text', NULL, '0.0000', ''),
(38, 17, 53, '75', 'text', NULL, '75.0000', ''),
(39, 18, 53, '60', 'text', NULL, '60.0000', NULL),
(40, 19, 53, 'r0jCF3uV', 'text', NULL, '0.0000', ''),
(41, 17, 54, '75', 'text', NULL, '75.0000', ''),
(42, 18, 54, '61', 'text', NULL, '61.0000', NULL),
(43, 19, 54, 'kkIEV6Fl', 'text', NULL, '0.0000', ''),
(44, 17, 55, '75', 'text', NULL, '75.0000', ''),
(45, 18, 55, '62', 'text', NULL, '62.0000', NULL),
(46, 19, 55, 'SHcZHoYe', 'text', NULL, '0.0000', ''),
(47, 18, 50, '71', 'text', NULL, '71.0000', NULL),
(56, 26, 58, 'Статическое', 'text', NULL, '0.0000', ''),
(57, 27, 58, 'a:2:{s:4:\"TEXT\";s:281:\"Lorem ipsum dolor sit amet, consectetur adipiscing elit, sed do eiusmod tempor incididunt ut labore et dolore magna aliqua. Ut enim ad minim veniam, quis nostrud exercitation ullamco laboris nisi ut aliquip ex ea commodo consequat. Duis aute irure dolor in reprehenderit\r\n									\";s:4:\"TYPE\";s:4:\"TEXT\";}', 'text', NULL, '0.0000', ''),
(58, 28, 58, '76', 'text', NULL, '76.0000', NULL),
(59, 29, 58, 'Динамическое', 'text', NULL, '0.0000', ''),
(60, 30, 58, 'a:2:{s:4:\"TEXT\";s:278:\"Lorem ipsum dolor sit amet, consectetur adipiscing elit, sed do eiusmod tempor incididunt ut labore et dolore magna aliqua. Ut enim ad minim veniam, quis nostrud exercitation ullamco laboris nisi ut aliquip ex ea commodo consequat. Duis aute irure dolor in reprehenderit\r\n						\";s:4:\"TYPE\";s:4:\"TEXT\";}', 'text', NULL, '0.0000', ''),
(61, 31, 58, '77', 'text', NULL, '77.0000', NULL),
(62, 26, 59, 'Статическое 2', 'text', NULL, '0.0000', ''),
(63, 27, 59, 'a:2:{s:4:\"TEXT\";s:281:\"Lorem ipsum dolor sit amet, consectetur adipiscing elit, sed do eiusmod tempor incididunt ut labore et dolore magna aliqua. Ut enim ad minim veniam, quis nostrud exercitation ullamco laboris nisi ut aliquip ex ea commodo consequat. Duis aute irure dolor in reprehenderit\r\n									\";s:4:\"TYPE\";s:4:\"TEXT\";}', 'text', NULL, '0.0000', ''),
(64, 28, 59, '79', 'text', NULL, '79.0000', NULL),
(65, 29, 59, 'Динамическое 2', 'text', NULL, '0.0000', ''),
(66, 30, 59, 'a:2:{s:4:\"TEXT\";s:281:\"Lorem ipsum dolor sit amet, consectetur adipiscing elit, sed do eiusmod tempor incididunt ut labore et dolore magna aliqua. Ut enim ad minim veniam, quis nostrud exercitation ullamco laboris nisi ut aliquip ex ea commodo consequat. Duis aute irure dolor in reprehenderit\r\n									\";s:4:\"TYPE\";s:4:\"TEXT\";}', 'text', NULL, '0.0000', ''),
(67, 31, 59, '80', 'text', NULL, '80.0000', NULL),
(68, 33, 60, 'Точная информация о местоположении товара и его остатках', 'text', NULL, '0.0000', ''),
(69, 34, 60, 'Сокращение времени на проведение складских операций', 'text', NULL, '0.0000', ''),
(70, 35, 60, 'Снижение количества ошибок при сборе заказа', 'text', NULL, '0.0000', ''),
(71, 36, 60, 'Контроль остатков и сроков годности, избежание товарных потерь', 'text', NULL, '0.0000', ''),
(72, 37, 60, 'Интеграция Склада для работы с маркетплейсами', 'text', NULL, '0.0000', ''),
(73, 38, 60, 'Быстрое обучаемость программе', 'text', NULL, '0.0000', ''),
(74, 13, 61, '#', 'text', NULL, '0.0000', ''),
(75, 14, 61, 'YinmIzPW', 'text', NULL, '0.0000', ''),
(76, 13, 62, '#', 'text', NULL, '0.0000', ''),
(77, 13, 63, '#', 'text', NULL, '0.0000', ''),
(78, 13, 64, '#', 'text', NULL, '0.0000', ''),
(79, 14, 64, 'YDIPxy6T', 'text', NULL, '0.0000', ''),
(80, 14, 63, '2dQicpUu', 'text', NULL, '2.0000', ''),
(81, 14, 62, 'rw4EKupF', 'text', NULL, '0.0000', ''),
(82, 13, 65, '#', 'text', NULL, '0.0000', ''),
(83, 14, 65, '2dQicpUu', 'text', NULL, '2.0000', ''),
(84, 13, 66, '#', 'text', NULL, '0.0000', ''),
(85, 14, 66, 'rw4EKupF', 'text', NULL, '0.0000', ''),
(86, 19, 51, 'SHcZHoYe', 'text', NULL, '0.0000', ''),
(87, 43, 67, 'Verter.Склад', 'text', NULL, '0.0000', ''),
(88, 44, 67, '#', 'text', NULL, '0.0000', ''),
(89, 45, 68, 'Verter.Производство', 'text', NULL, '0.0000', ''),
(90, 46, 68, '#', 'text', NULL, '0.0000', ''),
(91, 47, 69, '#', 'text', NULL, '0.0000', ''),
(92, 47, 70, '#', 'text', NULL, '0.0000', ''),
(93, 47, 71, '#', 'text', NULL, '0.0000', ''),
(94, 47, 72, '#', 'text', NULL, '0.0000', ''),
(95, 47, 73, '#', 'text', NULL, '0.0000', ''),
(96, 47, 74, '#', 'text', NULL, '0.0000', ''),
(132, 117, 76, '112', 'text', NULL, '112.0000', ''),
(133, 118, 76, '113', 'text', NULL, '113.0000', ''),
(134, 119, 76, '114', 'text', NULL, '114.0000', '');

-- --------------------------------------------------------

--
-- Структура таблицы `b_iblock_element_prop_m21`
--

CREATE TABLE `b_iblock_element_prop_m21` (
  `ID` int(11) NOT NULL,
  `IBLOCK_ELEMENT_ID` int(11) NOT NULL,
  `IBLOCK_PROPERTY_ID` int(11) NOT NULL,
  `VALUE` text COLLATE utf8_unicode_ci NOT NULL,
  `VALUE_ENUM` int(11) DEFAULT NULL,
  `VALUE_NUM` decimal(18,4) DEFAULT NULL,
  `DESCRIPTION` varchar(255) COLLATE utf8_unicode_ci DEFAULT NULL
) ENGINE=InnoDB DEFAULT CHARSET=utf8 COLLATE=utf8_unicode_ci;

-- --------------------------------------------------------

--
-- Структура таблицы `b_iblock_element_prop_s21`
--

CREATE TABLE `b_iblock_element_prop_s21` (
  `IBLOCK_ELEMENT_ID` int(11) NOT NULL,
  `PROPERTY_48` text COLLATE utf8_unicode_ci,
  `PROPERTY_49` int(11) DEFAULT NULL,
  `PROPERTY_50` text COLLATE utf8_unicode_ci,
  `PROPERTY_51` text COLLATE utf8_unicode_ci,
  `PROPERTY_52` text COLLATE utf8_unicode_ci,
  `PROPERTY_53` text COLLATE utf8_unicode_ci,
  `PROPERTY_54` int(11) DEFAULT NULL,
  `PROPERTY_55` text COLLATE utf8_unicode_ci,
  `PROPERTY_56` text COLLATE utf8_unicode_ci,
  `PROPERTY_57` text COLLATE utf8_unicode_ci,
  `PROPERTY_58` text COLLATE utf8_unicode_ci,
  `PROPERTY_59` text COLLATE utf8_unicode_ci,
  `PROPERTY_60` text COLLATE utf8_unicode_ci,
  `PROPERTY_61` int(11) DEFAULT NULL,
  `PROPERTY_62` int(11) DEFAULT NULL,
  `PROPERTY_63` text COLLATE utf8_unicode_ci,
  `PROPERTY_64` text COLLATE utf8_unicode_ci,
  `PROPERTY_65` text COLLATE utf8_unicode_ci,
  `PROPERTY_66` int(11) DEFAULT NULL,
  `PROPERTY_67` text COLLATE utf8_unicode_ci,
  `PROPERTY_68` text COLLATE utf8_unicode_ci,
  `PROPERTY_69` text COLLATE utf8_unicode_ci,
  `PROPERTY_70` int(11) DEFAULT NULL,
  `PROPERTY_71` text COLLATE utf8_unicode_ci,
  `PROPERTY_72` text COLLATE utf8_unicode_ci,
  `PROPERTY_73` text COLLATE utf8_unicode_ci,
  `PROPERTY_74` int(11) DEFAULT NULL,
  `PROPERTY_75` text COLLATE utf8_unicode_ci,
  `PROPERTY_76` text COLLATE utf8_unicode_ci,
  `PROPERTY_77` text COLLATE utf8_unicode_ci,
  `PROPERTY_78` int(11) DEFAULT NULL,
  `PROPERTY_79` text COLLATE utf8_unicode_ci,
  `PROPERTY_80` text COLLATE utf8_unicode_ci,
  `PROPERTY_81` text COLLATE utf8_unicode_ci,
  `PROPERTY_83` int(11) DEFAULT NULL,
  `PROPERTY_84` text COLLATE utf8_unicode_ci,
  `PROPERTY_85` text COLLATE utf8_unicode_ci,
  `PROPERTY_86` text COLLATE utf8_unicode_ci,
  `PROPERTY_87` int(11) DEFAULT NULL,
  `PROPERTY_88` text COLLATE utf8_unicode_ci,
  `PROPERTY_89` text COLLATE utf8_unicode_ci,
  `PROPERTY_90` text COLLATE utf8_unicode_ci,
  `PROPERTY_91` int(11) DEFAULT NULL,
  `PROPERTY_92` text COLLATE utf8_unicode_ci,
  `PROPERTY_93` text COLLATE utf8_unicode_ci,
  `PROPERTY_94` text COLLATE utf8_unicode_ci,
  `PROPERTY_95` text COLLATE utf8_unicode_ci,
  `PROPERTY_96` int(11) DEFAULT NULL,
  `PROPERTY_97` text COLLATE utf8_unicode_ci,
  `PROPERTY_98` text COLLATE utf8_unicode_ci,
  `PROPERTY_99` text COLLATE utf8_unicode_ci,
  `PROPERTY_100` text COLLATE utf8_unicode_ci,
  `PROPERTY_101` int(11) DEFAULT NULL,
  `PROPERTY_102` text COLLATE utf8_unicode_ci,
  `PROPERTY_103` text COLLATE utf8_unicode_ci,
  `PROPERTY_104` text COLLATE utf8_unicode_ci,
  `PROPERTY_105` text COLLATE utf8_unicode_ci,
  `PROPERTY_106` int(11) DEFAULT NULL,
  `PROPERTY_107` text COLLATE utf8_unicode_ci,
  `PROPERTY_108` text COLLATE utf8_unicode_ci,
  `PROPERTY_109` text COLLATE utf8_unicode_ci,
  `PROPERTY_110` text COLLATE utf8_unicode_ci,
  `PROPERTY_111` int(11) DEFAULT NULL,
  `PROPERTY_112` text COLLATE utf8_unicode_ci,
  `PROPERTY_113` int(11) DEFAULT NULL,
  `PROPERTY_114` text COLLATE utf8_unicode_ci,
  `PROPERTY_115` text COLLATE utf8_unicode_ci,
  `PROPERTY_116` text COLLATE utf8_unicode_ci,
  `PROPERTY_127` text COLLATE utf8_unicode_ci,
  `PROPERTY_128` text COLLATE utf8_unicode_ci,
  `PROPERTY_129` text COLLATE utf8_unicode_ci,
  `PROPERTY_130` text COLLATE utf8_unicode_ci,
  `PROPERTY_131` text COLLATE utf8_unicode_ci,
  `PROPERTY_132` text COLLATE utf8_unicode_ci,
  `PROPERTY_133` text COLLATE utf8_unicode_ci,
  `PROPERTY_134` text COLLATE utf8_unicode_ci,
  `PROPERTY_135` int(11) DEFAULT NULL,
  `PROPERTY_136` int(11) DEFAULT NULL,
  `PROPERTY_137` text COLLATE utf8_unicode_ci,
  `PROPERTY_138` int(11) DEFAULT NULL,
  `PROPERTY_139` text COLLATE utf8_unicode_ci,
  `PROPERTY_140` int(11) DEFAULT NULL,
  `PROPERTY_141` text COLLATE utf8_unicode_ci,
  `PROPERTY_142` int(11) DEFAULT NULL,
  `PROPERTY_143` text COLLATE utf8_unicode_ci,
  `PROPERTY_144` int(11) DEFAULT NULL,
  `PROPERTY_145` text COLLATE utf8_unicode_ci,
  `PROPERTY_146` int(11) DEFAULT NULL,
  `PROPERTY_147` text COLLATE utf8_unicode_ci,
  `PROPERTY_148` int(11) DEFAULT NULL,
  `PROPERTY_149` text COLLATE utf8_unicode_ci,
  `PROPERTY_150` int(11) DEFAULT NULL,
  `PROPERTY_151` text COLLATE utf8_unicode_ci,
  `PROPERTY_152` int(11) DEFAULT NULL,
  `PROPERTY_153` text COLLATE utf8_unicode_ci,
  `PROPERTY_154` int(11) DEFAULT NULL,
  `PROPERTY_155` text COLLATE utf8_unicode_ci,
  `PROPERTY_156` int(11) DEFAULT NULL,
  `PROPERTY_157` text COLLATE utf8_unicode_ci,
  `PROPERTY_158` int(11) DEFAULT NULL,
  `PROPERTY_159` text COLLATE utf8_unicode_ci,
  `PROPERTY_160` int(11) DEFAULT NULL,
  `PROPERTY_161` text COLLATE utf8_unicode_ci,
  `PROPERTY_162` int(11) DEFAULT NULL,
  `PROPERTY_163` text COLLATE utf8_unicode_ci,
  `PROPERTY_164` int(11) DEFAULT NULL,
  `PROPERTY_165` text COLLATE utf8_unicode_ci,
  `PROPERTY_166` int(11) DEFAULT NULL,
  `PROPERTY_167` text COLLATE utf8_unicode_ci,
  `PROPERTY_168` int(11) DEFAULT NULL,
  `PROPERTY_169` text COLLATE utf8_unicode_ci,
  `PROPERTY_170` int(11) DEFAULT NULL,
  `PROPERTY_171` text COLLATE utf8_unicode_ci,
  `PROPERTY_172` int(11) DEFAULT NULL,
  `PROPERTY_173` text COLLATE utf8_unicode_ci,
  `PROPERTY_174` int(11) DEFAULT NULL,
  `PROPERTY_175` text COLLATE utf8_unicode_ci,
  `PROPERTY_176` int(11) DEFAULT NULL,
  `PROPERTY_177` text COLLATE utf8_unicode_ci,
  `PROPERTY_178` text COLLATE utf8_unicode_ci,
  `PROPERTY_179` int(11) DEFAULT NULL,
  `PROPERTY_180` int(11) DEFAULT NULL,
  `PROPERTY_181` text COLLATE utf8_unicode_ci,
  `PROPERTY_182` text COLLATE utf8_unicode_ci,
  `PROPERTY_183` int(11) DEFAULT NULL,
  `PROPERTY_184` text COLLATE utf8_unicode_ci,
  `PROPERTY_185` text COLLATE utf8_unicode_ci,
  `PROPERTY_186` int(11) DEFAULT NULL,
  `PROPERTY_187` int(11) DEFAULT NULL,
  `PROPERTY_188` text COLLATE utf8_unicode_ci,
  `PROPERTY_189` text COLLATE utf8_unicode_ci,
  `PROPERTY_190` int(11) DEFAULT NULL,
  `PROPERTY_191` int(11) DEFAULT NULL
) ENGINE=InnoDB DEFAULT CHARSET=utf8 COLLATE=utf8_unicode_ci;

--
-- Дамп данных таблицы `b_iblock_element_prop_s21`
--

INSERT INTO `b_iblock_element_prop_s21` (`IBLOCK_ELEMENT_ID`, `PROPERTY_48`, `PROPERTY_49`, `PROPERTY_50`, `PROPERTY_51`, `PROPERTY_52`, `PROPERTY_53`, `PROPERTY_54`, `PROPERTY_55`, `PROPERTY_56`, `PROPERTY_57`, `PROPERTY_58`, `PROPERTY_59`, `PROPERTY_60`, `PROPERTY_61`, `PROPERTY_62`, `PROPERTY_63`, `PROPERTY_64`, `PROPERTY_65`, `PROPERTY_66`, `PROPERTY_67`, `PROPERTY_68`, `PROPERTY_69`, `PROPERTY_70`, `PROPERTY_71`, `PROPERTY_72`, `PROPERTY_73`, `PROPERTY_74`, `PROPERTY_75`, `PROPERTY_76`, `PROPERTY_77`, `PROPERTY_78`, `PROPERTY_79`, `PROPERTY_80`, `PROPERTY_81`, `PROPERTY_83`, `PROPERTY_84`, `PROPERTY_85`, `PROPERTY_86`, `PROPERTY_87`, `PROPERTY_88`, `PROPERTY_89`, `PROPERTY_90`, `PROPERTY_91`, `PROPERTY_92`, `PROPERTY_93`, `PROPERTY_94`, `PROPERTY_95`, `PROPERTY_96`, `PROPERTY_97`, `PROPERTY_98`, `PROPERTY_99`, `PROPERTY_100`, `PROPERTY_101`, `PROPERTY_102`, `PROPERTY_103`, `PROPERTY_104`, `PROPERTY_105`, `PROPERTY_106`, `PROPERTY_107`, `PROPERTY_108`, `PROPERTY_109`, `PROPERTY_110`, `PROPERTY_111`, `PROPERTY_112`, `PROPERTY_113`, `PROPERTY_114`, `PROPERTY_115`, `PROPERTY_116`, `PROPERTY_127`, `PROPERTY_128`, `PROPERTY_129`, `PROPERTY_130`, `PROPERTY_131`, `PROPERTY_132`, `PROPERTY_133`, `PROPERTY_134`, `PROPERTY_135`, `PROPERTY_136`, `PROPERTY_137`, `PROPERTY_138`, `PROPERTY_139`, `PROPERTY_140`, `PROPERTY_141`, `PROPERTY_142`, `PROPERTY_143`, `PROPERTY_144`, `PROPERTY_145`, `PROPERTY_146`, `PROPERTY_147`, `PROPERTY_148`, `PROPERTY_149`, `PROPERTY_150`, `PROPERTY_151`, `PROPERTY_152`, `PROPERTY_153`, `PROPERTY_154`, `PROPERTY_155`, `PROPERTY_156`, `PROPERTY_157`, `PROPERTY_158`, `PROPERTY_159`, `PROPERTY_160`, `PROPERTY_161`, `PROPERTY_162`, `PROPERTY_163`, `PROPERTY_164`, `PROPERTY_165`, `PROPERTY_166`, `PROPERTY_167`, `PROPERTY_168`, `PROPERTY_169`, `PROPERTY_170`, `PROPERTY_171`, `PROPERTY_172`, `PROPERTY_173`, `PROPERTY_174`, `PROPERTY_175`, `PROPERTY_176`, `PROPERTY_177`, `PROPERTY_178`, `PROPERTY_179`, `PROPERTY_180`, `PROPERTY_181`, `PROPERTY_182`, `PROPERTY_183`, `PROPERTY_184`, `PROPERTY_185`, `PROPERTY_186`, `PROPERTY_187`, `PROPERTY_188`, `PROPERTY_189`, `PROPERTY_190`, `PROPERTY_191`) VALUES
(75, 'a:2:{s:4:\"TEXT\";s:470:\"Программное обеспечение для терминал сбора данных — позволили оптовой компании «Название» автоматизировать работу на двух складах, исключить ошибки при приёмке/отгрузке и получить возможность оперативно отслеживать остатки и наличие товаров на складе.\";s:4:\"TYPE\";s:4:\"HTML\";}', 101, NULL, 'a:2:{s:4:\"TEXT\";s:480:\"Техноавиа — российская авиастроительная компания, основанная в 1992 году В.П. Кондратьевым. Основное производство находится на Смоленском авиационном заводе. Такое же название имеет другая российская компания — производитель спецодежды и корпоративной одежды.\";s:4:\"TYPE\";s:4:\"HTML\";}', 'Проблематика до реализации проекта', 'a:2:{s:4:\"TEXT\";s:1281:\"<p>\r\n	 Операции по товарному учёту — пересчёт остатков, приёмка и отгрузка — выполнялись вручную, без использования терминалов сбора данных. Точность учёта полностью зависела от внимательности сотрудников, что периодически приводило к ошибкам в данных по остаткам на складе. В будущем планировалось организовать систему адресного хранения.\r\n</p>\r\n<p>\r\n	 Чтобы ускорить и автоматизировать работу по приемке и отгрузке товаров со склада, руководство компании «АСТЕРА» приняло решение оснастить кладовщиков ТСД. Так как на каждом складе по одному человеку в смене, не имеющему возможности одновременно работать за компьютером и на погрузке\\отгрузке, то в приоритете была синхронизация с базой 1С по Wi-Fi.\r\n</p>\";s:4:\"TYPE\";s:4:\"HTML\";}', 1, 'Цели и задачи проекта', 'a:2:{s:4:\"TEXT\";s:346:\"При обращении в компанию «Клеверенс» заказчик обозначил задачи, для решения которых подходило программное обеспечение «Склад 15» (расширенная версия) и терминал сбора данных Honeywell ScanPal EDA50K.\";s:4:\"TYPE\";s:4:\"HTML\";}', 'a:2:{s:4:\"TEXT\";s:2159:\"<table>\r\n<tbody>\r\n<tr>\r\n	<td>\r\n		 1\r\n	</td>\r\n	<td>\r\n		 Предоставить программное обеспечение\r\n	</td>\r\n</tr>\r\n<tr>\r\n	<td>\r\n		 1.1\r\n	</td>\r\n	<td>\r\n		 Управление топологией склада\r\n	</td>\r\n</tr>\r\n<tr>\r\n	<td>\r\n		 1.2\r\n	</td>\r\n	<td>\r\n		 Предоставить модуль Автоматизированное Рабочее Место (АРМ) «Verter: Склад Проф» для 1С\r\n	</td>\r\n</tr>\r\n<tr>\r\n	<td>\r\n		 1.3\r\n	</td>\r\n	<td>\r\n		 Предоставить лицензии на мобильное приложение для терминалов сбора данных «Verter: Склад Проф. Клиентская лицензия»\r\n	</td>\r\n</tr>\r\n<tr>\r\n	<td>\r\n		 1.4\r\n	</td>\r\n	<td>\r\n		 Предоставить лицензию на серверную базу данных «Verter: WMS Проф. Серверная лицензия»\r\n	</td>\r\n</tr>\r\n<tr>\r\n	<td>\r\n		 2\r\n	</td>\r\n	<td>\r\n		 Выполнить пуско-наладочные работы на пилотном проекте\r\n	</td>\r\n</tr>\r\n<tr>\r\n	<td>\r\n		 2.1\r\n	</td>\r\n	<td>\r\n		 Подключить АРМ к учетной системе Заказчика\r\n	</td>\r\n</tr>\r\n<tr>\r\n	<td>\r\n		 2.2\r\n	</td>\r\n	<td>\r\n		 Установить на ТСД мобильное приложение\r\n	</td>\r\n</tr>\r\n<tr>\r\n	<td>\r\n		 2.3\r\n	</td>\r\n	<td>\r\n		 Провести интеграцию\r\n	</td>\r\n</tr>\r\n<tr>\r\n	<td>\r\n		 2.4\r\n	</td>\r\n	<td>\r\n		 Провести доработку и тестирование системы под специфику заказчика\r\n	</td>\r\n</tr>\r\n<tr>\r\n	<td>\r\n		 2.5\r\n	</td>\r\n	<td>\r\n		 Обучить специалистов Заказчика\r\n	</td>\r\n</tr>\r\n<tr>\r\n	<td>\r\n		 3\r\n	</td>\r\n	<td>\r\n		 Обеспечить техническую поддержку\r\n	</td>\r\n</tr>\r\n<tr>\r\n	<td>\r\n		 3.1\r\n	</td>\r\n	<td>\r\n		 Обеспечить техническую поддержку\r\n	</td>\r\n</tr>\r\n<tr>\r\n	<td>\r\n		 3.2\r\n	</td>\r\n	<td>\r\n		 Обеспечить техническую поддержку по выбранному тарифному плану\r\n	</td>\r\n</tr>\r\n</tbody>\r\n</table>\";s:4:\"TYPE\";s:4:\"HTML\";}', 'Функциональный объем проекта', NULL, 'a:2:{s:4:\"TEXT\";s:2085:\"<table>\r\n<tbody>\r\n<tr>\r\n	<td>\r\n		<h6>1</h6>\r\n	</td>\r\n	<td>\r\n		<h6>Перечень систем, входящих в объем проекта</h6>\r\n	</td>\r\n</tr>\r\n<tr>\r\n	<td>\r\n		 № П/П\r\n	</td>\r\n	<td>\r\n		 Система\r\n	</td>\r\n	<td>\r\n		 Описание\r\n	</td>\r\n</tr>\r\n<tr>\r\n	<td>\r\n		 1.1\r\n	</td>\r\n	<td>\r\n		 1С: Управление торговли 11\r\n	</td>\r\n	<td>\r\n		 Текущая учетная система Заказчика\r\n	</td>\r\n</tr>\r\n<tr>\r\n	<td>\r\n		 1.2\r\n	</td>\r\n	<td>\r\n		 Verter: Склад Проф. Мобильное приложение для ТСД\r\n	</td>\r\n	<td>\r\n		 Мобильное приложение для ТСД для складского учета маркированного товара\r\n	</td>\r\n</tr>\r\n<tr>\r\n	<td>\r\n		 1.3\r\n	</td>\r\n	<td>\r\n		 Verter: WMS Проф. Серверная лицензия\r\n	</td>\r\n	<td>\r\n		 Серверная база данных, обеспечивающая взаимодействие учетной системы и ТСД в бесшовном режиме в части складского учета маркированного товара\r\n	</td>\r\n</tr>\r\n<tr>\r\n	<td>\r\n		 1.4\r\n	</td>\r\n	<td>\r\n		 Verter: Склад Проф. АРМ для 1С\r\n	</td>\r\n	<td>\r\n		 Рабочее место пользователя для 1С: Управление торговли для отправки складских операций на ТСД и получение результатов обратно\r\n	</td>\r\n</tr>\r\n</tbody>\r\n</table>\r\n <br>\r\n<table>\r\n<tbody>\r\n<tr>\r\n	<td>\r\n		<h6>2</h6>\r\n	</td>\r\n	<td>\r\n		<h6>Перечень предприятий, входящих в объем проекта</h6>\r\n	</td>\r\n</tr>\r\n<tr>\r\n	<td>\r\n		 № П/П\r\n	</td>\r\n	<td>\r\n		 Предприятие\r\n	</td>\r\n	<td>\r\n		 Адрес\r\n	</td>\r\n</tr>\r\n<tr>\r\n	<td>\r\n		 2.1\r\n	</td>\r\n	<td>\r\n		 ООО «Техноавиа-Краснодар» Краснодар\r\n	</td>\r\n	<td>\r\n		 350059, Краснодарский край, г. Краснодар, ул. Уральская 85, офис 3\r\n	</td>\r\n</tr>\r\n</tbody>\r\n</table>\";s:4:\"TYPE\";s:4:\"HTML\";}', 3, 102, 'Управление топологией склада', 'a:2:{s:4:\"TEXT\";s:175:\"С помощью внедрения системы адресного хранения, можно автоматизировать большую часть операций\";s:4:\"TYPE\";s:4:\"HTML\";}', '#', 103, 'Размещение товара в ячейке', 'a:2:{s:4:\"TEXT\";s:123:\"Lorem ipsum dolor sit amet, consectetur adipiscing elit, sed do eiusmod tempor incididunt ut labore et dolore magna aliqua.\";s:4:\"TYPE\";s:4:\"HTML\";}', '#', 104, 'Маркировка адресных ячеек', 'a:2:{s:4:\"TEXT\";s:123:\"Lorem ipsum dolor sit amet, consectetur adipiscing elit, sed do eiusmod tempor incididunt ut labore et dolore magna aliqua.\";s:4:\"TYPE\";s:4:\"HTML\";}', '#', 105, 'Отбор товара из ячейк', 'a:2:{s:4:\"TEXT\";s:123:\"Lorem ipsum dolor sit amet, consectetur adipiscing elit, sed do eiusmod tempor incididunt ut labore et dolore magna aliqua.\";s:4:\"TYPE\";s:4:\"HTML\";}', '#', 106, 'Построение маршрута комплектации заказа', 'a:2:{s:4:\"TEXT\";s:123:\"Lorem ipsum dolor sit amet, consectetur adipiscing elit, sed do eiusmod tempor incididunt ut labore et dolore magna aliqua.\";s:4:\"TYPE\";s:4:\"HTML\";}', '#', 107, 'Мультиячейка', 'a:2:{s:4:\"TEXT\";s:123:\"Lorem ipsum dolor sit amet, consectetur adipiscing elit, sed do eiusmod tempor incididunt ut labore et dolore magna aliqua.\";s:4:\"TYPE\";s:4:\"HTML\";}', '#', 5, 'Фёдор Бельтюгов', 'Руководитель компании «Название»', 'namecompany.ru', 108, 'a:2:{s:4:\"TEXT\";s:406:\"Программа прошла проверку на работоспособность: теперь можно легко проверить цены прямо на терминале, сказать клиенту сразу цену, посмотреть остатки и при необходимости отгрузить. Не нужно бегать к компьютеру каждый раз.\";s:4:\"TYPE\";s:4:\"HTML\";}', 'Фёдор Бельтюгов', 'Руководитель компании «Название 2»', 'namecompany.ru', 109, 'a:2:{s:4:\"TEXT\";s:406:\"Программа прошла проверку на работоспособность: теперь можно легко проверить цены прямо на терминале, сказать клиенту сразу цену, посмотреть остатки и при необходимости отгрузить. Не нужно бегать к компьютеру каждый раз.\";s:4:\"TYPE\";s:4:\"HTML\";}', 'Фёдор Бельтюгов', 'Руководитель компании «Название 3»', 'namecompany.ru', 110, 'a:2:{s:4:\"TEXT\";s:406:\"Программа прошла проверку на работоспособность: теперь можно легко проверить цены прямо на терминале, сказать клиенту сразу цену, посмотреть остатки и при необходимости отгрузить. Не нужно бегать к компьютеру каждый раз.\";s:4:\"TYPE\";s:4:\"HTML\";}', NULL, NULL, NULL, NULL, NULL, NULL, NULL, NULL, NULL, NULL, 7, 'a:2:{s:4:\"TEXT\";s:183:\"Проект, включающий <strong class=\"main-color\">3 этапа</strong>, был реализован в пилотных подразделениях «Название»:\";s:4:\"TYPE\";s:4:\"HTML\";}', '1 этап', 'a:2:{s:4:\"TEXT\";s:1975:\"<h5>Паспортизация. С начала августа до начала ноября 2020 года проходила подготовка данных для запуска системы.</h5>\r\n<p>\r\n	 В 1С:ТОИР 2 КОРП были загружены: 34 840 объектов ремонта, 255 типовых объектов ремонта, 333 технологические операции, 190 технологических карт\r\n</p>\r\n<p>\r\n <img width=\"989\" alt=\"img-4.png\" src=\"/upload/medialibrary/915/s1iiha8u2bveenlx2hpf1rbteglei926/img-4.png\" height=\"586\" title=\"1 Этап\"><br>\r\n</p>\r\n<p>\r\n <br>\r\n</p>\r\n<p>\r\n	 Операции по товарному учёту — пересчёт остатков, приёмка и отгрузка — выполнялись вручную, без использования терминалов сбора данных. Точность учёта полностью зависела от внимательности сотрудников, что периодически приводило к ошибкам в данных по остаткам на складе. В будущем планировалось организовать систему адресного хранения.<br>\r\n</p>\r\n<p>\r\n <br>\r\n</p>\r\n #SLIDER_ID_76#<br>\r\n <br>\r\n <br>\r\n &nbsp;Чтобы ускорить и автоматизировать работу по приемке и отгрузке товаров со склада, руководство компании «АСТЕРА» приняло решение оснастить кладовщиков ТСД. Так как на каждом складе по одному человеку в смене, не имеющему возможности одновременно работать за компьютером и на погрузке\\отгрузке, то в приоритете была синхронизация с базой 1С по Wi-Fi.<br>\";s:4:\"TYPE\";s:4:\"HTML\";}', '2 этап', 'a:2:{s:4:\"TEXT\";s:1301:\"<h5>Проведена адаптация системы 1С:ТОИР 2 КОРП под бизнес-процессы</h5>\r\n<p>\r\n	 Созданы 12 новых печатных форм и 12 специализированных KPI. Выполнена интеграция в ИТ-инфраструктуру предприятия посредством обмена данными.\r\n</p>\r\n<p>\r\n <br>\r\n</p>\r\n <iframe class=\"mb-5\" width=\"100%\" height=\"320\" src=\"https://www.youtube.com/embed/W9nZ6u15yis\" title=\"Black Screen 10 seconds\" frameborder=\"0\" allow=\"accelerometer; autoplay; clipboard-write; encrypted-media; gyroscope; picture-in-picture\" allowfullscreen></iframe><br>\r\nОперации по товарному учёту — пересчёт остатков, приёмка и отгрузка — выполнялись вручную, без использования терминалов сбора данных. Точность учёта полностью зависела от внимательности сотрудников, что периодически приводило к ошибкам в данных по остаткам на складе. В будущем планировалось организовать систему адресного хранения.\";s:4:\"TYPE\";s:4:\"HTML\";}', '3 этап', 'a:2:{s:4:\"TEXT\";s:1144:\"<h5>Опытно-промышленная эксплуатация</h5>\r\n<p>\r\n	 Этап проходил с конца ноября 2020-го до конца марта 2021 года (4 месяца). На этом этапе была запущена и отлажена система в производственных условиях.\r\n</p>\r\n <br>\r\n <img width=\"989\" alt=\"img-6.png\" src=\"/upload/iblock/86b/hz16pk3zhldesxm24o55hbdcmgg6f5gi/img-6.png\" height=\"586\" title=\"img-6.png\"><br>\r\n<p>\r\n <br>\r\n</p>\r\n<p>\r\n	 Операции по товарному учёту — пересчёт остатков, приёмка и отгрузка — выполнялись вручную, без использования терминалов сбора данных. Точность учёта полностью зависела от внимательности сотрудников, что периодически приводило к ошибкам в данных по остаткам на складе. В будущем планировалось организовать систему адресного хранения.\r\n</p>\";s:4:\"TYPE\";s:4:\"HTML\";}', NULL, NULL, NULL, NULL, 9, 118, 'a:2:{s:4:\"TEXT\";s:72:\"Скорость разгрузки\r\n<h6>\r\nна 30% быстрее </h6>\";s:4:\"TYPE\";s:4:\"HTML\";}', 119, 'a:2:{s:4:\"TEXT\";s:78:\"Затраты на хранение уменьшились\r\n<h6>на 40%</h6>\";s:4:\"TYPE\";s:4:\"HTML\";}', NULL, 'a:2:{s:4:\"TEXT\";s:31:\"Более\r\n<h6>300 ТСД</h6>\";s:4:\"TYPE\";s:4:\"HTML\";}', 120, 'a:2:{s:4:\"TEXT\";s:78:\"Обеспечена работа 15 региональных филиалов\";s:4:\"TYPE\";s:4:\"HTML\";}', 121, 'a:2:{s:4:\"TEXT\";s:46:\"Более 3 милн SKU обработано\";s:4:\"TYPE\";s:4:\"HTML\";}', 122, 'a:2:{s:4:\"TEXT\";s:89:\"Треть всей спецодежды обрабатывает наша система\";s:4:\"TYPE\";s:4:\"HTML\";}', 123, 'a:2:{s:4:\"TEXT\";s:74:\"Заказ стал комплектоваться на 50% быстрее\";s:4:\"TYPE\";s:4:\"HTML\";}', NULL, 'a:2:{s:4:\"TEXT\";s:43:\"Работа в режиме\r\n<h6>24/7</h6>\";s:4:\"TYPE\";s:4:\"HTML\";}', 117, 'a:2:{s:4:\"TEXT\";s:70:\"Система внедрена более чем в 50 городах\";s:4:\"TYPE\";s:4:\"HTML\";}', 11, 'a:2:{s:4:\"TEXT\";s:185:\"Проект, включающий <strong class=\"main-color\">3 этапа</strong>, был реализован в пилотных подразделениях «Название»:\r\n\";s:4:\"TYPE\";s:4:\"HTML\";}', 124, 'a:2:{s:4:\"TEXT\";s:137:\"После установки и настройки ПО он дал рекомендации к пользованию и пояснил\";s:4:\"TYPE\";s:4:\"HTML\";}', 125, 'a:2:{s:4:\"TEXT\";s:137:\"После установки и настройки ПО он дал рекомендации к пользованию и пояснил\";s:4:\"TYPE\";s:4:\"HTML\";}', 126, 'a:2:{s:4:\"TEXT\";s:137:\"После установки и настройки ПО он дал рекомендации к пользованию и пояснил\";s:4:\"TYPE\";s:4:\"HTML\";}', 127, 'a:2:{s:4:\"TEXT\";s:137:\"После установки и настройки ПО он дал рекомендации к пользованию и пояснил\";s:4:\"TYPE\";s:4:\"HTML\";}', 128, 'a:2:{s:4:\"TEXT\";s:137:\"После установки и настройки ПО он дал рекомендации к пользованию и пояснил\";s:4:\"TYPE\";s:4:\"HTML\";}', 129, 'a:2:{s:4:\"TEXT\";s:137:\"После установки и настройки ПО он дал рекомендации к пользованию и пояснил\";s:4:\"TYPE\";s:4:\"HTML\";}', 130, 'a:2:{s:4:\"TEXT\";s:137:\"После установки и настройки ПО он дал рекомендации к пользованию и пояснил\";s:4:\"TYPE\";s:4:\"HTML\";}', NULL, NULL, NULL, NULL, NULL, NULL, 13, 'Автоматизация агрегации кодов на фабриках', 'a:2:{s:4:\"TEXT\";s:391:\"В срок всего 2 месяца нами был реализован проект по маркировке одежды уникальными кодами при помощи ТСД. Это привело к ускорению приема и отгрузки на 40%, а также исключению ошибок при работе с маркированным товаром.\";s:4:\"TYPE\";s:4:\"HTML\";}', 133, 131, '2 месяца', '>40%', 75, 'Запуск и внедрение ERP', 'a:2:{s:4:\"TEXT\";s:518:\"Компанией в кратчайшие сроки был реализован проект по внедрению системы для управления бизнес-процессами и ресурсами обувной фабрики на основе единой базы данных. ERP создает единую унифицированную систему отчетности для всех процессов. Большая производительность за меньший срок.\";s:4:\"TYPE\";s:4:\"HTML\";}', 132, 75, 'Запуск и внедрение ERP', 'a:2:{s:4:\"TEXT\";s:518:\"Компанией в кратчайшие сроки был реализован проект по внедрению системы для управления бизнес-процессами и ресурсами обувной фабрики на основе единой базы данных. ERP создает единую унифицированную систему отчетности для всех процессов. Большая производительность за меньший срок.\";s:4:\"TYPE\";s:4:\"HTML\";}', 134, 75);

-- --------------------------------------------------------

--
-- Структура таблицы `b_iblock_element_right`
--

CREATE TABLE `b_iblock_element_right` (
  `IBLOCK_ID` int(11) NOT NULL,
  `SECTION_ID` int(11) NOT NULL,
  `ELEMENT_ID` int(11) NOT NULL,
  `RIGHT_ID` int(11) NOT NULL,
  `IS_INHERITED` char(1) COLLATE utf8_unicode_ci NOT NULL
) ENGINE=InnoDB DEFAULT CHARSET=utf8 COLLATE=utf8_unicode_ci;

-- --------------------------------------------------------

--
-- Структура таблицы `b_iblock_fields`
--

CREATE TABLE `b_iblock_fields` (
  `IBLOCK_ID` int(18) NOT NULL,
  `FIELD_ID` varchar(50) COLLATE utf8_unicode_ci NOT NULL,
  `IS_REQUIRED` char(1) COLLATE utf8_unicode_ci DEFAULT NULL,
  `DEFAULT_VALUE` longtext COLLATE utf8_unicode_ci
) ENGINE=InnoDB DEFAULT CHARSET=utf8 COLLATE=utf8_unicode_ci;

--
-- Дамп данных таблицы `b_iblock_fields`
--

INSERT INTO `b_iblock_fields` (`IBLOCK_ID`, `FIELD_ID`, `IS_REQUIRED`, `DEFAULT_VALUE`) VALUES
(1, 'ACTIVE', 'Y', 'Y'),
(1, 'ACTIVE_FROM', 'N', ''),
(1, 'ACTIVE_TO', 'N', ''),
(1, 'CODE', 'N', 'a:8:{s:6:\"UNIQUE\";s:1:\"N\";s:15:\"TRANSLITERATION\";s:1:\"N\";s:9:\"TRANS_LEN\";i:100;s:10:\"TRANS_CASE\";s:1:\"L\";s:11:\"TRANS_SPACE\";s:1:\"-\";s:11:\"TRANS_OTHER\";s:1:\"-\";s:9:\"TRANS_EAT\";s:1:\"Y\";s:10:\"USE_GOOGLE\";s:1:\"N\";}'),
(1, 'DETAIL_PICTURE', 'N', 'a:17:{s:5:\"SCALE\";s:1:\"N\";s:5:\"WIDTH\";s:0:\"\";s:6:\"HEIGHT\";s:0:\"\";s:13:\"IGNORE_ERRORS\";s:1:\"N\";s:6:\"METHOD\";s:8:\"resample\";s:11:\"COMPRESSION\";i:95;s:18:\"USE_WATERMARK_TEXT\";s:1:\"N\";s:14:\"WATERMARK_TEXT\";s:0:\"\";s:19:\"WATERMARK_TEXT_FONT\";s:0:\"\";s:20:\"WATERMARK_TEXT_COLOR\";s:0:\"\";s:19:\"WATERMARK_TEXT_SIZE\";s:0:\"\";s:23:\"WATERMARK_TEXT_POSITION\";s:2:\"tl\";s:18:\"USE_WATERMARK_FILE\";s:1:\"N\";s:14:\"WATERMARK_FILE\";s:0:\"\";s:20:\"WATERMARK_FILE_ALPHA\";s:0:\"\";s:23:\"WATERMARK_FILE_POSITION\";s:2:\"tl\";s:20:\"WATERMARK_FILE_ORDER\";N;}'),
(1, 'DETAIL_TEXT', 'N', ''),
(1, 'DETAIL_TEXT_TYPE', 'Y', 'text'),
(1, 'DETAIL_TEXT_TYPE_ALLOW_CHANGE', 'N', 'Y'),
(1, 'IBLOCK_SECTION', 'N', 'a:1:{s:22:\"KEEP_IBLOCK_SECTION_ID\";s:1:\"N\";}'),
(1, 'LOG_ELEMENT_ADD', 'N', NULL),
(1, 'LOG_ELEMENT_DELETE', 'N', NULL),
(1, 'LOG_ELEMENT_EDIT', 'N', NULL),
(1, 'LOG_SECTION_ADD', 'N', NULL),
(1, 'LOG_SECTION_DELETE', 'N', NULL),
(1, 'LOG_SECTION_EDIT', 'N', NULL),
(1, 'NAME', 'Y', ''),
(1, 'PREVIEW_PICTURE', 'N', 'a:20:{s:11:\"FROM_DETAIL\";s:1:\"N\";s:5:\"SCALE\";s:1:\"N\";s:5:\"WIDTH\";s:0:\"\";s:6:\"HEIGHT\";s:0:\"\";s:13:\"IGNORE_ERRORS\";s:1:\"N\";s:6:\"METHOD\";s:8:\"resample\";s:11:\"COMPRESSION\";i:95;s:18:\"DELETE_WITH_DETAIL\";s:1:\"N\";s:18:\"UPDATE_WITH_DETAIL\";s:1:\"N\";s:18:\"USE_WATERMARK_TEXT\";s:1:\"N\";s:14:\"WATERMARK_TEXT\";s:0:\"\";s:19:\"WATERMARK_TEXT_FONT\";s:0:\"\";s:20:\"WATERMARK_TEXT_COLOR\";s:0:\"\";s:19:\"WATERMARK_TEXT_SIZE\";s:0:\"\";s:23:\"WATERMARK_TEXT_POSITION\";s:2:\"tl\";s:18:\"USE_WATERMARK_FILE\";s:1:\"N\";s:14:\"WATERMARK_FILE\";s:0:\"\";s:20:\"WATERMARK_FILE_ALPHA\";s:0:\"\";s:23:\"WATERMARK_FILE_POSITION\";s:2:\"tl\";s:20:\"WATERMARK_FILE_ORDER\";N;}'),
(1, 'PREVIEW_TEXT', 'N', ''),
(1, 'PREVIEW_TEXT_TYPE', 'Y', 'text'),
(1, 'PREVIEW_TEXT_TYPE_ALLOW_CHANGE', 'N', 'Y'),
(1, 'SECTION_CODE', 'N', 'a:8:{s:6:\"UNIQUE\";s:1:\"N\";s:15:\"TRANSLITERATION\";s:1:\"N\";s:9:\"TRANS_LEN\";i:100;s:10:\"TRANS_CASE\";s:1:\"L\";s:11:\"TRANS_SPACE\";s:1:\"-\";s:11:\"TRANS_OTHER\";s:1:\"-\";s:9:\"TRANS_EAT\";s:1:\"Y\";s:10:\"USE_GOOGLE\";s:1:\"N\";}'),
(1, 'SECTION_DESCRIPTION', 'N', ''),
(1, 'SECTION_DESCRIPTION_TYPE', 'Y', 'text'),
(1, 'SECTION_DESCRIPTION_TYPE_ALLOW_CHANGE', 'N', 'Y'),
(1, 'SECTION_DETAIL_PICTURE', 'N', 'a:17:{s:5:\"SCALE\";s:1:\"N\";s:5:\"WIDTH\";s:0:\"\";s:6:\"HEIGHT\";s:0:\"\";s:13:\"IGNORE_ERRORS\";s:1:\"N\";s:6:\"METHOD\";s:8:\"resample\";s:11:\"COMPRESSION\";i:95;s:18:\"USE_WATERMARK_TEXT\";s:1:\"N\";s:14:\"WATERMARK_TEXT\";s:0:\"\";s:19:\"WATERMARK_TEXT_FONT\";s:0:\"\";s:20:\"WATERMARK_TEXT_COLOR\";s:0:\"\";s:19:\"WATERMARK_TEXT_SIZE\";s:0:\"\";s:23:\"WATERMARK_TEXT_POSITION\";s:2:\"tl\";s:18:\"USE_WATERMARK_FILE\";s:1:\"N\";s:14:\"WATERMARK_FILE\";s:0:\"\";s:20:\"WATERMARK_FILE_ALPHA\";s:0:\"\";s:23:\"WATERMARK_FILE_POSITION\";s:2:\"tl\";s:20:\"WATERMARK_FILE_ORDER\";N;}'),
(1, 'SECTION_NAME', 'Y', ''),
(1, 'SECTION_PICTURE', 'N', 'a:20:{s:11:\"FROM_DETAIL\";s:1:\"N\";s:5:\"SCALE\";s:1:\"N\";s:5:\"WIDTH\";s:0:\"\";s:6:\"HEIGHT\";s:0:\"\";s:13:\"IGNORE_ERRORS\";s:1:\"N\";s:6:\"METHOD\";s:8:\"resample\";s:11:\"COMPRESSION\";i:95;s:18:\"DELETE_WITH_DETAIL\";s:1:\"N\";s:18:\"UPDATE_WITH_DETAIL\";s:1:\"N\";s:18:\"USE_WATERMARK_TEXT\";s:1:\"N\";s:14:\"WATERMARK_TEXT\";s:0:\"\";s:19:\"WATERMARK_TEXT_FONT\";s:0:\"\";s:20:\"WATERMARK_TEXT_COLOR\";s:0:\"\";s:19:\"WATERMARK_TEXT_SIZE\";s:0:\"\";s:23:\"WATERMARK_TEXT_POSITION\";s:2:\"tl\";s:18:\"USE_WATERMARK_FILE\";s:1:\"N\";s:14:\"WATERMARK_FILE\";s:0:\"\";s:20:\"WATERMARK_FILE_ALPHA\";s:0:\"\";s:23:\"WATERMARK_FILE_POSITION\";s:2:\"tl\";s:20:\"WATERMARK_FILE_ORDER\";N;}'),
(1, 'SECTION_XML_ID', 'N', ''),
(1, 'SORT', 'N', '0'),
(1, 'TAGS', 'N', ''),
(1, 'XML_ID', 'Y', ''),
(1, 'XML_IMPORT_START_TIME', 'N', NULL),
(2, 'ACTIVE', 'Y', 'Y'),
(2, 'ACTIVE_FROM', 'N', ''),
(2, 'ACTIVE_TO', 'N', ''),
(2, 'CODE', 'N', 'a:8:{s:6:\"UNIQUE\";s:1:\"N\";s:15:\"TRANSLITERATION\";s:1:\"N\";s:9:\"TRANS_LEN\";i:100;s:10:\"TRANS_CASE\";s:1:\"L\";s:11:\"TRANS_SPACE\";s:1:\"-\";s:11:\"TRANS_OTHER\";s:1:\"-\";s:9:\"TRANS_EAT\";s:1:\"Y\";s:10:\"USE_GOOGLE\";s:1:\"N\";}'),
(2, 'DETAIL_PICTURE', 'N', 'a:17:{s:5:\"SCALE\";s:1:\"N\";s:5:\"WIDTH\";s:0:\"\";s:6:\"HEIGHT\";s:0:\"\";s:13:\"IGNORE_ERRORS\";s:1:\"N\";s:6:\"METHOD\";s:8:\"resample\";s:11:\"COMPRESSION\";i:95;s:18:\"USE_WATERMARK_TEXT\";s:1:\"N\";s:14:\"WATERMARK_TEXT\";s:0:\"\";s:19:\"WATERMARK_TEXT_FONT\";s:0:\"\";s:20:\"WATERMARK_TEXT_COLOR\";s:0:\"\";s:19:\"WATERMARK_TEXT_SIZE\";s:0:\"\";s:23:\"WATERMARK_TEXT_POSITION\";s:2:\"tl\";s:18:\"USE_WATERMARK_FILE\";s:1:\"N\";s:14:\"WATERMARK_FILE\";s:0:\"\";s:20:\"WATERMARK_FILE_ALPHA\";s:0:\"\";s:23:\"WATERMARK_FILE_POSITION\";s:2:\"tl\";s:20:\"WATERMARK_FILE_ORDER\";N;}'),
(2, 'DETAIL_TEXT', 'N', ''),
(2, 'DETAIL_TEXT_TYPE', 'Y', 'text'),
(2, 'DETAIL_TEXT_TYPE_ALLOW_CHANGE', 'N', 'Y'),
(2, 'IBLOCK_SECTION', 'N', 'a:1:{s:22:\"KEEP_IBLOCK_SECTION_ID\";s:1:\"N\";}'),
(2, 'LOG_ELEMENT_ADD', 'N', NULL),
(2, 'LOG_ELEMENT_DELETE', 'N', NULL),
(2, 'LOG_ELEMENT_EDIT', 'N', NULL),
(2, 'LOG_SECTION_ADD', 'N', NULL),
(2, 'LOG_SECTION_DELETE', 'N', NULL),
(2, 'LOG_SECTION_EDIT', 'N', NULL),
(2, 'NAME', 'Y', ''),
(2, 'PREVIEW_PICTURE', 'N', 'a:20:{s:11:\"FROM_DETAIL\";s:1:\"N\";s:5:\"SCALE\";s:1:\"N\";s:5:\"WIDTH\";s:0:\"\";s:6:\"HEIGHT\";s:0:\"\";s:13:\"IGNORE_ERRORS\";s:1:\"N\";s:6:\"METHOD\";s:8:\"resample\";s:11:\"COMPRESSION\";i:95;s:18:\"DELETE_WITH_DETAIL\";s:1:\"N\";s:18:\"UPDATE_WITH_DETAIL\";s:1:\"N\";s:18:\"USE_WATERMARK_TEXT\";s:1:\"N\";s:14:\"WATERMARK_TEXT\";s:0:\"\";s:19:\"WATERMARK_TEXT_FONT\";s:0:\"\";s:20:\"WATERMARK_TEXT_COLOR\";s:0:\"\";s:19:\"WATERMARK_TEXT_SIZE\";s:0:\"\";s:23:\"WATERMARK_TEXT_POSITION\";s:2:\"tl\";s:18:\"USE_WATERMARK_FILE\";s:1:\"N\";s:14:\"WATERMARK_FILE\";s:0:\"\";s:20:\"WATERMARK_FILE_ALPHA\";s:0:\"\";s:23:\"WATERMARK_FILE_POSITION\";s:2:\"tl\";s:20:\"WATERMARK_FILE_ORDER\";N;}'),
(2, 'PREVIEW_TEXT', 'N', ''),
(2, 'PREVIEW_TEXT_TYPE', 'Y', 'text'),
(2, 'PREVIEW_TEXT_TYPE_ALLOW_CHANGE', 'N', 'Y'),
(2, 'SECTION_CODE', 'N', 'a:8:{s:6:\"UNIQUE\";s:1:\"N\";s:15:\"TRANSLITERATION\";s:1:\"N\";s:9:\"TRANS_LEN\";i:100;s:10:\"TRANS_CASE\";s:1:\"L\";s:11:\"TRANS_SPACE\";s:1:\"-\";s:11:\"TRANS_OTHER\";s:1:\"-\";s:9:\"TRANS_EAT\";s:1:\"Y\";s:10:\"USE_GOOGLE\";s:1:\"N\";}'),
(2, 'SECTION_DESCRIPTION', 'N', ''),
(2, 'SECTION_DESCRIPTION_TYPE', 'Y', 'text'),
(2, 'SECTION_DESCRIPTION_TYPE_ALLOW_CHANGE', 'N', 'Y'),
(2, 'SECTION_DETAIL_PICTURE', 'N', 'a:17:{s:5:\"SCALE\";s:1:\"N\";s:5:\"WIDTH\";s:0:\"\";s:6:\"HEIGHT\";s:0:\"\";s:13:\"IGNORE_ERRORS\";s:1:\"N\";s:6:\"METHOD\";s:8:\"resample\";s:11:\"COMPRESSION\";i:95;s:18:\"USE_WATERMARK_TEXT\";s:1:\"N\";s:14:\"WATERMARK_TEXT\";s:0:\"\";s:19:\"WATERMARK_TEXT_FONT\";s:0:\"\";s:20:\"WATERMARK_TEXT_COLOR\";s:0:\"\";s:19:\"WATERMARK_TEXT_SIZE\";s:0:\"\";s:23:\"WATERMARK_TEXT_POSITION\";s:2:\"tl\";s:18:\"USE_WATERMARK_FILE\";s:1:\"N\";s:14:\"WATERMARK_FILE\";s:0:\"\";s:20:\"WATERMARK_FILE_ALPHA\";s:0:\"\";s:23:\"WATERMARK_FILE_POSITION\";s:2:\"tl\";s:20:\"WATERMARK_FILE_ORDER\";N;}'),
(2, 'SECTION_NAME', 'Y', ''),
(2, 'SECTION_PICTURE', 'N', 'a:20:{s:11:\"FROM_DETAIL\";s:1:\"N\";s:5:\"SCALE\";s:1:\"N\";s:5:\"WIDTH\";s:0:\"\";s:6:\"HEIGHT\";s:0:\"\";s:13:\"IGNORE_ERRORS\";s:1:\"N\";s:6:\"METHOD\";s:8:\"resample\";s:11:\"COMPRESSION\";i:95;s:18:\"DELETE_WITH_DETAIL\";s:1:\"N\";s:18:\"UPDATE_WITH_DETAIL\";s:1:\"N\";s:18:\"USE_WATERMARK_TEXT\";s:1:\"N\";s:14:\"WATERMARK_TEXT\";s:0:\"\";s:19:\"WATERMARK_TEXT_FONT\";s:0:\"\";s:20:\"WATERMARK_TEXT_COLOR\";s:0:\"\";s:19:\"WATERMARK_TEXT_SIZE\";s:0:\"\";s:23:\"WATERMARK_TEXT_POSITION\";s:2:\"tl\";s:18:\"USE_WATERMARK_FILE\";s:1:\"N\";s:14:\"WATERMARK_FILE\";s:0:\"\";s:20:\"WATERMARK_FILE_ALPHA\";s:0:\"\";s:23:\"WATERMARK_FILE_POSITION\";s:2:\"tl\";s:20:\"WATERMARK_FILE_ORDER\";N;}'),
(2, 'SECTION_XML_ID', 'N', ''),
(2, 'SORT', 'N', '0'),
(2, 'TAGS', 'N', ''),
(2, 'XML_ID', 'Y', ''),
(2, 'XML_IMPORT_START_TIME', 'N', NULL),
(3, 'ACTIVE', 'Y', 'Y'),
(3, 'ACTIVE_FROM', 'N', ''),
(3, 'ACTIVE_TO', 'N', ''),
(3, 'CODE', 'Y', 'a:8:{s:6:\"UNIQUE\";s:1:\"Y\";s:15:\"TRANSLITERATION\";s:1:\"Y\";s:9:\"TRANS_LEN\";i:100;s:10:\"TRANS_CASE\";s:1:\"L\";s:11:\"TRANS_SPACE\";s:1:\"-\";s:11:\"TRANS_OTHER\";s:1:\"-\";s:9:\"TRANS_EAT\";s:1:\"Y\";s:10:\"USE_GOOGLE\";s:1:\"N\";}'),
(3, 'DETAIL_PICTURE', 'N', 'a:17:{s:5:\"SCALE\";s:1:\"N\";s:5:\"WIDTH\";s:0:\"\";s:6:\"HEIGHT\";s:0:\"\";s:13:\"IGNORE_ERRORS\";s:1:\"N\";s:6:\"METHOD\";s:8:\"resample\";s:11:\"COMPRESSION\";i:95;s:18:\"USE_WATERMARK_TEXT\";s:1:\"N\";s:14:\"WATERMARK_TEXT\";s:0:\"\";s:19:\"WATERMARK_TEXT_FONT\";s:0:\"\";s:20:\"WATERMARK_TEXT_COLOR\";s:0:\"\";s:19:\"WATERMARK_TEXT_SIZE\";s:0:\"\";s:23:\"WATERMARK_TEXT_POSITION\";s:2:\"tl\";s:18:\"USE_WATERMARK_FILE\";s:1:\"N\";s:14:\"WATERMARK_FILE\";s:0:\"\";s:20:\"WATERMARK_FILE_ALPHA\";s:0:\"\";s:23:\"WATERMARK_FILE_POSITION\";s:2:\"tl\";s:20:\"WATERMARK_FILE_ORDER\";N;}'),
(3, 'DETAIL_TEXT', 'N', ''),
(3, 'DETAIL_TEXT_TYPE', 'Y', 'text'),
(3, 'DETAIL_TEXT_TYPE_ALLOW_CHANGE', 'N', 'Y'),
(3, 'IBLOCK_SECTION', 'N', 'a:1:{s:22:\"KEEP_IBLOCK_SECTION_ID\";s:1:\"N\";}'),
(3, 'LOG_ELEMENT_ADD', 'N', NULL),
(3, 'LOG_ELEMENT_DELETE', 'N', NULL),
(3, 'LOG_ELEMENT_EDIT', 'N', NULL),
(3, 'LOG_SECTION_ADD', 'N', NULL),
(3, 'LOG_SECTION_DELETE', 'N', NULL),
(3, 'LOG_SECTION_EDIT', 'N', NULL),
(3, 'NAME', 'Y', ''),
(3, 'PREVIEW_PICTURE', 'N', 'a:20:{s:11:\"FROM_DETAIL\";s:1:\"N\";s:5:\"SCALE\";s:1:\"N\";s:5:\"WIDTH\";s:0:\"\";s:6:\"HEIGHT\";s:0:\"\";s:13:\"IGNORE_ERRORS\";s:1:\"N\";s:6:\"METHOD\";s:8:\"resample\";s:11:\"COMPRESSION\";i:95;s:18:\"DELETE_WITH_DETAIL\";s:1:\"N\";s:18:\"UPDATE_WITH_DETAIL\";s:1:\"N\";s:18:\"USE_WATERMARK_TEXT\";s:1:\"N\";s:14:\"WATERMARK_TEXT\";s:0:\"\";s:19:\"WATERMARK_TEXT_FONT\";s:0:\"\";s:20:\"WATERMARK_TEXT_COLOR\";s:0:\"\";s:19:\"WATERMARK_TEXT_SIZE\";s:0:\"\";s:23:\"WATERMARK_TEXT_POSITION\";s:2:\"tl\";s:18:\"USE_WATERMARK_FILE\";s:1:\"N\";s:14:\"WATERMARK_FILE\";s:0:\"\";s:20:\"WATERMARK_FILE_ALPHA\";s:0:\"\";s:23:\"WATERMARK_FILE_POSITION\";s:2:\"tl\";s:20:\"WATERMARK_FILE_ORDER\";N;}'),
(3, 'PREVIEW_TEXT', 'N', ''),
(3, 'PREVIEW_TEXT_TYPE', 'Y', 'text'),
(3, 'PREVIEW_TEXT_TYPE_ALLOW_CHANGE', 'N', 'Y'),
(3, 'SECTION_CODE', 'Y', 'a:8:{s:6:\"UNIQUE\";s:1:\"Y\";s:15:\"TRANSLITERATION\";s:1:\"Y\";s:9:\"TRANS_LEN\";i:100;s:10:\"TRANS_CASE\";s:1:\"L\";s:11:\"TRANS_SPACE\";s:1:\"-\";s:11:\"TRANS_OTHER\";s:1:\"-\";s:9:\"TRANS_EAT\";s:1:\"Y\";s:10:\"USE_GOOGLE\";s:1:\"N\";}'),
(3, 'SECTION_DESCRIPTION', 'N', ''),
(3, 'SECTION_DESCRIPTION_TYPE', 'Y', 'text'),
(3, 'SECTION_DESCRIPTION_TYPE_ALLOW_CHANGE', 'N', 'Y'),
(3, 'SECTION_DETAIL_PICTURE', 'N', 'a:17:{s:5:\"SCALE\";s:1:\"N\";s:5:\"WIDTH\";s:0:\"\";s:6:\"HEIGHT\";s:0:\"\";s:13:\"IGNORE_ERRORS\";s:1:\"N\";s:6:\"METHOD\";s:8:\"resample\";s:11:\"COMPRESSION\";i:95;s:18:\"USE_WATERMARK_TEXT\";s:1:\"N\";s:14:\"WATERMARK_TEXT\";s:0:\"\";s:19:\"WATERMARK_TEXT_FONT\";s:0:\"\";s:20:\"WATERMARK_TEXT_COLOR\";s:0:\"\";s:19:\"WATERMARK_TEXT_SIZE\";s:0:\"\";s:23:\"WATERMARK_TEXT_POSITION\";s:2:\"tl\";s:18:\"USE_WATERMARK_FILE\";s:1:\"N\";s:14:\"WATERMARK_FILE\";s:0:\"\";s:20:\"WATERMARK_FILE_ALPHA\";s:0:\"\";s:23:\"WATERMARK_FILE_POSITION\";s:2:\"tl\";s:20:\"WATERMARK_FILE_ORDER\";N;}'),
(3, 'SECTION_NAME', 'Y', ''),
(3, 'SECTION_PICTURE', 'N', 'a:20:{s:11:\"FROM_DETAIL\";s:1:\"N\";s:5:\"SCALE\";s:1:\"N\";s:5:\"WIDTH\";s:0:\"\";s:6:\"HEIGHT\";s:0:\"\";s:13:\"IGNORE_ERRORS\";s:1:\"N\";s:6:\"METHOD\";s:8:\"resample\";s:11:\"COMPRESSION\";i:95;s:18:\"DELETE_WITH_DETAIL\";s:1:\"N\";s:18:\"UPDATE_WITH_DETAIL\";s:1:\"N\";s:18:\"USE_WATERMARK_TEXT\";s:1:\"N\";s:14:\"WATERMARK_TEXT\";s:0:\"\";s:19:\"WATERMARK_TEXT_FONT\";s:0:\"\";s:20:\"WATERMARK_TEXT_COLOR\";s:0:\"\";s:19:\"WATERMARK_TEXT_SIZE\";s:0:\"\";s:23:\"WATERMARK_TEXT_POSITION\";s:2:\"tl\";s:18:\"USE_WATERMARK_FILE\";s:1:\"N\";s:14:\"WATERMARK_FILE\";s:0:\"\";s:20:\"WATERMARK_FILE_ALPHA\";s:0:\"\";s:23:\"WATERMARK_FILE_POSITION\";s:2:\"tl\";s:20:\"WATERMARK_FILE_ORDER\";N;}'),
(3, 'SECTION_XML_ID', 'N', ''),
(3, 'SORT', 'N', '0'),
(3, 'TAGS', 'N', ''),
(3, 'XML_ID', 'Y', ''),
(3, 'XML_IMPORT_START_TIME', 'N', NULL),
(4, 'ACTIVE', 'Y', 'Y'),
(4, 'ACTIVE_FROM', 'N', ''),
(4, 'ACTIVE_TO', 'N', ''),
(4, 'CODE', 'N', 'a:8:{s:6:\"UNIQUE\";s:1:\"N\";s:15:\"TRANSLITERATION\";s:1:\"N\";s:9:\"TRANS_LEN\";i:100;s:10:\"TRANS_CASE\";s:1:\"L\";s:11:\"TRANS_SPACE\";s:1:\"-\";s:11:\"TRANS_OTHER\";s:1:\"-\";s:9:\"TRANS_EAT\";s:1:\"Y\";s:10:\"USE_GOOGLE\";s:1:\"N\";}'),
(4, 'DETAIL_PICTURE', 'N', 'a:17:{s:5:\"SCALE\";s:1:\"N\";s:5:\"WIDTH\";s:0:\"\";s:6:\"HEIGHT\";s:0:\"\";s:13:\"IGNORE_ERRORS\";s:1:\"N\";s:6:\"METHOD\";s:8:\"resample\";s:11:\"COMPRESSION\";i:95;s:18:\"USE_WATERMARK_TEXT\";s:1:\"N\";s:14:\"WATERMARK_TEXT\";s:0:\"\";s:19:\"WATERMARK_TEXT_FONT\";s:0:\"\";s:20:\"WATERMARK_TEXT_COLOR\";s:0:\"\";s:19:\"WATERMARK_TEXT_SIZE\";s:0:\"\";s:23:\"WATERMARK_TEXT_POSITION\";s:2:\"tl\";s:18:\"USE_WATERMARK_FILE\";s:1:\"N\";s:14:\"WATERMARK_FILE\";s:0:\"\";s:20:\"WATERMARK_FILE_ALPHA\";s:0:\"\";s:23:\"WATERMARK_FILE_POSITION\";s:2:\"tl\";s:20:\"WATERMARK_FILE_ORDER\";N;}'),
(4, 'DETAIL_TEXT', 'N', ''),
(4, 'DETAIL_TEXT_TYPE', 'Y', 'text'),
(4, 'DETAIL_TEXT_TYPE_ALLOW_CHANGE', 'N', 'Y'),
(4, 'IBLOCK_SECTION', 'N', 'a:1:{s:22:\"KEEP_IBLOCK_SECTION_ID\";s:1:\"N\";}'),
(4, 'LOG_ELEMENT_ADD', 'N', NULL),
(4, 'LOG_ELEMENT_DELETE', 'N', NULL),
(4, 'LOG_ELEMENT_EDIT', 'N', NULL),
(4, 'LOG_SECTION_ADD', 'N', NULL),
(4, 'LOG_SECTION_DELETE', 'N', NULL),
(4, 'LOG_SECTION_EDIT', 'N', NULL),
(4, 'NAME', 'Y', ''),
(4, 'PREVIEW_PICTURE', 'N', 'a:20:{s:11:\"FROM_DETAIL\";s:1:\"N\";s:5:\"SCALE\";s:1:\"N\";s:5:\"WIDTH\";s:0:\"\";s:6:\"HEIGHT\";s:0:\"\";s:13:\"IGNORE_ERRORS\";s:1:\"N\";s:6:\"METHOD\";s:8:\"resample\";s:11:\"COMPRESSION\";i:95;s:18:\"DELETE_WITH_DETAIL\";s:1:\"N\";s:18:\"UPDATE_WITH_DETAIL\";s:1:\"N\";s:18:\"USE_WATERMARK_TEXT\";s:1:\"N\";s:14:\"WATERMARK_TEXT\";s:0:\"\";s:19:\"WATERMARK_TEXT_FONT\";s:0:\"\";s:20:\"WATERMARK_TEXT_COLOR\";s:0:\"\";s:19:\"WATERMARK_TEXT_SIZE\";s:0:\"\";s:23:\"WATERMARK_TEXT_POSITION\";s:2:\"tl\";s:18:\"USE_WATERMARK_FILE\";s:1:\"N\";s:14:\"WATERMARK_FILE\";s:0:\"\";s:20:\"WATERMARK_FILE_ALPHA\";s:0:\"\";s:23:\"WATERMARK_FILE_POSITION\";s:2:\"tl\";s:20:\"WATERMARK_FILE_ORDER\";N;}'),
(4, 'PREVIEW_TEXT', 'N', ''),
(4, 'PREVIEW_TEXT_TYPE', 'Y', 'text'),
(4, 'PREVIEW_TEXT_TYPE_ALLOW_CHANGE', 'N', 'Y'),
(4, 'SECTION_CODE', 'N', 'a:8:{s:6:\"UNIQUE\";s:1:\"N\";s:15:\"TRANSLITERATION\";s:1:\"N\";s:9:\"TRANS_LEN\";i:100;s:10:\"TRANS_CASE\";s:1:\"L\";s:11:\"TRANS_SPACE\";s:1:\"-\";s:11:\"TRANS_OTHER\";s:1:\"-\";s:9:\"TRANS_EAT\";s:1:\"Y\";s:10:\"USE_GOOGLE\";s:1:\"N\";}'),
(4, 'SECTION_DESCRIPTION', 'N', ''),
(4, 'SECTION_DESCRIPTION_TYPE', 'Y', 'text'),
(4, 'SECTION_DESCRIPTION_TYPE_ALLOW_CHANGE', 'N', 'Y'),
(4, 'SECTION_DETAIL_PICTURE', 'N', 'a:17:{s:5:\"SCALE\";s:1:\"N\";s:5:\"WIDTH\";s:0:\"\";s:6:\"HEIGHT\";s:0:\"\";s:13:\"IGNORE_ERRORS\";s:1:\"N\";s:6:\"METHOD\";s:8:\"resample\";s:11:\"COMPRESSION\";i:95;s:18:\"USE_WATERMARK_TEXT\";s:1:\"N\";s:14:\"WATERMARK_TEXT\";s:0:\"\";s:19:\"WATERMARK_TEXT_FONT\";s:0:\"\";s:20:\"WATERMARK_TEXT_COLOR\";s:0:\"\";s:19:\"WATERMARK_TEXT_SIZE\";s:0:\"\";s:23:\"WATERMARK_TEXT_POSITION\";s:2:\"tl\";s:18:\"USE_WATERMARK_FILE\";s:1:\"N\";s:14:\"WATERMARK_FILE\";s:0:\"\";s:20:\"WATERMARK_FILE_ALPHA\";s:0:\"\";s:23:\"WATERMARK_FILE_POSITION\";s:2:\"tl\";s:20:\"WATERMARK_FILE_ORDER\";N;}'),
(4, 'SECTION_NAME', 'Y', ''),
(4, 'SECTION_PICTURE', 'N', 'a:20:{s:11:\"FROM_DETAIL\";s:1:\"N\";s:5:\"SCALE\";s:1:\"N\";s:5:\"WIDTH\";s:0:\"\";s:6:\"HEIGHT\";s:0:\"\";s:13:\"IGNORE_ERRORS\";s:1:\"N\";s:6:\"METHOD\";s:8:\"resample\";s:11:\"COMPRESSION\";i:95;s:18:\"DELETE_WITH_DETAIL\";s:1:\"N\";s:18:\"UPDATE_WITH_DETAIL\";s:1:\"N\";s:18:\"USE_WATERMARK_TEXT\";s:1:\"N\";s:14:\"WATERMARK_TEXT\";s:0:\"\";s:19:\"WATERMARK_TEXT_FONT\";s:0:\"\";s:20:\"WATERMARK_TEXT_COLOR\";s:0:\"\";s:19:\"WATERMARK_TEXT_SIZE\";s:0:\"\";s:23:\"WATERMARK_TEXT_POSITION\";s:2:\"tl\";s:18:\"USE_WATERMARK_FILE\";s:1:\"N\";s:14:\"WATERMARK_FILE\";s:0:\"\";s:20:\"WATERMARK_FILE_ALPHA\";s:0:\"\";s:23:\"WATERMARK_FILE_POSITION\";s:2:\"tl\";s:20:\"WATERMARK_FILE_ORDER\";N;}'),
(4, 'SECTION_XML_ID', 'N', ''),
(4, 'SORT', 'N', '0'),
(4, 'TAGS', 'N', ''),
(4, 'XML_ID', 'Y', ''),
(4, 'XML_IMPORT_START_TIME', 'N', NULL),
(5, 'ACTIVE', 'Y', 'Y'),
(5, 'ACTIVE_FROM', 'N', ''),
(5, 'ACTIVE_TO', 'N', ''),
(5, 'CODE', 'Y', 'a:8:{s:6:\"UNIQUE\";s:1:\"Y\";s:15:\"TRANSLITERATION\";s:1:\"Y\";s:9:\"TRANS_LEN\";i:100;s:10:\"TRANS_CASE\";s:1:\"L\";s:11:\"TRANS_SPACE\";s:1:\"-\";s:11:\"TRANS_OTHER\";s:1:\"-\";s:9:\"TRANS_EAT\";s:1:\"Y\";s:10:\"USE_GOOGLE\";s:1:\"N\";}'),
(5, 'DETAIL_PICTURE', 'N', 'a:17:{s:5:\"SCALE\";s:1:\"N\";s:5:\"WIDTH\";s:0:\"\";s:6:\"HEIGHT\";s:0:\"\";s:13:\"IGNORE_ERRORS\";s:1:\"N\";s:6:\"METHOD\";s:8:\"resample\";s:11:\"COMPRESSION\";i:95;s:18:\"USE_WATERMARK_TEXT\";s:1:\"N\";s:14:\"WATERMARK_TEXT\";s:0:\"\";s:19:\"WATERMARK_TEXT_FONT\";s:0:\"\";s:20:\"WATERMARK_TEXT_COLOR\";s:0:\"\";s:19:\"WATERMARK_TEXT_SIZE\";s:0:\"\";s:23:\"WATERMARK_TEXT_POSITION\";s:2:\"tl\";s:18:\"USE_WATERMARK_FILE\";s:1:\"N\";s:14:\"WATERMARK_FILE\";s:0:\"\";s:20:\"WATERMARK_FILE_ALPHA\";s:0:\"\";s:23:\"WATERMARK_FILE_POSITION\";s:2:\"tl\";s:20:\"WATERMARK_FILE_ORDER\";N;}'),
(5, 'DETAIL_TEXT', 'N', ''),
(5, 'DETAIL_TEXT_TYPE', 'Y', 'text'),
(5, 'DETAIL_TEXT_TYPE_ALLOW_CHANGE', 'N', 'Y'),
(5, 'IBLOCK_SECTION', 'N', 'a:1:{s:22:\"KEEP_IBLOCK_SECTION_ID\";s:1:\"N\";}'),
(5, 'LOG_ELEMENT_ADD', 'N', NULL),
(5, 'LOG_ELEMENT_DELETE', 'N', NULL),
(5, 'LOG_ELEMENT_EDIT', 'N', NULL),
(5, 'LOG_SECTION_ADD', 'N', NULL),
(5, 'LOG_SECTION_DELETE', 'N', NULL),
(5, 'LOG_SECTION_EDIT', 'N', NULL),
(5, 'NAME', 'Y', ''),
(5, 'PREVIEW_PICTURE', 'N', 'a:20:{s:11:\"FROM_DETAIL\";s:1:\"N\";s:5:\"SCALE\";s:1:\"N\";s:5:\"WIDTH\";s:0:\"\";s:6:\"HEIGHT\";s:0:\"\";s:13:\"IGNORE_ERRORS\";s:1:\"N\";s:6:\"METHOD\";s:8:\"resample\";s:11:\"COMPRESSION\";i:95;s:18:\"DELETE_WITH_DETAIL\";s:1:\"N\";s:18:\"UPDATE_WITH_DETAIL\";s:1:\"N\";s:18:\"USE_WATERMARK_TEXT\";s:1:\"N\";s:14:\"WATERMARK_TEXT\";s:0:\"\";s:19:\"WATERMARK_TEXT_FONT\";s:0:\"\";s:20:\"WATERMARK_TEXT_COLOR\";s:0:\"\";s:19:\"WATERMARK_TEXT_SIZE\";s:0:\"\";s:23:\"WATERMARK_TEXT_POSITION\";s:2:\"tl\";s:18:\"USE_WATERMARK_FILE\";s:1:\"N\";s:14:\"WATERMARK_FILE\";s:0:\"\";s:20:\"WATERMARK_FILE_ALPHA\";s:0:\"\";s:23:\"WATERMARK_FILE_POSITION\";s:2:\"tl\";s:20:\"WATERMARK_FILE_ORDER\";N;}'),
(5, 'PREVIEW_TEXT', 'N', ''),
(5, 'PREVIEW_TEXT_TYPE', 'Y', 'text'),
(5, 'PREVIEW_TEXT_TYPE_ALLOW_CHANGE', 'N', 'Y'),
(5, 'SECTION_CODE', 'N', 'a:8:{s:6:\"UNIQUE\";s:1:\"N\";s:15:\"TRANSLITERATION\";s:1:\"N\";s:9:\"TRANS_LEN\";i:100;s:10:\"TRANS_CASE\";s:1:\"L\";s:11:\"TRANS_SPACE\";s:1:\"-\";s:11:\"TRANS_OTHER\";s:1:\"-\";s:9:\"TRANS_EAT\";s:1:\"Y\";s:10:\"USE_GOOGLE\";s:1:\"N\";}'),
(5, 'SECTION_DESCRIPTION', 'N', ''),
(5, 'SECTION_DESCRIPTION_TYPE', 'Y', 'text'),
(5, 'SECTION_DESCRIPTION_TYPE_ALLOW_CHANGE', 'N', 'Y'),
(5, 'SECTION_DETAIL_PICTURE', 'N', 'a:17:{s:5:\"SCALE\";s:1:\"N\";s:5:\"WIDTH\";s:0:\"\";s:6:\"HEIGHT\";s:0:\"\";s:13:\"IGNORE_ERRORS\";s:1:\"N\";s:6:\"METHOD\";s:8:\"resample\";s:11:\"COMPRESSION\";i:95;s:18:\"USE_WATERMARK_TEXT\";s:1:\"N\";s:14:\"WATERMARK_TEXT\";s:0:\"\";s:19:\"WATERMARK_TEXT_FONT\";s:0:\"\";s:20:\"WATERMARK_TEXT_COLOR\";s:0:\"\";s:19:\"WATERMARK_TEXT_SIZE\";s:0:\"\";s:23:\"WATERMARK_TEXT_POSITION\";s:2:\"tl\";s:18:\"USE_WATERMARK_FILE\";s:1:\"N\";s:14:\"WATERMARK_FILE\";s:0:\"\";s:20:\"WATERMARK_FILE_ALPHA\";s:0:\"\";s:23:\"WATERMARK_FILE_POSITION\";s:2:\"tl\";s:20:\"WATERMARK_FILE_ORDER\";N;}'),
(5, 'SECTION_NAME', 'Y', ''),
(5, 'SECTION_PICTURE', 'N', 'a:20:{s:11:\"FROM_DETAIL\";s:1:\"N\";s:5:\"SCALE\";s:1:\"N\";s:5:\"WIDTH\";s:0:\"\";s:6:\"HEIGHT\";s:0:\"\";s:13:\"IGNORE_ERRORS\";s:1:\"N\";s:6:\"METHOD\";s:8:\"resample\";s:11:\"COMPRESSION\";i:95;s:18:\"DELETE_WITH_DETAIL\";s:1:\"N\";s:18:\"UPDATE_WITH_DETAIL\";s:1:\"N\";s:18:\"USE_WATERMARK_TEXT\";s:1:\"N\";s:14:\"WATERMARK_TEXT\";s:0:\"\";s:19:\"WATERMARK_TEXT_FONT\";s:0:\"\";s:20:\"WATERMARK_TEXT_COLOR\";s:0:\"\";s:19:\"WATERMARK_TEXT_SIZE\";s:0:\"\";s:23:\"WATERMARK_TEXT_POSITION\";s:2:\"tl\";s:18:\"USE_WATERMARK_FILE\";s:1:\"N\";s:14:\"WATERMARK_FILE\";s:0:\"\";s:20:\"WATERMARK_FILE_ALPHA\";s:0:\"\";s:23:\"WATERMARK_FILE_POSITION\";s:2:\"tl\";s:20:\"WATERMARK_FILE_ORDER\";N;}'),
(5, 'SECTION_XML_ID', 'N', ''),
(5, 'SORT', 'N', '0'),
(5, 'TAGS', 'N', ''),
(5, 'XML_ID', 'Y', ''),
(5, 'XML_IMPORT_START_TIME', 'N', NULL),
(6, 'ACTIVE', 'Y', 'Y'),
(6, 'ACTIVE_FROM', 'N', ''),
(6, 'ACTIVE_TO', 'N', ''),
(6, 'CODE', 'N', 'a:8:{s:6:\"UNIQUE\";s:1:\"N\";s:15:\"TRANSLITERATION\";s:1:\"N\";s:9:\"TRANS_LEN\";i:100;s:10:\"TRANS_CASE\";s:1:\"L\";s:11:\"TRANS_SPACE\";s:1:\"-\";s:11:\"TRANS_OTHER\";s:1:\"-\";s:9:\"TRANS_EAT\";s:1:\"Y\";s:10:\"USE_GOOGLE\";s:1:\"N\";}'),
(6, 'DETAIL_PICTURE', 'N', 'a:17:{s:5:\"SCALE\";s:1:\"N\";s:5:\"WIDTH\";s:0:\"\";s:6:\"HEIGHT\";s:0:\"\";s:13:\"IGNORE_ERRORS\";s:1:\"N\";s:6:\"METHOD\";s:8:\"resample\";s:11:\"COMPRESSION\";i:95;s:18:\"USE_WATERMARK_TEXT\";s:1:\"N\";s:14:\"WATERMARK_TEXT\";s:0:\"\";s:19:\"WATERMARK_TEXT_FONT\";s:0:\"\";s:20:\"WATERMARK_TEXT_COLOR\";s:0:\"\";s:19:\"WATERMARK_TEXT_SIZE\";s:0:\"\";s:23:\"WATERMARK_TEXT_POSITION\";s:2:\"tl\";s:18:\"USE_WATERMARK_FILE\";s:1:\"N\";s:14:\"WATERMARK_FILE\";s:0:\"\";s:20:\"WATERMARK_FILE_ALPHA\";s:0:\"\";s:23:\"WATERMARK_FILE_POSITION\";s:2:\"tl\";s:20:\"WATERMARK_FILE_ORDER\";N;}'),
(6, 'DETAIL_TEXT', 'N', ''),
(6, 'DETAIL_TEXT_TYPE', 'Y', 'text'),
(6, 'DETAIL_TEXT_TYPE_ALLOW_CHANGE', 'N', 'Y'),
(6, 'IBLOCK_SECTION', 'N', 'a:1:{s:22:\"KEEP_IBLOCK_SECTION_ID\";s:1:\"N\";}'),
(6, 'LOG_ELEMENT_ADD', 'N', NULL),
(6, 'LOG_ELEMENT_DELETE', 'N', NULL),
(6, 'LOG_ELEMENT_EDIT', 'N', NULL),
(6, 'LOG_SECTION_ADD', 'N', NULL),
(6, 'LOG_SECTION_DELETE', 'N', NULL),
(6, 'LOG_SECTION_EDIT', 'N', NULL),
(6, 'NAME', 'Y', ''),
(6, 'PREVIEW_PICTURE', 'N', 'a:20:{s:11:\"FROM_DETAIL\";s:1:\"N\";s:5:\"SCALE\";s:1:\"N\";s:5:\"WIDTH\";s:0:\"\";s:6:\"HEIGHT\";s:0:\"\";s:13:\"IGNORE_ERRORS\";s:1:\"N\";s:6:\"METHOD\";s:8:\"resample\";s:11:\"COMPRESSION\";i:95;s:18:\"DELETE_WITH_DETAIL\";s:1:\"N\";s:18:\"UPDATE_WITH_DETAIL\";s:1:\"N\";s:18:\"USE_WATERMARK_TEXT\";s:1:\"N\";s:14:\"WATERMARK_TEXT\";s:0:\"\";s:19:\"WATERMARK_TEXT_FONT\";s:0:\"\";s:20:\"WATERMARK_TEXT_COLOR\";s:0:\"\";s:19:\"WATERMARK_TEXT_SIZE\";s:0:\"\";s:23:\"WATERMARK_TEXT_POSITION\";s:2:\"tl\";s:18:\"USE_WATERMARK_FILE\";s:1:\"N\";s:14:\"WATERMARK_FILE\";s:0:\"\";s:20:\"WATERMARK_FILE_ALPHA\";s:0:\"\";s:23:\"WATERMARK_FILE_POSITION\";s:2:\"tl\";s:20:\"WATERMARK_FILE_ORDER\";N;}'),
(6, 'PREVIEW_TEXT', 'N', ''),
(6, 'PREVIEW_TEXT_TYPE', 'Y', 'text'),
(6, 'PREVIEW_TEXT_TYPE_ALLOW_CHANGE', 'N', 'Y'),
(6, 'SECTION_CODE', 'N', 'a:8:{s:6:\"UNIQUE\";s:1:\"N\";s:15:\"TRANSLITERATION\";s:1:\"N\";s:9:\"TRANS_LEN\";i:100;s:10:\"TRANS_CASE\";s:1:\"L\";s:11:\"TRANS_SPACE\";s:1:\"-\";s:11:\"TRANS_OTHER\";s:1:\"-\";s:9:\"TRANS_EAT\";s:1:\"Y\";s:10:\"USE_GOOGLE\";s:1:\"N\";}'),
(6, 'SECTION_DESCRIPTION', 'N', ''),
(6, 'SECTION_DESCRIPTION_TYPE', 'Y', 'text'),
(6, 'SECTION_DESCRIPTION_TYPE_ALLOW_CHANGE', 'N', 'Y'),
(6, 'SECTION_DETAIL_PICTURE', 'N', 'a:17:{s:5:\"SCALE\";s:1:\"N\";s:5:\"WIDTH\";s:0:\"\";s:6:\"HEIGHT\";s:0:\"\";s:13:\"IGNORE_ERRORS\";s:1:\"N\";s:6:\"METHOD\";s:8:\"resample\";s:11:\"COMPRESSION\";i:95;s:18:\"USE_WATERMARK_TEXT\";s:1:\"N\";s:14:\"WATERMARK_TEXT\";s:0:\"\";s:19:\"WATERMARK_TEXT_FONT\";s:0:\"\";s:20:\"WATERMARK_TEXT_COLOR\";s:0:\"\";s:19:\"WATERMARK_TEXT_SIZE\";s:0:\"\";s:23:\"WATERMARK_TEXT_POSITION\";s:2:\"tl\";s:18:\"USE_WATERMARK_FILE\";s:1:\"N\";s:14:\"WATERMARK_FILE\";s:0:\"\";s:20:\"WATERMARK_FILE_ALPHA\";s:0:\"\";s:23:\"WATERMARK_FILE_POSITION\";s:2:\"tl\";s:20:\"WATERMARK_FILE_ORDER\";N;}'),
(6, 'SECTION_NAME', 'Y', ''),
(6, 'SECTION_PICTURE', 'N', 'a:20:{s:11:\"FROM_DETAIL\";s:1:\"N\";s:5:\"SCALE\";s:1:\"N\";s:5:\"WIDTH\";s:0:\"\";s:6:\"HEIGHT\";s:0:\"\";s:13:\"IGNORE_ERRORS\";s:1:\"N\";s:6:\"METHOD\";s:8:\"resample\";s:11:\"COMPRESSION\";i:95;s:18:\"DELETE_WITH_DETAIL\";s:1:\"N\";s:18:\"UPDATE_WITH_DETAIL\";s:1:\"N\";s:18:\"USE_WATERMARK_TEXT\";s:1:\"N\";s:14:\"WATERMARK_TEXT\";s:0:\"\";s:19:\"WATERMARK_TEXT_FONT\";s:0:\"\";s:20:\"WATERMARK_TEXT_COLOR\";s:0:\"\";s:19:\"WATERMARK_TEXT_SIZE\";s:0:\"\";s:23:\"WATERMARK_TEXT_POSITION\";s:2:\"tl\";s:18:\"USE_WATERMARK_FILE\";s:1:\"N\";s:14:\"WATERMARK_FILE\";s:0:\"\";s:20:\"WATERMARK_FILE_ALPHA\";s:0:\"\";s:23:\"WATERMARK_FILE_POSITION\";s:2:\"tl\";s:20:\"WATERMARK_FILE_ORDER\";N;}'),
(6, 'SECTION_XML_ID', 'N', ''),
(6, 'SORT', 'N', '0'),
(6, 'TAGS', 'N', ''),
(6, 'XML_ID', 'Y', ''),
(6, 'XML_IMPORT_START_TIME', 'N', NULL),
(7, 'ACTIVE', 'Y', 'Y'),
(7, 'ACTIVE_FROM', 'N', ''),
(7, 'ACTIVE_TO', 'N', ''),
(7, 'CODE', 'Y', 'a:8:{s:6:\"UNIQUE\";s:1:\"Y\";s:15:\"TRANSLITERATION\";s:1:\"Y\";s:9:\"TRANS_LEN\";i:100;s:10:\"TRANS_CASE\";s:1:\"L\";s:11:\"TRANS_SPACE\";s:1:\"-\";s:11:\"TRANS_OTHER\";s:1:\"-\";s:9:\"TRANS_EAT\";s:1:\"Y\";s:10:\"USE_GOOGLE\";s:1:\"N\";}'),
(7, 'DETAIL_PICTURE', 'N', 'a:17:{s:5:\"SCALE\";s:1:\"N\";s:5:\"WIDTH\";s:0:\"\";s:6:\"HEIGHT\";s:0:\"\";s:13:\"IGNORE_ERRORS\";s:1:\"N\";s:6:\"METHOD\";s:8:\"resample\";s:11:\"COMPRESSION\";i:95;s:18:\"USE_WATERMARK_TEXT\";s:1:\"N\";s:14:\"WATERMARK_TEXT\";s:0:\"\";s:19:\"WATERMARK_TEXT_FONT\";s:0:\"\";s:20:\"WATERMARK_TEXT_COLOR\";s:0:\"\";s:19:\"WATERMARK_TEXT_SIZE\";s:0:\"\";s:23:\"WATERMARK_TEXT_POSITION\";s:2:\"tl\";s:18:\"USE_WATERMARK_FILE\";s:1:\"N\";s:14:\"WATERMARK_FILE\";s:0:\"\";s:20:\"WATERMARK_FILE_ALPHA\";s:0:\"\";s:23:\"WATERMARK_FILE_POSITION\";s:2:\"tl\";s:20:\"WATERMARK_FILE_ORDER\";N;}'),
(7, 'DETAIL_TEXT', 'N', ''),
(7, 'DETAIL_TEXT_TYPE', 'Y', 'text'),
(7, 'DETAIL_TEXT_TYPE_ALLOW_CHANGE', 'N', 'Y'),
(7, 'IBLOCK_SECTION', 'N', 'a:1:{s:22:\"KEEP_IBLOCK_SECTION_ID\";s:1:\"N\";}'),
(7, 'LOG_ELEMENT_ADD', 'N', NULL),
(7, 'LOG_ELEMENT_DELETE', 'N', NULL),
(7, 'LOG_ELEMENT_EDIT', 'N', NULL),
(7, 'LOG_SECTION_ADD', 'N', NULL),
(7, 'LOG_SECTION_DELETE', 'N', NULL),
(7, 'LOG_SECTION_EDIT', 'N', NULL),
(7, 'NAME', 'Y', ''),
(7, 'PREVIEW_PICTURE', 'N', 'a:20:{s:11:\"FROM_DETAIL\";s:1:\"N\";s:5:\"SCALE\";s:1:\"N\";s:5:\"WIDTH\";s:0:\"\";s:6:\"HEIGHT\";s:0:\"\";s:13:\"IGNORE_ERRORS\";s:1:\"N\";s:6:\"METHOD\";s:8:\"resample\";s:11:\"COMPRESSION\";i:95;s:18:\"DELETE_WITH_DETAIL\";s:1:\"N\";s:18:\"UPDATE_WITH_DETAIL\";s:1:\"N\";s:18:\"USE_WATERMARK_TEXT\";s:1:\"N\";s:14:\"WATERMARK_TEXT\";s:0:\"\";s:19:\"WATERMARK_TEXT_FONT\";s:0:\"\";s:20:\"WATERMARK_TEXT_COLOR\";s:0:\"\";s:19:\"WATERMARK_TEXT_SIZE\";s:0:\"\";s:23:\"WATERMARK_TEXT_POSITION\";s:2:\"tl\";s:18:\"USE_WATERMARK_FILE\";s:1:\"N\";s:14:\"WATERMARK_FILE\";s:0:\"\";s:20:\"WATERMARK_FILE_ALPHA\";s:0:\"\";s:23:\"WATERMARK_FILE_POSITION\";s:2:\"tl\";s:20:\"WATERMARK_FILE_ORDER\";N;}'),
(7, 'PREVIEW_TEXT', 'N', ''),
(7, 'PREVIEW_TEXT_TYPE', 'Y', 'text'),
(7, 'PREVIEW_TEXT_TYPE_ALLOW_CHANGE', 'N', 'Y'),
(7, 'SECTION_CODE', 'N', 'a:8:{s:6:\"UNIQUE\";s:1:\"N\";s:15:\"TRANSLITERATION\";s:1:\"N\";s:9:\"TRANS_LEN\";i:100;s:10:\"TRANS_CASE\";s:1:\"L\";s:11:\"TRANS_SPACE\";s:1:\"-\";s:11:\"TRANS_OTHER\";s:1:\"-\";s:9:\"TRANS_EAT\";s:1:\"Y\";s:10:\"USE_GOOGLE\";s:1:\"N\";}'),
(7, 'SECTION_DESCRIPTION', 'N', ''),
(7, 'SECTION_DESCRIPTION_TYPE', 'Y', 'text'),
(7, 'SECTION_DESCRIPTION_TYPE_ALLOW_CHANGE', 'N', 'Y'),
(7, 'SECTION_DETAIL_PICTURE', 'N', 'a:17:{s:5:\"SCALE\";s:1:\"N\";s:5:\"WIDTH\";s:0:\"\";s:6:\"HEIGHT\";s:0:\"\";s:13:\"IGNORE_ERRORS\";s:1:\"N\";s:6:\"METHOD\";s:8:\"resample\";s:11:\"COMPRESSION\";i:95;s:18:\"USE_WATERMARK_TEXT\";s:1:\"N\";s:14:\"WATERMARK_TEXT\";s:0:\"\";s:19:\"WATERMARK_TEXT_FONT\";s:0:\"\";s:20:\"WATERMARK_TEXT_COLOR\";s:0:\"\";s:19:\"WATERMARK_TEXT_SIZE\";s:0:\"\";s:23:\"WATERMARK_TEXT_POSITION\";s:2:\"tl\";s:18:\"USE_WATERMARK_FILE\";s:1:\"N\";s:14:\"WATERMARK_FILE\";s:0:\"\";s:20:\"WATERMARK_FILE_ALPHA\";s:0:\"\";s:23:\"WATERMARK_FILE_POSITION\";s:2:\"tl\";s:20:\"WATERMARK_FILE_ORDER\";N;}'),
(7, 'SECTION_NAME', 'Y', ''),
(7, 'SECTION_PICTURE', 'N', 'a:20:{s:11:\"FROM_DETAIL\";s:1:\"N\";s:5:\"SCALE\";s:1:\"N\";s:5:\"WIDTH\";s:0:\"\";s:6:\"HEIGHT\";s:0:\"\";s:13:\"IGNORE_ERRORS\";s:1:\"N\";s:6:\"METHOD\";s:8:\"resample\";s:11:\"COMPRESSION\";i:95;s:18:\"DELETE_WITH_DETAIL\";s:1:\"N\";s:18:\"UPDATE_WITH_DETAIL\";s:1:\"N\";s:18:\"USE_WATERMARK_TEXT\";s:1:\"N\";s:14:\"WATERMARK_TEXT\";s:0:\"\";s:19:\"WATERMARK_TEXT_FONT\";s:0:\"\";s:20:\"WATERMARK_TEXT_COLOR\";s:0:\"\";s:19:\"WATERMARK_TEXT_SIZE\";s:0:\"\";s:23:\"WATERMARK_TEXT_POSITION\";s:2:\"tl\";s:18:\"USE_WATERMARK_FILE\";s:1:\"N\";s:14:\"WATERMARK_FILE\";s:0:\"\";s:20:\"WATERMARK_FILE_ALPHA\";s:0:\"\";s:23:\"WATERMARK_FILE_POSITION\";s:2:\"tl\";s:20:\"WATERMARK_FILE_ORDER\";N;}'),
(7, 'SECTION_XML_ID', 'N', ''),
(7, 'SORT', 'N', '0'),
(7, 'TAGS', 'N', ''),
(7, 'XML_ID', 'Y', ''),
(7, 'XML_IMPORT_START_TIME', 'N', NULL),
(8, 'ACTIVE', 'Y', 'Y'),
(8, 'ACTIVE_FROM', 'N', ''),
(8, 'ACTIVE_TO', 'N', ''),
(8, 'CODE', 'N', 'a:8:{s:6:\"UNIQUE\";s:1:\"N\";s:15:\"TRANSLITERATION\";s:1:\"N\";s:9:\"TRANS_LEN\";i:100;s:10:\"TRANS_CASE\";s:1:\"L\";s:11:\"TRANS_SPACE\";s:1:\"-\";s:11:\"TRANS_OTHER\";s:1:\"-\";s:9:\"TRANS_EAT\";s:1:\"Y\";s:10:\"USE_GOOGLE\";s:1:\"N\";}'),
(8, 'DETAIL_PICTURE', 'N', 'a:17:{s:5:\"SCALE\";s:1:\"N\";s:5:\"WIDTH\";s:0:\"\";s:6:\"HEIGHT\";s:0:\"\";s:13:\"IGNORE_ERRORS\";s:1:\"N\";s:6:\"METHOD\";s:8:\"resample\";s:11:\"COMPRESSION\";i:95;s:18:\"USE_WATERMARK_TEXT\";s:1:\"N\";s:14:\"WATERMARK_TEXT\";s:0:\"\";s:19:\"WATERMARK_TEXT_FONT\";s:0:\"\";s:20:\"WATERMARK_TEXT_COLOR\";s:0:\"\";s:19:\"WATERMARK_TEXT_SIZE\";s:0:\"\";s:23:\"WATERMARK_TEXT_POSITION\";s:2:\"tl\";s:18:\"USE_WATERMARK_FILE\";s:1:\"N\";s:14:\"WATERMARK_FILE\";s:0:\"\";s:20:\"WATERMARK_FILE_ALPHA\";s:0:\"\";s:23:\"WATERMARK_FILE_POSITION\";s:2:\"tl\";s:20:\"WATERMARK_FILE_ORDER\";N;}'),
(8, 'DETAIL_TEXT', 'N', ''),
(8, 'DETAIL_TEXT_TYPE', 'Y', 'text'),
(8, 'DETAIL_TEXT_TYPE_ALLOW_CHANGE', 'N', 'Y'),
(8, 'IBLOCK_SECTION', 'N', 'a:1:{s:22:\"KEEP_IBLOCK_SECTION_ID\";s:1:\"N\";}'),
(8, 'LOG_ELEMENT_ADD', 'N', NULL),
(8, 'LOG_ELEMENT_DELETE', 'N', NULL),
(8, 'LOG_ELEMENT_EDIT', 'N', NULL),
(8, 'LOG_SECTION_ADD', 'N', NULL),
(8, 'LOG_SECTION_DELETE', 'N', NULL),
(8, 'LOG_SECTION_EDIT', 'N', NULL),
(8, 'NAME', 'Y', ''),
(8, 'PREVIEW_PICTURE', 'N', 'a:20:{s:11:\"FROM_DETAIL\";s:1:\"N\";s:5:\"SCALE\";s:1:\"N\";s:5:\"WIDTH\";s:0:\"\";s:6:\"HEIGHT\";s:0:\"\";s:13:\"IGNORE_ERRORS\";s:1:\"N\";s:6:\"METHOD\";s:8:\"resample\";s:11:\"COMPRESSION\";i:95;s:18:\"DELETE_WITH_DETAIL\";s:1:\"N\";s:18:\"UPDATE_WITH_DETAIL\";s:1:\"N\";s:18:\"USE_WATERMARK_TEXT\";s:1:\"N\";s:14:\"WATERMARK_TEXT\";s:0:\"\";s:19:\"WATERMARK_TEXT_FONT\";s:0:\"\";s:20:\"WATERMARK_TEXT_COLOR\";s:0:\"\";s:19:\"WATERMARK_TEXT_SIZE\";s:0:\"\";s:23:\"WATERMARK_TEXT_POSITION\";s:2:\"tl\";s:18:\"USE_WATERMARK_FILE\";s:1:\"N\";s:14:\"WATERMARK_FILE\";s:0:\"\";s:20:\"WATERMARK_FILE_ALPHA\";s:0:\"\";s:23:\"WATERMARK_FILE_POSITION\";s:2:\"tl\";s:20:\"WATERMARK_FILE_ORDER\";N;}'),
(8, 'PREVIEW_TEXT', 'N', ''),
(8, 'PREVIEW_TEXT_TYPE', 'Y', 'text'),
(8, 'PREVIEW_TEXT_TYPE_ALLOW_CHANGE', 'N', 'Y'),
(8, 'SECTION_CODE', 'N', 'a:8:{s:6:\"UNIQUE\";s:1:\"N\";s:15:\"TRANSLITERATION\";s:1:\"N\";s:9:\"TRANS_LEN\";i:100;s:10:\"TRANS_CASE\";s:1:\"L\";s:11:\"TRANS_SPACE\";s:1:\"-\";s:11:\"TRANS_OTHER\";s:1:\"-\";s:9:\"TRANS_EAT\";s:1:\"Y\";s:10:\"USE_GOOGLE\";s:1:\"N\";}'),
(8, 'SECTION_DESCRIPTION', 'N', ''),
(8, 'SECTION_DESCRIPTION_TYPE', 'Y', 'text'),
(8, 'SECTION_DESCRIPTION_TYPE_ALLOW_CHANGE', 'N', 'Y'),
(8, 'SECTION_DETAIL_PICTURE', 'N', 'a:17:{s:5:\"SCALE\";s:1:\"N\";s:5:\"WIDTH\";s:0:\"\";s:6:\"HEIGHT\";s:0:\"\";s:13:\"IGNORE_ERRORS\";s:1:\"N\";s:6:\"METHOD\";s:8:\"resample\";s:11:\"COMPRESSION\";i:95;s:18:\"USE_WATERMARK_TEXT\";s:1:\"N\";s:14:\"WATERMARK_TEXT\";s:0:\"\";s:19:\"WATERMARK_TEXT_FONT\";s:0:\"\";s:20:\"WATERMARK_TEXT_COLOR\";s:0:\"\";s:19:\"WATERMARK_TEXT_SIZE\";s:0:\"\";s:23:\"WATERMARK_TEXT_POSITION\";s:2:\"tl\";s:18:\"USE_WATERMARK_FILE\";s:1:\"N\";s:14:\"WATERMARK_FILE\";s:0:\"\";s:20:\"WATERMARK_FILE_ALPHA\";s:0:\"\";s:23:\"WATERMARK_FILE_POSITION\";s:2:\"tl\";s:20:\"WATERMARK_FILE_ORDER\";N;}'),
(8, 'SECTION_NAME', 'Y', ''),
(8, 'SECTION_PICTURE', 'N', 'a:20:{s:11:\"FROM_DETAIL\";s:1:\"N\";s:5:\"SCALE\";s:1:\"N\";s:5:\"WIDTH\";s:0:\"\";s:6:\"HEIGHT\";s:0:\"\";s:13:\"IGNORE_ERRORS\";s:1:\"N\";s:6:\"METHOD\";s:8:\"resample\";s:11:\"COMPRESSION\";i:95;s:18:\"DELETE_WITH_DETAIL\";s:1:\"N\";s:18:\"UPDATE_WITH_DETAIL\";s:1:\"N\";s:18:\"USE_WATERMARK_TEXT\";s:1:\"N\";s:14:\"WATERMARK_TEXT\";s:0:\"\";s:19:\"WATERMARK_TEXT_FONT\";s:0:\"\";s:20:\"WATERMARK_TEXT_COLOR\";s:0:\"\";s:19:\"WATERMARK_TEXT_SIZE\";s:0:\"\";s:23:\"WATERMARK_TEXT_POSITION\";s:2:\"tl\";s:18:\"USE_WATERMARK_FILE\";s:1:\"N\";s:14:\"WATERMARK_FILE\";s:0:\"\";s:20:\"WATERMARK_FILE_ALPHA\";s:0:\"\";s:23:\"WATERMARK_FILE_POSITION\";s:2:\"tl\";s:20:\"WATERMARK_FILE_ORDER\";N;}'),
(8, 'SECTION_XML_ID', 'N', ''),
(8, 'SORT', 'N', '0'),
(8, 'TAGS', 'N', ''),
(8, 'XML_ID', 'Y', ''),
(8, 'XML_IMPORT_START_TIME', 'N', NULL),
(9, 'ACTIVE', 'Y', 'Y'),
(9, 'ACTIVE_FROM', 'N', ''),
(9, 'ACTIVE_TO', 'N', ''),
(9, 'CODE', 'Y', 'a:8:{s:6:\"UNIQUE\";s:1:\"Y\";s:15:\"TRANSLITERATION\";s:1:\"Y\";s:9:\"TRANS_LEN\";i:100;s:10:\"TRANS_CASE\";s:1:\"L\";s:11:\"TRANS_SPACE\";s:1:\"-\";s:11:\"TRANS_OTHER\";s:1:\"-\";s:9:\"TRANS_EAT\";s:1:\"Y\";s:10:\"USE_GOOGLE\";s:1:\"N\";}'),
(9, 'DETAIL_PICTURE', 'N', 'a:17:{s:5:\"SCALE\";s:1:\"N\";s:5:\"WIDTH\";s:0:\"\";s:6:\"HEIGHT\";s:0:\"\";s:13:\"IGNORE_ERRORS\";s:1:\"N\";s:6:\"METHOD\";s:8:\"resample\";s:11:\"COMPRESSION\";i:95;s:18:\"USE_WATERMARK_TEXT\";s:1:\"N\";s:14:\"WATERMARK_TEXT\";s:0:\"\";s:19:\"WATERMARK_TEXT_FONT\";s:0:\"\";s:20:\"WATERMARK_TEXT_COLOR\";s:0:\"\";s:19:\"WATERMARK_TEXT_SIZE\";s:0:\"\";s:23:\"WATERMARK_TEXT_POSITION\";s:2:\"tl\";s:18:\"USE_WATERMARK_FILE\";s:1:\"N\";s:14:\"WATERMARK_FILE\";s:0:\"\";s:20:\"WATERMARK_FILE_ALPHA\";s:0:\"\";s:23:\"WATERMARK_FILE_POSITION\";s:2:\"tl\";s:20:\"WATERMARK_FILE_ORDER\";N;}'),
(9, 'DETAIL_TEXT', 'N', ''),
(9, 'DETAIL_TEXT_TYPE', 'Y', 'text'),
(9, 'DETAIL_TEXT_TYPE_ALLOW_CHANGE', 'N', 'Y'),
(9, 'IBLOCK_SECTION', 'N', 'a:1:{s:22:\"KEEP_IBLOCK_SECTION_ID\";s:1:\"N\";}'),
(9, 'LOG_ELEMENT_ADD', 'N', NULL),
(9, 'LOG_ELEMENT_DELETE', 'N', NULL),
(9, 'LOG_ELEMENT_EDIT', 'N', NULL),
(9, 'LOG_SECTION_ADD', 'N', NULL),
(9, 'LOG_SECTION_DELETE', 'N', NULL),
(9, 'LOG_SECTION_EDIT', 'N', NULL),
(9, 'NAME', 'Y', ''),
(9, 'PREVIEW_PICTURE', 'N', 'a:20:{s:11:\"FROM_DETAIL\";s:1:\"N\";s:5:\"SCALE\";s:1:\"N\";s:5:\"WIDTH\";s:0:\"\";s:6:\"HEIGHT\";s:0:\"\";s:13:\"IGNORE_ERRORS\";s:1:\"N\";s:6:\"METHOD\";s:8:\"resample\";s:11:\"COMPRESSION\";i:95;s:18:\"DELETE_WITH_DETAIL\";s:1:\"N\";s:18:\"UPDATE_WITH_DETAIL\";s:1:\"N\";s:18:\"USE_WATERMARK_TEXT\";s:1:\"N\";s:14:\"WATERMARK_TEXT\";s:0:\"\";s:19:\"WATERMARK_TEXT_FONT\";s:0:\"\";s:20:\"WATERMARK_TEXT_COLOR\";s:0:\"\";s:19:\"WATERMARK_TEXT_SIZE\";s:0:\"\";s:23:\"WATERMARK_TEXT_POSITION\";s:2:\"tl\";s:18:\"USE_WATERMARK_FILE\";s:1:\"N\";s:14:\"WATERMARK_FILE\";s:0:\"\";s:20:\"WATERMARK_FILE_ALPHA\";s:0:\"\";s:23:\"WATERMARK_FILE_POSITION\";s:2:\"tl\";s:20:\"WATERMARK_FILE_ORDER\";N;}'),
(9, 'PREVIEW_TEXT', 'N', ''),
(9, 'PREVIEW_TEXT_TYPE', 'Y', 'text'),
(9, 'PREVIEW_TEXT_TYPE_ALLOW_CHANGE', 'N', 'Y'),
(9, 'SECTION_CODE', 'N', 'a:8:{s:6:\"UNIQUE\";s:1:\"N\";s:15:\"TRANSLITERATION\";s:1:\"N\";s:9:\"TRANS_LEN\";i:100;s:10:\"TRANS_CASE\";s:1:\"L\";s:11:\"TRANS_SPACE\";s:1:\"-\";s:11:\"TRANS_OTHER\";s:1:\"-\";s:9:\"TRANS_EAT\";s:1:\"Y\";s:10:\"USE_GOOGLE\";s:1:\"N\";}'),
(9, 'SECTION_DESCRIPTION', 'N', ''),
(9, 'SECTION_DESCRIPTION_TYPE', 'Y', 'text'),
(9, 'SECTION_DESCRIPTION_TYPE_ALLOW_CHANGE', 'N', 'Y'),
(9, 'SECTION_DETAIL_PICTURE', 'N', 'a:17:{s:5:\"SCALE\";s:1:\"N\";s:5:\"WIDTH\";s:0:\"\";s:6:\"HEIGHT\";s:0:\"\";s:13:\"IGNORE_ERRORS\";s:1:\"N\";s:6:\"METHOD\";s:8:\"resample\";s:11:\"COMPRESSION\";i:95;s:18:\"USE_WATERMARK_TEXT\";s:1:\"N\";s:14:\"WATERMARK_TEXT\";s:0:\"\";s:19:\"WATERMARK_TEXT_FONT\";s:0:\"\";s:20:\"WATERMARK_TEXT_COLOR\";s:0:\"\";s:19:\"WATERMARK_TEXT_SIZE\";s:0:\"\";s:23:\"WATERMARK_TEXT_POSITION\";s:2:\"tl\";s:18:\"USE_WATERMARK_FILE\";s:1:\"N\";s:14:\"WATERMARK_FILE\";s:0:\"\";s:20:\"WATERMARK_FILE_ALPHA\";s:0:\"\";s:23:\"WATERMARK_FILE_POSITION\";s:2:\"tl\";s:20:\"WATERMARK_FILE_ORDER\";N;}'),
(9, 'SECTION_NAME', 'Y', ''),
(9, 'SECTION_PICTURE', 'N', 'a:20:{s:11:\"FROM_DETAIL\";s:1:\"N\";s:5:\"SCALE\";s:1:\"N\";s:5:\"WIDTH\";s:0:\"\";s:6:\"HEIGHT\";s:0:\"\";s:13:\"IGNORE_ERRORS\";s:1:\"N\";s:6:\"METHOD\";s:8:\"resample\";s:11:\"COMPRESSION\";i:95;s:18:\"DELETE_WITH_DETAIL\";s:1:\"N\";s:18:\"UPDATE_WITH_DETAIL\";s:1:\"N\";s:18:\"USE_WATERMARK_TEXT\";s:1:\"N\";s:14:\"WATERMARK_TEXT\";s:0:\"\";s:19:\"WATERMARK_TEXT_FONT\";s:0:\"\";s:20:\"WATERMARK_TEXT_COLOR\";s:0:\"\";s:19:\"WATERMARK_TEXT_SIZE\";s:0:\"\";s:23:\"WATERMARK_TEXT_POSITION\";s:2:\"tl\";s:18:\"USE_WATERMARK_FILE\";s:1:\"N\";s:14:\"WATERMARK_FILE\";s:0:\"\";s:20:\"WATERMARK_FILE_ALPHA\";s:0:\"\";s:23:\"WATERMARK_FILE_POSITION\";s:2:\"tl\";s:20:\"WATERMARK_FILE_ORDER\";N;}'),
(9, 'SECTION_XML_ID', 'N', ''),
(9, 'SORT', 'N', '0'),
(9, 'TAGS', 'N', ''),
(9, 'XML_ID', 'Y', ''),
(9, 'XML_IMPORT_START_TIME', 'N', NULL),
(11, 'ACTIVE', 'Y', 'Y'),
(11, 'ACTIVE_FROM', 'N', ''),
(11, 'ACTIVE_TO', 'N', ''),
(11, 'CODE', 'Y', 'a:8:{s:6:\"UNIQUE\";s:1:\"Y\";s:15:\"TRANSLITERATION\";s:1:\"Y\";s:9:\"TRANS_LEN\";i:100;s:10:\"TRANS_CASE\";s:1:\"L\";s:11:\"TRANS_SPACE\";s:1:\"-\";s:11:\"TRANS_OTHER\";s:1:\"-\";s:9:\"TRANS_EAT\";s:1:\"Y\";s:10:\"USE_GOOGLE\";s:1:\"N\";}'),
(11, 'DETAIL_PICTURE', 'N', 'a:17:{s:5:\"SCALE\";s:1:\"N\";s:5:\"WIDTH\";s:0:\"\";s:6:\"HEIGHT\";s:0:\"\";s:13:\"IGNORE_ERRORS\";s:1:\"N\";s:6:\"METHOD\";s:8:\"resample\";s:11:\"COMPRESSION\";i:95;s:18:\"USE_WATERMARK_TEXT\";s:1:\"N\";s:14:\"WATERMARK_TEXT\";s:0:\"\";s:19:\"WATERMARK_TEXT_FONT\";s:0:\"\";s:20:\"WATERMARK_TEXT_COLOR\";s:0:\"\";s:19:\"WATERMARK_TEXT_SIZE\";s:0:\"\";s:23:\"WATERMARK_TEXT_POSITION\";s:2:\"tl\";s:18:\"USE_WATERMARK_FILE\";s:1:\"N\";s:14:\"WATERMARK_FILE\";s:0:\"\";s:20:\"WATERMARK_FILE_ALPHA\";s:0:\"\";s:23:\"WATERMARK_FILE_POSITION\";s:2:\"tl\";s:20:\"WATERMARK_FILE_ORDER\";N;}'),
(11, 'DETAIL_TEXT', 'N', ''),
(11, 'DETAIL_TEXT_TYPE', 'Y', 'text'),
(11, 'DETAIL_TEXT_TYPE_ALLOW_CHANGE', 'N', 'Y'),
(11, 'IBLOCK_SECTION', 'N', 'a:1:{s:22:\"KEEP_IBLOCK_SECTION_ID\";s:1:\"N\";}'),
(11, 'LOG_ELEMENT_ADD', 'N', NULL),
(11, 'LOG_ELEMENT_DELETE', 'N', NULL),
(11, 'LOG_ELEMENT_EDIT', 'N', NULL),
(11, 'LOG_SECTION_ADD', 'N', NULL),
(11, 'LOG_SECTION_DELETE', 'N', NULL),
(11, 'LOG_SECTION_EDIT', 'N', NULL),
(11, 'NAME', 'Y', ''),
(11, 'PREVIEW_PICTURE', 'N', 'a:20:{s:11:\"FROM_DETAIL\";s:1:\"N\";s:5:\"SCALE\";s:1:\"N\";s:5:\"WIDTH\";s:0:\"\";s:6:\"HEIGHT\";s:0:\"\";s:13:\"IGNORE_ERRORS\";s:1:\"N\";s:6:\"METHOD\";s:8:\"resample\";s:11:\"COMPRESSION\";i:95;s:18:\"DELETE_WITH_DETAIL\";s:1:\"N\";s:18:\"UPDATE_WITH_DETAIL\";s:1:\"N\";s:18:\"USE_WATERMARK_TEXT\";s:1:\"N\";s:14:\"WATERMARK_TEXT\";s:0:\"\";s:19:\"WATERMARK_TEXT_FONT\";s:0:\"\";s:20:\"WATERMARK_TEXT_COLOR\";s:0:\"\";s:19:\"WATERMARK_TEXT_SIZE\";s:0:\"\";s:23:\"WATERMARK_TEXT_POSITION\";s:2:\"tl\";s:18:\"USE_WATERMARK_FILE\";s:1:\"N\";s:14:\"WATERMARK_FILE\";s:0:\"\";s:20:\"WATERMARK_FILE_ALPHA\";s:0:\"\";s:23:\"WATERMARK_FILE_POSITION\";s:2:\"tl\";s:20:\"WATERMARK_FILE_ORDER\";N;}'),
(11, 'PREVIEW_TEXT', 'N', ''),
(11, 'PREVIEW_TEXT_TYPE', 'Y', 'text'),
(11, 'PREVIEW_TEXT_TYPE_ALLOW_CHANGE', 'N', 'Y'),
(11, 'SECTION_CODE', 'N', 'a:8:{s:6:\"UNIQUE\";s:1:\"N\";s:15:\"TRANSLITERATION\";s:1:\"N\";s:9:\"TRANS_LEN\";i:100;s:10:\"TRANS_CASE\";s:1:\"L\";s:11:\"TRANS_SPACE\";s:1:\"-\";s:11:\"TRANS_OTHER\";s:1:\"-\";s:9:\"TRANS_EAT\";s:1:\"Y\";s:10:\"USE_GOOGLE\";s:1:\"N\";}'),
(11, 'SECTION_DESCRIPTION', 'N', ''),
(11, 'SECTION_DESCRIPTION_TYPE', 'Y', 'text'),
(11, 'SECTION_DESCRIPTION_TYPE_ALLOW_CHANGE', 'N', 'Y'),
(11, 'SECTION_DETAIL_PICTURE', 'N', 'a:17:{s:5:\"SCALE\";s:1:\"N\";s:5:\"WIDTH\";s:0:\"\";s:6:\"HEIGHT\";s:0:\"\";s:13:\"IGNORE_ERRORS\";s:1:\"N\";s:6:\"METHOD\";s:8:\"resample\";s:11:\"COMPRESSION\";i:95;s:18:\"USE_WATERMARK_TEXT\";s:1:\"N\";s:14:\"WATERMARK_TEXT\";s:0:\"\";s:19:\"WATERMARK_TEXT_FONT\";s:0:\"\";s:20:\"WATERMARK_TEXT_COLOR\";s:0:\"\";s:19:\"WATERMARK_TEXT_SIZE\";s:0:\"\";s:23:\"WATERMARK_TEXT_POSITION\";s:2:\"tl\";s:18:\"USE_WATERMARK_FILE\";s:1:\"N\";s:14:\"WATERMARK_FILE\";s:0:\"\";s:20:\"WATERMARK_FILE_ALPHA\";s:0:\"\";s:23:\"WATERMARK_FILE_POSITION\";s:2:\"tl\";s:20:\"WATERMARK_FILE_ORDER\";N;}'),
(11, 'SECTION_NAME', 'Y', ''),
(11, 'SECTION_PICTURE', 'N', 'a:20:{s:11:\"FROM_DETAIL\";s:1:\"N\";s:5:\"SCALE\";s:1:\"N\";s:5:\"WIDTH\";s:0:\"\";s:6:\"HEIGHT\";s:0:\"\";s:13:\"IGNORE_ERRORS\";s:1:\"N\";s:6:\"METHOD\";s:8:\"resample\";s:11:\"COMPRESSION\";i:95;s:18:\"DELETE_WITH_DETAIL\";s:1:\"N\";s:18:\"UPDATE_WITH_DETAIL\";s:1:\"N\";s:18:\"USE_WATERMARK_TEXT\";s:1:\"N\";s:14:\"WATERMARK_TEXT\";s:0:\"\";s:19:\"WATERMARK_TEXT_FONT\";s:0:\"\";s:20:\"WATERMARK_TEXT_COLOR\";s:0:\"\";s:19:\"WATERMARK_TEXT_SIZE\";s:0:\"\";s:23:\"WATERMARK_TEXT_POSITION\";s:2:\"tl\";s:18:\"USE_WATERMARK_FILE\";s:1:\"N\";s:14:\"WATERMARK_FILE\";s:0:\"\";s:20:\"WATERMARK_FILE_ALPHA\";s:0:\"\";s:23:\"WATERMARK_FILE_POSITION\";s:2:\"tl\";s:20:\"WATERMARK_FILE_ORDER\";N;}'),
(11, 'SECTION_XML_ID', 'N', ''),
(11, 'SORT', 'N', '0'),
(11, 'TAGS', 'N', ''),
(11, 'XML_ID', 'Y', ''),
(11, 'XML_IMPORT_START_TIME', 'N', NULL),
(12, 'ACTIVE', 'Y', 'Y'),
(12, 'ACTIVE_FROM', 'N', ''),
(12, 'ACTIVE_TO', 'N', ''),
(12, 'CODE', 'Y', 'a:8:{s:6:\"UNIQUE\";s:1:\"Y\";s:15:\"TRANSLITERATION\";s:1:\"Y\";s:9:\"TRANS_LEN\";i:100;s:10:\"TRANS_CASE\";s:1:\"L\";s:11:\"TRANS_SPACE\";s:1:\"-\";s:11:\"TRANS_OTHER\";s:1:\"-\";s:9:\"TRANS_EAT\";s:1:\"Y\";s:10:\"USE_GOOGLE\";s:1:\"N\";}'),
(12, 'DETAIL_PICTURE', 'N', 'a:17:{s:5:\"SCALE\";s:1:\"N\";s:5:\"WIDTH\";s:0:\"\";s:6:\"HEIGHT\";s:0:\"\";s:13:\"IGNORE_ERRORS\";s:1:\"N\";s:6:\"METHOD\";s:8:\"resample\";s:11:\"COMPRESSION\";i:95;s:18:\"USE_WATERMARK_TEXT\";s:1:\"N\";s:14:\"WATERMARK_TEXT\";s:0:\"\";s:19:\"WATERMARK_TEXT_FONT\";s:0:\"\";s:20:\"WATERMARK_TEXT_COLOR\";s:0:\"\";s:19:\"WATERMARK_TEXT_SIZE\";s:0:\"\";s:23:\"WATERMARK_TEXT_POSITION\";s:2:\"tl\";s:18:\"USE_WATERMARK_FILE\";s:1:\"N\";s:14:\"WATERMARK_FILE\";s:0:\"\";s:20:\"WATERMARK_FILE_ALPHA\";s:0:\"\";s:23:\"WATERMARK_FILE_POSITION\";s:2:\"tl\";s:20:\"WATERMARK_FILE_ORDER\";N;}'),
(12, 'DETAIL_TEXT', 'N', ''),
(12, 'DETAIL_TEXT_TYPE', 'Y', 'text'),
(12, 'DETAIL_TEXT_TYPE_ALLOW_CHANGE', 'N', 'Y'),
(12, 'IBLOCK_SECTION', 'N', 'a:1:{s:22:\"KEEP_IBLOCK_SECTION_ID\";s:1:\"N\";}'),
(12, 'LOG_ELEMENT_ADD', 'N', NULL),
(12, 'LOG_ELEMENT_DELETE', 'N', NULL),
(12, 'LOG_ELEMENT_EDIT', 'N', NULL),
(12, 'LOG_SECTION_ADD', 'N', NULL),
(12, 'LOG_SECTION_DELETE', 'N', NULL),
(12, 'LOG_SECTION_EDIT', 'N', NULL),
(12, 'NAME', 'Y', ''),
(12, 'PREVIEW_PICTURE', 'N', 'a:20:{s:11:\"FROM_DETAIL\";s:1:\"N\";s:5:\"SCALE\";s:1:\"N\";s:5:\"WIDTH\";s:0:\"\";s:6:\"HEIGHT\";s:0:\"\";s:13:\"IGNORE_ERRORS\";s:1:\"N\";s:6:\"METHOD\";s:8:\"resample\";s:11:\"COMPRESSION\";i:95;s:18:\"DELETE_WITH_DETAIL\";s:1:\"N\";s:18:\"UPDATE_WITH_DETAIL\";s:1:\"N\";s:18:\"USE_WATERMARK_TEXT\";s:1:\"N\";s:14:\"WATERMARK_TEXT\";s:0:\"\";s:19:\"WATERMARK_TEXT_FONT\";s:0:\"\";s:20:\"WATERMARK_TEXT_COLOR\";s:0:\"\";s:19:\"WATERMARK_TEXT_SIZE\";s:0:\"\";s:23:\"WATERMARK_TEXT_POSITION\";s:2:\"tl\";s:18:\"USE_WATERMARK_FILE\";s:1:\"N\";s:14:\"WATERMARK_FILE\";s:0:\"\";s:20:\"WATERMARK_FILE_ALPHA\";s:0:\"\";s:23:\"WATERMARK_FILE_POSITION\";s:2:\"tl\";s:20:\"WATERMARK_FILE_ORDER\";N;}'),
(12, 'PREVIEW_TEXT', 'N', ''),
(12, 'PREVIEW_TEXT_TYPE', 'Y', 'text'),
(12, 'PREVIEW_TEXT_TYPE_ALLOW_CHANGE', 'N', 'Y'),
(12, 'SECTION_CODE', 'N', 'a:8:{s:6:\"UNIQUE\";s:1:\"Y\";s:15:\"TRANSLITERATION\";s:1:\"Y\";s:9:\"TRANS_LEN\";i:100;s:10:\"TRANS_CASE\";s:1:\"L\";s:11:\"TRANS_SPACE\";s:1:\"-\";s:11:\"TRANS_OTHER\";s:1:\"-\";s:9:\"TRANS_EAT\";s:1:\"Y\";s:10:\"USE_GOOGLE\";s:1:\"N\";}'),
(12, 'SECTION_DESCRIPTION', 'N', ''),
(12, 'SECTION_DESCRIPTION_TYPE', 'Y', 'text'),
(12, 'SECTION_DESCRIPTION_TYPE_ALLOW_CHANGE', 'N', 'Y'),
(12, 'SECTION_DETAIL_PICTURE', 'N', 'a:17:{s:5:\"SCALE\";s:1:\"N\";s:5:\"WIDTH\";s:0:\"\";s:6:\"HEIGHT\";s:0:\"\";s:13:\"IGNORE_ERRORS\";s:1:\"N\";s:6:\"METHOD\";s:8:\"resample\";s:11:\"COMPRESSION\";i:95;s:18:\"USE_WATERMARK_TEXT\";s:1:\"N\";s:14:\"WATERMARK_TEXT\";s:0:\"\";s:19:\"WATERMARK_TEXT_FONT\";s:0:\"\";s:20:\"WATERMARK_TEXT_COLOR\";s:0:\"\";s:19:\"WATERMARK_TEXT_SIZE\";s:0:\"\";s:23:\"WATERMARK_TEXT_POSITION\";s:2:\"tl\";s:18:\"USE_WATERMARK_FILE\";s:1:\"N\";s:14:\"WATERMARK_FILE\";s:0:\"\";s:20:\"WATERMARK_FILE_ALPHA\";s:0:\"\";s:23:\"WATERMARK_FILE_POSITION\";s:2:\"tl\";s:20:\"WATERMARK_FILE_ORDER\";N;}'),
(12, 'SECTION_NAME', 'Y', ''),
(12, 'SECTION_PICTURE', 'N', 'a:20:{s:11:\"FROM_DETAIL\";s:1:\"N\";s:5:\"SCALE\";s:1:\"N\";s:5:\"WIDTH\";s:0:\"\";s:6:\"HEIGHT\";s:0:\"\";s:13:\"IGNORE_ERRORS\";s:1:\"N\";s:6:\"METHOD\";s:8:\"resample\";s:11:\"COMPRESSION\";i:95;s:18:\"DELETE_WITH_DETAIL\";s:1:\"N\";s:18:\"UPDATE_WITH_DETAIL\";s:1:\"N\";s:18:\"USE_WATERMARK_TEXT\";s:1:\"N\";s:14:\"WATERMARK_TEXT\";s:0:\"\";s:19:\"WATERMARK_TEXT_FONT\";s:0:\"\";s:20:\"WATERMARK_TEXT_COLOR\";s:0:\"\";s:19:\"WATERMARK_TEXT_SIZE\";s:0:\"\";s:23:\"WATERMARK_TEXT_POSITION\";s:2:\"tl\";s:18:\"USE_WATERMARK_FILE\";s:1:\"N\";s:14:\"WATERMARK_FILE\";s:0:\"\";s:20:\"WATERMARK_FILE_ALPHA\";s:0:\"\";s:23:\"WATERMARK_FILE_POSITION\";s:2:\"tl\";s:20:\"WATERMARK_FILE_ORDER\";N;}'),
(12, 'SECTION_XML_ID', 'N', ''),
(12, 'SORT', 'N', '0'),
(12, 'TAGS', 'N', ''),
(12, 'XML_ID', 'Y', ''),
(12, 'XML_IMPORT_START_TIME', 'N', NULL),
(13, 'ACTIVE', 'Y', 'Y'),
(13, 'ACTIVE_FROM', 'N', ''),
(13, 'ACTIVE_TO', 'N', ''),
(13, 'CODE', 'Y', 'a:8:{s:6:\"UNIQUE\";s:1:\"Y\";s:15:\"TRANSLITERATION\";s:1:\"Y\";s:9:\"TRANS_LEN\";i:100;s:10:\"TRANS_CASE\";s:1:\"L\";s:11:\"TRANS_SPACE\";s:1:\"-\";s:11:\"TRANS_OTHER\";s:1:\"-\";s:9:\"TRANS_EAT\";s:1:\"Y\";s:10:\"USE_GOOGLE\";s:1:\"N\";}'),
(13, 'DETAIL_PICTURE', 'N', 'a:17:{s:5:\"SCALE\";s:1:\"N\";s:5:\"WIDTH\";s:0:\"\";s:6:\"HEIGHT\";s:0:\"\";s:13:\"IGNORE_ERRORS\";s:1:\"N\";s:6:\"METHOD\";s:8:\"resample\";s:11:\"COMPRESSION\";i:95;s:18:\"USE_WATERMARK_TEXT\";s:1:\"N\";s:14:\"WATERMARK_TEXT\";s:0:\"\";s:19:\"WATERMARK_TEXT_FONT\";s:0:\"\";s:20:\"WATERMARK_TEXT_COLOR\";s:0:\"\";s:19:\"WATERMARK_TEXT_SIZE\";s:0:\"\";s:23:\"WATERMARK_TEXT_POSITION\";s:2:\"tl\";s:18:\"USE_WATERMARK_FILE\";s:1:\"N\";s:14:\"WATERMARK_FILE\";s:0:\"\";s:20:\"WATERMARK_FILE_ALPHA\";s:0:\"\";s:23:\"WATERMARK_FILE_POSITION\";s:2:\"tl\";s:20:\"WATERMARK_FILE_ORDER\";N;}'),
(13, 'DETAIL_TEXT', 'N', ''),
(13, 'DETAIL_TEXT_TYPE', 'Y', 'text'),
(13, 'DETAIL_TEXT_TYPE_ALLOW_CHANGE', 'N', 'Y'),
(13, 'IBLOCK_SECTION', 'N', 'a:1:{s:22:\"KEEP_IBLOCK_SECTION_ID\";s:1:\"N\";}'),
(13, 'LOG_ELEMENT_ADD', 'N', NULL),
(13, 'LOG_ELEMENT_DELETE', 'N', NULL),
(13, 'LOG_ELEMENT_EDIT', 'N', NULL),
(13, 'LOG_SECTION_ADD', 'N', NULL),
(13, 'LOG_SECTION_DELETE', 'N', NULL),
(13, 'LOG_SECTION_EDIT', 'N', NULL),
(13, 'NAME', 'Y', ''),
(13, 'PREVIEW_PICTURE', 'N', 'a:20:{s:11:\"FROM_DETAIL\";s:1:\"N\";s:5:\"SCALE\";s:1:\"N\";s:5:\"WIDTH\";s:0:\"\";s:6:\"HEIGHT\";s:0:\"\";s:13:\"IGNORE_ERRORS\";s:1:\"N\";s:6:\"METHOD\";s:8:\"resample\";s:11:\"COMPRESSION\";i:95;s:18:\"DELETE_WITH_DETAIL\";s:1:\"N\";s:18:\"UPDATE_WITH_DETAIL\";s:1:\"N\";s:18:\"USE_WATERMARK_TEXT\";s:1:\"N\";s:14:\"WATERMARK_TEXT\";s:0:\"\";s:19:\"WATERMARK_TEXT_FONT\";s:0:\"\";s:20:\"WATERMARK_TEXT_COLOR\";s:0:\"\";s:19:\"WATERMARK_TEXT_SIZE\";s:0:\"\";s:23:\"WATERMARK_TEXT_POSITION\";s:2:\"tl\";s:18:\"USE_WATERMARK_FILE\";s:1:\"N\";s:14:\"WATERMARK_FILE\";s:0:\"\";s:20:\"WATERMARK_FILE_ALPHA\";s:0:\"\";s:23:\"WATERMARK_FILE_POSITION\";s:2:\"tl\";s:20:\"WATERMARK_FILE_ORDER\";N;}'),
(13, 'PREVIEW_TEXT', 'N', ''),
(13, 'PREVIEW_TEXT_TYPE', 'Y', 'text'),
(13, 'PREVIEW_TEXT_TYPE_ALLOW_CHANGE', 'N', 'Y'),
(13, 'SECTION_CODE', 'N', 'a:8:{s:6:\"UNIQUE\";s:1:\"Y\";s:15:\"TRANSLITERATION\";s:1:\"Y\";s:9:\"TRANS_LEN\";i:100;s:10:\"TRANS_CASE\";s:1:\"L\";s:11:\"TRANS_SPACE\";s:1:\"-\";s:11:\"TRANS_OTHER\";s:1:\"-\";s:9:\"TRANS_EAT\";s:1:\"Y\";s:10:\"USE_GOOGLE\";s:1:\"N\";}'),
(13, 'SECTION_DESCRIPTION', 'N', ''),
(13, 'SECTION_DESCRIPTION_TYPE', 'Y', 'text'),
(13, 'SECTION_DESCRIPTION_TYPE_ALLOW_CHANGE', 'N', 'Y'),
(13, 'SECTION_DETAIL_PICTURE', 'N', 'a:17:{s:5:\"SCALE\";s:1:\"N\";s:5:\"WIDTH\";s:0:\"\";s:6:\"HEIGHT\";s:0:\"\";s:13:\"IGNORE_ERRORS\";s:1:\"N\";s:6:\"METHOD\";s:8:\"resample\";s:11:\"COMPRESSION\";i:95;s:18:\"USE_WATERMARK_TEXT\";s:1:\"N\";s:14:\"WATERMARK_TEXT\";s:0:\"\";s:19:\"WATERMARK_TEXT_FONT\";s:0:\"\";s:20:\"WATERMARK_TEXT_COLOR\";s:0:\"\";s:19:\"WATERMARK_TEXT_SIZE\";s:0:\"\";s:23:\"WATERMARK_TEXT_POSITION\";s:2:\"tl\";s:18:\"USE_WATERMARK_FILE\";s:1:\"N\";s:14:\"WATERMARK_FILE\";s:0:\"\";s:20:\"WATERMARK_FILE_ALPHA\";s:0:\"\";s:23:\"WATERMARK_FILE_POSITION\";s:2:\"tl\";s:20:\"WATERMARK_FILE_ORDER\";N;}'),
(13, 'SECTION_NAME', 'Y', ''),
(13, 'SECTION_PICTURE', 'N', 'a:20:{s:11:\"FROM_DETAIL\";s:1:\"N\";s:5:\"SCALE\";s:1:\"N\";s:5:\"WIDTH\";s:0:\"\";s:6:\"HEIGHT\";s:0:\"\";s:13:\"IGNORE_ERRORS\";s:1:\"N\";s:6:\"METHOD\";s:8:\"resample\";s:11:\"COMPRESSION\";i:95;s:18:\"DELETE_WITH_DETAIL\";s:1:\"N\";s:18:\"UPDATE_WITH_DETAIL\";s:1:\"N\";s:18:\"USE_WATERMARK_TEXT\";s:1:\"N\";s:14:\"WATERMARK_TEXT\";s:0:\"\";s:19:\"WATERMARK_TEXT_FONT\";s:0:\"\";s:20:\"WATERMARK_TEXT_COLOR\";s:0:\"\";s:19:\"WATERMARK_TEXT_SIZE\";s:0:\"\";s:23:\"WATERMARK_TEXT_POSITION\";s:2:\"tl\";s:18:\"USE_WATERMARK_FILE\";s:1:\"N\";s:14:\"WATERMARK_FILE\";s:0:\"\";s:20:\"WATERMARK_FILE_ALPHA\";s:0:\"\";s:23:\"WATERMARK_FILE_POSITION\";s:2:\"tl\";s:20:\"WATERMARK_FILE_ORDER\";N;}'),
(13, 'SECTION_XML_ID', 'N', ''),
(13, 'SORT', 'N', '0'),
(13, 'TAGS', 'N', ''),
(13, 'XML_ID', 'Y', ''),
(13, 'XML_IMPORT_START_TIME', 'N', NULL),
(16, 'ACTIVE', 'Y', 'Y'),
(16, 'ACTIVE_FROM', 'N', ''),
(16, 'ACTIVE_TO', 'N', ''),
(16, 'CODE', 'N', 'a:8:{s:6:\"UNIQUE\";s:1:\"Y\";s:15:\"TRANSLITERATION\";s:1:\"Y\";s:9:\"TRANS_LEN\";i:100;s:10:\"TRANS_CASE\";s:1:\"L\";s:11:\"TRANS_SPACE\";s:1:\"-\";s:11:\"TRANS_OTHER\";s:1:\"-\";s:9:\"TRANS_EAT\";s:1:\"Y\";s:10:\"USE_GOOGLE\";s:1:\"N\";}');
INSERT INTO `b_iblock_fields` (`IBLOCK_ID`, `FIELD_ID`, `IS_REQUIRED`, `DEFAULT_VALUE`) VALUES
(16, 'DETAIL_PICTURE', 'N', 'a:17:{s:5:\"SCALE\";s:1:\"N\";s:5:\"WIDTH\";s:0:\"\";s:6:\"HEIGHT\";s:0:\"\";s:13:\"IGNORE_ERRORS\";s:1:\"N\";s:6:\"METHOD\";s:8:\"resample\";s:11:\"COMPRESSION\";i:95;s:18:\"USE_WATERMARK_TEXT\";s:1:\"N\";s:14:\"WATERMARK_TEXT\";s:0:\"\";s:19:\"WATERMARK_TEXT_FONT\";s:0:\"\";s:20:\"WATERMARK_TEXT_COLOR\";s:0:\"\";s:19:\"WATERMARK_TEXT_SIZE\";s:0:\"\";s:23:\"WATERMARK_TEXT_POSITION\";s:2:\"tl\";s:18:\"USE_WATERMARK_FILE\";s:1:\"N\";s:14:\"WATERMARK_FILE\";s:0:\"\";s:20:\"WATERMARK_FILE_ALPHA\";s:0:\"\";s:23:\"WATERMARK_FILE_POSITION\";s:2:\"tl\";s:20:\"WATERMARK_FILE_ORDER\";N;}'),
(16, 'DETAIL_TEXT', 'N', ''),
(16, 'DETAIL_TEXT_TYPE', 'Y', 'text'),
(16, 'DETAIL_TEXT_TYPE_ALLOW_CHANGE', 'N', 'Y'),
(16, 'IBLOCK_SECTION', 'N', 'a:1:{s:22:\"KEEP_IBLOCK_SECTION_ID\";s:1:\"N\";}'),
(16, 'LOG_ELEMENT_ADD', 'N', NULL),
(16, 'LOG_ELEMENT_DELETE', 'N', NULL),
(16, 'LOG_ELEMENT_EDIT', 'N', NULL),
(16, 'LOG_SECTION_ADD', 'N', NULL),
(16, 'LOG_SECTION_DELETE', 'N', NULL),
(16, 'LOG_SECTION_EDIT', 'N', NULL),
(16, 'NAME', 'Y', ''),
(16, 'PREVIEW_PICTURE', 'N', 'a:20:{s:11:\"FROM_DETAIL\";s:1:\"N\";s:5:\"SCALE\";s:1:\"N\";s:5:\"WIDTH\";s:0:\"\";s:6:\"HEIGHT\";s:0:\"\";s:13:\"IGNORE_ERRORS\";s:1:\"N\";s:6:\"METHOD\";s:8:\"resample\";s:11:\"COMPRESSION\";i:95;s:18:\"DELETE_WITH_DETAIL\";s:1:\"N\";s:18:\"UPDATE_WITH_DETAIL\";s:1:\"N\";s:18:\"USE_WATERMARK_TEXT\";s:1:\"N\";s:14:\"WATERMARK_TEXT\";s:0:\"\";s:19:\"WATERMARK_TEXT_FONT\";s:0:\"\";s:20:\"WATERMARK_TEXT_COLOR\";s:0:\"\";s:19:\"WATERMARK_TEXT_SIZE\";s:0:\"\";s:23:\"WATERMARK_TEXT_POSITION\";s:2:\"tl\";s:18:\"USE_WATERMARK_FILE\";s:1:\"N\";s:14:\"WATERMARK_FILE\";s:0:\"\";s:20:\"WATERMARK_FILE_ALPHA\";s:0:\"\";s:23:\"WATERMARK_FILE_POSITION\";s:2:\"tl\";s:20:\"WATERMARK_FILE_ORDER\";N;}'),
(16, 'PREVIEW_TEXT', 'N', ''),
(16, 'PREVIEW_TEXT_TYPE', 'Y', 'text'),
(16, 'PREVIEW_TEXT_TYPE_ALLOW_CHANGE', 'N', 'Y'),
(16, 'SECTION_CODE', 'N', 'a:8:{s:6:\"UNIQUE\";s:1:\"N\";s:15:\"TRANSLITERATION\";s:1:\"N\";s:9:\"TRANS_LEN\";i:100;s:10:\"TRANS_CASE\";s:1:\"L\";s:11:\"TRANS_SPACE\";s:1:\"-\";s:11:\"TRANS_OTHER\";s:1:\"-\";s:9:\"TRANS_EAT\";s:1:\"Y\";s:10:\"USE_GOOGLE\";s:1:\"N\";}'),
(16, 'SECTION_DESCRIPTION', 'N', ''),
(16, 'SECTION_DESCRIPTION_TYPE', 'Y', 'text'),
(16, 'SECTION_DESCRIPTION_TYPE_ALLOW_CHANGE', 'N', 'Y'),
(16, 'SECTION_DETAIL_PICTURE', 'N', 'a:17:{s:5:\"SCALE\";s:1:\"N\";s:5:\"WIDTH\";s:0:\"\";s:6:\"HEIGHT\";s:0:\"\";s:13:\"IGNORE_ERRORS\";s:1:\"N\";s:6:\"METHOD\";s:8:\"resample\";s:11:\"COMPRESSION\";i:95;s:18:\"USE_WATERMARK_TEXT\";s:1:\"N\";s:14:\"WATERMARK_TEXT\";s:0:\"\";s:19:\"WATERMARK_TEXT_FONT\";s:0:\"\";s:20:\"WATERMARK_TEXT_COLOR\";s:0:\"\";s:19:\"WATERMARK_TEXT_SIZE\";s:0:\"\";s:23:\"WATERMARK_TEXT_POSITION\";s:2:\"tl\";s:18:\"USE_WATERMARK_FILE\";s:1:\"N\";s:14:\"WATERMARK_FILE\";s:0:\"\";s:20:\"WATERMARK_FILE_ALPHA\";s:0:\"\";s:23:\"WATERMARK_FILE_POSITION\";s:2:\"tl\";s:20:\"WATERMARK_FILE_ORDER\";N;}'),
(16, 'SECTION_NAME', 'Y', ''),
(16, 'SECTION_PICTURE', 'N', 'a:20:{s:11:\"FROM_DETAIL\";s:1:\"N\";s:5:\"SCALE\";s:1:\"N\";s:5:\"WIDTH\";s:0:\"\";s:6:\"HEIGHT\";s:0:\"\";s:13:\"IGNORE_ERRORS\";s:1:\"N\";s:6:\"METHOD\";s:8:\"resample\";s:11:\"COMPRESSION\";i:95;s:18:\"DELETE_WITH_DETAIL\";s:1:\"N\";s:18:\"UPDATE_WITH_DETAIL\";s:1:\"N\";s:18:\"USE_WATERMARK_TEXT\";s:1:\"N\";s:14:\"WATERMARK_TEXT\";s:0:\"\";s:19:\"WATERMARK_TEXT_FONT\";s:0:\"\";s:20:\"WATERMARK_TEXT_COLOR\";s:0:\"\";s:19:\"WATERMARK_TEXT_SIZE\";s:0:\"\";s:23:\"WATERMARK_TEXT_POSITION\";s:2:\"tl\";s:18:\"USE_WATERMARK_FILE\";s:1:\"N\";s:14:\"WATERMARK_FILE\";s:0:\"\";s:20:\"WATERMARK_FILE_ALPHA\";s:0:\"\";s:23:\"WATERMARK_FILE_POSITION\";s:2:\"tl\";s:20:\"WATERMARK_FILE_ORDER\";N;}'),
(16, 'SECTION_XML_ID', 'N', ''),
(16, 'SORT', 'N', '0'),
(16, 'TAGS', 'N', ''),
(16, 'XML_ID', 'Y', ''),
(16, 'XML_IMPORT_START_TIME', 'N', NULL),
(17, 'ACTIVE', 'Y', 'Y'),
(17, 'ACTIVE_FROM', 'N', ''),
(17, 'ACTIVE_TO', 'N', ''),
(17, 'CODE', 'N', 'a:8:{s:6:\"UNIQUE\";s:1:\"N\";s:15:\"TRANSLITERATION\";s:1:\"N\";s:9:\"TRANS_LEN\";i:100;s:10:\"TRANS_CASE\";s:1:\"L\";s:11:\"TRANS_SPACE\";s:1:\"-\";s:11:\"TRANS_OTHER\";s:1:\"-\";s:9:\"TRANS_EAT\";s:1:\"Y\";s:10:\"USE_GOOGLE\";s:1:\"N\";}'),
(17, 'DETAIL_PICTURE', 'N', 'a:17:{s:5:\"SCALE\";s:1:\"N\";s:5:\"WIDTH\";s:0:\"\";s:6:\"HEIGHT\";s:0:\"\";s:13:\"IGNORE_ERRORS\";s:1:\"N\";s:6:\"METHOD\";s:8:\"resample\";s:11:\"COMPRESSION\";i:95;s:18:\"USE_WATERMARK_TEXT\";s:1:\"N\";s:14:\"WATERMARK_TEXT\";s:0:\"\";s:19:\"WATERMARK_TEXT_FONT\";s:0:\"\";s:20:\"WATERMARK_TEXT_COLOR\";s:0:\"\";s:19:\"WATERMARK_TEXT_SIZE\";s:0:\"\";s:23:\"WATERMARK_TEXT_POSITION\";s:2:\"tl\";s:18:\"USE_WATERMARK_FILE\";s:1:\"N\";s:14:\"WATERMARK_FILE\";s:0:\"\";s:20:\"WATERMARK_FILE_ALPHA\";s:0:\"\";s:23:\"WATERMARK_FILE_POSITION\";s:2:\"tl\";s:20:\"WATERMARK_FILE_ORDER\";N;}'),
(17, 'DETAIL_TEXT', 'N', ''),
(17, 'DETAIL_TEXT_TYPE', 'Y', 'text'),
(17, 'DETAIL_TEXT_TYPE_ALLOW_CHANGE', 'N', 'Y'),
(17, 'IBLOCK_SECTION', 'N', 'a:1:{s:22:\"KEEP_IBLOCK_SECTION_ID\";s:1:\"N\";}'),
(17, 'LOG_ELEMENT_ADD', 'N', NULL),
(17, 'LOG_ELEMENT_DELETE', 'N', NULL),
(17, 'LOG_ELEMENT_EDIT', 'N', NULL),
(17, 'LOG_SECTION_ADD', 'N', NULL),
(17, 'LOG_SECTION_DELETE', 'N', NULL),
(17, 'LOG_SECTION_EDIT', 'N', NULL),
(17, 'NAME', 'Y', ''),
(17, 'PREVIEW_PICTURE', 'N', 'a:20:{s:11:\"FROM_DETAIL\";s:1:\"N\";s:5:\"SCALE\";s:1:\"N\";s:5:\"WIDTH\";s:0:\"\";s:6:\"HEIGHT\";s:0:\"\";s:13:\"IGNORE_ERRORS\";s:1:\"N\";s:6:\"METHOD\";s:8:\"resample\";s:11:\"COMPRESSION\";i:95;s:18:\"DELETE_WITH_DETAIL\";s:1:\"N\";s:18:\"UPDATE_WITH_DETAIL\";s:1:\"N\";s:18:\"USE_WATERMARK_TEXT\";s:1:\"N\";s:14:\"WATERMARK_TEXT\";s:0:\"\";s:19:\"WATERMARK_TEXT_FONT\";s:0:\"\";s:20:\"WATERMARK_TEXT_COLOR\";s:0:\"\";s:19:\"WATERMARK_TEXT_SIZE\";s:0:\"\";s:23:\"WATERMARK_TEXT_POSITION\";s:2:\"tl\";s:18:\"USE_WATERMARK_FILE\";s:1:\"N\";s:14:\"WATERMARK_FILE\";s:0:\"\";s:20:\"WATERMARK_FILE_ALPHA\";s:0:\"\";s:23:\"WATERMARK_FILE_POSITION\";s:2:\"tl\";s:20:\"WATERMARK_FILE_ORDER\";N;}'),
(17, 'PREVIEW_TEXT', 'N', ''),
(17, 'PREVIEW_TEXT_TYPE', 'Y', 'text'),
(17, 'PREVIEW_TEXT_TYPE_ALLOW_CHANGE', 'N', 'Y'),
(17, 'SECTION_CODE', 'N', 'a:8:{s:6:\"UNIQUE\";s:1:\"N\";s:15:\"TRANSLITERATION\";s:1:\"N\";s:9:\"TRANS_LEN\";i:100;s:10:\"TRANS_CASE\";s:1:\"L\";s:11:\"TRANS_SPACE\";s:1:\"-\";s:11:\"TRANS_OTHER\";s:1:\"-\";s:9:\"TRANS_EAT\";s:1:\"Y\";s:10:\"USE_GOOGLE\";s:1:\"N\";}'),
(17, 'SECTION_DESCRIPTION', 'N', ''),
(17, 'SECTION_DESCRIPTION_TYPE', 'Y', 'text'),
(17, 'SECTION_DESCRIPTION_TYPE_ALLOW_CHANGE', 'N', 'Y'),
(17, 'SECTION_DETAIL_PICTURE', 'N', 'a:17:{s:5:\"SCALE\";s:1:\"N\";s:5:\"WIDTH\";s:0:\"\";s:6:\"HEIGHT\";s:0:\"\";s:13:\"IGNORE_ERRORS\";s:1:\"N\";s:6:\"METHOD\";s:8:\"resample\";s:11:\"COMPRESSION\";i:95;s:18:\"USE_WATERMARK_TEXT\";s:1:\"N\";s:14:\"WATERMARK_TEXT\";s:0:\"\";s:19:\"WATERMARK_TEXT_FONT\";s:0:\"\";s:20:\"WATERMARK_TEXT_COLOR\";s:0:\"\";s:19:\"WATERMARK_TEXT_SIZE\";s:0:\"\";s:23:\"WATERMARK_TEXT_POSITION\";s:2:\"tl\";s:18:\"USE_WATERMARK_FILE\";s:1:\"N\";s:14:\"WATERMARK_FILE\";s:0:\"\";s:20:\"WATERMARK_FILE_ALPHA\";s:0:\"\";s:23:\"WATERMARK_FILE_POSITION\";s:2:\"tl\";s:20:\"WATERMARK_FILE_ORDER\";N;}'),
(17, 'SECTION_NAME', 'Y', ''),
(17, 'SECTION_PICTURE', 'N', 'a:20:{s:11:\"FROM_DETAIL\";s:1:\"N\";s:5:\"SCALE\";s:1:\"N\";s:5:\"WIDTH\";s:0:\"\";s:6:\"HEIGHT\";s:0:\"\";s:13:\"IGNORE_ERRORS\";s:1:\"N\";s:6:\"METHOD\";s:8:\"resample\";s:11:\"COMPRESSION\";i:95;s:18:\"DELETE_WITH_DETAIL\";s:1:\"N\";s:18:\"UPDATE_WITH_DETAIL\";s:1:\"N\";s:18:\"USE_WATERMARK_TEXT\";s:1:\"N\";s:14:\"WATERMARK_TEXT\";s:0:\"\";s:19:\"WATERMARK_TEXT_FONT\";s:0:\"\";s:20:\"WATERMARK_TEXT_COLOR\";s:0:\"\";s:19:\"WATERMARK_TEXT_SIZE\";s:0:\"\";s:23:\"WATERMARK_TEXT_POSITION\";s:2:\"tl\";s:18:\"USE_WATERMARK_FILE\";s:1:\"N\";s:14:\"WATERMARK_FILE\";s:0:\"\";s:20:\"WATERMARK_FILE_ALPHA\";s:0:\"\";s:23:\"WATERMARK_FILE_POSITION\";s:2:\"tl\";s:20:\"WATERMARK_FILE_ORDER\";N;}'),
(17, 'SECTION_XML_ID', 'N', ''),
(17, 'SORT', 'N', '0'),
(17, 'TAGS', 'N', ''),
(17, 'XML_ID', 'Y', ''),
(17, 'XML_IMPORT_START_TIME', 'N', NULL),
(18, 'ACTIVE', 'Y', 'Y'),
(18, 'ACTIVE_FROM', 'N', ''),
(18, 'ACTIVE_TO', 'N', ''),
(18, 'CODE', 'Y', 'a:8:{s:6:\"UNIQUE\";s:1:\"Y\";s:15:\"TRANSLITERATION\";s:1:\"Y\";s:9:\"TRANS_LEN\";i:100;s:10:\"TRANS_CASE\";s:1:\"L\";s:11:\"TRANS_SPACE\";s:1:\"-\";s:11:\"TRANS_OTHER\";s:1:\"-\";s:9:\"TRANS_EAT\";s:1:\"Y\";s:10:\"USE_GOOGLE\";s:1:\"N\";}'),
(18, 'DETAIL_PICTURE', 'N', 'a:17:{s:5:\"SCALE\";s:1:\"N\";s:5:\"WIDTH\";s:0:\"\";s:6:\"HEIGHT\";s:0:\"\";s:13:\"IGNORE_ERRORS\";s:1:\"N\";s:6:\"METHOD\";s:8:\"resample\";s:11:\"COMPRESSION\";i:95;s:18:\"USE_WATERMARK_TEXT\";s:1:\"N\";s:14:\"WATERMARK_TEXT\";s:0:\"\";s:19:\"WATERMARK_TEXT_FONT\";s:0:\"\";s:20:\"WATERMARK_TEXT_COLOR\";s:0:\"\";s:19:\"WATERMARK_TEXT_SIZE\";s:0:\"\";s:23:\"WATERMARK_TEXT_POSITION\";s:2:\"tl\";s:18:\"USE_WATERMARK_FILE\";s:1:\"N\";s:14:\"WATERMARK_FILE\";s:0:\"\";s:20:\"WATERMARK_FILE_ALPHA\";s:0:\"\";s:23:\"WATERMARK_FILE_POSITION\";s:2:\"tl\";s:20:\"WATERMARK_FILE_ORDER\";N;}'),
(18, 'DETAIL_TEXT', 'N', ''),
(18, 'DETAIL_TEXT_TYPE', 'Y', 'text'),
(18, 'DETAIL_TEXT_TYPE_ALLOW_CHANGE', 'N', 'Y'),
(18, 'IBLOCK_SECTION', 'N', 'a:1:{s:22:\"KEEP_IBLOCK_SECTION_ID\";s:1:\"N\";}'),
(18, 'LOG_ELEMENT_ADD', 'N', NULL),
(18, 'LOG_ELEMENT_DELETE', 'N', NULL),
(18, 'LOG_ELEMENT_EDIT', 'N', NULL),
(18, 'LOG_SECTION_ADD', 'N', NULL),
(18, 'LOG_SECTION_DELETE', 'N', NULL),
(18, 'LOG_SECTION_EDIT', 'N', NULL),
(18, 'NAME', 'Y', ''),
(18, 'PREVIEW_PICTURE', 'N', 'a:20:{s:11:\"FROM_DETAIL\";s:1:\"N\";s:5:\"SCALE\";s:1:\"N\";s:5:\"WIDTH\";s:0:\"\";s:6:\"HEIGHT\";s:0:\"\";s:13:\"IGNORE_ERRORS\";s:1:\"N\";s:6:\"METHOD\";s:8:\"resample\";s:11:\"COMPRESSION\";i:95;s:18:\"DELETE_WITH_DETAIL\";s:1:\"N\";s:18:\"UPDATE_WITH_DETAIL\";s:1:\"N\";s:18:\"USE_WATERMARK_TEXT\";s:1:\"N\";s:14:\"WATERMARK_TEXT\";s:0:\"\";s:19:\"WATERMARK_TEXT_FONT\";s:0:\"\";s:20:\"WATERMARK_TEXT_COLOR\";s:0:\"\";s:19:\"WATERMARK_TEXT_SIZE\";s:0:\"\";s:23:\"WATERMARK_TEXT_POSITION\";s:2:\"tl\";s:18:\"USE_WATERMARK_FILE\";s:1:\"N\";s:14:\"WATERMARK_FILE\";s:0:\"\";s:20:\"WATERMARK_FILE_ALPHA\";s:0:\"\";s:23:\"WATERMARK_FILE_POSITION\";s:2:\"tl\";s:20:\"WATERMARK_FILE_ORDER\";N;}'),
(18, 'PREVIEW_TEXT', 'N', ''),
(18, 'PREVIEW_TEXT_TYPE', 'Y', 'text'),
(18, 'PREVIEW_TEXT_TYPE_ALLOW_CHANGE', 'N', 'Y'),
(18, 'SECTION_CODE', 'N', 'a:8:{s:6:\"UNIQUE\";s:1:\"N\";s:15:\"TRANSLITERATION\";s:1:\"N\";s:9:\"TRANS_LEN\";i:100;s:10:\"TRANS_CASE\";s:1:\"L\";s:11:\"TRANS_SPACE\";s:1:\"-\";s:11:\"TRANS_OTHER\";s:1:\"-\";s:9:\"TRANS_EAT\";s:1:\"Y\";s:10:\"USE_GOOGLE\";s:1:\"N\";}'),
(18, 'SECTION_DESCRIPTION', 'N', ''),
(18, 'SECTION_DESCRIPTION_TYPE', 'Y', 'text'),
(18, 'SECTION_DESCRIPTION_TYPE_ALLOW_CHANGE', 'N', 'Y'),
(18, 'SECTION_DETAIL_PICTURE', 'N', 'a:17:{s:5:\"SCALE\";s:1:\"N\";s:5:\"WIDTH\";s:0:\"\";s:6:\"HEIGHT\";s:0:\"\";s:13:\"IGNORE_ERRORS\";s:1:\"N\";s:6:\"METHOD\";s:8:\"resample\";s:11:\"COMPRESSION\";i:95;s:18:\"USE_WATERMARK_TEXT\";s:1:\"N\";s:14:\"WATERMARK_TEXT\";s:0:\"\";s:19:\"WATERMARK_TEXT_FONT\";s:0:\"\";s:20:\"WATERMARK_TEXT_COLOR\";s:0:\"\";s:19:\"WATERMARK_TEXT_SIZE\";s:0:\"\";s:23:\"WATERMARK_TEXT_POSITION\";s:2:\"tl\";s:18:\"USE_WATERMARK_FILE\";s:1:\"N\";s:14:\"WATERMARK_FILE\";s:0:\"\";s:20:\"WATERMARK_FILE_ALPHA\";s:0:\"\";s:23:\"WATERMARK_FILE_POSITION\";s:2:\"tl\";s:20:\"WATERMARK_FILE_ORDER\";N;}'),
(18, 'SECTION_NAME', 'Y', ''),
(18, 'SECTION_PICTURE', 'N', 'a:20:{s:11:\"FROM_DETAIL\";s:1:\"N\";s:5:\"SCALE\";s:1:\"N\";s:5:\"WIDTH\";s:0:\"\";s:6:\"HEIGHT\";s:0:\"\";s:13:\"IGNORE_ERRORS\";s:1:\"N\";s:6:\"METHOD\";s:8:\"resample\";s:11:\"COMPRESSION\";i:95;s:18:\"DELETE_WITH_DETAIL\";s:1:\"N\";s:18:\"UPDATE_WITH_DETAIL\";s:1:\"N\";s:18:\"USE_WATERMARK_TEXT\";s:1:\"N\";s:14:\"WATERMARK_TEXT\";s:0:\"\";s:19:\"WATERMARK_TEXT_FONT\";s:0:\"\";s:20:\"WATERMARK_TEXT_COLOR\";s:0:\"\";s:19:\"WATERMARK_TEXT_SIZE\";s:0:\"\";s:23:\"WATERMARK_TEXT_POSITION\";s:2:\"tl\";s:18:\"USE_WATERMARK_FILE\";s:1:\"N\";s:14:\"WATERMARK_FILE\";s:0:\"\";s:20:\"WATERMARK_FILE_ALPHA\";s:0:\"\";s:23:\"WATERMARK_FILE_POSITION\";s:2:\"tl\";s:20:\"WATERMARK_FILE_ORDER\";N;}'),
(18, 'SECTION_XML_ID', 'N', ''),
(18, 'SORT', 'N', '0'),
(18, 'TAGS', 'N', ''),
(18, 'XML_ID', 'Y', ''),
(18, 'XML_IMPORT_START_TIME', 'N', NULL),
(19, 'ACTIVE', 'Y', 'Y'),
(19, 'ACTIVE_FROM', 'N', ''),
(19, 'ACTIVE_TO', 'N', ''),
(19, 'CODE', 'N', 'a:8:{s:6:\"UNIQUE\";s:1:\"Y\";s:15:\"TRANSLITERATION\";s:1:\"Y\";s:9:\"TRANS_LEN\";i:100;s:10:\"TRANS_CASE\";s:1:\"L\";s:11:\"TRANS_SPACE\";s:1:\"-\";s:11:\"TRANS_OTHER\";s:1:\"-\";s:9:\"TRANS_EAT\";s:1:\"Y\";s:10:\"USE_GOOGLE\";s:1:\"N\";}'),
(19, 'DETAIL_PICTURE', 'N', 'a:17:{s:5:\"SCALE\";s:1:\"N\";s:5:\"WIDTH\";s:0:\"\";s:6:\"HEIGHT\";s:0:\"\";s:13:\"IGNORE_ERRORS\";s:1:\"N\";s:6:\"METHOD\";s:8:\"resample\";s:11:\"COMPRESSION\";i:95;s:18:\"USE_WATERMARK_TEXT\";s:1:\"N\";s:14:\"WATERMARK_TEXT\";s:0:\"\";s:19:\"WATERMARK_TEXT_FONT\";s:0:\"\";s:20:\"WATERMARK_TEXT_COLOR\";s:0:\"\";s:19:\"WATERMARK_TEXT_SIZE\";s:0:\"\";s:23:\"WATERMARK_TEXT_POSITION\";s:2:\"tl\";s:18:\"USE_WATERMARK_FILE\";s:1:\"N\";s:14:\"WATERMARK_FILE\";s:0:\"\";s:20:\"WATERMARK_FILE_ALPHA\";s:0:\"\";s:23:\"WATERMARK_FILE_POSITION\";s:2:\"tl\";s:20:\"WATERMARK_FILE_ORDER\";N;}'),
(19, 'DETAIL_TEXT', 'N', ''),
(19, 'DETAIL_TEXT_TYPE', 'Y', 'text'),
(19, 'DETAIL_TEXT_TYPE_ALLOW_CHANGE', 'N', 'Y'),
(19, 'IBLOCK_SECTION', 'N', 'a:1:{s:22:\"KEEP_IBLOCK_SECTION_ID\";s:1:\"N\";}'),
(19, 'LOG_ELEMENT_ADD', 'N', NULL),
(19, 'LOG_ELEMENT_DELETE', 'N', NULL),
(19, 'LOG_ELEMENT_EDIT', 'N', NULL),
(19, 'LOG_SECTION_ADD', 'N', NULL),
(19, 'LOG_SECTION_DELETE', 'N', NULL),
(19, 'LOG_SECTION_EDIT', 'N', NULL),
(19, 'NAME', 'Y', ''),
(19, 'PREVIEW_PICTURE', 'N', 'a:20:{s:11:\"FROM_DETAIL\";s:1:\"N\";s:5:\"SCALE\";s:1:\"N\";s:5:\"WIDTH\";s:0:\"\";s:6:\"HEIGHT\";s:0:\"\";s:13:\"IGNORE_ERRORS\";s:1:\"N\";s:6:\"METHOD\";s:8:\"resample\";s:11:\"COMPRESSION\";i:95;s:18:\"DELETE_WITH_DETAIL\";s:1:\"N\";s:18:\"UPDATE_WITH_DETAIL\";s:1:\"N\";s:18:\"USE_WATERMARK_TEXT\";s:1:\"N\";s:14:\"WATERMARK_TEXT\";s:0:\"\";s:19:\"WATERMARK_TEXT_FONT\";s:0:\"\";s:20:\"WATERMARK_TEXT_COLOR\";s:0:\"\";s:19:\"WATERMARK_TEXT_SIZE\";s:0:\"\";s:23:\"WATERMARK_TEXT_POSITION\";s:2:\"tl\";s:18:\"USE_WATERMARK_FILE\";s:1:\"N\";s:14:\"WATERMARK_FILE\";s:0:\"\";s:20:\"WATERMARK_FILE_ALPHA\";s:0:\"\";s:23:\"WATERMARK_FILE_POSITION\";s:2:\"tl\";s:20:\"WATERMARK_FILE_ORDER\";N;}'),
(19, 'PREVIEW_TEXT', 'N', ''),
(19, 'PREVIEW_TEXT_TYPE', 'Y', 'text'),
(19, 'PREVIEW_TEXT_TYPE_ALLOW_CHANGE', 'N', 'Y'),
(19, 'SECTION_CODE', 'N', 'a:8:{s:6:\"UNIQUE\";s:1:\"N\";s:15:\"TRANSLITERATION\";s:1:\"N\";s:9:\"TRANS_LEN\";i:100;s:10:\"TRANS_CASE\";s:1:\"L\";s:11:\"TRANS_SPACE\";s:1:\"-\";s:11:\"TRANS_OTHER\";s:1:\"-\";s:9:\"TRANS_EAT\";s:1:\"Y\";s:10:\"USE_GOOGLE\";s:1:\"N\";}'),
(19, 'SECTION_DESCRIPTION', 'N', ''),
(19, 'SECTION_DESCRIPTION_TYPE', 'Y', 'text'),
(19, 'SECTION_DESCRIPTION_TYPE_ALLOW_CHANGE', 'N', 'Y'),
(19, 'SECTION_DETAIL_PICTURE', 'N', 'a:17:{s:5:\"SCALE\";s:1:\"N\";s:5:\"WIDTH\";s:0:\"\";s:6:\"HEIGHT\";s:0:\"\";s:13:\"IGNORE_ERRORS\";s:1:\"N\";s:6:\"METHOD\";s:8:\"resample\";s:11:\"COMPRESSION\";i:95;s:18:\"USE_WATERMARK_TEXT\";s:1:\"N\";s:14:\"WATERMARK_TEXT\";s:0:\"\";s:19:\"WATERMARK_TEXT_FONT\";s:0:\"\";s:20:\"WATERMARK_TEXT_COLOR\";s:0:\"\";s:19:\"WATERMARK_TEXT_SIZE\";s:0:\"\";s:23:\"WATERMARK_TEXT_POSITION\";s:2:\"tl\";s:18:\"USE_WATERMARK_FILE\";s:1:\"N\";s:14:\"WATERMARK_FILE\";s:0:\"\";s:20:\"WATERMARK_FILE_ALPHA\";s:0:\"\";s:23:\"WATERMARK_FILE_POSITION\";s:2:\"tl\";s:20:\"WATERMARK_FILE_ORDER\";N;}'),
(19, 'SECTION_NAME', 'Y', ''),
(19, 'SECTION_PICTURE', 'N', 'a:20:{s:11:\"FROM_DETAIL\";s:1:\"N\";s:5:\"SCALE\";s:1:\"N\";s:5:\"WIDTH\";s:0:\"\";s:6:\"HEIGHT\";s:0:\"\";s:13:\"IGNORE_ERRORS\";s:1:\"N\";s:6:\"METHOD\";s:8:\"resample\";s:11:\"COMPRESSION\";i:95;s:18:\"DELETE_WITH_DETAIL\";s:1:\"N\";s:18:\"UPDATE_WITH_DETAIL\";s:1:\"N\";s:18:\"USE_WATERMARK_TEXT\";s:1:\"N\";s:14:\"WATERMARK_TEXT\";s:0:\"\";s:19:\"WATERMARK_TEXT_FONT\";s:0:\"\";s:20:\"WATERMARK_TEXT_COLOR\";s:0:\"\";s:19:\"WATERMARK_TEXT_SIZE\";s:0:\"\";s:23:\"WATERMARK_TEXT_POSITION\";s:2:\"tl\";s:18:\"USE_WATERMARK_FILE\";s:1:\"N\";s:14:\"WATERMARK_FILE\";s:0:\"\";s:20:\"WATERMARK_FILE_ALPHA\";s:0:\"\";s:23:\"WATERMARK_FILE_POSITION\";s:2:\"tl\";s:20:\"WATERMARK_FILE_ORDER\";N;}'),
(19, 'SECTION_XML_ID', 'N', ''),
(19, 'SORT', 'N', '0'),
(19, 'TAGS', 'N', ''),
(19, 'XML_ID', 'Y', ''),
(19, 'XML_IMPORT_START_TIME', 'N', NULL),
(20, 'ACTIVE', 'Y', 'Y'),
(20, 'ACTIVE_FROM', 'N', ''),
(20, 'ACTIVE_TO', 'N', ''),
(20, 'CODE', 'N', 'a:8:{s:6:\"UNIQUE\";s:1:\"Y\";s:15:\"TRANSLITERATION\";s:1:\"Y\";s:9:\"TRANS_LEN\";i:100;s:10:\"TRANS_CASE\";s:1:\"L\";s:11:\"TRANS_SPACE\";s:1:\"-\";s:11:\"TRANS_OTHER\";s:1:\"-\";s:9:\"TRANS_EAT\";s:1:\"Y\";s:10:\"USE_GOOGLE\";s:1:\"N\";}'),
(20, 'DETAIL_PICTURE', 'N', 'a:17:{s:5:\"SCALE\";s:1:\"N\";s:5:\"WIDTH\";s:0:\"\";s:6:\"HEIGHT\";s:0:\"\";s:13:\"IGNORE_ERRORS\";s:1:\"N\";s:6:\"METHOD\";s:8:\"resample\";s:11:\"COMPRESSION\";i:95;s:18:\"USE_WATERMARK_TEXT\";s:1:\"N\";s:14:\"WATERMARK_TEXT\";s:0:\"\";s:19:\"WATERMARK_TEXT_FONT\";s:0:\"\";s:20:\"WATERMARK_TEXT_COLOR\";s:0:\"\";s:19:\"WATERMARK_TEXT_SIZE\";s:0:\"\";s:23:\"WATERMARK_TEXT_POSITION\";s:2:\"tl\";s:18:\"USE_WATERMARK_FILE\";s:1:\"N\";s:14:\"WATERMARK_FILE\";s:0:\"\";s:20:\"WATERMARK_FILE_ALPHA\";s:0:\"\";s:23:\"WATERMARK_FILE_POSITION\";s:2:\"tl\";s:20:\"WATERMARK_FILE_ORDER\";N;}'),
(20, 'DETAIL_TEXT', 'N', ''),
(20, 'DETAIL_TEXT_TYPE', 'Y', 'text'),
(20, 'DETAIL_TEXT_TYPE_ALLOW_CHANGE', 'N', 'Y'),
(20, 'IBLOCK_SECTION', 'N', 'a:1:{s:22:\"KEEP_IBLOCK_SECTION_ID\";s:1:\"N\";}'),
(20, 'LOG_ELEMENT_ADD', 'N', NULL),
(20, 'LOG_ELEMENT_DELETE', 'N', NULL),
(20, 'LOG_ELEMENT_EDIT', 'N', NULL),
(20, 'LOG_SECTION_ADD', 'N', NULL),
(20, 'LOG_SECTION_DELETE', 'N', NULL),
(20, 'LOG_SECTION_EDIT', 'N', NULL),
(20, 'NAME', 'Y', ''),
(20, 'PREVIEW_PICTURE', 'N', 'a:20:{s:11:\"FROM_DETAIL\";s:1:\"N\";s:5:\"SCALE\";s:1:\"N\";s:5:\"WIDTH\";s:0:\"\";s:6:\"HEIGHT\";s:0:\"\";s:13:\"IGNORE_ERRORS\";s:1:\"N\";s:6:\"METHOD\";s:8:\"resample\";s:11:\"COMPRESSION\";i:95;s:18:\"DELETE_WITH_DETAIL\";s:1:\"N\";s:18:\"UPDATE_WITH_DETAIL\";s:1:\"N\";s:18:\"USE_WATERMARK_TEXT\";s:1:\"N\";s:14:\"WATERMARK_TEXT\";s:0:\"\";s:19:\"WATERMARK_TEXT_FONT\";s:0:\"\";s:20:\"WATERMARK_TEXT_COLOR\";s:0:\"\";s:19:\"WATERMARK_TEXT_SIZE\";s:0:\"\";s:23:\"WATERMARK_TEXT_POSITION\";s:2:\"tl\";s:18:\"USE_WATERMARK_FILE\";s:1:\"N\";s:14:\"WATERMARK_FILE\";s:0:\"\";s:20:\"WATERMARK_FILE_ALPHA\";s:0:\"\";s:23:\"WATERMARK_FILE_POSITION\";s:2:\"tl\";s:20:\"WATERMARK_FILE_ORDER\";N;}'),
(20, 'PREVIEW_TEXT', 'N', ''),
(20, 'PREVIEW_TEXT_TYPE', 'Y', 'text'),
(20, 'PREVIEW_TEXT_TYPE_ALLOW_CHANGE', 'N', 'Y'),
(20, 'SECTION_CODE', 'N', 'a:8:{s:6:\"UNIQUE\";s:1:\"N\";s:15:\"TRANSLITERATION\";s:1:\"N\";s:9:\"TRANS_LEN\";i:100;s:10:\"TRANS_CASE\";s:1:\"L\";s:11:\"TRANS_SPACE\";s:1:\"-\";s:11:\"TRANS_OTHER\";s:1:\"-\";s:9:\"TRANS_EAT\";s:1:\"Y\";s:10:\"USE_GOOGLE\";s:1:\"N\";}'),
(20, 'SECTION_DESCRIPTION', 'N', ''),
(20, 'SECTION_DESCRIPTION_TYPE', 'Y', 'text'),
(20, 'SECTION_DESCRIPTION_TYPE_ALLOW_CHANGE', 'N', 'Y'),
(20, 'SECTION_DETAIL_PICTURE', 'N', 'a:17:{s:5:\"SCALE\";s:1:\"N\";s:5:\"WIDTH\";s:0:\"\";s:6:\"HEIGHT\";s:0:\"\";s:13:\"IGNORE_ERRORS\";s:1:\"N\";s:6:\"METHOD\";s:8:\"resample\";s:11:\"COMPRESSION\";i:95;s:18:\"USE_WATERMARK_TEXT\";s:1:\"N\";s:14:\"WATERMARK_TEXT\";s:0:\"\";s:19:\"WATERMARK_TEXT_FONT\";s:0:\"\";s:20:\"WATERMARK_TEXT_COLOR\";s:0:\"\";s:19:\"WATERMARK_TEXT_SIZE\";s:0:\"\";s:23:\"WATERMARK_TEXT_POSITION\";s:2:\"tl\";s:18:\"USE_WATERMARK_FILE\";s:1:\"N\";s:14:\"WATERMARK_FILE\";s:0:\"\";s:20:\"WATERMARK_FILE_ALPHA\";s:0:\"\";s:23:\"WATERMARK_FILE_POSITION\";s:2:\"tl\";s:20:\"WATERMARK_FILE_ORDER\";N;}'),
(20, 'SECTION_NAME', 'Y', ''),
(20, 'SECTION_PICTURE', 'N', 'a:20:{s:11:\"FROM_DETAIL\";s:1:\"N\";s:5:\"SCALE\";s:1:\"N\";s:5:\"WIDTH\";s:0:\"\";s:6:\"HEIGHT\";s:0:\"\";s:13:\"IGNORE_ERRORS\";s:1:\"N\";s:6:\"METHOD\";s:8:\"resample\";s:11:\"COMPRESSION\";i:95;s:18:\"DELETE_WITH_DETAIL\";s:1:\"N\";s:18:\"UPDATE_WITH_DETAIL\";s:1:\"N\";s:18:\"USE_WATERMARK_TEXT\";s:1:\"N\";s:14:\"WATERMARK_TEXT\";s:0:\"\";s:19:\"WATERMARK_TEXT_FONT\";s:0:\"\";s:20:\"WATERMARK_TEXT_COLOR\";s:0:\"\";s:19:\"WATERMARK_TEXT_SIZE\";s:0:\"\";s:23:\"WATERMARK_TEXT_POSITION\";s:2:\"tl\";s:18:\"USE_WATERMARK_FILE\";s:1:\"N\";s:14:\"WATERMARK_FILE\";s:0:\"\";s:20:\"WATERMARK_FILE_ALPHA\";s:0:\"\";s:23:\"WATERMARK_FILE_POSITION\";s:2:\"tl\";s:20:\"WATERMARK_FILE_ORDER\";N;}'),
(20, 'SECTION_XML_ID', 'N', ''),
(20, 'SORT', 'N', '0'),
(20, 'TAGS', 'N', ''),
(20, 'XML_ID', 'Y', ''),
(20, 'XML_IMPORT_START_TIME', 'N', NULL),
(21, 'ACTIVE', 'Y', 'Y'),
(21, 'ACTIVE_FROM', 'N', ''),
(21, 'ACTIVE_TO', 'N', ''),
(21, 'CODE', 'N', 'a:8:{s:6:\"UNIQUE\";s:1:\"Y\";s:15:\"TRANSLITERATION\";s:1:\"Y\";s:9:\"TRANS_LEN\";i:100;s:10:\"TRANS_CASE\";s:1:\"L\";s:11:\"TRANS_SPACE\";s:1:\"-\";s:11:\"TRANS_OTHER\";s:1:\"-\";s:9:\"TRANS_EAT\";s:1:\"Y\";s:10:\"USE_GOOGLE\";s:1:\"N\";}'),
(21, 'DETAIL_PICTURE', 'N', 'a:17:{s:5:\"SCALE\";s:1:\"N\";s:5:\"WIDTH\";s:0:\"\";s:6:\"HEIGHT\";s:0:\"\";s:13:\"IGNORE_ERRORS\";s:1:\"N\";s:6:\"METHOD\";s:8:\"resample\";s:11:\"COMPRESSION\";i:95;s:18:\"USE_WATERMARK_TEXT\";s:1:\"N\";s:14:\"WATERMARK_TEXT\";s:0:\"\";s:19:\"WATERMARK_TEXT_FONT\";s:0:\"\";s:20:\"WATERMARK_TEXT_COLOR\";s:0:\"\";s:19:\"WATERMARK_TEXT_SIZE\";s:0:\"\";s:23:\"WATERMARK_TEXT_POSITION\";s:2:\"tl\";s:18:\"USE_WATERMARK_FILE\";s:1:\"N\";s:14:\"WATERMARK_FILE\";s:0:\"\";s:20:\"WATERMARK_FILE_ALPHA\";s:0:\"\";s:23:\"WATERMARK_FILE_POSITION\";s:2:\"tl\";s:20:\"WATERMARK_FILE_ORDER\";N;}'),
(21, 'DETAIL_TEXT', 'N', ''),
(21, 'DETAIL_TEXT_TYPE', 'Y', 'text'),
(21, 'DETAIL_TEXT_TYPE_ALLOW_CHANGE', 'N', 'Y'),
(21, 'IBLOCK_SECTION', 'N', 'a:1:{s:22:\"KEEP_IBLOCK_SECTION_ID\";s:1:\"N\";}'),
(21, 'LOG_ELEMENT_ADD', 'N', NULL),
(21, 'LOG_ELEMENT_DELETE', 'N', NULL),
(21, 'LOG_ELEMENT_EDIT', 'N', NULL),
(21, 'LOG_SECTION_ADD', 'N', NULL),
(21, 'LOG_SECTION_DELETE', 'N', NULL),
(21, 'LOG_SECTION_EDIT', 'N', NULL),
(21, 'NAME', 'Y', ''),
(21, 'PREVIEW_PICTURE', 'N', 'a:20:{s:11:\"FROM_DETAIL\";s:1:\"N\";s:5:\"SCALE\";s:1:\"N\";s:5:\"WIDTH\";s:0:\"\";s:6:\"HEIGHT\";s:0:\"\";s:13:\"IGNORE_ERRORS\";s:1:\"N\";s:6:\"METHOD\";s:8:\"resample\";s:11:\"COMPRESSION\";i:95;s:18:\"DELETE_WITH_DETAIL\";s:1:\"N\";s:18:\"UPDATE_WITH_DETAIL\";s:1:\"N\";s:18:\"USE_WATERMARK_TEXT\";s:1:\"N\";s:14:\"WATERMARK_TEXT\";s:0:\"\";s:19:\"WATERMARK_TEXT_FONT\";s:0:\"\";s:20:\"WATERMARK_TEXT_COLOR\";s:0:\"\";s:19:\"WATERMARK_TEXT_SIZE\";s:0:\"\";s:23:\"WATERMARK_TEXT_POSITION\";s:2:\"tl\";s:18:\"USE_WATERMARK_FILE\";s:1:\"N\";s:14:\"WATERMARK_FILE\";s:0:\"\";s:20:\"WATERMARK_FILE_ALPHA\";s:0:\"\";s:23:\"WATERMARK_FILE_POSITION\";s:2:\"tl\";s:20:\"WATERMARK_FILE_ORDER\";N;}'),
(21, 'PREVIEW_TEXT', 'N', ''),
(21, 'PREVIEW_TEXT_TYPE', 'Y', 'text'),
(21, 'PREVIEW_TEXT_TYPE_ALLOW_CHANGE', 'N', 'Y'),
(21, 'SECTION_CODE', 'N', 'a:8:{s:6:\"UNIQUE\";s:1:\"N\";s:15:\"TRANSLITERATION\";s:1:\"N\";s:9:\"TRANS_LEN\";i:100;s:10:\"TRANS_CASE\";s:1:\"L\";s:11:\"TRANS_SPACE\";s:1:\"-\";s:11:\"TRANS_OTHER\";s:1:\"-\";s:9:\"TRANS_EAT\";s:1:\"Y\";s:10:\"USE_GOOGLE\";s:1:\"N\";}'),
(21, 'SECTION_DESCRIPTION', 'N', ''),
(21, 'SECTION_DESCRIPTION_TYPE', 'Y', 'text'),
(21, 'SECTION_DESCRIPTION_TYPE_ALLOW_CHANGE', 'N', 'Y'),
(21, 'SECTION_DETAIL_PICTURE', 'N', 'a:17:{s:5:\"SCALE\";s:1:\"N\";s:5:\"WIDTH\";s:0:\"\";s:6:\"HEIGHT\";s:0:\"\";s:13:\"IGNORE_ERRORS\";s:1:\"N\";s:6:\"METHOD\";s:8:\"resample\";s:11:\"COMPRESSION\";i:95;s:18:\"USE_WATERMARK_TEXT\";s:1:\"N\";s:14:\"WATERMARK_TEXT\";s:0:\"\";s:19:\"WATERMARK_TEXT_FONT\";s:0:\"\";s:20:\"WATERMARK_TEXT_COLOR\";s:0:\"\";s:19:\"WATERMARK_TEXT_SIZE\";s:0:\"\";s:23:\"WATERMARK_TEXT_POSITION\";s:2:\"tl\";s:18:\"USE_WATERMARK_FILE\";s:1:\"N\";s:14:\"WATERMARK_FILE\";s:0:\"\";s:20:\"WATERMARK_FILE_ALPHA\";s:0:\"\";s:23:\"WATERMARK_FILE_POSITION\";s:2:\"tl\";s:20:\"WATERMARK_FILE_ORDER\";N;}'),
(21, 'SECTION_NAME', 'Y', ''),
(21, 'SECTION_PICTURE', 'N', 'a:20:{s:11:\"FROM_DETAIL\";s:1:\"N\";s:5:\"SCALE\";s:1:\"N\";s:5:\"WIDTH\";s:0:\"\";s:6:\"HEIGHT\";s:0:\"\";s:13:\"IGNORE_ERRORS\";s:1:\"N\";s:6:\"METHOD\";s:8:\"resample\";s:11:\"COMPRESSION\";i:95;s:18:\"DELETE_WITH_DETAIL\";s:1:\"N\";s:18:\"UPDATE_WITH_DETAIL\";s:1:\"N\";s:18:\"USE_WATERMARK_TEXT\";s:1:\"N\";s:14:\"WATERMARK_TEXT\";s:0:\"\";s:19:\"WATERMARK_TEXT_FONT\";s:0:\"\";s:20:\"WATERMARK_TEXT_COLOR\";s:0:\"\";s:19:\"WATERMARK_TEXT_SIZE\";s:0:\"\";s:23:\"WATERMARK_TEXT_POSITION\";s:2:\"tl\";s:18:\"USE_WATERMARK_FILE\";s:1:\"N\";s:14:\"WATERMARK_FILE\";s:0:\"\";s:20:\"WATERMARK_FILE_ALPHA\";s:0:\"\";s:23:\"WATERMARK_FILE_POSITION\";s:2:\"tl\";s:20:\"WATERMARK_FILE_ORDER\";N;}'),
(21, 'SECTION_XML_ID', 'N', ''),
(21, 'SORT', 'N', '0'),
(21, 'TAGS', 'N', ''),
(21, 'XML_ID', 'Y', ''),
(21, 'XML_IMPORT_START_TIME', 'N', NULL),
(22, 'ACTIVE', 'Y', 'Y'),
(22, 'ACTIVE_FROM', 'N', ''),
(22, 'ACTIVE_TO', 'N', ''),
(22, 'CODE', 'N', 'a:8:{s:6:\"UNIQUE\";s:1:\"Y\";s:15:\"TRANSLITERATION\";s:1:\"Y\";s:9:\"TRANS_LEN\";i:100;s:10:\"TRANS_CASE\";s:1:\"L\";s:11:\"TRANS_SPACE\";s:1:\"-\";s:11:\"TRANS_OTHER\";s:1:\"-\";s:9:\"TRANS_EAT\";s:1:\"Y\";s:10:\"USE_GOOGLE\";s:1:\"N\";}'),
(22, 'DETAIL_PICTURE', 'N', 'a:17:{s:5:\"SCALE\";s:1:\"N\";s:5:\"WIDTH\";s:0:\"\";s:6:\"HEIGHT\";s:0:\"\";s:13:\"IGNORE_ERRORS\";s:1:\"N\";s:6:\"METHOD\";s:8:\"resample\";s:11:\"COMPRESSION\";i:95;s:18:\"USE_WATERMARK_TEXT\";s:1:\"N\";s:14:\"WATERMARK_TEXT\";s:0:\"\";s:19:\"WATERMARK_TEXT_FONT\";s:0:\"\";s:20:\"WATERMARK_TEXT_COLOR\";s:0:\"\";s:19:\"WATERMARK_TEXT_SIZE\";s:0:\"\";s:23:\"WATERMARK_TEXT_POSITION\";s:2:\"tl\";s:18:\"USE_WATERMARK_FILE\";s:1:\"N\";s:14:\"WATERMARK_FILE\";s:0:\"\";s:20:\"WATERMARK_FILE_ALPHA\";s:0:\"\";s:23:\"WATERMARK_FILE_POSITION\";s:2:\"tl\";s:20:\"WATERMARK_FILE_ORDER\";N;}'),
(22, 'DETAIL_TEXT', 'N', ''),
(22, 'DETAIL_TEXT_TYPE', 'Y', 'text'),
(22, 'DETAIL_TEXT_TYPE_ALLOW_CHANGE', 'N', 'Y'),
(22, 'IBLOCK_SECTION', 'N', 'a:1:{s:22:\"KEEP_IBLOCK_SECTION_ID\";s:1:\"N\";}'),
(22, 'LOG_ELEMENT_ADD', 'N', NULL),
(22, 'LOG_ELEMENT_DELETE', 'N', NULL),
(22, 'LOG_ELEMENT_EDIT', 'N', NULL),
(22, 'LOG_SECTION_ADD', 'N', NULL),
(22, 'LOG_SECTION_DELETE', 'N', NULL),
(22, 'LOG_SECTION_EDIT', 'N', NULL),
(22, 'NAME', 'Y', ''),
(22, 'PREVIEW_PICTURE', 'N', 'a:20:{s:11:\"FROM_DETAIL\";s:1:\"N\";s:5:\"SCALE\";s:1:\"N\";s:5:\"WIDTH\";s:0:\"\";s:6:\"HEIGHT\";s:0:\"\";s:13:\"IGNORE_ERRORS\";s:1:\"N\";s:6:\"METHOD\";s:8:\"resample\";s:11:\"COMPRESSION\";i:95;s:18:\"DELETE_WITH_DETAIL\";s:1:\"N\";s:18:\"UPDATE_WITH_DETAIL\";s:1:\"N\";s:18:\"USE_WATERMARK_TEXT\";s:1:\"N\";s:14:\"WATERMARK_TEXT\";s:0:\"\";s:19:\"WATERMARK_TEXT_FONT\";s:0:\"\";s:20:\"WATERMARK_TEXT_COLOR\";s:0:\"\";s:19:\"WATERMARK_TEXT_SIZE\";s:0:\"\";s:23:\"WATERMARK_TEXT_POSITION\";s:2:\"tl\";s:18:\"USE_WATERMARK_FILE\";s:1:\"N\";s:14:\"WATERMARK_FILE\";s:0:\"\";s:20:\"WATERMARK_FILE_ALPHA\";s:0:\"\";s:23:\"WATERMARK_FILE_POSITION\";s:2:\"tl\";s:20:\"WATERMARK_FILE_ORDER\";N;}'),
(22, 'PREVIEW_TEXT', 'N', ''),
(22, 'PREVIEW_TEXT_TYPE', 'Y', 'text'),
(22, 'PREVIEW_TEXT_TYPE_ALLOW_CHANGE', 'N', 'Y'),
(22, 'SECTION_CODE', 'N', 'a:8:{s:6:\"UNIQUE\";s:1:\"N\";s:15:\"TRANSLITERATION\";s:1:\"N\";s:9:\"TRANS_LEN\";i:100;s:10:\"TRANS_CASE\";s:1:\"L\";s:11:\"TRANS_SPACE\";s:1:\"-\";s:11:\"TRANS_OTHER\";s:1:\"-\";s:9:\"TRANS_EAT\";s:1:\"Y\";s:10:\"USE_GOOGLE\";s:1:\"N\";}'),
(22, 'SECTION_DESCRIPTION', 'N', ''),
(22, 'SECTION_DESCRIPTION_TYPE', 'Y', 'text'),
(22, 'SECTION_DESCRIPTION_TYPE_ALLOW_CHANGE', 'N', 'Y'),
(22, 'SECTION_DETAIL_PICTURE', 'N', 'a:17:{s:5:\"SCALE\";s:1:\"N\";s:5:\"WIDTH\";s:0:\"\";s:6:\"HEIGHT\";s:0:\"\";s:13:\"IGNORE_ERRORS\";s:1:\"N\";s:6:\"METHOD\";s:8:\"resample\";s:11:\"COMPRESSION\";i:95;s:18:\"USE_WATERMARK_TEXT\";s:1:\"N\";s:14:\"WATERMARK_TEXT\";s:0:\"\";s:19:\"WATERMARK_TEXT_FONT\";s:0:\"\";s:20:\"WATERMARK_TEXT_COLOR\";s:0:\"\";s:19:\"WATERMARK_TEXT_SIZE\";s:0:\"\";s:23:\"WATERMARK_TEXT_POSITION\";s:2:\"tl\";s:18:\"USE_WATERMARK_FILE\";s:1:\"N\";s:14:\"WATERMARK_FILE\";s:0:\"\";s:20:\"WATERMARK_FILE_ALPHA\";s:0:\"\";s:23:\"WATERMARK_FILE_POSITION\";s:2:\"tl\";s:20:\"WATERMARK_FILE_ORDER\";N;}'),
(22, 'SECTION_NAME', 'Y', ''),
(22, 'SECTION_PICTURE', 'N', 'a:20:{s:11:\"FROM_DETAIL\";s:1:\"N\";s:5:\"SCALE\";s:1:\"N\";s:5:\"WIDTH\";s:0:\"\";s:6:\"HEIGHT\";s:0:\"\";s:13:\"IGNORE_ERRORS\";s:1:\"N\";s:6:\"METHOD\";s:8:\"resample\";s:11:\"COMPRESSION\";i:95;s:18:\"DELETE_WITH_DETAIL\";s:1:\"N\";s:18:\"UPDATE_WITH_DETAIL\";s:1:\"N\";s:18:\"USE_WATERMARK_TEXT\";s:1:\"N\";s:14:\"WATERMARK_TEXT\";s:0:\"\";s:19:\"WATERMARK_TEXT_FONT\";s:0:\"\";s:20:\"WATERMARK_TEXT_COLOR\";s:0:\"\";s:19:\"WATERMARK_TEXT_SIZE\";s:0:\"\";s:23:\"WATERMARK_TEXT_POSITION\";s:2:\"tl\";s:18:\"USE_WATERMARK_FILE\";s:1:\"N\";s:14:\"WATERMARK_FILE\";s:0:\"\";s:20:\"WATERMARK_FILE_ALPHA\";s:0:\"\";s:23:\"WATERMARK_FILE_POSITION\";s:2:\"tl\";s:20:\"WATERMARK_FILE_ORDER\";N;}'),
(22, 'SECTION_XML_ID', 'N', ''),
(22, 'SORT', 'N', '0'),
(22, 'TAGS', 'N', ''),
(22, 'XML_ID', 'Y', ''),
(22, 'XML_IMPORT_START_TIME', 'N', NULL);

-- --------------------------------------------------------

--
-- Структура таблицы `b_iblock_group`
--

CREATE TABLE `b_iblock_group` (
  `IBLOCK_ID` int(11) NOT NULL,
  `GROUP_ID` int(11) NOT NULL,
  `PERMISSION` char(1) COLLATE utf8_unicode_ci NOT NULL
) ENGINE=InnoDB DEFAULT CHARSET=utf8 COLLATE=utf8_unicode_ci;

--
-- Дамп данных таблицы `b_iblock_group`
--

INSERT INTO `b_iblock_group` (`IBLOCK_ID`, `GROUP_ID`, `PERMISSION`) VALUES
(1, 1, 'X'),
(1, 2, 'R'),
(2, 1, 'X'),
(2, 2, 'R'),
(3, 1, 'X'),
(3, 2, 'R'),
(4, 1, 'X'),
(4, 2, 'R'),
(5, 1, 'X'),
(5, 2, 'R'),
(6, 1, 'X'),
(6, 2, 'R'),
(7, 1, 'X'),
(7, 2, 'R'),
(8, 1, 'X'),
(8, 2, 'R'),
(9, 1, 'X'),
(9, 2, 'R'),
(11, 1, 'X'),
(11, 2, 'R'),
(12, 1, 'X'),
(12, 2, 'R'),
(13, 1, 'X'),
(13, 2, 'R'),
(16, 1, 'X'),
(16, 2, 'R'),
(17, 1, 'X'),
(17, 2, 'R'),
(18, 1, 'X'),
(18, 2, 'R'),
(19, 1, 'X'),
(19, 2, 'R'),
(20, 1, 'X'),
(20, 2, 'R'),
(21, 1, 'X'),
(22, 1, 'X');

-- --------------------------------------------------------

--
-- Структура таблицы `b_iblock_iblock_iprop`
--

CREATE TABLE `b_iblock_iblock_iprop` (
  `IBLOCK_ID` int(11) NOT NULL,
  `IPROP_ID` int(11) NOT NULL,
  `VALUE` text COLLATE utf8_unicode_ci NOT NULL
) ENGINE=InnoDB DEFAULT CHARSET=utf8 COLLATE=utf8_unicode_ci;

-- --------------------------------------------------------

--
-- Структура таблицы `b_iblock_iproperty`
--

CREATE TABLE `b_iblock_iproperty` (
  `ID` int(11) NOT NULL,
  `IBLOCK_ID` int(11) NOT NULL,
  `CODE` varchar(50) COLLATE utf8_unicode_ci NOT NULL,
  `ENTITY_TYPE` char(1) COLLATE utf8_unicode_ci NOT NULL,
  `ENTITY_ID` int(11) NOT NULL,
  `TEMPLATE` text COLLATE utf8_unicode_ci NOT NULL
) ENGINE=InnoDB DEFAULT CHARSET=utf8 COLLATE=utf8_unicode_ci;

-- --------------------------------------------------------

--
-- Структура таблицы `b_iblock_messages`
--

CREATE TABLE `b_iblock_messages` (
  `IBLOCK_ID` int(18) NOT NULL,
  `MESSAGE_ID` varchar(50) COLLATE utf8_unicode_ci NOT NULL,
  `MESSAGE_TEXT` varchar(255) COLLATE utf8_unicode_ci DEFAULT NULL
) ENGINE=InnoDB DEFAULT CHARSET=utf8 COLLATE=utf8_unicode_ci;

--
-- Дамп данных таблицы `b_iblock_messages`
--

INSERT INTO `b_iblock_messages` (`IBLOCK_ID`, `MESSAGE_ID`, `MESSAGE_TEXT`) VALUES
(1, 'ELEMENT_ADD', 'Добавить элемент'),
(1, 'ELEMENT_DELETE', 'Удалить элемент'),
(1, 'ELEMENT_EDIT', 'Изменить элемент'),
(1, 'ELEMENT_NAME', 'Элемент'),
(1, 'ELEMENTS_NAME', 'Элементы'),
(1, 'SECTION_ADD', 'Добавить раздел'),
(1, 'SECTION_DELETE', 'Удалить раздел'),
(1, 'SECTION_EDIT', 'Изменить раздел'),
(1, 'SECTION_NAME', 'Раздел'),
(1, 'SECTIONS_NAME', 'Разделы'),
(2, 'ELEMENT_ADD', 'Добавить элемент'),
(2, 'ELEMENT_DELETE', 'Удалить элемент'),
(2, 'ELEMENT_EDIT', 'Изменить элемент'),
(2, 'ELEMENT_NAME', 'Элемент'),
(2, 'ELEMENTS_NAME', 'Элементы'),
(2, 'SECTION_ADD', 'Добавить раздел'),
(2, 'SECTION_DELETE', 'Удалить раздел'),
(2, 'SECTION_EDIT', 'Изменить раздел'),
(2, 'SECTION_NAME', 'Раздел'),
(2, 'SECTIONS_NAME', 'Разделы'),
(3, 'ELEMENT_ADD', 'Добавить элемент'),
(3, 'ELEMENT_DELETE', 'Удалить элемент'),
(3, 'ELEMENT_EDIT', 'Изменить элемент'),
(3, 'ELEMENT_NAME', 'Элемент'),
(3, 'ELEMENTS_NAME', 'Элементы'),
(3, 'SECTION_ADD', 'Добавить раздел'),
(3, 'SECTION_DELETE', 'Удалить раздел'),
(3, 'SECTION_EDIT', 'Изменить раздел'),
(3, 'SECTION_NAME', 'Раздел'),
(3, 'SECTIONS_NAME', 'Разделы'),
(4, 'ELEMENT_ADD', 'Добавить элемент'),
(4, 'ELEMENT_DELETE', 'Удалить элемент'),
(4, 'ELEMENT_EDIT', 'Изменить элемент'),
(4, 'ELEMENT_NAME', 'Элемент'),
(4, 'ELEMENTS_NAME', 'Элементы'),
(4, 'SECTION_ADD', 'Добавить раздел'),
(4, 'SECTION_DELETE', 'Удалить раздел'),
(4, 'SECTION_EDIT', 'Изменить раздел'),
(4, 'SECTION_NAME', 'Раздел'),
(4, 'SECTIONS_NAME', 'Разделы'),
(5, 'ELEMENT_ADD', 'Добавить элемент'),
(5, 'ELEMENT_DELETE', 'Удалить элемент'),
(5, 'ELEMENT_EDIT', 'Изменить элемент'),
(5, 'ELEMENT_NAME', 'Элемент'),
(5, 'ELEMENTS_NAME', 'Элементы'),
(5, 'SECTION_ADD', 'Добавить раздел'),
(5, 'SECTION_DELETE', 'Удалить раздел'),
(5, 'SECTION_EDIT', 'Изменить раздел'),
(5, 'SECTION_NAME', 'Раздел'),
(5, 'SECTIONS_NAME', 'Разделы'),
(6, 'ELEMENT_ADD', 'Добавить элемент'),
(6, 'ELEMENT_DELETE', 'Удалить элемент'),
(6, 'ELEMENT_EDIT', 'Изменить элемент'),
(6, 'ELEMENT_NAME', 'Элемент'),
(6, 'ELEMENTS_NAME', 'Элементы'),
(6, 'SECTION_ADD', 'Добавить раздел'),
(6, 'SECTION_DELETE', 'Удалить раздел'),
(6, 'SECTION_EDIT', 'Изменить раздел'),
(6, 'SECTION_NAME', 'Раздел'),
(6, 'SECTIONS_NAME', 'Разделы'),
(7, 'ELEMENT_ADD', 'Добавить элемент'),
(7, 'ELEMENT_DELETE', 'Удалить элемент'),
(7, 'ELEMENT_EDIT', 'Изменить элемент'),
(7, 'ELEMENT_NAME', 'Элемент'),
(7, 'ELEMENTS_NAME', 'Элементы'),
(7, 'SECTION_ADD', 'Добавить раздел'),
(7, 'SECTION_DELETE', 'Удалить раздел'),
(7, 'SECTION_EDIT', 'Изменить раздел'),
(7, 'SECTION_NAME', 'Раздел'),
(7, 'SECTIONS_NAME', 'Разделы'),
(8, 'ELEMENT_ADD', 'Добавить элемент'),
(8, 'ELEMENT_DELETE', 'Удалить элемент'),
(8, 'ELEMENT_EDIT', 'Изменить элемент'),
(8, 'ELEMENT_NAME', 'Элемент'),
(8, 'ELEMENTS_NAME', 'Элементы'),
(8, 'SECTION_ADD', 'Добавить раздел'),
(8, 'SECTION_DELETE', 'Удалить раздел'),
(8, 'SECTION_EDIT', 'Изменить раздел'),
(8, 'SECTION_NAME', 'Раздел'),
(8, 'SECTIONS_NAME', 'Разделы'),
(9, 'ELEMENT_ADD', 'Добавить элемент'),
(9, 'ELEMENT_DELETE', 'Удалить элемент'),
(9, 'ELEMENT_EDIT', 'Изменить элемент'),
(9, 'ELEMENT_NAME', 'Элемент'),
(9, 'ELEMENTS_NAME', 'Элементы'),
(9, 'SECTION_ADD', 'Добавить раздел'),
(9, 'SECTION_DELETE', 'Удалить раздел'),
(9, 'SECTION_EDIT', 'Изменить раздел'),
(9, 'SECTION_NAME', 'Раздел'),
(9, 'SECTIONS_NAME', 'Разделы'),
(11, 'ELEMENT_ADD', 'Добавить элемент'),
(11, 'ELEMENT_DELETE', 'Удалить элемент'),
(11, 'ELEMENT_EDIT', 'Изменить элемент'),
(11, 'ELEMENT_NAME', 'Элемент'),
(11, 'ELEMENTS_NAME', 'Элементы'),
(11, 'SECTION_ADD', 'Добавить раздел'),
(11, 'SECTION_DELETE', 'Удалить раздел'),
(11, 'SECTION_EDIT', 'Изменить раздел'),
(11, 'SECTION_NAME', 'Раздел'),
(11, 'SECTIONS_NAME', 'Разделы'),
(12, 'ELEMENT_ADD', 'Добавить элемент'),
(12, 'ELEMENT_DELETE', 'Удалить элемент'),
(12, 'ELEMENT_EDIT', 'Изменить элемент'),
(12, 'ELEMENT_NAME', 'Элемент'),
(12, 'ELEMENTS_NAME', 'Элементы'),
(12, 'SECTION_ADD', 'Добавить раздел'),
(12, 'SECTION_DELETE', 'Удалить раздел'),
(12, 'SECTION_EDIT', 'Изменить раздел'),
(12, 'SECTION_NAME', 'Раздел'),
(12, 'SECTIONS_NAME', 'Разделы'),
(13, 'ELEMENT_ADD', 'Добавить элемент'),
(13, 'ELEMENT_DELETE', 'Удалить элемент'),
(13, 'ELEMENT_EDIT', 'Изменить элемент'),
(13, 'ELEMENT_NAME', 'Элемент'),
(13, 'ELEMENTS_NAME', 'Элементы'),
(13, 'SECTION_ADD', 'Добавить раздел'),
(13, 'SECTION_DELETE', 'Удалить раздел'),
(13, 'SECTION_EDIT', 'Изменить раздел'),
(13, 'SECTION_NAME', 'Раздел'),
(13, 'SECTIONS_NAME', 'Разделы'),
(16, 'ELEMENT_ADD', 'Добавить элемент'),
(16, 'ELEMENT_DELETE', 'Удалить элемент'),
(16, 'ELEMENT_EDIT', 'Изменить элемент'),
(16, 'ELEMENT_NAME', 'Элемент'),
(16, 'ELEMENTS_NAME', 'Элементы'),
(16, 'SECTION_ADD', 'Добавить раздел'),
(16, 'SECTION_DELETE', 'Удалить раздел'),
(16, 'SECTION_EDIT', 'Изменить раздел'),
(16, 'SECTION_NAME', 'Раздел'),
(16, 'SECTIONS_NAME', 'Разделы'),
(17, 'ELEMENT_ADD', 'Добавить элемент'),
(17, 'ELEMENT_DELETE', 'Удалить элемент'),
(17, 'ELEMENT_EDIT', 'Изменить элемент'),
(17, 'ELEMENT_NAME', 'Элемент'),
(17, 'ELEMENTS_NAME', 'Элементы'),
(17, 'SECTION_ADD', 'Добавить раздел'),
(17, 'SECTION_DELETE', 'Удалить раздел'),
(17, 'SECTION_EDIT', 'Изменить раздел'),
(17, 'SECTION_NAME', 'Раздел'),
(17, 'SECTIONS_NAME', 'Разделы'),
(18, 'ELEMENT_ADD', 'Добавить элемент'),
(18, 'ELEMENT_DELETE', 'Удалить элемент'),
(18, 'ELEMENT_EDIT', 'Изменить элемент'),
(18, 'ELEMENT_NAME', 'Элемент'),
(18, 'ELEMENTS_NAME', 'Элементы'),
(18, 'SECTION_ADD', 'Добавить раздел'),
(18, 'SECTION_DELETE', 'Удалить раздел'),
(18, 'SECTION_EDIT', 'Изменить раздел'),
(18, 'SECTION_NAME', 'Раздел'),
(18, 'SECTIONS_NAME', 'Разделы'),
(19, 'ELEMENT_ADD', 'Добавить элемент'),
(19, 'ELEMENT_DELETE', 'Удалить элемент'),
(19, 'ELEMENT_EDIT', 'Изменить элемент'),
(19, 'ELEMENT_NAME', 'Элемент'),
(19, 'ELEMENTS_NAME', 'Элементы'),
(19, 'SECTION_ADD', 'Добавить раздел'),
(19, 'SECTION_DELETE', 'Удалить раздел'),
(19, 'SECTION_EDIT', 'Изменить раздел'),
(19, 'SECTION_NAME', 'Раздел'),
(19, 'SECTIONS_NAME', 'Разделы'),
(20, 'ELEMENT_ADD', 'Добавить элемент'),
(20, 'ELEMENT_DELETE', 'Удалить элемент'),
(20, 'ELEMENT_EDIT', 'Изменить элемент'),
(20, 'ELEMENT_NAME', 'Элемент'),
(20, 'ELEMENTS_NAME', 'Элементы'),
(20, 'SECTION_ADD', 'Добавить раздел'),
(20, 'SECTION_DELETE', 'Удалить раздел'),
(20, 'SECTION_EDIT', 'Изменить раздел'),
(20, 'SECTION_NAME', 'Раздел'),
(20, 'SECTIONS_NAME', 'Разделы'),
(21, 'ELEMENT_ADD', 'Добавить элемент'),
(21, 'ELEMENT_DELETE', 'Удалить элемент'),
(21, 'ELEMENT_EDIT', 'Изменить элемент'),
(21, 'ELEMENT_NAME', 'Элемент'),
(21, 'ELEMENTS_NAME', 'Элементы'),
(21, 'SECTION_ADD', 'Добавить раздел'),
(21, 'SECTION_DELETE', 'Удалить раздел'),
(21, 'SECTION_EDIT', 'Изменить раздел'),
(21, 'SECTION_NAME', 'Раздел'),
(21, 'SECTIONS_NAME', 'Разделы'),
(22, 'ELEMENT_ADD', 'Добавить элемент'),
(22, 'ELEMENT_DELETE', 'Удалить элемент'),
(22, 'ELEMENT_EDIT', 'Изменить элемент'),
(22, 'ELEMENT_NAME', 'Элемент'),
(22, 'ELEMENTS_NAME', 'Элементы'),
(22, 'SECTION_ADD', 'Добавить раздел'),
(22, 'SECTION_DELETE', 'Удалить раздел'),
(22, 'SECTION_EDIT', 'Изменить раздел'),
(22, 'SECTION_NAME', 'Раздел'),
(22, 'SECTIONS_NAME', 'Разделы');

-- --------------------------------------------------------

--
-- Структура таблицы `b_iblock_offers_tmp`
--

CREATE TABLE `b_iblock_offers_tmp` (
  `ID` int(11) UNSIGNED NOT NULL,
  `PRODUCT_IBLOCK_ID` int(11) UNSIGNED NOT NULL,
  `OFFERS_IBLOCK_ID` int(11) UNSIGNED NOT NULL,
  `TIMESTAMP_X` timestamp NOT NULL DEFAULT CURRENT_TIMESTAMP ON UPDATE CURRENT_TIMESTAMP
) ENGINE=InnoDB DEFAULT CHARSET=utf8 COLLATE=utf8_unicode_ci;

-- --------------------------------------------------------

--
-- Структура таблицы `b_iblock_property`
--

CREATE TABLE `b_iblock_property` (
  `ID` int(11) NOT NULL,
  `TIMESTAMP_X` timestamp NOT NULL DEFAULT CURRENT_TIMESTAMP ON UPDATE CURRENT_TIMESTAMP,
  `IBLOCK_ID` int(11) NOT NULL,
  `NAME` varchar(255) COLLATE utf8_unicode_ci NOT NULL,
  `ACTIVE` char(1) COLLATE utf8_unicode_ci NOT NULL DEFAULT 'Y',
  `SORT` int(11) NOT NULL DEFAULT '500',
  `CODE` varchar(50) COLLATE utf8_unicode_ci DEFAULT NULL,
  `DEFAULT_VALUE` text COLLATE utf8_unicode_ci,
  `PROPERTY_TYPE` char(1) COLLATE utf8_unicode_ci NOT NULL DEFAULT 'S',
  `ROW_COUNT` int(11) NOT NULL DEFAULT '1',
  `COL_COUNT` int(11) NOT NULL DEFAULT '30',
  `LIST_TYPE` char(1) COLLATE utf8_unicode_ci NOT NULL DEFAULT 'L',
  `MULTIPLE` char(1) COLLATE utf8_unicode_ci NOT NULL DEFAULT 'N',
  `XML_ID` varchar(100) COLLATE utf8_unicode_ci DEFAULT NULL,
  `FILE_TYPE` varchar(200) COLLATE utf8_unicode_ci DEFAULT NULL,
  `MULTIPLE_CNT` int(11) DEFAULT NULL,
  `TMP_ID` varchar(40) COLLATE utf8_unicode_ci DEFAULT NULL,
  `LINK_IBLOCK_ID` int(18) DEFAULT NULL,
  `WITH_DESCRIPTION` char(1) COLLATE utf8_unicode_ci DEFAULT NULL,
  `SEARCHABLE` char(1) COLLATE utf8_unicode_ci NOT NULL DEFAULT 'N',
  `FILTRABLE` char(1) COLLATE utf8_unicode_ci NOT NULL DEFAULT 'N',
  `IS_REQUIRED` char(1) COLLATE utf8_unicode_ci DEFAULT NULL,
  `VERSION` int(11) NOT NULL DEFAULT '1',
  `USER_TYPE` varchar(255) COLLATE utf8_unicode_ci DEFAULT NULL,
  `USER_TYPE_SETTINGS` text COLLATE utf8_unicode_ci,
  `HINT` varchar(255) COLLATE utf8_unicode_ci DEFAULT NULL
) ENGINE=InnoDB DEFAULT CHARSET=utf8 COLLATE=utf8_unicode_ci;

--
-- Дамп данных таблицы `b_iblock_property`
--

INSERT INTO `b_iblock_property` (`ID`, `TIMESTAMP_X`, `IBLOCK_ID`, `NAME`, `ACTIVE`, `SORT`, `CODE`, `DEFAULT_VALUE`, `PROPERTY_TYPE`, `ROW_COUNT`, `COL_COUNT`, `LIST_TYPE`, `MULTIPLE`, `XML_ID`, `FILE_TYPE`, `MULTIPLE_CNT`, `TMP_ID`, `LINK_IBLOCK_ID`, `WITH_DESCRIPTION`, `SEARCHABLE`, `FILTRABLE`, `IS_REQUIRED`, `VERSION`, `USER_TYPE`, `USER_TYPE_SETTINGS`, `HINT`) VALUES
(1, '2022-11-19 09:32:48', 1, 'Дзен', 'Y', 500, 'PR1', '', 'S', 1, 30, 'L', 'N', NULL, '', 5, NULL, 0, 'N', 'N', 'N', 'N', 1, NULL, NULL, ''),
(2, '2022-11-19 09:32:48', 1, 'ВК', 'Y', 500, 'PR2', '', 'S', 1, 30, 'L', 'N', NULL, '', 5, NULL, 0, 'N', 'N', 'N', 'N', 1, NULL, NULL, ''),
(3, '2022-11-19 09:32:48', 1, 'Телеграмм', 'Y', 500, 'PR3', '', 'S', 1, 30, 'L', 'N', NULL, '', 5, NULL, 0, 'N', 'N', 'N', 'N', 1, NULL, NULL, ''),
(4, '2022-11-19 10:32:46', 2, 'Фон', 'Y', 500, 'PR1', '', 'F', 1, 30, 'L', 'N', NULL, '', 5, NULL, 0, 'N', 'N', 'N', 'N', 1, NULL, NULL, ''),
(5, '2022-11-20 09:46:49', 5, 'Реализация работы', 'Y', 500, 'PR1', '', 'S', 1, 30, 'L', 'N', NULL, '', 5, NULL, 0, 'N', 'N', 'N', 'N', 1, NULL, NULL, ''),
(6, '2022-11-20 09:46:49', 5, 'Скорость работы', 'Y', 500, 'PR2', '', 'S', 1, 30, 'L', 'N', NULL, '', 5, NULL, 0, 'N', 'N', 'N', 'N', 1, NULL, NULL, ''),
(7, '2022-11-20 09:46:49', 5, 'Лого', 'Y', 500, 'PR3', '', 'F', 1, 30, 'L', 'N', NULL, '', 5, NULL, 0, 'N', 'N', 'N', 'N', 1, NULL, NULL, ''),
(8, '2022-11-20 10:07:27', 6, 'Лого', 'Y', 500, 'PR1', '', 'F', 1, 30, 'L', 'N', NULL, '', 5, NULL, 0, 'N', 'N', 'N', 'N', 1, NULL, NULL, ''),
(11, '2022-12-05 12:33:38', 11, 'Заголовок блока', 'Y', 500, 'title_block', '', 'S', 1, 30, 'L', 'N', NULL, '', 5, NULL, 0, 'N', 'N', 'N', 'N', 1, NULL, NULL, ''),
(12, '2022-12-05 12:33:38', 11, 'Ссылка подробнее', 'Y', 500, 'link', '', 'S', 1, 30, 'L', 'N', NULL, '', 5, NULL, 0, 'N', 'N', 'N', 'N', 1, NULL, NULL, ''),
(13, '2022-12-05 13:55:22', 12, 'Ссылка подробнее', 'Y', 500, 'link', '', 'S', 1, 30, 'L', 'N', NULL, '', 5, NULL, 0, 'N', 'N', 'N', 'N', 1, NULL, NULL, ''),
(14, '2022-12-05 17:15:17', 12, 'Теги фильтра', 'Y', 500, 'tags', '', 'S', 1, 30, 'L', 'N', NULL, '', 5, NULL, 0, 'N', 'N', 'Y', 'N', 1, 'directory', 'a:5:{s:4:\"size\";i:1;s:5:\"width\";i:0;s:5:\"group\";s:1:\"N\";s:8:\"multiple\";s:1:\"N\";s:10:\"TABLE_NAME\";s:17:\"b_hlbd_tegifiltra\";}', ''),
(15, '2022-12-07 10:48:29', 13, 'Реализация работы', 'Y', 500, 'imwork', '', 'S', 1, 30, 'L', 'N', NULL, '', 5, NULL, 0, 'N', 'N', 'N', 'N', 1, NULL, NULL, ''),
(16, '2022-12-07 10:48:29', 13, 'Cкорость работы', 'Y', 500, 'speedwork', '', 'S', 1, 30, 'L', 'N', NULL, '', 5, NULL, 0, 'N', 'N', 'N', 'N', 1, NULL, NULL, ''),
(17, '2022-12-14 13:19:19', 13, 'Ссылка подробнее (только id кейса)', 'Y', 500, 'link', '', 'E', 1, 30, 'L', 'N', NULL, '', 5, NULL, 21, 'N', 'N', 'N', 'N', 1, NULL, NULL, 'Нажмите на троеточие и выберите нужный элемент, в поле автоматически появится его id.'),
(18, '2022-12-07 10:50:18', 13, 'Логотип компании', 'Y', 500, 'logo_company', '', 'F', 1, 30, 'L', 'N', NULL, '', 5, NULL, 0, 'N', 'N', 'N', 'N', 1, NULL, NULL, ''),
(19, '2022-12-07 10:48:29', 13, 'Теги фильтра', 'Y', 500, 'tags_cases', '', 'S', 1, 30, 'L', 'N', NULL, '', 5, NULL, 0, 'N', 'N', 'Y', 'N', 1, 'directory', 'a:5:{s:4:\"size\";i:1;s:5:\"width\";i:0;s:5:\"group\";s:1:\"N\";s:8:\"multiple\";s:1:\"N\";s:10:\"TABLE_NAME\";s:16:\"b_hlbd_tegicases\";}', ''),
(26, '2022-12-08 09:59:49', 16, 'Подзаголовок 1', 'Y', 10, 'title1', '', 'S', 1, 30, 'L', 'N', NULL, '', 5, NULL, 0, 'N', 'N', 'N', 'N', 1, NULL, NULL, ''),
(27, '2022-12-08 09:59:49', 16, 'Описание 1', 'Y', 20, 'about1', 'a:2:{s:4:\"TEXT\";s:0:\"\";s:4:\"TYPE\";s:4:\"HTML\";}', 'S', 1, 30, 'L', 'N', NULL, '', 5, NULL, 0, 'N', 'N', 'N', 'N', 1, 'HTML', 'a:1:{s:6:\"height\";i:200;}', ''),
(28, '2022-12-08 09:59:49', 16, 'Картинка 1', 'Y', 30, 'img1', '', 'F', 1, 30, 'L', 'N', NULL, '', 5, NULL, 0, 'N', 'N', 'N', 'N', 1, NULL, NULL, ''),
(29, '2022-12-08 09:59:49', 16, 'Подзаголовок 2', 'Y', 40, 'title2', '', 'S', 1, 30, 'L', 'N', NULL, '', 5, NULL, 0, 'N', 'N', 'N', 'N', 1, NULL, NULL, ''),
(30, '2022-12-08 10:03:28', 16, 'Описание 2', 'Y', 50, 'about2', 'a:2:{s:4:\"TYPE\";s:4:\"TEXT\";s:4:\"TEXT\";s:0:\"\";}', 'S', 1, 30, 'L', 'N', NULL, '', 5, NULL, 0, 'N', 'N', 'N', 'N', 1, 'HTML', 'a:1:{s:6:\"height\";i:200;}', ''),
(31, '2022-12-08 09:59:49', 16, 'Картинка 2', 'Y', 60, 'img2', '', 'F', 1, 30, 'L', 'N', NULL, '', 5, NULL, 0, 'N', 'N', 'N', 'N', 1, NULL, NULL, ''),
(32, '2022-12-08 10:12:13', 16, 'Ссылка подробнее ', 'Y', 500, 'link', '', 'S', 1, 30, 'L', 'N', NULL, '', 5, NULL, 0, 'N', 'N', 'N', 'N', 1, NULL, NULL, ''),
(33, '2022-12-08 14:08:54', 17, 'Плюс 1', 'Y', 10, 'plus1', '', 'S', 1, 30, 'L', 'N', NULL, '', 5, NULL, 0, 'N', 'N', 'N', 'N', 1, NULL, NULL, ''),
(34, '2022-12-08 14:08:54', 17, 'Плюс 2', 'Y', 20, 'plus2', '', 'S', 1, 30, 'L', 'N', NULL, '', 5, NULL, 0, 'N', 'N', 'N', 'N', 1, NULL, NULL, ''),
(35, '2022-12-08 14:08:54', 17, 'Плюс 3', 'Y', 30, 'plus3', '', 'S', 1, 30, 'L', 'N', NULL, '', 5, NULL, 0, 'N', 'N', 'N', 'N', 1, NULL, NULL, ''),
(36, '2022-12-08 14:08:54', 17, 'Плюс 4', 'Y', 40, 'plus4', '', 'S', 1, 30, 'L', 'N', NULL, '', 5, NULL, 0, 'N', 'N', 'N', 'N', 1, NULL, NULL, ''),
(37, '2022-12-08 14:08:54', 17, 'Плюс 5', 'Y', 50, 'plus5', '', 'S', 1, 30, 'L', 'N', NULL, '', 5, NULL, 0, 'N', 'N', 'N', 'N', 1, NULL, NULL, ''),
(38, '2022-12-08 14:08:54', 17, 'Плюс 6', 'Y', 60, 'plus6', '', 'S', 1, 30, 'L', 'N', NULL, '', 5, NULL, 0, 'N', 'N', 'N', 'N', 1, NULL, NULL, ''),
(39, '2022-12-08 14:08:54', 17, 'Плюс 7', 'Y', 70, 'plus7', '', 'S', 1, 30, 'L', 'N', NULL, '', 5, NULL, 0, 'N', 'N', 'N', 'N', 1, NULL, NULL, ''),
(40, '2022-12-08 14:08:54', 17, 'Плюс 8', 'Y', 80, 'plus8', '', 'S', 1, 30, 'L', 'N', NULL, '', 5, NULL, 0, 'N', 'N', 'N', 'N', 1, NULL, NULL, ''),
(41, '2022-12-08 14:08:54', 17, 'Плюс 9', 'Y', 90, 'plus9', '', 'S', 1, 30, 'L', 'N', NULL, '', 5, NULL, 0, 'N', 'N', 'N', 'N', 1, NULL, NULL, ''),
(42, '2022-12-08 14:08:54', 17, 'Плюс 10', 'Y', 100, 'plus10', '', 'S', 1, 30, 'L', 'N', NULL, '', 5, NULL, 0, 'N', 'N', 'N', 'N', 1, NULL, NULL, ''),
(43, '2022-12-08 14:39:28', 18, 'Заголовок блока', 'Y', 500, 'title_block', '', 'S', 1, 30, 'L', 'N', NULL, '', 5, NULL, 0, 'N', 'N', 'N', 'N', 1, NULL, NULL, ''),
(44, '2022-12-08 14:39:28', 18, 'Ссылка подробнее', 'Y', 500, 'link', '', 'S', 1, 30, 'L', 'N', NULL, '', 5, NULL, 0, 'N', 'N', 'N', 'N', 1, NULL, NULL, ''),
(45, '2022-12-08 17:32:32', 19, 'Заголовок блока', 'Y', 500, 'title_block', '', 'S', 1, 30, 'L', 'N', NULL, '', 5, NULL, 0, 'N', 'N', 'N', 'N', 1, NULL, NULL, ''),
(46, '2022-12-08 17:32:32', 19, 'Ссылка подробнее', 'Y', 500, 'link', '', 'S', 1, 30, 'L', 'N', NULL, '', 5, NULL, 0, 'N', 'N', 'N', 'N', 1, NULL, NULL, ''),
(47, '2022-12-08 17:41:32', 20, 'Ссылка подробнее', 'Y', 500, 'link', '', 'S', 1, 30, 'L', 'N', NULL, '', 5, NULL, 0, 'N', 'N', 'N', 'N', 1, NULL, NULL, ''),
(48, '2022-12-11 23:07:34', 21, 'Описание баннера ', 'Y', 1, 'opis_banner', 'a:2:{s:4:\"TEXT\";s:0:\"\";s:4:\"TYPE\";s:4:\"HTML\";}', 'S', 1, 30, 'L', 'N', NULL, '', 5, NULL, 0, 'N', 'N', 'N', 'N', 2, 'HTML', 'a:1:{s:6:\"height\";i:200;}', ''),
(49, '2022-12-11 23:07:34', 21, 'Логотип кейса', 'Y', 2, 'logo', '', 'F', 1, 30, 'L', 'N', NULL, '', 5, NULL, 0, 'N', 'N', 'N', 'N', 2, NULL, NULL, ''),
(50, '2022-12-11 23:07:34', 21, 'Заголовок 1 ', 'Y', 3, 'title1', '', 'S', 1, 30, 'L', 'N', NULL, '', 5, NULL, 0, 'N', 'N', 'N', 'N', 2, NULL, NULL, ''),
(51, '2022-12-11 23:07:34', 21, 'Описание 1', 'Y', 4, 'opis1', 'a:2:{s:4:\"TEXT\";s:0:\"\";s:4:\"TYPE\";s:4:\"HTML\";}', 'S', 1, 30, 'L', 'N', NULL, '', 5, NULL, 0, 'N', 'N', 'N', 'N', 2, 'HTML', 'a:1:{s:6:\"height\";i:200;}', ''),
(52, '2022-12-11 23:07:34', 21, 'Заголовок 2', 'Y', 5, 'title2', '', 'S', 1, 30, 'L', 'N', NULL, '', 5, NULL, 0, 'N', 'N', 'N', 'N', 2, NULL, NULL, ''),
(53, '2022-12-11 23:07:34', 21, 'Описание 2', 'Y', 6, 'opis2', 'a:2:{s:4:\"TEXT\";s:0:\"\";s:4:\"TYPE\";s:4:\"HTML\";}', 'S', 1, 30, 'L', 'N', NULL, '', 5, NULL, 0, 'N', 'N', 'N', 'N', 2, 'HTML', 'a:1:{s:6:\"height\";i:200;}', ''),
(54, '2022-12-11 23:07:34', 21, 'Показывать цели и задачи?', 'Y', 7, 'showcaz', '', 'L', 1, 30, 'L', 'N', NULL, '', 5, NULL, 0, 'N', 'N', 'N', 'N', 2, NULL, NULL, ''),
(55, '2022-12-11 23:07:34', 21, 'Заголовок таблицы 1 ', 'Y', 8, 'title_table1', '', 'S', 1, 30, 'L', 'N', NULL, '', 5, NULL, 0, 'N', 'N', 'N', 'N', 2, NULL, NULL, ''),
(56, '2022-12-11 23:07:34', 21, 'Описание таблицы 1 ', 'Y', 9, 'opis_table1', 'a:2:{s:4:\"TEXT\";s:0:\"\";s:4:\"TYPE\";s:4:\"HTML\";}', 'S', 1, 30, 'L', 'N', NULL, '', 5, NULL, 0, 'N', 'N', 'N', 'N', 2, 'HTML', 'a:1:{s:6:\"height\";i:200;}', ''),
(57, '2022-12-11 23:07:34', 21, 'Таблица 1', 'Y', 10, 'table1', 'a:2:{s:4:\"TEXT\";s:0:\"\";s:4:\"TYPE\";s:4:\"HTML\";}', 'S', 1, 30, 'L', 'N', NULL, '', 5, NULL, 0, 'N', 'N', 'N', 'N', 2, 'HTML', 'a:1:{s:6:\"height\";i:200;}', ''),
(58, '2022-12-11 23:07:34', 21, 'Заголовок таблицы 2', 'Y', 11, 'title_table2', '', 'S', 1, 30, 'L', 'N', NULL, '', 5, NULL, 0, 'N', 'N', 'N', 'N', 2, NULL, NULL, ''),
(59, '2022-12-11 23:07:34', 21, 'Описание таблицы 2', 'Y', 12, 'opis_table2', 'a:2:{s:4:\"TEXT\";s:0:\"\";s:4:\"TYPE\";s:4:\"HTML\";}', 'S', 1, 30, 'L', 'N', NULL, '', 5, NULL, 0, 'N', 'N', 'N', 'N', 2, 'HTML', 'a:1:{s:6:\"height\";i:200;}', ''),
(60, '2022-12-11 23:07:34', 21, 'Таблица 2', 'Y', 13, 'table2', 'a:2:{s:4:\"TEXT\";s:0:\"\";s:4:\"TYPE\";s:4:\"HTML\";}', 'S', 1, 30, 'L', 'N', NULL, '', 5, NULL, 0, 'N', 'N', 'N', 'N', 2, 'HTML', 'a:1:{s:6:\"height\";i:200;}', ''),
(61, '2022-12-11 23:07:34', 21, 'Показывать внедренные продукты?', 'Y', 14, 'showprod', '', 'L', 1, 30, 'L', 'N', NULL, '', 5, NULL, 0, 'N', 'N', 'N', 'N', 2, NULL, NULL, ''),
(62, '2022-12-11 23:07:34', 21, 'Продукт 1 Картинка', 'Y', 15, 'product1_img', '', 'F', 1, 30, 'L', 'N', NULL, '', 5, NULL, 0, 'N', 'N', 'N', 'N', 2, NULL, NULL, ''),
(63, '2022-12-11 23:07:34', 21, 'Продукт 1 Заголовок', 'Y', 16, 'product1_title', '', 'S', 1, 30, 'L', 'N', NULL, '', 5, NULL, 0, 'N', 'N', 'N', 'N', 2, NULL, NULL, ''),
(64, '2022-12-11 23:07:34', 21, 'Продукт 1 Описание', 'Y', 17, 'product1_opis', 'a:2:{s:4:\"TEXT\";s:0:\"\";s:4:\"TYPE\";s:4:\"HTML\";}', 'S', 1, 30, 'L', 'N', NULL, '', 5, NULL, 0, 'N', 'N', 'N', 'N', 2, 'HTML', 'a:1:{s:6:\"height\";i:200;}', ''),
(65, '2022-12-11 23:07:34', 21, 'Продукт 1 Ссылка подробнее', 'Y', 18, 'product1_link', '', 'S', 1, 30, 'L', 'N', NULL, '', 5, NULL, 0, 'N', 'N', 'N', 'N', 2, NULL, NULL, ''),
(66, '2022-12-11 23:07:34', 21, 'Продукт 2 Картинка', 'Y', 19, 'product2_img', '', 'F', 1, 30, 'L', 'N', NULL, '', 5, NULL, 0, 'N', 'N', 'N', 'N', 2, NULL, NULL, ''),
(67, '2022-12-11 23:07:34', 21, 'Продукт 2 Заголовок', 'Y', 20, 'product2_title', '', 'S', 1, 30, 'L', 'N', NULL, '', 5, NULL, 0, 'N', 'N', 'N', 'N', 2, NULL, NULL, ''),
(68, '2022-12-11 23:07:34', 21, 'Продукт 2 Описание', 'Y', 21, 'product2_opis', 'a:2:{s:4:\"TEXT\";s:0:\"\";s:4:\"TYPE\";s:4:\"HTML\";}', 'S', 1, 30, 'L', 'N', NULL, '', 5, NULL, 0, 'N', 'N', 'N', 'N', 2, 'HTML', 'a:1:{s:6:\"height\";i:200;}', ''),
(69, '2022-12-11 23:07:34', 21, 'Продукт 2 Ссылка подробнее', 'Y', 22, 'product2_link', '', 'S', 1, 30, 'L', 'N', NULL, '', 5, NULL, 0, 'N', 'N', 'N', 'N', 2, NULL, NULL, ''),
(70, '2022-12-11 23:07:34', 21, 'Продукт 3 Картинка', 'Y', 23, 'product3_img', '', 'F', 1, 30, 'L', 'N', NULL, '', 5, NULL, 0, 'N', 'N', 'N', 'N', 2, NULL, NULL, ''),
(71, '2022-12-11 23:07:34', 21, 'Продукт 3 Заголовок', 'Y', 24, 'product3_title', '', 'S', 1, 30, 'L', 'N', NULL, '', 5, NULL, 0, 'N', 'N', 'N', 'N', 2, NULL, NULL, ''),
(72, '2022-12-11 23:07:34', 21, 'Продукт 3 Описание', 'Y', 25, 'product3_opis', 'a:2:{s:4:\"TEXT\";s:0:\"\";s:4:\"TYPE\";s:4:\"HTML\";}', 'S', 1, 30, 'L', 'N', NULL, '', 5, NULL, 0, 'N', 'N', 'N', 'N', 2, 'HTML', 'a:1:{s:6:\"height\";i:200;}', ''),
(73, '2022-12-11 23:07:34', 21, 'Продукт 3 Ссылка подробнее', 'Y', 26, 'product3_link', '', 'S', 1, 30, 'L', 'N', NULL, '', 5, NULL, 0, 'N', 'N', 'N', 'N', 2, NULL, NULL, ''),
(74, '2022-12-11 23:07:34', 21, 'Продукт 4 Картинка', 'Y', 27, 'product4_img', '', 'F', 1, 30, 'L', 'N', NULL, '', 5, NULL, 0, 'N', 'N', 'N', 'N', 2, NULL, NULL, ''),
(75, '2022-12-11 23:07:34', 21, 'Продукт 4 Заголовок', 'Y', 28, 'product4_title', '', 'S', 1, 30, 'L', 'N', NULL, '', 5, NULL, 0, 'N', 'N', 'N', 'N', 2, NULL, NULL, ''),
(76, '2022-12-11 23:07:34', 21, 'Продукт 4 Описание', 'Y', 29, 'product4_opis', 'a:2:{s:4:\"TEXT\";s:0:\"\";s:4:\"TYPE\";s:4:\"HTML\";}', 'S', 1, 30, 'L', 'N', NULL, '', 5, NULL, 0, 'N', 'N', 'N', 'N', 2, 'HTML', 'a:1:{s:6:\"height\";i:200;}', ''),
(77, '2022-12-11 23:07:34', 21, 'Продукт 4 Ссылка подробнее', 'Y', 30, 'product4_link', '', 'S', 1, 30, 'L', 'N', NULL, '', 5, NULL, 0, 'N', 'N', 'N', 'N', 2, NULL, NULL, ''),
(78, '2022-12-11 23:07:34', 21, 'Продукт 5 Картинка', 'Y', 31, 'product5_img', '', 'F', 1, 30, 'L', 'N', NULL, '', 5, NULL, 0, 'N', 'N', 'N', 'N', 2, NULL, NULL, ''),
(79, '2022-12-11 23:07:34', 21, 'Продукт 5 Заголовок', 'Y', 32, 'product5_title', '', 'S', 1, 30, 'L', 'N', NULL, '', 5, NULL, 0, 'N', 'N', 'N', 'N', 2, NULL, NULL, ''),
(80, '2022-12-11 23:07:34', 21, 'Продукт 5 Описание', 'Y', 33, 'product5_opis', 'a:2:{s:4:\"TEXT\";s:0:\"\";s:4:\"TYPE\";s:4:\"HTML\";}', 'S', 1, 30, 'L', 'N', NULL, '', 5, NULL, 0, 'N', 'N', 'N', 'N', 2, 'HTML', 'a:1:{s:6:\"height\";i:200;}', ''),
(81, '2022-12-11 23:07:34', 21, 'Продукт 5 Ссылка подробнее', 'Y', 34, 'product5_link', '', 'S', 1, 30, 'L', 'N', NULL, '', 5, NULL, 0, 'N', 'N', 'N', 'N', 2, NULL, NULL, ''),
(83, '2022-12-11 23:07:34', 21, 'Продукт 6 Картинка', 'Y', 35, 'product6_img', '', 'F', 1, 30, 'L', 'N', NULL, '', 5, NULL, 0, 'N', 'N', 'N', 'N', 2, NULL, NULL, ''),
(84, '2022-12-11 23:07:34', 21, 'Продукт 6 Заголовок', 'Y', 36, 'product6_title', '', 'S', 1, 30, 'L', 'N', NULL, '', 5, NULL, 0, 'N', 'N', 'N', 'N', 2, NULL, NULL, ''),
(85, '2022-12-11 23:07:34', 21, 'Продукт 6 Описание', 'Y', 37, 'product6_opis', 'a:2:{s:4:\"TEXT\";s:0:\"\";s:4:\"TYPE\";s:4:\"HTML\";}', 'S', 1, 30, 'L', 'N', NULL, '', 5, NULL, 0, 'N', 'N', 'N', 'N', 2, 'HTML', 'a:1:{s:6:\"height\";i:200;}', ''),
(86, '2022-12-11 23:07:34', 21, 'Продукт 6 Ссылка подробнее', 'Y', 38, 'product6_link', '', 'S', 1, 30, 'L', 'N', NULL, '', 5, NULL, 0, 'N', 'N', 'N', 'N', 2, NULL, NULL, ''),
(87, '2022-12-11 23:07:34', 21, 'Показывать отзывы?', 'Y', 39, 'showrev', '', 'L', 1, 30, 'L', 'N', NULL, '', 5, NULL, 0, 'N', 'N', 'N', 'N', 2, NULL, NULL, ''),
(88, '2022-12-11 23:07:34', 21, 'Имя автора отзыва 1', 'Y', 40, 'name_review1', '', 'S', 1, 30, 'L', 'N', NULL, '', 5, NULL, 0, 'N', 'N', 'N', 'N', 2, NULL, NULL, ''),
(89, '2022-12-11 23:07:34', 21, 'Статус автора отзыва 1', 'Y', 41, 'status_review1', '', 'S', 1, 30, 'L', 'N', NULL, '', 5, NULL, 0, 'N', 'N', 'N', 'N', 2, NULL, NULL, ''),
(90, '2022-12-11 23:07:34', 21, 'Ссылка автора отзыва 1', 'Y', 42, 'link_review1', '', 'S', 1, 30, 'L', 'N', NULL, '', 5, NULL, 0, 'N', 'N', 'N', 'N', 2, NULL, NULL, ''),
(91, '2022-12-11 23:07:34', 21, 'Фотография автора отзыва 1', 'Y', 43, 'foto_review1', '', 'F', 1, 30, 'L', 'N', NULL, '', 5, NULL, 0, 'N', 'N', 'N', 'N', 2, NULL, NULL, ''),
(92, '2022-12-11 23:07:34', 21, 'Отзыв 1', 'Y', 44, 'review1', 'a:2:{s:4:\"TEXT\";s:0:\"\";s:4:\"TYPE\";s:4:\"HTML\";}', 'S', 1, 30, 'L', 'N', NULL, '', 5, NULL, 0, 'N', 'N', 'N', 'N', 2, 'HTML', 'a:1:{s:6:\"height\";i:200;}', ''),
(93, '2022-12-11 23:13:32', 21, 'Имя автора отзыва 2', 'Y', 45, 'name_review2', '', 'S', 1, 30, 'L', 'N', NULL, '', 5, NULL, 0, 'N', 'N', 'N', 'N', 2, NULL, NULL, ''),
(94, '2022-12-11 23:13:33', 21, 'Статус автора отзыва 2', 'Y', 46, 'status_review2', '', 'S', 1, 30, 'L', 'N', NULL, '', 5, NULL, 0, 'N', 'N', 'N', 'N', 2, NULL, NULL, ''),
(95, '2022-12-11 23:13:33', 21, 'Ссылка автора отзыва 2', 'Y', 47, 'link_review2', '', 'S', 1, 30, 'L', 'N', NULL, '', 5, NULL, 0, 'N', 'N', 'N', 'N', 2, NULL, NULL, ''),
(96, '2022-12-11 23:13:33', 21, 'Фотография автора отзыва 2', 'Y', 48, 'foto_review2', '', 'F', 1, 30, 'L', 'N', NULL, '', 5, NULL, 0, 'N', 'N', 'N', 'N', 2, NULL, NULL, ''),
(97, '2022-12-11 23:13:33', 21, 'Отзыв 2', 'Y', 49, 'review2', 'a:2:{s:4:\"TEXT\";s:0:\"\";s:4:\"TYPE\";s:4:\"HTML\";}', 'S', 1, 30, 'L', 'N', NULL, '', 5, NULL, 0, 'N', 'N', 'N', 'N', 2, 'HTML', 'a:1:{s:6:\"height\";i:200;}', ''),
(98, '2022-12-11 23:17:27', 21, 'Имя автора отзыва 3', 'Y', 50, 'name_review3', '', 'S', 1, 30, 'L', 'N', NULL, '', 5, NULL, 0, 'N', 'N', 'N', 'N', 2, NULL, NULL, ''),
(99, '2022-12-11 23:17:27', 21, 'Статус автора отзыва 3', 'Y', 51, 'status_review3', '', 'S', 1, 30, 'L', 'N', NULL, '', 5, NULL, 0, 'N', 'N', 'N', 'N', 2, NULL, NULL, ''),
(100, '2022-12-11 23:17:28', 21, 'Ссылка автора отзыва 3', 'Y', 52, 'link_review3', '', 'S', 1, 30, 'L', 'N', NULL, '', 5, NULL, 0, 'N', 'N', 'N', 'N', 2, NULL, NULL, ''),
(101, '2022-12-11 23:17:28', 21, 'Фотография автора отзыва 3', 'Y', 53, 'foto_review3', '', 'F', 1, 30, 'L', 'N', NULL, '', 5, NULL, 0, 'N', 'N', 'N', 'N', 2, NULL, NULL, ''),
(102, '2022-12-11 23:17:28', 21, 'Отзыв 3', 'Y', 54, 'review3', 'a:2:{s:4:\"TEXT\";s:0:\"\";s:4:\"TYPE\";s:4:\"HTML\";}', 'S', 1, 30, 'L', 'N', NULL, '', 5, NULL, 0, 'N', 'N', 'N', 'N', 2, 'HTML', 'a:1:{s:6:\"height\";i:200;}', ''),
(103, '2022-12-11 23:23:25', 21, 'Имя автора отзыва 4', 'Y', 55, 'name_review4', '', 'S', 1, 30, 'L', 'N', NULL, '', 5, NULL, 0, 'N', 'N', 'N', 'N', 2, NULL, NULL, ''),
(104, '2022-12-11 23:23:25', 21, 'Статус автора отзыва 4', 'Y', 56, 'status_review4', '', 'S', 1, 30, 'L', 'N', NULL, '', 5, NULL, 0, 'N', 'N', 'N', 'N', 2, NULL, NULL, ''),
(105, '2022-12-11 23:23:25', 21, 'Ссылка автора отзыва 4', 'Y', 57, 'link_review4', '', 'S', 1, 30, 'L', 'N', NULL, '', 5, NULL, 0, 'N', 'N', 'N', 'N', 2, NULL, NULL, ''),
(106, '2022-12-11 23:23:25', 21, 'Фотография автора отзыва 4', 'Y', 58, 'foto_review4', '', 'F', 1, 30, 'L', 'N', NULL, '', 5, NULL, 0, 'N', 'N', 'N', 'N', 2, NULL, NULL, ''),
(107, '2022-12-11 23:23:25', 21, 'Отзыв 4', 'Y', 59, 'review4', 'a:2:{s:4:\"TEXT\";s:0:\"\";s:4:\"TYPE\";s:4:\"HTML\";}', 'S', 1, 30, 'L', 'N', NULL, '', 5, NULL, 0, 'N', 'N', 'N', 'N', 2, 'HTML', 'a:1:{s:6:\"height\";i:200;}', ''),
(108, '2022-12-11 23:23:25', 21, 'Имя автора отзыва 5', 'Y', 60, 'name_review5', '', 'S', 1, 30, 'L', 'N', NULL, '', 5, NULL, 0, 'N', 'N', 'N', 'N', 2, NULL, NULL, ''),
(109, '2022-12-11 23:23:25', 21, 'Статус автора отзыва 5', 'Y', 61, 'status_review5', '', 'S', 1, 30, 'L', 'N', NULL, '', 5, NULL, 0, 'N', 'N', 'N', 'N', 2, NULL, NULL, ''),
(110, '2022-12-11 23:23:25', 21, 'Ссылка автора отзыва 5', 'Y', 62, 'link_review5', '', 'S', 1, 30, 'L', 'N', NULL, '', 5, NULL, 0, 'N', 'N', 'N', 'N', 2, NULL, NULL, ''),
(111, '2022-12-11 23:23:25', 21, 'Фотография автора отзыва 5', 'Y', 63, 'foto_review5', '', 'F', 1, 30, 'L', 'N', NULL, '', 5, NULL, 0, 'N', 'N', 'N', 'N', 2, NULL, NULL, ''),
(112, '2022-12-11 23:23:25', 21, 'Отзыв 5', 'Y', 64, 'review5', 'a:2:{s:4:\"TEXT\";s:0:\"\";s:4:\"TYPE\";s:4:\"HTML\";}', 'S', 1, 30, 'L', 'N', NULL, '', 5, NULL, 0, 'N', 'N', 'N', 'N', 2, 'HTML', 'a:1:{s:6:\"height\";i:200;}', ''),
(113, '2022-12-13 03:32:50', 21, 'Показывать этапы внедрения?', 'Y', 65, 'showstep', '', 'L', 1, 30, 'L', 'N', NULL, '', 5, NULL, 0, 'N', 'N', 'N', 'N', 2, NULL, NULL, ''),
(114, '2022-12-13 03:39:26', 21, 'Описание работы', 'Y', 66, 'opisstep', 'a:2:{s:4:\"TEXT\";s:0:\"\";s:4:\"TYPE\";s:4:\"HTML\";}', 'S', 1, 30, 'L', 'N', NULL, '', 5, NULL, 0, 'N', 'N', 'N', 'N', 2, 'HTML', 'a:1:{s:6:\"height\";i:200;}', ''),
(115, '2022-12-13 03:39:26', 21, 'Название 1 этапа', 'Y', 67, 'namestep1', '', 'S', 1, 30, 'L', 'N', NULL, '', 5, NULL, 0, 'N', 'N', 'N', 'N', 2, NULL, NULL, ''),
(116, '2022-12-14 13:32:31', 21, 'Описание 1 этапа', 'Y', 68, 'opisstep1', 'a:2:{s:4:\"TYPE\";s:4:\"HTML\";s:4:\"TEXT\";s:0:\"\";}', 'S', 1, 30, 'L', 'N', NULL, '', 5, NULL, 0, 'N', 'N', 'N', 'N', 2, 'HTML', 'a:1:{s:6:\"height\";i:200;}', '*Что бы вставить слайдер, перейдите в админ панели во вкладку \"Слайдер\" (Контент > Продукты > Слайдер) создайте слайдер и запомните его id. Далее используйте шорткод #SLIDER_ID_X# (где X - id слайдера)  в том месте, где должен появиться слайдер.'),
(117, '2022-12-13 05:37:44', 22, 'Изображение 1', 'Y', 1, 'img1', '', 'F', 1, 30, 'L', 'N', NULL, '', 5, NULL, 0, 'N', 'N', 'N', 'N', 1, NULL, NULL, ''),
(118, '2022-12-13 05:37:44', 22, 'Изображение 2', 'Y', 2, 'img2', '', 'F', 1, 30, 'L', 'N', NULL, '', 5, NULL, 0, 'N', 'N', 'N', 'N', 1, NULL, NULL, ''),
(119, '2022-12-13 05:37:44', 22, 'Изображение 3', 'Y', 3, 'img3', '', 'F', 1, 30, 'L', 'N', NULL, '', 5, NULL, 0, 'N', 'N', 'N', 'N', 1, NULL, NULL, ''),
(120, '2022-12-13 05:37:44', 22, 'Изображение 4', 'Y', 4, 'img4', '', 'F', 1, 30, 'L', 'N', NULL, '', 5, NULL, 0, 'N', 'N', 'N', 'N', 1, NULL, NULL, ''),
(121, '2022-12-13 05:37:44', 22, 'Изображение 5', 'Y', 5, 'img5', '', 'F', 1, 30, 'L', 'N', NULL, '', 5, NULL, 0, 'N', 'N', 'N', 'N', 1, NULL, NULL, ''),
(122, '2022-12-13 05:37:44', 22, 'Изображение 6', 'Y', 6, 'img6', '', 'F', 1, 30, 'L', 'N', NULL, '', 5, NULL, 0, 'N', 'N', 'N', 'N', 1, NULL, NULL, ''),
(123, '2022-12-13 05:37:44', 22, 'Изображение 7', 'Y', 7, 'img7', '', 'F', 1, 30, 'L', 'N', NULL, '', 5, NULL, 0, 'N', 'N', 'N', 'N', 1, NULL, NULL, ''),
(124, '2022-12-13 05:37:44', 22, 'Изображение 8', 'Y', 8, 'img8', '', 'F', 1, 30, 'L', 'N', NULL, '', 5, NULL, 0, 'N', 'N', 'N', 'N', 1, NULL, NULL, ''),
(125, '2022-12-13 05:37:44', 22, 'Изображение 9', 'Y', 9, 'img9', '', 'F', 1, 30, 'L', 'N', NULL, '', 5, NULL, 0, 'N', 'N', 'N', 'N', 1, NULL, NULL, ''),
(126, '2022-12-13 05:37:44', 22, 'Изображение 10', 'Y', 10, 'img10', '', 'F', 1, 30, 'L', 'N', NULL, '', 5, NULL, 0, 'N', 'N', 'N', 'N', 1, NULL, NULL, ''),
(127, '2022-12-13 08:26:04', 21, 'Название 2 этапа', 'Y', 69, 'namestep2', '', 'S', 1, 30, 'L', 'N', NULL, '', 5, NULL, 0, 'N', 'N', 'N', 'N', 2, NULL, NULL, ''),
(128, '2022-12-13 08:26:04', 21, 'Описание 2 этапа', 'Y', 70, 'opisstep2', 'a:2:{s:4:\"TEXT\";s:0:\"\";s:4:\"TYPE\";s:4:\"HTML\";}', 'S', 1, 30, 'L', 'N', NULL, '', 5, NULL, 0, 'N', 'N', 'N', 'N', 2, 'HTML', 'a:1:{s:6:\"height\";i:200;}', ''),
(129, '2022-12-13 08:26:04', 21, 'Название 3 этапа', 'Y', 71, 'namestep3', '', 'S', 1, 30, 'L', 'N', NULL, '', 5, NULL, 0, 'N', 'N', 'N', 'N', 2, NULL, NULL, ''),
(130, '2022-12-13 08:26:04', 21, 'Описание 3 этапа', 'Y', 72, 'opisstep3', 'a:2:{s:4:\"TEXT\";s:0:\"\";s:4:\"TYPE\";s:4:\"HTML\";}', 'S', 1, 30, 'L', 'N', NULL, '', 5, NULL, 0, 'N', 'N', 'N', 'N', 2, 'HTML', 'a:1:{s:6:\"height\";i:200;}', ''),
(131, '2022-12-13 08:26:04', 21, 'Название 4 этапа', 'Y', 73, 'namestep4', '', 'S', 1, 30, 'L', 'N', NULL, '', 5, NULL, 0, 'N', 'N', 'N', 'N', 2, NULL, NULL, ''),
(132, '2022-12-13 08:26:04', 21, 'Описание 4 этапа', 'Y', 74, 'opisstep4', 'a:2:{s:4:\"TEXT\";s:0:\"\";s:4:\"TYPE\";s:4:\"HTML\";}', 'S', 1, 30, 'L', 'N', NULL, '', 5, NULL, 0, 'N', 'N', 'N', 'N', 2, 'HTML', 'a:1:{s:6:\"height\";i:200;}', ''),
(133, '2022-12-13 08:26:04', 21, 'Название 5 этапа', 'Y', 75, 'namestep5', '', 'S', 1, 30, 'L', 'N', NULL, '', 5, NULL, 0, 'N', 'N', 'N', 'N', 2, NULL, NULL, ''),
(134, '2022-12-13 08:26:04', 21, 'Описание 5 этапа', 'Y', 76, 'opisstep5', 'a:2:{s:4:\"TEXT\";s:0:\"\";s:4:\"TYPE\";s:4:\"HTML\";}', 'S', 1, 30, 'L', 'N', NULL, '', 5, NULL, 0, 'N', 'N', 'N', 'N', 2, 'HTML', 'a:1:{s:6:\"height\";i:200;}', ''),
(135, '2022-12-14 04:35:28', 21, 'Показывать экономический эффект??', 'Y', 77, 'showeffect', '', 'L', 1, 30, 'L', 'N', NULL, '', 5, NULL, 0, 'N', 'N', 'N', 'N', 2, NULL, NULL, ''),
(136, '2022-12-14 05:03:13', 21, 'Эконом.Эффект Картинка 1', 'Y', 78, 'effectimg1', '', 'F', 1, 30, 'L', 'N', NULL, '', 5, NULL, 0, 'N', 'N', 'N', 'N', 2, NULL, NULL, ''),
(137, '2022-12-14 05:03:13', 21, 'Эконом.Эффект Описание 1', 'Y', 79, 'effectopis1', 'a:2:{s:4:\"TEXT\";s:0:\"\";s:4:\"TYPE\";s:4:\"HTML\";}', 'S', 1, 30, 'L', 'N', NULL, '', 5, NULL, 0, 'N', 'N', 'N', 'N', 2, 'HTML', 'a:1:{s:6:\"height\";i:200;}', ''),
(138, '2022-12-14 05:03:13', 21, 'Эконом.Эффект Картинка 2', 'Y', 80, 'effectimg2', '', 'F', 1, 30, 'L', 'N', NULL, '', 5, NULL, 0, 'N', 'N', 'N', 'N', 2, NULL, NULL, ''),
(139, '2022-12-14 05:03:13', 21, 'Эконом.Эффект Описание 2', 'Y', 81, 'effectopis2', 'a:2:{s:4:\"TEXT\";s:0:\"\";s:4:\"TYPE\";s:4:\"HTML\";}', 'S', 1, 30, 'L', 'N', NULL, '', 5, NULL, 0, 'N', 'N', 'N', 'N', 2, 'HTML', 'a:1:{s:6:\"height\";i:200;}', ''),
(140, '2022-12-14 05:03:14', 21, 'Эконом.Эффект Картинка 3', 'Y', 82, 'effectimg3', '', 'F', 1, 30, 'L', 'N', NULL, '', 5, NULL, 0, 'N', 'N', 'N', 'N', 2, NULL, NULL, ''),
(141, '2022-12-14 05:03:14', 21, 'Эконом.Эффект Описание 3', 'Y', 83, 'effectopis3', 'a:2:{s:4:\"TEXT\";s:0:\"\";s:4:\"TYPE\";s:4:\"HTML\";}', 'S', 1, 30, 'L', 'N', NULL, '', 5, NULL, 0, 'N', 'N', 'N', 'N', 2, 'HTML', 'a:1:{s:6:\"height\";i:200;}', ''),
(142, '2022-12-14 05:03:14', 21, 'Эконом.Эффект Картинка 4', 'Y', 84, 'effectimg4', '', 'F', 1, 30, 'L', 'N', NULL, '', 5, NULL, 0, 'N', 'N', 'N', 'N', 2, NULL, NULL, ''),
(143, '2022-12-14 05:03:14', 21, 'Эконом.Эффект Описание 4', 'Y', 85, 'effectopis4', 'a:2:{s:4:\"TEXT\";s:0:\"\";s:4:\"TYPE\";s:4:\"HTML\";}', 'S', 1, 30, 'L', 'N', NULL, '', 5, NULL, 0, 'N', 'N', 'N', 'N', 2, 'HTML', 'a:1:{s:6:\"height\";i:200;}', ''),
(144, '2022-12-14 05:03:14', 21, 'Эконом.Эффект Картинка 5', 'Y', 86, 'effectimg5', '', 'F', 1, 30, 'L', 'N', NULL, '', 5, NULL, 0, 'N', 'N', 'N', 'N', 2, NULL, NULL, ''),
(145, '2022-12-14 05:03:14', 21, 'Эконом.Эффект Описание 5', 'Y', 87, 'effectopis5', 'a:2:{s:4:\"TEXT\";s:0:\"\";s:4:\"TYPE\";s:4:\"HTML\";}', 'S', 1, 30, 'L', 'N', NULL, '', 5, NULL, 0, 'N', 'N', 'N', 'N', 2, 'HTML', 'a:1:{s:6:\"height\";i:200;}', ''),
(146, '2022-12-14 05:03:14', 21, 'Эконом.Эффект Картинка 6', 'Y', 88, 'effectimg6', '', 'F', 1, 30, 'L', 'N', NULL, '', 5, NULL, 0, 'N', 'N', 'N', 'N', 2, NULL, NULL, ''),
(147, '2022-12-14 05:03:14', 21, 'Эконом.Эффект Описание 6', 'Y', 89, 'effectopis6', 'a:2:{s:4:\"TEXT\";s:0:\"\";s:4:\"TYPE\";s:4:\"HTML\";}', 'S', 1, 30, 'L', 'N', NULL, '', 5, NULL, 0, 'N', 'N', 'N', 'N', 2, 'HTML', 'a:1:{s:6:\"height\";i:200;}', ''),
(148, '2022-12-14 05:03:14', 21, 'Эконом.Эффект Картинка 7', 'Y', 90, 'effectimg7', '', 'F', 1, 30, 'L', 'N', NULL, '', 5, NULL, 0, 'N', 'N', 'N', 'N', 2, NULL, NULL, ''),
(149, '2022-12-14 05:03:14', 21, 'Эконом.Эффект Описание 7', 'Y', 91, 'effectopis7', 'a:2:{s:4:\"TEXT\";s:0:\"\";s:4:\"TYPE\";s:4:\"HTML\";}', 'S', 1, 30, 'L', 'N', NULL, '', 5, NULL, 0, 'N', 'N', 'N', 'N', 2, 'HTML', 'a:1:{s:6:\"height\";i:200;}', ''),
(150, '2022-12-14 05:03:14', 21, 'Эконом.Эффект Картинка 8', 'Y', 92, 'effectimg8', '', 'F', 1, 30, 'L', 'N', NULL, '', 5, NULL, 0, 'N', 'N', 'N', 'N', 2, NULL, NULL, ''),
(151, '2022-12-14 05:03:14', 21, 'Эконом.Эффект Описание 8', 'Y', 93, 'effectopis8', 'a:2:{s:4:\"TEXT\";s:0:\"\";s:4:\"TYPE\";s:4:\"HTML\";}', 'S', 1, 30, 'L', 'N', NULL, '', 5, NULL, 0, 'N', 'N', 'N', 'N', 2, 'HTML', 'a:1:{s:6:\"height\";i:200;}', ''),
(152, '2022-12-14 05:03:15', 21, 'Эконом.Эффект Картинка 9', 'Y', 94, 'effectimg9', '', 'F', 1, 30, 'L', 'N', NULL, '', 5, NULL, 0, 'N', 'N', 'N', 'N', 2, NULL, NULL, ''),
(153, '2022-12-14 05:03:15', 21, 'Эконом.Эффект Описание 9', 'Y', 95, 'effectopis9', 'a:2:{s:4:\"TEXT\";s:0:\"\";s:4:\"TYPE\";s:4:\"HTML\";}', 'S', 1, 30, 'L', 'N', NULL, '', 5, NULL, 0, 'N', 'N', 'N', 'N', 2, 'HTML', 'a:1:{s:6:\"height\";i:200;}', ''),
(154, '2022-12-14 06:02:24', 21, 'Показывать результаты проекта?', 'Y', 96, 'showresult', '', 'L', 1, 30, 'L', 'N', NULL, '', 5, NULL, 0, 'N', 'N', 'N', 'N', 2, NULL, NULL, ''),
(155, '2022-12-14 06:02:24', 21, 'Описание результатов проекта', 'Y', 97, 'resultopis', 'a:2:{s:4:\"TEXT\";s:0:\"\";s:4:\"TYPE\";s:4:\"HTML\";}', 'S', 1, 30, 'L', 'N', NULL, '', 5, NULL, 0, 'N', 'N', 'N', 'N', 2, 'HTML', 'a:1:{s:6:\"height\";i:200;}', ''),
(156, '2022-12-14 06:02:24', 21, 'Результат изображение 1', 'Y', 98, 'resultimg1', '', 'F', 1, 30, 'L', 'N', NULL, '', 5, NULL, 0, 'N', 'N', 'N', 'N', 2, NULL, NULL, ''),
(157, '2022-12-14 06:02:24', 21, 'Результат описание 1', 'Y', 99, 'resultopis1', 'a:2:{s:4:\"TEXT\";s:0:\"\";s:4:\"TYPE\";s:4:\"HTML\";}', 'S', 1, 30, 'L', 'N', NULL, '', 5, NULL, 0, 'N', 'N', 'N', 'N', 2, 'HTML', 'a:1:{s:6:\"height\";i:200;}', ''),
(158, '2022-12-14 06:02:24', 21, 'Результат изображение 2', 'Y', 100, 'resultimg2', '', 'F', 1, 30, 'L', 'N', NULL, '', 5, NULL, 0, 'N', 'N', 'N', 'N', 2, NULL, NULL, ''),
(159, '2022-12-14 07:26:08', 21, 'Результат описание 2', 'Y', 101, 'resultopis2', 'a:2:{s:4:\"TEXT\";s:0:\"\";s:4:\"TYPE\";s:4:\"HTML\";}', 'S', 1, 30, 'L', 'N', NULL, '', 5, NULL, 0, 'N', 'N', 'N', 'N', 2, 'HTML', 'a:1:{s:6:\"height\";i:200;}', ''),
(160, '2022-12-14 06:02:25', 21, 'Результат изображение 3', 'Y', 102, 'resultimg3', '', 'F', 1, 30, 'L', 'N', NULL, '', 5, NULL, 0, 'N', 'N', 'N', 'N', 2, NULL, NULL, ''),
(161, '2022-12-14 07:26:08', 21, 'Результат описание 3', 'Y', 103, 'resultopis3', 'a:2:{s:4:\"TEXT\";s:0:\"\";s:4:\"TYPE\";s:4:\"HTML\";}', 'S', 1, 30, 'L', 'N', NULL, '', 5, NULL, 0, 'N', 'N', 'N', 'N', 2, 'HTML', 'a:1:{s:6:\"height\";i:200;}', ''),
(162, '2022-12-14 06:02:25', 21, 'Результат изображение 4', 'Y', 104, 'resultimg4', '', 'F', 1, 30, 'L', 'N', NULL, '', 5, NULL, 0, 'N', 'N', 'N', 'N', 2, NULL, NULL, ''),
(163, '2022-12-14 07:26:08', 21, 'Результат описание 4', 'Y', 105, 'resultopis4', 'a:2:{s:4:\"TEXT\";s:0:\"\";s:4:\"TYPE\";s:4:\"HTML\";}', 'S', 1, 30, 'L', 'N', NULL, '', 5, NULL, 0, 'N', 'N', 'N', 'N', 2, 'HTML', 'a:1:{s:6:\"height\";i:200;}', ''),
(164, '2022-12-14 06:02:25', 21, 'Результат изображение 5', 'Y', 106, 'resultimg5', '', 'F', 1, 30, 'L', 'N', NULL, '', 5, NULL, 0, 'N', 'N', 'N', 'N', 2, NULL, NULL, ''),
(165, '2022-12-14 07:26:08', 21, 'Результат описание 5', 'Y', 107, 'resultopis5', 'a:2:{s:4:\"TEXT\";s:0:\"\";s:4:\"TYPE\";s:4:\"HTML\";}', 'S', 1, 30, 'L', 'N', NULL, '', 5, NULL, 0, 'N', 'N', 'N', 'N', 2, 'HTML', 'a:1:{s:6:\"height\";i:200;}', ''),
(166, '2022-12-14 06:02:25', 21, 'Результат изображение 6', 'Y', 108, 'resultimg6', '', 'F', 1, 30, 'L', 'N', NULL, '', 5, NULL, 0, 'N', 'N', 'N', 'N', 2, NULL, NULL, ''),
(167, '2022-12-14 07:26:08', 21, 'Результат описание 6', 'Y', 109, 'resultopis6', 'a:2:{s:4:\"TEXT\";s:0:\"\";s:4:\"TYPE\";s:4:\"HTML\";}', 'S', 1, 30, 'L', 'N', NULL, '', 5, NULL, 0, 'N', 'N', 'N', 'N', 2, 'HTML', 'a:1:{s:6:\"height\";i:200;}', ''),
(168, '2022-12-14 06:02:25', 21, 'Результат изображение 7', 'Y', 110, 'resultimg7', '', 'F', 1, 30, 'L', 'N', NULL, '', 5, NULL, 0, 'N', 'N', 'N', 'N', 2, NULL, NULL, ''),
(169, '2022-12-14 07:26:08', 21, 'Результат описание 7', 'Y', 111, 'resultopis7', 'a:2:{s:4:\"TEXT\";s:0:\"\";s:4:\"TYPE\";s:4:\"HTML\";}', 'S', 1, 30, 'L', 'N', NULL, '', 5, NULL, 0, 'N', 'N', 'N', 'N', 2, 'HTML', 'a:1:{s:6:\"height\";i:200;}', ''),
(170, '2022-12-14 06:02:25', 21, 'Результат изображение 8', 'Y', 112, 'resultimg8', '', 'F', 1, 30, 'L', 'N', NULL, '', 5, NULL, 0, 'N', 'N', 'N', 'N', 2, NULL, NULL, ''),
(171, '2022-12-14 07:26:08', 21, 'Результат описание 8', 'Y', 113, 'resultopis8', 'a:2:{s:4:\"TEXT\";s:0:\"\";s:4:\"TYPE\";s:4:\"HTML\";}', 'S', 1, 30, 'L', 'N', NULL, '', 5, NULL, 0, 'N', 'N', 'N', 'N', 2, 'HTML', 'a:1:{s:6:\"height\";i:200;}', ''),
(172, '2022-12-14 06:02:25', 21, 'Результат изображение 9', 'Y', 114, 'resultimg9', '', 'F', 1, 30, 'L', 'N', NULL, '', 5, NULL, 0, 'N', 'N', 'N', 'N', 2, NULL, NULL, ''),
(173, '2022-12-14 07:26:08', 21, 'Результат описание 9', 'Y', 115, 'resultopis9', 'a:2:{s:4:\"TEXT\";s:0:\"\";s:4:\"TYPE\";s:4:\"HTML\";}', 'S', 1, 30, 'L', 'N', NULL, '', 5, NULL, 0, 'N', 'N', 'N', 'N', 2, 'HTML', 'a:1:{s:6:\"height\";i:200;}', ''),
(174, '2022-12-14 06:02:25', 21, 'Результат изображение 10', 'Y', 116, 'resultimg10', '', 'F', 1, 30, 'L', 'N', NULL, '', 5, NULL, 0, 'N', 'N', 'N', 'N', 2, NULL, NULL, ''),
(175, '2022-12-14 07:26:08', 21, 'Результат описание 10', 'Y', 117, 'resultopis10', 'a:2:{s:4:\"TEXT\";s:0:\"\";s:4:\"TYPE\";s:4:\"HTML\";}', 'S', 1, 30, 'L', 'N', NULL, '', 5, NULL, 0, 'N', 'N', 'N', 'N', 2, 'HTML', 'a:1:{s:6:\"height\";i:200;}', ''),
(176, '2022-12-14 15:54:14', 21, 'Показывать другие кейсы ?', 'Y', 118, 'showcases', '', 'L', 1, 30, 'L', 'N', NULL, '', 5, NULL, 0, 'N', 'N', 'N', 'N', 2, NULL, NULL, ''),
(177, '2022-12-14 15:54:14', 21, 'Название кейса 1', 'Y', 119, 'casename1', '', 'S', 1, 30, 'L', 'N', NULL, '', 5, NULL, 0, 'N', 'N', 'N', 'N', 2, NULL, NULL, ''),
(178, '2022-12-14 15:57:16', 21, 'Описание кейса 1', 'Y', 120, 'caseopis1', 'a:2:{s:4:\"TEXT\";s:0:\"\";s:4:\"TYPE\";s:4:\"HTML\";}', 'S', 1, 30, 'L', 'N', NULL, '', 5, NULL, 0, 'N', 'N', 'N', 'N', 2, 'HTML', 'a:1:{s:6:\"height\";i:200;}', ''),
(179, '2022-12-14 15:54:14', 21, 'Логотип компании 1', 'Y', 121, 'caselogo1', '', 'F', 1, 30, 'L', 'N', NULL, '', 5, NULL, 0, 'N', 'N', 'N', 'N', 2, NULL, NULL, ''),
(180, '2022-12-14 16:10:32', 21, 'Изображение кейса 1', 'Y', 122, 'caseimg1', '', 'F', 1, 30, 'L', 'N', NULL, '', 5, NULL, 0, 'N', 'N', 'N', 'N', 2, NULL, NULL, ''),
(181, '2022-12-14 15:54:14', 21, 'Реализация работы', 'Y', 123, 'casejob1', '', 'S', 1, 30, 'L', 'N', NULL, '', 5, NULL, 0, 'N', 'N', 'N', 'N', 2, NULL, NULL, ''),
(182, '2022-12-14 15:54:14', 21, 'Cкорость работы', 'Y', 124, 'casespeed1', '', 'S', 1, 30, 'L', 'N', NULL, '', 5, NULL, 0, 'N', 'N', 'N', 'N', 2, NULL, NULL, ''),
(183, '2022-12-14 16:02:15', 21, 'Ссылка подробнее 1 (только id кейса)', 'Y', 125, 'caselink1', '', 'E', 1, 30, 'L', 'N', NULL, '', 5, NULL, 21, 'N', 'N', 'N', 'N', 2, NULL, NULL, ''),
(184, '2022-12-14 15:57:16', 21, 'Название кейса 2', 'Y', 126, 'casename2', '', 'S', 1, 30, 'L', 'N', NULL, '', 5, NULL, 0, 'N', 'N', 'N', 'N', 2, NULL, NULL, ''),
(185, '2022-12-14 16:02:15', 21, 'Описание кейса 2', 'Y', 127, 'caseopis2', 'a:2:{s:4:\"TEXT\";s:0:\"\";s:4:\"TYPE\";s:4:\"HTML\";}', 'S', 1, 30, 'L', 'N', NULL, '', 5, NULL, 0, 'N', 'N', 'N', 'N', 2, 'HTML', 'a:1:{s:6:\"height\";i:200;}', ''),
(186, '2022-12-14 16:02:15', 21, 'Логотип компании 2', 'Y', 128, 'caselogo2', '', 'F', 1, 30, 'L', 'N', NULL, '', 5, NULL, 0, 'N', 'N', 'N', 'N', 2, NULL, NULL, ''),
(187, '2022-12-14 16:02:15', 21, 'Ссылка подробнее 2 (только id кейса)', 'Y', 129, 'caselink2', '', 'E', 1, 30, 'L', 'N', NULL, '', 5, NULL, 21, 'N', 'N', 'N', 'N', 2, NULL, NULL, ''),
(188, '2022-12-14 16:02:15', 21, 'Название кейса 3', 'Y', 130, 'casename3', '', 'S', 1, 30, 'L', 'N', NULL, '', 5, NULL, 0, 'N', 'N', 'N', 'N', 2, NULL, NULL, ''),
(189, '2022-12-14 16:12:01', 21, 'Описание кейса 3', 'Y', 131, 'caseopis3', 'a:2:{s:4:\"TEXT\";s:0:\"\";s:4:\"TYPE\";s:4:\"HTML\";}', 'S', 1, 30, 'L', 'N', NULL, '', 5, NULL, 0, 'N', 'N', 'N', 'N', 2, 'HTML', 'a:1:{s:6:\"height\";i:200;}', ''),
(190, '2022-12-14 16:12:01', 21, 'Логотип компании 3', 'Y', 132, 'caselogo3', '', 'F', 1, 30, 'L', 'N', NULL, '', 5, NULL, 0, 'N', 'N', 'N', 'N', 2, NULL, NULL, ''),
(191, '2022-12-14 16:02:15', 21, 'Ссылка подробнее 3 (только id кейса)', 'Y', 133, 'caselink3', '', 'E', 1, 30, 'L', 'N', NULL, '', 5, NULL, 21, 'N', 'N', 'N', 'N', 2, NULL, NULL, '');

-- --------------------------------------------------------

--
-- Структура таблицы `b_iblock_property_enum`
--

CREATE TABLE `b_iblock_property_enum` (
  `ID` int(11) NOT NULL,
  `PROPERTY_ID` int(11) NOT NULL,
  `VALUE` varchar(255) COLLATE utf8_unicode_ci NOT NULL,
  `DEF` char(1) COLLATE utf8_unicode_ci NOT NULL DEFAULT 'N',
  `SORT` int(11) NOT NULL DEFAULT '500',
  `XML_ID` varchar(200) COLLATE utf8_unicode_ci NOT NULL,
  `TMP_ID` varchar(40) COLLATE utf8_unicode_ci DEFAULT NULL
) ENGINE=InnoDB DEFAULT CHARSET=utf8 COLLATE=utf8_unicode_ci;

--
-- Дамп данных таблицы `b_iblock_property_enum`
--

INSERT INTO `b_iblock_property_enum` (`ID`, `PROPERTY_ID`, `VALUE`, `DEF`, `SORT`, `XML_ID`, `TMP_ID`) VALUES
(1, 54, 'Показывать', 'N', 1, '1', NULL),
(2, 54, 'Не показывать ', 'Y', 2, '2', NULL),
(3, 61, 'Показывать', 'N', 1, '1', NULL),
(4, 61, 'Не показывать ', 'Y', 2, '2', NULL),
(5, 87, 'Показывать', 'N', 1, '1', NULL),
(6, 87, 'Не показывать ', 'Y', 2, '2', NULL),
(7, 113, 'Показывать', 'N', 1, '1', NULL),
(8, 113, 'Не показывать ', 'Y', 2, '2', NULL),
(9, 135, 'Показывать', 'N', 500, '1', NULL),
(10, 135, 'Не показывать ', 'Y', 500, '2', NULL),
(11, 154, 'Показывать', 'N', 1, '1', NULL),
(12, 154, 'Не показывать ', 'Y', 2, '2', NULL),
(13, 176, 'Показывать', 'N', 1, '1', NULL),
(14, 176, 'Не показывать ', 'Y', 2, '2', NULL);

-- --------------------------------------------------------

--
-- Структура таблицы `b_iblock_property_feature`
--

CREATE TABLE `b_iblock_property_feature` (
  `ID` int(11) NOT NULL,
  `PROPERTY_ID` int(11) NOT NULL,
  `MODULE_ID` varchar(50) COLLATE utf8_unicode_ci NOT NULL,
  `FEATURE_ID` varchar(100) COLLATE utf8_unicode_ci NOT NULL,
  `IS_ENABLED` char(1) COLLATE utf8_unicode_ci NOT NULL DEFAULT 'N'
) ENGINE=InnoDB DEFAULT CHARSET=utf8 COLLATE=utf8_unicode_ci;

--
-- Дамп данных таблицы `b_iblock_property_feature`
--

INSERT INTO `b_iblock_property_feature` (`ID`, `PROPERTY_ID`, `MODULE_ID`, `FEATURE_ID`, `IS_ENABLED`) VALUES
(1, 14, 'iblock', 'LIST_PAGE_SHOW', 'N'),
(2, 14, 'iblock', 'DETAIL_PAGE_SHOW', 'N'),
(3, 19, 'iblock', 'LIST_PAGE_SHOW', 'N'),
(4, 19, 'iblock', 'DETAIL_PAGE_SHOW', 'N'),
(5, 30, 'iblock', 'LIST_PAGE_SHOW', 'N'),
(6, 30, 'iblock', 'DETAIL_PAGE_SHOW', 'N'),
(7, 54, 'iblock', 'LIST_PAGE_SHOW', 'N'),
(8, 54, 'iblock', 'DETAIL_PAGE_SHOW', 'N'),
(9, 61, 'iblock', 'LIST_PAGE_SHOW', 'N'),
(10, 61, 'iblock', 'DETAIL_PAGE_SHOW', 'N'),
(13, 87, 'iblock', 'LIST_PAGE_SHOW', 'N'),
(14, 87, 'iblock', 'DETAIL_PAGE_SHOW', 'N'),
(15, 113, 'iblock', 'LIST_PAGE_SHOW', 'N'),
(16, 113, 'iblock', 'DETAIL_PAGE_SHOW', 'N'),
(17, 17, 'iblock', 'LIST_PAGE_SHOW', 'N'),
(18, 17, 'iblock', 'DETAIL_PAGE_SHOW', 'N'),
(19, 135, 'iblock', 'LIST_PAGE_SHOW', 'N'),
(20, 135, 'iblock', 'DETAIL_PAGE_SHOW', 'N'),
(21, 154, 'iblock', 'LIST_PAGE_SHOW', 'N'),
(22, 154, 'iblock', 'DETAIL_PAGE_SHOW', 'N'),
(23, 116, 'iblock', 'LIST_PAGE_SHOW', 'N'),
(24, 116, 'iblock', 'DETAIL_PAGE_SHOW', 'N'),
(25, 176, 'iblock', 'LIST_PAGE_SHOW', 'N'),
(26, 176, 'iblock', 'DETAIL_PAGE_SHOW', 'N'),
(27, 183, 'iblock', 'LIST_PAGE_SHOW', 'N'),
(28, 183, 'iblock', 'DETAIL_PAGE_SHOW', 'N'),
(29, 187, 'iblock', 'LIST_PAGE_SHOW', 'N'),
(30, 187, 'iblock', 'DETAIL_PAGE_SHOW', 'N'),
(31, 191, 'iblock', 'LIST_PAGE_SHOW', 'N'),
(32, 191, 'iblock', 'DETAIL_PAGE_SHOW', 'N');

-- --------------------------------------------------------

--
-- Структура таблицы `b_iblock_right`
--

CREATE TABLE `b_iblock_right` (
  `ID` int(11) NOT NULL,
  `IBLOCK_ID` int(11) NOT NULL,
  `GROUP_CODE` varchar(50) COLLATE utf8_unicode_ci NOT NULL,
  `ENTITY_TYPE` varchar(32) COLLATE utf8_unicode_ci NOT NULL,
  `ENTITY_ID` int(11) NOT NULL,
  `DO_INHERIT` char(1) COLLATE utf8_unicode_ci NOT NULL,
  `TASK_ID` int(11) NOT NULL,
  `OP_SREAD` char(1) COLLATE utf8_unicode_ci NOT NULL,
  `OP_EREAD` char(1) COLLATE utf8_unicode_ci NOT NULL,
  `XML_ID` varchar(32) COLLATE utf8_unicode_ci DEFAULT NULL
) ENGINE=InnoDB DEFAULT CHARSET=utf8 COLLATE=utf8_unicode_ci;

-- --------------------------------------------------------

--
-- Структура таблицы `b_iblock_rss`
--

CREATE TABLE `b_iblock_rss` (
  `ID` int(11) NOT NULL,
  `IBLOCK_ID` int(11) NOT NULL,
  `NODE` varchar(50) COLLATE utf8_unicode_ci NOT NULL,
  `NODE_VALUE` varchar(250) COLLATE utf8_unicode_ci DEFAULT NULL
) ENGINE=InnoDB DEFAULT CHARSET=utf8 COLLATE=utf8_unicode_ci;

-- --------------------------------------------------------

--
-- Структура таблицы `b_iblock_section`
--

CREATE TABLE `b_iblock_section` (
  `ID` int(11) NOT NULL,
  `TIMESTAMP_X` timestamp NOT NULL DEFAULT CURRENT_TIMESTAMP ON UPDATE CURRENT_TIMESTAMP,
  `MODIFIED_BY` int(18) DEFAULT NULL,
  `DATE_CREATE` datetime DEFAULT NULL,
  `CREATED_BY` int(18) DEFAULT NULL,
  `IBLOCK_ID` int(11) NOT NULL,
  `IBLOCK_SECTION_ID` int(11) DEFAULT NULL,
  `ACTIVE` char(1) COLLATE utf8_unicode_ci NOT NULL DEFAULT 'Y',
  `GLOBAL_ACTIVE` char(1) COLLATE utf8_unicode_ci NOT NULL DEFAULT 'Y',
  `SORT` int(11) NOT NULL DEFAULT '500',
  `NAME` varchar(255) COLLATE utf8_unicode_ci NOT NULL,
  `PICTURE` int(18) DEFAULT NULL,
  `LEFT_MARGIN` int(18) DEFAULT NULL,
  `RIGHT_MARGIN` int(18) DEFAULT NULL,
  `DEPTH_LEVEL` int(18) DEFAULT NULL,
  `DESCRIPTION` text COLLATE utf8_unicode_ci,
  `DESCRIPTION_TYPE` char(4) COLLATE utf8_unicode_ci NOT NULL DEFAULT 'text',
  `SEARCHABLE_CONTENT` text COLLATE utf8_unicode_ci,
  `CODE` varchar(255) COLLATE utf8_unicode_ci DEFAULT NULL,
  `XML_ID` varchar(255) COLLATE utf8_unicode_ci DEFAULT NULL,
  `TMP_ID` varchar(40) COLLATE utf8_unicode_ci DEFAULT NULL,
  `DETAIL_PICTURE` int(18) DEFAULT NULL,
  `SOCNET_GROUP_ID` int(18) DEFAULT NULL
) ENGINE=InnoDB DEFAULT CHARSET=utf8 COLLATE=utf8_unicode_ci;

--
-- Дамп данных таблицы `b_iblock_section`
--

INSERT INTO `b_iblock_section` (`ID`, `TIMESTAMP_X`, `MODIFIED_BY`, `DATE_CREATE`, `CREATED_BY`, `IBLOCK_ID`, `IBLOCK_SECTION_ID`, `ACTIVE`, `GLOBAL_ACTIVE`, `SORT`, `NAME`, `PICTURE`, `LEFT_MARGIN`, `RIGHT_MARGIN`, `DEPTH_LEVEL`, `DESCRIPTION`, `DESCRIPTION_TYPE`, `SEARCHABLE_CONTENT`, `CODE`, `XML_ID`, `TMP_ID`, `DETAIL_PICTURE`, `SOCNET_GROUP_ID`) VALUES
(1, '2022-11-20 08:27:07', 1, '2022-11-19 13:43:11', 1, 3, NULL, 'Y', 'Y', 300, 'Производство', 17, 5, 6, 1, '', 'text', 'ПРОИЗВОДСТВО\r\n', 'proizvodstvo', NULL, NULL, NULL, NULL),
(2, '2022-11-20 08:26:58', 1, '2022-11-19 13:43:34', 1, 3, NULL, 'Y', 'Y', 200, 'Продажи', 16, 3, 4, 1, '', 'text', 'ПРОДАЖИ\r\n', 'prodazhi', NULL, NULL, NULL, NULL),
(3, '2022-11-20 08:26:47', 1, '2022-11-19 13:43:55', 1, 3, NULL, 'Y', 'Y', 100, 'Склад', 5, 1, 2, 1, '', 'text', 'СКЛАД\r\n', 'sklad', NULL, NULL, NULL, NULL);

-- --------------------------------------------------------

--
-- Структура таблицы `b_iblock_section_element`
--

CREATE TABLE `b_iblock_section_element` (
  `IBLOCK_SECTION_ID` int(11) NOT NULL,
  `IBLOCK_ELEMENT_ID` int(11) NOT NULL,
  `ADDITIONAL_PROPERTY_ID` int(18) DEFAULT NULL
) ENGINE=InnoDB DEFAULT CHARSET=utf8 COLLATE=utf8_unicode_ci;

--
-- Дамп данных таблицы `b_iblock_section_element`
--

INSERT INTO `b_iblock_section_element` (`IBLOCK_SECTION_ID`, `IBLOCK_ELEMENT_ID`, `ADDITIONAL_PROPERTY_ID`) VALUES
(1, 23, NULL),
(1, 24, NULL),
(1, 25, NULL),
(1, 26, NULL),
(1, 27, NULL),
(1, 28, NULL),
(2, 19, NULL),
(2, 20, NULL),
(2, 21, NULL),
(2, 22, NULL),
(3, 13, NULL),
(3, 14, NULL),
(3, 15, NULL),
(3, 16, NULL),
(3, 17, NULL),
(3, 18, NULL);

-- --------------------------------------------------------

--
-- Структура таблицы `b_iblock_section_iprop`
--

CREATE TABLE `b_iblock_section_iprop` (
  `IBLOCK_ID` int(11) NOT NULL,
  `SECTION_ID` int(11) NOT NULL,
  `IPROP_ID` int(11) NOT NULL,
  `VALUE` text COLLATE utf8_unicode_ci NOT NULL
) ENGINE=InnoDB DEFAULT CHARSET=utf8 COLLATE=utf8_unicode_ci;

-- --------------------------------------------------------

--
-- Структура таблицы `b_iblock_section_property`
--

CREATE TABLE `b_iblock_section_property` (
  `IBLOCK_ID` int(11) NOT NULL,
  `SECTION_ID` int(11) NOT NULL,
  `PROPERTY_ID` int(11) NOT NULL,
  `SMART_FILTER` char(1) COLLATE utf8_unicode_ci DEFAULT NULL,
  `DISPLAY_TYPE` char(1) COLLATE utf8_unicode_ci DEFAULT NULL,
  `DISPLAY_EXPANDED` char(1) COLLATE utf8_unicode_ci DEFAULT NULL,
  `FILTER_HINT` varchar(255) COLLATE utf8_unicode_ci DEFAULT NULL
) ENGINE=InnoDB DEFAULT CHARSET=utf8 COLLATE=utf8_unicode_ci;

--
-- Дамп данных таблицы `b_iblock_section_property`
--

INSERT INTO `b_iblock_section_property` (`IBLOCK_ID`, `SECTION_ID`, `PROPERTY_ID`, `SMART_FILTER`, `DISPLAY_TYPE`, `DISPLAY_EXPANDED`, `FILTER_HINT`) VALUES
(12, 0, 13, 'N', 'F', 'N', ''),
(12, 0, 14, 'Y', 'F', 'Y', ''),
(13, 0, 15, 'N', 'F', 'N', ''),
(13, 0, 16, 'N', 'F', 'N', ''),
(13, 0, 17, 'N', 'F', 'N', ''),
(13, 0, 18, 'N', '', 'N', ''),
(13, 0, 19, 'Y', 'F', 'Y', '');

-- --------------------------------------------------------

--
-- Структура таблицы `b_iblock_section_right`
--

CREATE TABLE `b_iblock_section_right` (
  `IBLOCK_ID` int(11) NOT NULL,
  `SECTION_ID` int(11) NOT NULL,
  `RIGHT_ID` int(11) NOT NULL,
  `IS_INHERITED` char(1) COLLATE utf8_unicode_ci NOT NULL
) ENGINE=InnoDB DEFAULT CHARSET=utf8 COLLATE=utf8_unicode_ci;

-- --------------------------------------------------------

--
-- Структура таблицы `b_iblock_sequence`
--

CREATE TABLE `b_iblock_sequence` (
  `IBLOCK_ID` int(18) NOT NULL,
  `CODE` varchar(50) COLLATE utf8_unicode_ci NOT NULL,
  `SEQ_VALUE` int(11) DEFAULT NULL
) ENGINE=InnoDB DEFAULT CHARSET=utf8 COLLATE=utf8_unicode_ci;

-- --------------------------------------------------------

--
-- Структура таблицы `b_iblock_site`
--

CREATE TABLE `b_iblock_site` (
  `IBLOCK_ID` int(18) NOT NULL,
  `SITE_ID` char(2) COLLATE utf8_unicode_ci NOT NULL
) ENGINE=InnoDB DEFAULT CHARSET=utf8 COLLATE=utf8_unicode_ci;

--
-- Дамп данных таблицы `b_iblock_site`
--

INSERT INTO `b_iblock_site` (`IBLOCK_ID`, `SITE_ID`) VALUES
(1, 's1'),
(2, 's1'),
(3, 's1'),
(4, 's1'),
(5, 's1'),
(6, 's1'),
(7, 's1'),
(8, 's1'),
(9, 's1'),
(11, 's1'),
(12, 's1'),
(13, 's1'),
(16, 's1'),
(17, 's1'),
(18, 's1'),
(19, 's1'),
(20, 's1'),
(21, 's1'),
(22, 's1');

-- --------------------------------------------------------

--
-- Структура таблицы `b_iblock_type`
--

CREATE TABLE `b_iblock_type` (
  `ID` varchar(50) COLLATE utf8_unicode_ci NOT NULL,
  `SECTIONS` char(1) COLLATE utf8_unicode_ci NOT NULL DEFAULT 'Y',
  `EDIT_FILE_BEFORE` varchar(255) COLLATE utf8_unicode_ci DEFAULT NULL,
  `EDIT_FILE_AFTER` varchar(255) COLLATE utf8_unicode_ci DEFAULT NULL,
  `IN_RSS` char(1) COLLATE utf8_unicode_ci NOT NULL DEFAULT 'N',
  `SORT` int(18) NOT NULL DEFAULT '500'
) ENGINE=InnoDB DEFAULT CHARSET=utf8 COLLATE=utf8_unicode_ci;

--
-- Дамп данных таблицы `b_iblock_type`
--

INSERT INTO `b_iblock_type` (`ID`, `SECTIONS`, `EDIT_FILE_BEFORE`, `EDIT_FILE_AFTER`, `IN_RSS`, `SORT`) VALUES
('products', 'Y', '', '', 'N', 500),
('verter', 'Y', '', '', 'N', 500);

-- --------------------------------------------------------

--
-- Структура таблицы `b_iblock_type_lang`
--

CREATE TABLE `b_iblock_type_lang` (
  `IBLOCK_TYPE_ID` varchar(50) COLLATE utf8_unicode_ci NOT NULL,
  `LID` char(2) COLLATE utf8_unicode_ci NOT NULL,
  `NAME` varchar(100) COLLATE utf8_unicode_ci NOT NULL,
  `SECTION_NAME` varchar(100) COLLATE utf8_unicode_ci DEFAULT NULL,
  `ELEMENT_NAME` varchar(100) COLLATE utf8_unicode_ci DEFAULT NULL
) ENGINE=InnoDB DEFAULT CHARSET=utf8 COLLATE=utf8_unicode_ci;

--
-- Дамп данных таблицы `b_iblock_type_lang`
--

INSERT INTO `b_iblock_type_lang` (`IBLOCK_TYPE_ID`, `LID`, `NAME`, `SECTION_NAME`, `ELEMENT_NAME`) VALUES
('verter', 'ru', 'verter', '', ''),
('verter', 'en', 'verter', '', ''),
('products', 'ru', 'Продукты', '', ''),
('products', 'en', 'products', '', '');

-- --------------------------------------------------------

--
-- Структура таблицы `b_landing`
--

CREATE TABLE `b_landing` (
  `ID` int(18) NOT NULL,
  `CODE` varchar(255) COLLATE utf8_unicode_ci DEFAULT NULL,
  `INITIATOR_APP_CODE` varchar(255) COLLATE utf8_unicode_ci DEFAULT NULL,
  `RULE` varchar(255) COLLATE utf8_unicode_ci DEFAULT NULL,
  `ACTIVE` char(1) COLLATE utf8_unicode_ci NOT NULL DEFAULT 'Y',
  `DELETED` char(1) COLLATE utf8_unicode_ci NOT NULL DEFAULT 'N',
  `PUBLIC` char(1) COLLATE utf8_unicode_ci NOT NULL DEFAULT 'Y',
  `SYS` char(1) COLLATE utf8_unicode_ci NOT NULL DEFAULT 'N',
  `VIEWS` int(18) NOT NULL DEFAULT '0',
  `TITLE` varchar(255) COLLATE utf8_unicode_ci NOT NULL,
  `XML_ID` varchar(255) COLLATE utf8_unicode_ci DEFAULT NULL,
  `DESCRIPTION` varchar(255) COLLATE utf8_unicode_ci DEFAULT NULL,
  `TPL_ID` int(18) DEFAULT NULL,
  `TPL_CODE` varchar(255) COLLATE utf8_unicode_ci DEFAULT NULL,
  `SITE_ID` int(18) NOT NULL,
  `SITEMAP` char(1) COLLATE utf8_unicode_ci NOT NULL DEFAULT 'N',
  `FOLDER` char(1) COLLATE utf8_unicode_ci NOT NULL DEFAULT 'N',
  `FOLDER_ID` int(18) DEFAULT NULL,
  `SEARCH_CONTENT` mediumtext COLLATE utf8_unicode_ci,
  `VERSION` int(18) NOT NULL DEFAULT '1',
  `CREATED_BY_ID` int(18) NOT NULL,
  `MODIFIED_BY_ID` int(18) NOT NULL,
  `DATE_CREATE` timestamp NULL DEFAULT NULL,
  `DATE_MODIFY` timestamp NOT NULL,
  `DATE_PUBLIC` timestamp NULL DEFAULT NULL
) ENGINE=InnoDB DEFAULT CHARSET=utf8 COLLATE=utf8_unicode_ci;

-- --------------------------------------------------------

--
-- Структура таблицы `b_landing_binding`
--

CREATE TABLE `b_landing_binding` (
  `ID` int(18) NOT NULL,
  `ENTITY_ID` int(18) NOT NULL,
  `ENTITY_TYPE` char(1) COLLATE utf8_unicode_ci NOT NULL,
  `BINDING_ID` varchar(50) COLLATE utf8_unicode_ci NOT NULL,
  `BINDING_TYPE` char(1) COLLATE utf8_unicode_ci NOT NULL
) ENGINE=InnoDB DEFAULT CHARSET=utf8 COLLATE=utf8_unicode_ci;

-- --------------------------------------------------------

--
-- Структура таблицы `b_landing_block`
--

CREATE TABLE `b_landing_block` (
  `ID` int(18) NOT NULL,
  `PARENT_ID` int(18) DEFAULT NULL,
  `LID` int(18) NOT NULL,
  `CODE` varchar(255) COLLATE utf8_unicode_ci NOT NULL,
  `CODE_ORIGINAL` varchar(255) COLLATE utf8_unicode_ci DEFAULT NULL,
  `TPL_CODE` varchar(255) COLLATE utf8_unicode_ci DEFAULT NULL,
  `XML_ID` varchar(255) COLLATE utf8_unicode_ci DEFAULT NULL,
  `INITIATOR_APP_CODE` varchar(255) COLLATE utf8_unicode_ci NOT NULL,
  `ANCHOR` varchar(255) COLLATE utf8_unicode_ci DEFAULT NULL,
  `SORT` int(18) DEFAULT '500',
  `ACTIVE` char(1) COLLATE utf8_unicode_ci NOT NULL DEFAULT 'Y',
  `PUBLIC` char(1) COLLATE utf8_unicode_ci NOT NULL DEFAULT 'Y',
  `DELETED` char(1) COLLATE utf8_unicode_ci NOT NULL DEFAULT 'N',
  `DESIGNED` char(1) COLLATE utf8_unicode_ci NOT NULL DEFAULT 'N',
  `ACCESS` char(1) COLLATE utf8_unicode_ci NOT NULL DEFAULT 'X',
  `SOURCE_PARAMS` mediumtext COLLATE utf8_unicode_ci,
  `CONTENT` mediumtext COLLATE utf8_unicode_ci NOT NULL,
  `SEARCH_CONTENT` mediumtext COLLATE utf8_unicode_ci,
  `ASSETS` text COLLATE utf8_unicode_ci,
  `FAVORITE_META` text COLLATE utf8_unicode_ci,
  `CREATED_BY_ID` int(18) NOT NULL,
  `MODIFIED_BY_ID` int(18) NOT NULL,
  `DATE_CREATE` timestamp NULL DEFAULT NULL,
  `DATE_MODIFY` timestamp NOT NULL
) ENGINE=InnoDB DEFAULT CHARSET=utf8 COLLATE=utf8_unicode_ci;

-- --------------------------------------------------------

--
-- Структура таблицы `b_landing_block_last_used`
--

CREATE TABLE `b_landing_block_last_used` (
  `ID` int(18) NOT NULL,
  `USER_ID` int(18) NOT NULL,
  `CODE` varchar(255) COLLATE utf8_unicode_ci NOT NULL,
  `DATE_CREATE` timestamp NOT NULL DEFAULT CURRENT_TIMESTAMP
) ENGINE=InnoDB DEFAULT CHARSET=utf8 COLLATE=utf8_unicode_ci;

-- --------------------------------------------------------

--
-- Структура таблицы `b_landing_chat`
--

CREATE TABLE `b_landing_chat` (
  `ID` int(18) NOT NULL,
  `CHAT_ID` int(18) NOT NULL,
  `TITLE` varchar(255) COLLATE utf8_unicode_ci NOT NULL,
  `AVATAR` int(18) DEFAULT NULL,
  `CREATED_BY_ID` int(18) NOT NULL,
  `MODIFIED_BY_ID` int(18) NOT NULL,
  `DATE_CREATE` timestamp NULL DEFAULT NULL,
  `DATE_MODIFY` timestamp NOT NULL
) ENGINE=InnoDB DEFAULT CHARSET=utf8 COLLATE=utf8_unicode_ci;

-- --------------------------------------------------------

--
-- Структура таблицы `b_landing_chat_binding`
--

CREATE TABLE `b_landing_chat_binding` (
  `ID` int(18) NOT NULL,
  `INTERNAL_CHAT_ID` int(18) NOT NULL,
  `ENTITY_ID` int(18) NOT NULL,
  `ENTITY_TYPE` char(1) COLLATE utf8_unicode_ci NOT NULL
) ENGINE=InnoDB DEFAULT CHARSET=utf8 COLLATE=utf8_unicode_ci;

-- --------------------------------------------------------

--
-- Структура таблицы `b_landing_cookies_agreement`
--

CREATE TABLE `b_landing_cookies_agreement` (
  `ID` int(18) NOT NULL,
  `ACTIVE` char(1) COLLATE utf8_unicode_ci NOT NULL DEFAULT 'Y',
  `SITE_ID` int(18) NOT NULL,
  `CODE` varchar(50) COLLATE utf8_unicode_ci NOT NULL,
  `TITLE` varchar(255) COLLATE utf8_unicode_ci DEFAULT NULL,
  `CONTENT` mediumtext COLLATE utf8_unicode_ci NOT NULL,
  `CREATED_BY_ID` int(18) NOT NULL,
  `MODIFIED_BY_ID` int(18) NOT NULL,
  `DATE_CREATE` timestamp NULL DEFAULT NULL,
  `DATE_MODIFY` timestamp NOT NULL
) ENGINE=InnoDB DEFAULT CHARSET=utf8 COLLATE=utf8_unicode_ci;

-- --------------------------------------------------------

--
-- Структура таблицы `b_landing_demo`
--

CREATE TABLE `b_landing_demo` (
  `ID` int(18) NOT NULL,
  `XML_ID` varchar(255) COLLATE utf8_unicode_ci NOT NULL,
  `APP_CODE` varchar(255) COLLATE utf8_unicode_ci DEFAULT NULL,
  `ACTIVE` char(1) COLLATE utf8_unicode_ci NOT NULL DEFAULT 'Y',
  `TYPE` varchar(10) COLLATE utf8_unicode_ci NOT NULL,
  `TPL_TYPE` char(1) COLLATE utf8_unicode_ci NOT NULL,
  `SHOW_IN_LIST` char(1) COLLATE utf8_unicode_ci NOT NULL DEFAULT 'N',
  `TITLE` varchar(255) COLLATE utf8_unicode_ci NOT NULL,
  `DESCRIPTION` varchar(255) COLLATE utf8_unicode_ci DEFAULT NULL,
  `PREVIEW_URL` varchar(255) COLLATE utf8_unicode_ci DEFAULT NULL,
  `PREVIEW` varchar(255) COLLATE utf8_unicode_ci DEFAULT NULL,
  `PREVIEW2X` varchar(255) COLLATE utf8_unicode_ci DEFAULT NULL,
  `PREVIEW3X` varchar(255) COLLATE utf8_unicode_ci DEFAULT NULL,
  `MANIFEST` mediumtext COLLATE utf8_unicode_ci,
  `LANG` text COLLATE utf8_unicode_ci,
  `SITE_TEMPLATE_ID` varchar(255) COLLATE utf8_unicode_ci DEFAULT NULL,
  `CREATED_BY_ID` int(18) NOT NULL,
  `MODIFIED_BY_ID` int(18) NOT NULL,
  `DATE_CREATE` timestamp NULL DEFAULT NULL,
  `DATE_MODIFY` timestamp NOT NULL
) ENGINE=InnoDB DEFAULT CHARSET=utf8 COLLATE=utf8_unicode_ci;

-- --------------------------------------------------------

--
-- Структура таблицы `b_landing_designer_repo`
--

CREATE TABLE `b_landing_designer_repo` (
  `ID` int(18) NOT NULL,
  `XML_ID` varchar(255) COLLATE utf8_unicode_ci NOT NULL,
  `TITLE` varchar(255) COLLATE utf8_unicode_ci DEFAULT NULL,
  `SORT` int(18) DEFAULT '100',
  `HTML` text COLLATE utf8_unicode_ci NOT NULL,
  `MANIFEST` text COLLATE utf8_unicode_ci NOT NULL,
  `CREATED_BY_ID` int(18) NOT NULL,
  `MODIFIED_BY_ID` int(18) NOT NULL,
  `DATE_CREATE` timestamp NULL DEFAULT NULL,
  `DATE_MODIFY` timestamp NOT NULL
) ENGINE=InnoDB DEFAULT CHARSET=utf8 COLLATE=utf8_unicode_ci;

-- --------------------------------------------------------

--
-- Структура таблицы `b_landing_domain`
--

CREATE TABLE `b_landing_domain` (
  `ID` int(18) NOT NULL,
  `ACTIVE` char(1) COLLATE utf8_unicode_ci NOT NULL DEFAULT 'Y',
  `DOMAIN` varchar(255) COLLATE utf8_unicode_ci NOT NULL,
  `PREV_DOMAIN` varchar(255) COLLATE utf8_unicode_ci DEFAULT NULL,
  `XML_ID` varchar(255) COLLATE utf8_unicode_ci DEFAULT NULL,
  `PROTOCOL` varchar(10) COLLATE utf8_unicode_ci NOT NULL,
  `PROVIDER` varchar(50) COLLATE utf8_unicode_ci DEFAULT NULL,
  `FAIL_COUNT` int(2) DEFAULT NULL,
  `CREATED_BY_ID` int(18) NOT NULL,
  `MODIFIED_BY_ID` int(18) NOT NULL,
  `DATE_CREATE` timestamp NULL DEFAULT NULL,
  `DATE_MODIFY` timestamp NOT NULL
) ENGINE=InnoDB DEFAULT CHARSET=utf8 COLLATE=utf8_unicode_ci;

-- --------------------------------------------------------

--
-- Структура таблицы `b_landing_entity_lock`
--

CREATE TABLE `b_landing_entity_lock` (
  `ID` int(18) NOT NULL,
  `ENTITY_ID` int(18) NOT NULL,
  `ENTITY_TYPE` char(1) COLLATE utf8_unicode_ci NOT NULL,
  `LOCK_TYPE` char(1) COLLATE utf8_unicode_ci NOT NULL
) ENGINE=InnoDB DEFAULT CHARSET=utf8 COLLATE=utf8_unicode_ci;

-- --------------------------------------------------------

--
-- Структура таблицы `b_landing_entity_rights`
--

CREATE TABLE `b_landing_entity_rights` (
  `ID` int(18) NOT NULL,
  `ENTITY_ID` int(18) NOT NULL,
  `ENTITY_TYPE` char(1) COLLATE utf8_unicode_ci NOT NULL,
  `TASK_ID` int(11) NOT NULL,
  `ACCESS_CODE` varchar(50) COLLATE utf8_unicode_ci NOT NULL,
  `ROLE_ID` int(18) DEFAULT '0'
) ENGINE=InnoDB DEFAULT CHARSET=utf8 COLLATE=utf8_unicode_ci;

-- --------------------------------------------------------

--
-- Структура таблицы `b_landing_file`
--

CREATE TABLE `b_landing_file` (
  `ID` int(18) NOT NULL,
  `ENTITY_ID` int(18) NOT NULL,
  `ENTITY_TYPE` char(1) COLLATE utf8_unicode_ci NOT NULL,
  `FILE_ID` int(18) NOT NULL,
  `TEMP` char(1) COLLATE utf8_unicode_ci NOT NULL DEFAULT 'N'
) ENGINE=InnoDB DEFAULT CHARSET=utf8 COLLATE=utf8_unicode_ci;

-- --------------------------------------------------------

--
-- Структура таблицы `b_landing_filter_block`
--

CREATE TABLE `b_landing_filter_block` (
  `ID` int(18) NOT NULL,
  `FILTER_ID` int(18) NOT NULL,
  `BLOCK_ID` int(18) NOT NULL
) ENGINE=InnoDB DEFAULT CHARSET=utf8 COLLATE=utf8_unicode_ci;

-- --------------------------------------------------------

--
-- Структура таблицы `b_landing_filter_entity`
--

CREATE TABLE `b_landing_filter_entity` (
  `ID` int(18) NOT NULL,
  `SOURCE_ID` varchar(255) COLLATE utf8_unicode_ci NOT NULL,
  `FILTER_HASH` char(32) COLLATE utf8_unicode_ci NOT NULL,
  `FILTER` text COLLATE utf8_unicode_ci,
  `CREATED_BY_ID` int(18) NOT NULL,
  `MODIFIED_BY_ID` int(18) NOT NULL,
  `DATE_CREATE` timestamp NULL DEFAULT NULL,
  `DATE_MODIFY` timestamp NOT NULL
) ENGINE=InnoDB DEFAULT CHARSET=utf8 COLLATE=utf8_unicode_ci;

-- --------------------------------------------------------

--
-- Структура таблицы `b_landing_folder`
--

CREATE TABLE `b_landing_folder` (
  `ID` int(18) NOT NULL,
  `PARENT_ID` int(18) DEFAULT NULL,
  `SITE_ID` int(18) NOT NULL,
  `INDEX_ID` int(18) DEFAULT NULL,
  `ACTIVE` char(1) COLLATE utf8_unicode_ci NOT NULL DEFAULT 'N',
  `DELETED` char(1) COLLATE utf8_unicode_ci NOT NULL DEFAULT 'N',
  `TITLE` varchar(255) COLLATE utf8_unicode_ci NOT NULL,
  `CODE` varchar(255) COLLATE utf8_unicode_ci DEFAULT NULL,
  `CREATED_BY_ID` int(18) NOT NULL,
  `MODIFIED_BY_ID` int(18) NOT NULL,
  `DATE_CREATE` timestamp NULL DEFAULT NULL,
  `DATE_MODIFY` timestamp NOT NULL
) ENGINE=InnoDB DEFAULT CHARSET=utf8 COLLATE=utf8_unicode_ci;

-- --------------------------------------------------------

--
-- Структура таблицы `b_landing_hook_data`
--

CREATE TABLE `b_landing_hook_data` (
  `ID` int(18) NOT NULL,
  `ENTITY_ID` int(18) NOT NULL,
  `ENTITY_TYPE` char(1) COLLATE utf8_unicode_ci NOT NULL,
  `HOOK` varchar(50) COLLATE utf8_unicode_ci NOT NULL,
  `CODE` varchar(50) COLLATE utf8_unicode_ci NOT NULL,
  `VALUE` text COLLATE utf8_unicode_ci,
  `PUBLIC` char(1) COLLATE utf8_unicode_ci NOT NULL DEFAULT 'N'
) ENGINE=InnoDB DEFAULT CHARSET=utf8 COLLATE=utf8_unicode_ci;

-- --------------------------------------------------------

--
-- Структура таблицы `b_landing_placement`
--

CREATE TABLE `b_landing_placement` (
  `ID` int(18) NOT NULL,
  `APP_ID` int(18) DEFAULT NULL,
  `PLACEMENT` varchar(255) COLLATE utf8_unicode_ci NOT NULL,
  `PLACEMENT_HANDLER` varchar(255) COLLATE utf8_unicode_ci NOT NULL,
  `TITLE` varchar(255) COLLATE utf8_unicode_ci DEFAULT '',
  `CREATED_BY_ID` int(18) NOT NULL,
  `MODIFIED_BY_ID` int(18) NOT NULL,
  `DATE_CREATE` timestamp NULL DEFAULT NULL,
  `DATE_MODIFY` timestamp NOT NULL
) ENGINE=InnoDB DEFAULT CHARSET=utf8 COLLATE=utf8_unicode_ci;

-- --------------------------------------------------------

--
-- Структура таблицы `b_landing_repo`
--

CREATE TABLE `b_landing_repo` (
  `ID` int(18) NOT NULL,
  `XML_ID` varchar(255) COLLATE utf8_unicode_ci NOT NULL,
  `APP_CODE` varchar(255) COLLATE utf8_unicode_ci DEFAULT NULL,
  `ACTIVE` char(1) COLLATE utf8_unicode_ci NOT NULL DEFAULT 'Y',
  `NAME` varchar(255) COLLATE utf8_unicode_ci NOT NULL,
  `DESCRIPTION` varchar(255) COLLATE utf8_unicode_ci DEFAULT NULL,
  `SECTIONS` varchar(255) COLLATE utf8_unicode_ci DEFAULT NULL,
  `SITE_TEMPLATE_ID` varchar(255) COLLATE utf8_unicode_ci DEFAULT NULL,
  `PREVIEW` varchar(255) COLLATE utf8_unicode_ci DEFAULT NULL,
  `MANIFEST` text COLLATE utf8_unicode_ci,
  `CONTENT` text COLLATE utf8_unicode_ci NOT NULL,
  `CREATED_BY_ID` int(18) NOT NULL,
  `MODIFIED_BY_ID` int(18) NOT NULL,
  `DATE_CREATE` timestamp NULL DEFAULT NULL,
  `DATE_MODIFY` timestamp NOT NULL
) ENGINE=InnoDB DEFAULT CHARSET=utf8 COLLATE=utf8_unicode_ci;

-- --------------------------------------------------------

--
-- Структура таблицы `b_landing_role`
--

CREATE TABLE `b_landing_role` (
  `ID` int(18) NOT NULL,
  `TITLE` varchar(255) COLLATE utf8_unicode_ci DEFAULT NULL,
  `XML_ID` varchar(255) COLLATE utf8_unicode_ci DEFAULT NULL,
  `TYPE` varchar(255) COLLATE utf8_unicode_ci DEFAULT NULL,
  `ACCESS_CODES` text COLLATE utf8_unicode_ci,
  `ADDITIONAL_RIGHTS` text COLLATE utf8_unicode_ci,
  `CREATED_BY_ID` int(18) NOT NULL,
  `MODIFIED_BY_ID` int(18) NOT NULL,
  `DATE_CREATE` timestamp NULL DEFAULT NULL,
  `DATE_MODIFY` timestamp NOT NULL DEFAULT CURRENT_TIMESTAMP
) ENGINE=InnoDB DEFAULT CHARSET=utf8 COLLATE=utf8_unicode_ci;

-- --------------------------------------------------------

--
-- Структура таблицы `b_landing_site`
--

CREATE TABLE `b_landing_site` (
  `ID` int(18) NOT NULL,
  `CODE` varchar(255) COLLATE utf8_unicode_ci NOT NULL,
  `ACTIVE` char(1) COLLATE utf8_unicode_ci NOT NULL DEFAULT 'Y',
  `DELETED` char(1) COLLATE utf8_unicode_ci NOT NULL DEFAULT 'N',
  `TITLE` varchar(255) COLLATE utf8_unicode_ci NOT NULL,
  `XML_ID` varchar(255) COLLATE utf8_unicode_ci DEFAULT NULL,
  `DESCRIPTION` varchar(255) COLLATE utf8_unicode_ci DEFAULT NULL,
  `TYPE` varchar(50) COLLATE utf8_unicode_ci NOT NULL DEFAULT 'PAGE',
  `TPL_ID` int(18) DEFAULT NULL,
  `TPL_CODE` varchar(255) COLLATE utf8_unicode_ci DEFAULT NULL,
  `DOMAIN_ID` int(18) NOT NULL,
  `SMN_SITE_ID` char(2) COLLATE utf8_unicode_ci DEFAULT NULL,
  `LANDING_ID_INDEX` int(18) DEFAULT NULL,
  `LANDING_ID_404` int(18) DEFAULT NULL,
  `LANDING_ID_503` int(18) DEFAULT NULL,
  `LANG` char(2) COLLATE utf8_unicode_ci DEFAULT NULL,
  `SPECIAL` char(1) COLLATE utf8_unicode_ci NOT NULL DEFAULT 'N',
  `VERSION` int(18) DEFAULT NULL,
  `CREATED_BY_ID` int(18) NOT NULL,
  `MODIFIED_BY_ID` int(18) NOT NULL,
  `DATE_CREATE` timestamp NULL DEFAULT NULL,
  `DATE_MODIFY` timestamp NOT NULL
) ENGINE=InnoDB DEFAULT CHARSET=utf8 COLLATE=utf8_unicode_ci;

-- --------------------------------------------------------

--
-- Структура таблицы `b_landing_syspage`
--

CREATE TABLE `b_landing_syspage` (
  `ID` int(18) NOT NULL,
  `SITE_ID` int(18) NOT NULL,
  `TYPE` varchar(50) COLLATE utf8_unicode_ci NOT NULL,
  `LANDING_ID` int(18) NOT NULL
) ENGINE=InnoDB DEFAULT CHARSET=utf8 COLLATE=utf8_unicode_ci;

-- --------------------------------------------------------

--
-- Структура таблицы `b_landing_template`
--

CREATE TABLE `b_landing_template` (
  `ID` int(18) NOT NULL,
  `ACTIVE` char(1) COLLATE utf8_unicode_ci NOT NULL DEFAULT 'Y',
  `TITLE` varchar(255) COLLATE utf8_unicode_ci NOT NULL,
  `SORT` int(18) DEFAULT '100',
  `XML_ID` varchar(255) COLLATE utf8_unicode_ci DEFAULT NULL,
  `CONTENT` text COLLATE utf8_unicode_ci NOT NULL,
  `AREA_COUNT` int(2) NOT NULL,
  `CREATED_BY_ID` int(18) NOT NULL,
  `MODIFIED_BY_ID` int(18) NOT NULL,
  `DATE_CREATE` timestamp NULL DEFAULT NULL,
  `DATE_MODIFY` timestamp NOT NULL
) ENGINE=InnoDB DEFAULT CHARSET=utf8 COLLATE=utf8_unicode_ci;

--
-- Дамп данных таблицы `b_landing_template`
--

INSERT INTO `b_landing_template` (`ID`, `ACTIVE`, `TITLE`, `SORT`, `XML_ID`, `CONTENT`, `AREA_COUNT`, `CREATED_BY_ID`, `MODIFIED_BY_ID`, `DATE_CREATE`, `DATE_MODIFY`) VALUES
(1, 'Y', '#EMPTY#', 100, 'empty', '#CONTENT#', 0, 1, 1, '2022-11-19 08:42:46', '2022-11-19 08:42:46'),
(2, 'Y', '#SIDEBAR_LEFT#', 200, 'sidebar_left', '<div class=\"landing-layout-flex\">\n								<div class=\"landing-sidebar g-max-width-100x g-overflow-hidden\">#AREA_1#</div>\n								<div class=\"landing-main g-max-width-100x\">#CONTENT#</div>\n							</div>', 1, 1, 1, '2022-11-19 08:42:46', '2022-11-19 08:42:46'),
(3, 'Y', '#SIDEBAR_RIGHT#', 300, 'sidebar_right', '<div class=\"landing-layout-flex sidebar-right\">\n								<div class=\"landing-sidebar g-max-width-100x\">#AREA_1#</div>\n								<div class=\"landing-main g-max-width-100x\">#CONTENT#</div>\n							</div>', 1, 1, 1, '2022-11-19 08:42:46', '2022-11-19 08:42:46'),
(4, 'Y', '#HEADER_ONLY#', 400, 'header_only', '<div class=\"landing-header\">#AREA_1#</div> \n								<div class=\"landing-main\">#CONTENT#</div>', 1, 1, 1, '2022-11-19 08:42:46', '2022-11-19 08:42:46'),
(5, 'Y', '#HEADER_FOOTER#', 500, 'header_footer', '<div class=\"landing-header\">#AREA_1#</div> \n								<div class=\"landing-main\">#CONTENT#</div> \n							<div class=\"landing-footer\">#AREA_2#</div>', 2, 1, 1, '2022-11-19 08:42:46', '2022-11-19 08:42:46'),
(6, 'Y', '#WITHOUT_LEFT#', 600, 'without_left', '<div class=\"landing-header\">#AREA_1#</div>\n								<div class=\"landing-layout-flex without-left\">\n									<div class=\"landing-sidebar g-max-width-100x\">#AREA_2#</div>\n									<div class=\"landing-main g-max-width-100x\">#CONTENT#</div>\n								</div>\n							<div class=\"landing-footer\">#AREA_3#</div>', 3, 1, 1, '2022-11-19 08:42:46', '2022-11-19 08:42:46'),
(7, 'Y', '#WITHOUT_RIGHT#', 700, 'without_right', '<div class=\"landing-header\">#AREA_1#</div>\n								<div class=\"landing-layout-flex\">\n									<div class=\"landing-sidebar g-max-width-100x\">#AREA_2#</div>\n									<div class=\"landing-main g-max-width-100x\">#CONTENT#</div>\n								</div>\n							<div class=\"landing-footer\">#AREA_3#</div>', 3, 1, 1, '2022-11-19 08:42:46', '2022-11-19 08:42:46');

-- --------------------------------------------------------

--
-- Структура таблицы `b_landing_template_ref`
--

CREATE TABLE `b_landing_template_ref` (
  `ID` int(18) NOT NULL,
  `ENTITY_ID` int(18) NOT NULL,
  `ENTITY_TYPE` char(1) COLLATE utf8_unicode_ci NOT NULL,
  `AREA` int(2) NOT NULL,
  `LANDING_ID` int(18) NOT NULL
) ENGINE=InnoDB DEFAULT CHARSET=utf8 COLLATE=utf8_unicode_ci;

-- --------------------------------------------------------

--
-- Структура таблицы `b_landing_update_block`
--

CREATE TABLE `b_landing_update_block` (
  `ID` int(18) NOT NULL,
  `CODE` varchar(255) COLLATE utf8_unicode_ci NOT NULL,
  `LAST_BLOCK_ID` int(18) DEFAULT '0',
  `PARAMS` text COLLATE utf8_unicode_ci,
  `CREATED_BY_ID` int(18) NOT NULL,
  `MODIFIED_BY_ID` int(18) NOT NULL,
  `DATE_CREATE` timestamp NULL DEFAULT NULL,
  `DATE_MODIFY` timestamp NOT NULL
) ENGINE=InnoDB DEFAULT CHARSET=utf8 COLLATE=utf8_unicode_ci;

-- --------------------------------------------------------

--
-- Структура таблицы `b_landing_urlchecker_host`
--

CREATE TABLE `b_landing_urlchecker_host` (
  `ID` int(18) NOT NULL,
  `STATUS_ID` int(18) NOT NULL,
  `HOST` varchar(255) COLLATE utf8_unicode_ci NOT NULL,
  `DATE_MODIFY` timestamp NOT NULL DEFAULT CURRENT_TIMESTAMP
) ENGINE=InnoDB DEFAULT CHARSET=utf8 COLLATE=utf8_unicode_ci;

-- --------------------------------------------------------

--
-- Структура таблицы `b_landing_urlchecker_status`
--

CREATE TABLE `b_landing_urlchecker_status` (
  `ID` int(18) NOT NULL,
  `URL` varchar(255) COLLATE utf8_unicode_ci NOT NULL,
  `HASH` char(32) COLLATE utf8_unicode_ci NOT NULL,
  `STATUS` varchar(255) COLLATE utf8_unicode_ci DEFAULT NULL,
  `DATE_MODIFY` timestamp NOT NULL DEFAULT CURRENT_TIMESTAMP
) ENGINE=InnoDB DEFAULT CHARSET=utf8 COLLATE=utf8_unicode_ci;

-- --------------------------------------------------------

--
-- Структура таблицы `b_landing_urlchecker_whitelist`
--

CREATE TABLE `b_landing_urlchecker_whitelist` (
  `ID` int(18) NOT NULL,
  `DOMAIN` varchar(255) COLLATE utf8_unicode_ci NOT NULL,
  `DATE_MODIFY` timestamp NOT NULL DEFAULT CURRENT_TIMESTAMP
) ENGINE=InnoDB DEFAULT CHARSET=utf8 COLLATE=utf8_unicode_ci;

-- --------------------------------------------------------

--
-- Структура таблицы `b_landing_urlrewrite`
--

CREATE TABLE `b_landing_urlrewrite` (
  `ID` int(18) NOT NULL,
  `SITE_ID` int(18) NOT NULL,
  `RULE` varchar(255) COLLATE utf8_unicode_ci NOT NULL,
  `LANDING_ID` int(18) NOT NULL,
  `CREATED_BY_ID` int(18) NOT NULL,
  `MODIFIED_BY_ID` int(18) NOT NULL,
  `DATE_CREATE` timestamp NULL DEFAULT NULL,
  `DATE_MODIFY` timestamp NOT NULL
) ENGINE=InnoDB DEFAULT CHARSET=utf8 COLLATE=utf8_unicode_ci;

-- --------------------------------------------------------

--
-- Структура таблицы `b_landing_view`
--

CREATE TABLE `b_landing_view` (
  `ID` int(18) NOT NULL,
  `LID` int(18) NOT NULL,
  `USER_ID` int(18) NOT NULL,
  `VIEWS` int(18) NOT NULL,
  `FIRST_VIEW` datetime NOT NULL,
  `LAST_VIEW` datetime NOT NULL
) ENGINE=InnoDB DEFAULT CHARSET=utf8 COLLATE=utf8_unicode_ci;

-- --------------------------------------------------------

--
-- Структура таблицы `b_lang`
--

CREATE TABLE `b_lang` (
  `LID` char(2) COLLATE utf8_unicode_ci NOT NULL,
  `SORT` int(11) NOT NULL DEFAULT '100',
  `DEF` char(1) COLLATE utf8_unicode_ci NOT NULL DEFAULT 'N',
  `ACTIVE` char(1) COLLATE utf8_unicode_ci NOT NULL DEFAULT 'Y',
  `NAME` varchar(50) COLLATE utf8_unicode_ci NOT NULL,
  `DIR` varchar(50) COLLATE utf8_unicode_ci NOT NULL,
  `FORMAT_DATE` varchar(50) COLLATE utf8_unicode_ci DEFAULT NULL,
  `FORMAT_DATETIME` varchar(50) COLLATE utf8_unicode_ci DEFAULT NULL,
  `FORMAT_NAME` varchar(255) COLLATE utf8_unicode_ci DEFAULT NULL,
  `WEEK_START` int(11) DEFAULT NULL,
  `CHARSET` varchar(255) COLLATE utf8_unicode_ci DEFAULT NULL,
  `LANGUAGE_ID` char(2) COLLATE utf8_unicode_ci NOT NULL,
  `DOC_ROOT` varchar(255) COLLATE utf8_unicode_ci DEFAULT NULL,
  `DOMAIN_LIMITED` char(1) COLLATE utf8_unicode_ci NOT NULL DEFAULT 'N',
  `SERVER_NAME` varchar(255) COLLATE utf8_unicode_ci DEFAULT NULL,
  `SITE_NAME` varchar(255) COLLATE utf8_unicode_ci DEFAULT NULL,
  `EMAIL` varchar(255) COLLATE utf8_unicode_ci DEFAULT NULL,
  `CULTURE_ID` int(11) DEFAULT NULL
) ENGINE=InnoDB DEFAULT CHARSET=utf8 COLLATE=utf8_unicode_ci;

--
-- Дамп данных таблицы `b_lang`
--

INSERT INTO `b_lang` (`LID`, `SORT`, `DEF`, `ACTIVE`, `NAME`, `DIR`, `FORMAT_DATE`, `FORMAT_DATETIME`, `FORMAT_NAME`, `WEEK_START`, `CHARSET`, `LANGUAGE_ID`, `DOC_ROOT`, `DOMAIN_LIMITED`, `SERVER_NAME`, `SITE_NAME`, `EMAIL`, `CULTURE_ID`) VALUES
('s1', 1, 'Y', 'Y', 'Сайт по умолчанию', '/', NULL, NULL, NULL, NULL, NULL, 'ru', '', 'N', '', '', '', 1);

-- --------------------------------------------------------

--
-- Структура таблицы `b_language`
--

CREATE TABLE `b_language` (
  `LID` char(2) COLLATE utf8_unicode_ci NOT NULL,
  `SORT` int(11) NOT NULL DEFAULT '100',
  `DEF` char(1) COLLATE utf8_unicode_ci NOT NULL DEFAULT 'N',
  `ACTIVE` char(1) COLLATE utf8_unicode_ci NOT NULL DEFAULT 'Y',
  `NAME` varchar(50) COLLATE utf8_unicode_ci NOT NULL,
  `FORMAT_DATE` varchar(50) COLLATE utf8_unicode_ci DEFAULT NULL,
  `FORMAT_DATETIME` varchar(50) COLLATE utf8_unicode_ci DEFAULT NULL,
  `FORMAT_NAME` varchar(255) COLLATE utf8_unicode_ci DEFAULT NULL,
  `WEEK_START` int(11) DEFAULT NULL,
  `CHARSET` varchar(255) COLLATE utf8_unicode_ci DEFAULT NULL,
  `DIRECTION` char(1) COLLATE utf8_unicode_ci DEFAULT NULL,
  `CULTURE_ID` int(11) DEFAULT NULL
) ENGINE=InnoDB DEFAULT CHARSET=utf8 COLLATE=utf8_unicode_ci;

--
-- Дамп данных таблицы `b_language`
--

INSERT INTO `b_language` (`LID`, `SORT`, `DEF`, `ACTIVE`, `NAME`, `FORMAT_DATE`, `FORMAT_DATETIME`, `FORMAT_NAME`, `WEEK_START`, `CHARSET`, `DIRECTION`, `CULTURE_ID`) VALUES
('en', 2, 'N', 'Y', 'English', NULL, NULL, NULL, NULL, NULL, NULL, 2),
('ru', 1, 'Y', 'Y', 'Russian', NULL, NULL, NULL, NULL, NULL, NULL, 1);

-- --------------------------------------------------------

--
-- Структура таблицы `b_lang_domain`
--

CREATE TABLE `b_lang_domain` (
  `LID` char(2) COLLATE utf8_unicode_ci NOT NULL,
  `DOMAIN` varchar(255) COLLATE utf8_unicode_ci NOT NULL
) ENGINE=InnoDB DEFAULT CHARSET=utf8 COLLATE=utf8_unicode_ci;

-- --------------------------------------------------------

--
-- Структура таблицы `b_list_rubric`
--

CREATE TABLE `b_list_rubric` (
  `ID` int(11) NOT NULL,
  `LID` char(2) COLLATE utf8_unicode_ci NOT NULL,
  `CODE` varchar(100) COLLATE utf8_unicode_ci DEFAULT NULL,
  `NAME` varchar(100) COLLATE utf8_unicode_ci DEFAULT NULL,
  `DESCRIPTION` text COLLATE utf8_unicode_ci,
  `SORT` int(11) NOT NULL DEFAULT '100',
  `ACTIVE` char(1) COLLATE utf8_unicode_ci NOT NULL DEFAULT 'Y',
  `AUTO` char(1) COLLATE utf8_unicode_ci NOT NULL DEFAULT 'N',
  `DAYS_OF_MONTH` varchar(100) COLLATE utf8_unicode_ci DEFAULT NULL,
  `DAYS_OF_WEEK` varchar(15) COLLATE utf8_unicode_ci DEFAULT NULL,
  `TIMES_OF_DAY` varchar(255) COLLATE utf8_unicode_ci DEFAULT NULL,
  `TEMPLATE` varchar(100) COLLATE utf8_unicode_ci DEFAULT NULL,
  `LAST_EXECUTED` datetime DEFAULT NULL,
  `VISIBLE` char(1) COLLATE utf8_unicode_ci NOT NULL DEFAULT 'Y',
  `FROM_FIELD` varchar(255) COLLATE utf8_unicode_ci DEFAULT NULL
) ENGINE=InnoDB DEFAULT CHARSET=utf8 COLLATE=utf8_unicode_ci;

-- --------------------------------------------------------

--
-- Структура таблицы `b_log_notification`
--

CREATE TABLE `b_log_notification` (
  `ID` int(10) UNSIGNED NOT NULL,
  `ACTIVE` char(1) COLLATE utf8_unicode_ci NOT NULL DEFAULT 'Y',
  `NAME` varchar(50) COLLATE utf8_unicode_ci DEFAULT NULL,
  `AUDIT_TYPE_ID` varchar(50) COLLATE utf8_unicode_ci NOT NULL,
  `ITEM_ID` varchar(255) COLLATE utf8_unicode_ci DEFAULT NULL,
  `USER_ID` int(11) DEFAULT NULL,
  `REMOTE_ADDR` varchar(40) COLLATE utf8_unicode_ci DEFAULT NULL,
  `USER_AGENT` varchar(1000) COLLATE utf8_unicode_ci DEFAULT NULL,
  `REQUEST_URI` varchar(1000) COLLATE utf8_unicode_ci DEFAULT NULL,
  `CHECK_INTERVAL` int(11) DEFAULT NULL,
  `ALERT_COUNT` int(11) DEFAULT NULL,
  `DATE_CHECKED` datetime DEFAULT NULL
) ENGINE=InnoDB DEFAULT CHARSET=utf8 COLLATE=utf8_unicode_ci;

-- --------------------------------------------------------

--
-- Структура таблицы `b_log_notification_action`
--

CREATE TABLE `b_log_notification_action` (
  `ID` int(10) UNSIGNED NOT NULL,
  `NOTIFICATION_ID` int(10) UNSIGNED NOT NULL,
  `NOTIFICATION_TYPE` varchar(15) COLLATE utf8_unicode_ci NOT NULL,
  `RECIPIENT` varchar(50) COLLATE utf8_unicode_ci DEFAULT NULL,
  `ADDITIONAL_TEXT` text COLLATE utf8_unicode_ci
) ENGINE=InnoDB DEFAULT CHARSET=utf8 COLLATE=utf8_unicode_ci;

-- --------------------------------------------------------

--
-- Структура таблицы `b_main_mail_blacklist`
--

CREATE TABLE `b_main_mail_blacklist` (
  `ID` int(11) NOT NULL,
  `DATE_INSERT` datetime NOT NULL,
  `CATEGORY_ID` tinyint(3) UNSIGNED NOT NULL DEFAULT '0',
  `CODE` varchar(255) COLLATE utf8_unicode_ci DEFAULT NULL
) ENGINE=InnoDB DEFAULT CHARSET=utf8 COLLATE=utf8_unicode_ci;

-- --------------------------------------------------------

--
-- Структура таблицы `b_main_mail_sender`
--

CREATE TABLE `b_main_mail_sender` (
  `ID` int(11) NOT NULL,
  `NAME` varchar(255) COLLATE utf8_unicode_ci NOT NULL DEFAULT '',
  `EMAIL` varchar(255) COLLATE utf8_unicode_ci NOT NULL,
  `USER_ID` int(11) NOT NULL,
  `IS_CONFIRMED` tinyint(4) NOT NULL DEFAULT '0',
  `IS_PUBLIC` tinyint(4) NOT NULL DEFAULT '0',
  `OPTIONS` text COLLATE utf8_unicode_ci
) ENGINE=InnoDB DEFAULT CHARSET=utf8 COLLATE=utf8_unicode_ci;

-- --------------------------------------------------------

--
-- Структура таблицы `b_main_mail_sender_send_counter`
--

CREATE TABLE `b_main_mail_sender_send_counter` (
  `DATE_STAT` date NOT NULL,
  `EMAIL` varchar(255) COLLATE utf8_unicode_ci NOT NULL,
  `CNT` int(11) NOT NULL
) ENGINE=InnoDB DEFAULT CHARSET=utf8 COLLATE=utf8_unicode_ci;

-- --------------------------------------------------------

--
-- Структура таблицы `b_medialib_collection`
--

CREATE TABLE `b_medialib_collection` (
  `ID` int(11) NOT NULL,
  `NAME` varchar(255) COLLATE utf8_unicode_ci NOT NULL,
  `DESCRIPTION` text COLLATE utf8_unicode_ci,
  `ACTIVE` char(1) COLLATE utf8_unicode_ci NOT NULL DEFAULT 'Y',
  `DATE_UPDATE` datetime NOT NULL,
  `OWNER_ID` int(11) DEFAULT NULL,
  `PARENT_ID` int(11) DEFAULT NULL,
  `SITE_ID` char(2) COLLATE utf8_unicode_ci DEFAULT NULL,
  `KEYWORDS` varchar(255) COLLATE utf8_unicode_ci DEFAULT NULL,
  `ITEMS_COUNT` int(11) DEFAULT NULL,
  `ML_TYPE` int(11) NOT NULL DEFAULT '0'
) ENGINE=InnoDB DEFAULT CHARSET=utf8 COLLATE=utf8_unicode_ci;

--
-- Дамп данных таблицы `b_medialib_collection`
--

INSERT INTO `b_medialib_collection` (`ID`, `NAME`, `DESCRIPTION`, `ACTIVE`, `DATE_UPDATE`, `OWNER_ID`, `PARENT_ID`, `SITE_ID`, `KEYWORDS`, `ITEMS_COUNT`, `ML_TYPE`) VALUES
(1, 'Этапы внедрения', '', 'Y', '2022-12-13 06:43:07', 1, 0, NULL, '', NULL, 1);

-- --------------------------------------------------------

--
-- Структура таблицы `b_medialib_collection_item`
--

CREATE TABLE `b_medialib_collection_item` (
  `COLLECTION_ID` int(11) NOT NULL,
  `ITEM_ID` int(11) NOT NULL
) ENGINE=InnoDB DEFAULT CHARSET=utf8 COLLATE=utf8_unicode_ci;

--
-- Дамп данных таблицы `b_medialib_collection_item`
--

INSERT INTO `b_medialib_collection_item` (`COLLECTION_ID`, `ITEM_ID`) VALUES
(1, 1),
(1, 2);

-- --------------------------------------------------------

--
-- Структура таблицы `b_medialib_item`
--

CREATE TABLE `b_medialib_item` (
  `ID` int(11) NOT NULL,
  `NAME` varchar(255) COLLATE utf8_unicode_ci NOT NULL,
  `ITEM_TYPE` char(30) COLLATE utf8_unicode_ci DEFAULT NULL,
  `DESCRIPTION` text COLLATE utf8_unicode_ci,
  `DATE_CREATE` datetime NOT NULL,
  `DATE_UPDATE` datetime NOT NULL,
  `SOURCE_ID` int(11) NOT NULL,
  `KEYWORDS` varchar(255) COLLATE utf8_unicode_ci DEFAULT NULL,
  `SEARCHABLE_CONTENT` text COLLATE utf8_unicode_ci
) ENGINE=InnoDB DEFAULT CHARSET=utf8 COLLATE=utf8_unicode_ci;

--
-- Дамп данных таблицы `b_medialib_item`
--

INSERT INTO `b_medialib_item` (`ID`, `NAME`, `ITEM_TYPE`, `DESCRIPTION`, `DATE_CREATE`, `DATE_UPDATE`, `SOURCE_ID`, `KEYWORDS`, `SEARCHABLE_CONTENT`) VALUES
(1, 'img-4.png', '', '', '2022-12-13 06:43:23', '2022-12-13 06:43:23', 111, '', '{IMG-4}{PNG}'),
(2, 'img-6.png', '', '', '2022-12-13 11:30:34', '2022-12-13 11:30:34', 116, '', '{IMG-6}{PNG}');

-- --------------------------------------------------------

--
-- Структура таблицы `b_medialib_type`
--

CREATE TABLE `b_medialib_type` (
  `ID` int(11) NOT NULL,
  `NAME` varchar(255) COLLATE utf8_unicode_ci DEFAULT NULL,
  `CODE` varchar(255) COLLATE utf8_unicode_ci NOT NULL,
  `EXT` varchar(255) COLLATE utf8_unicode_ci NOT NULL,
  `SYSTEM` char(1) COLLATE utf8_unicode_ci NOT NULL DEFAULT 'N',
  `DESCRIPTION` text COLLATE utf8_unicode_ci
) ENGINE=InnoDB DEFAULT CHARSET=utf8 COLLATE=utf8_unicode_ci;

--
-- Дамп данных таблицы `b_medialib_type`
--

INSERT INTO `b_medialib_type` (`ID`, `NAME`, `CODE`, `EXT`, `SYSTEM`, `DESCRIPTION`) VALUES
(1, 'image_name', 'image', 'jpg,jpeg,gif,png', 'Y', 'image_desc'),
(2, 'video_name', 'video', 'flv,mp4,wmv', 'Y', 'video_desc'),
(3, 'sound_name', 'sound', 'mp3,wma,aac', 'Y', 'sound_desc');

-- --------------------------------------------------------

--
-- Структура таблицы `b_messageservice_message`
--

CREATE TABLE `b_messageservice_message` (
  `ID` int(18) NOT NULL,
  `TYPE` varchar(30) COLLATE utf8_unicode_ci NOT NULL,
  `SENDER_ID` varchar(50) COLLATE utf8_unicode_ci NOT NULL,
  `AUTHOR_ID` int(18) NOT NULL DEFAULT '0',
  `MESSAGE_FROM` varchar(260) COLLATE utf8_unicode_ci DEFAULT NULL,
  `MESSAGE_TO` varchar(50) COLLATE utf8_unicode_ci NOT NULL,
  `MESSAGE_HEADERS` longtext COLLATE utf8_unicode_ci,
  `MESSAGE_BODY` longtext COLLATE utf8_unicode_ci NOT NULL,
  `DATE_INSERT` datetime DEFAULT NULL,
  `DATE_EXEC` datetime DEFAULT NULL,
  `NEXT_EXEC` datetime DEFAULT NULL,
  `SUCCESS_EXEC` char(1) COLLATE utf8_unicode_ci NOT NULL DEFAULT 'N',
  `EXEC_ERROR` varchar(255) COLLATE utf8_unicode_ci DEFAULT NULL,
  `STATUS_ID` int(18) NOT NULL DEFAULT '0',
  `EXTERNAL_ID` varchar(128) COLLATE utf8_unicode_ci DEFAULT NULL,
  `EXTERNAL_STATUS` varchar(128) COLLATE utf8_unicode_ci DEFAULT NULL
) ENGINE=InnoDB DEFAULT CHARSET=utf8 COLLATE=utf8_unicode_ci;

-- --------------------------------------------------------

--
-- Структура таблицы `b_messageservice_rest_app`
--

CREATE TABLE `b_messageservice_rest_app` (
  `ID` int(18) NOT NULL,
  `APP_ID` varchar(128) COLLATE utf8_unicode_ci NOT NULL,
  `CODE` varchar(128) COLLATE utf8_unicode_ci NOT NULL,
  `TYPE` varchar(30) COLLATE utf8_unicode_ci NOT NULL,
  `HANDLER` varchar(1000) COLLATE utf8_unicode_ci NOT NULL,
  `DATE_ADD` datetime DEFAULT NULL,
  `AUTHOR_ID` int(18) NOT NULL DEFAULT '0'
) ENGINE=InnoDB DEFAULT CHARSET=utf8 COLLATE=utf8_unicode_ci;

-- --------------------------------------------------------

--
-- Структура таблицы `b_messageservice_rest_app_lang`
--

CREATE TABLE `b_messageservice_rest_app_lang` (
  `ID` int(18) NOT NULL,
  `APP_ID` int(18) NOT NULL,
  `LANGUAGE_ID` char(2) COLLATE utf8_unicode_ci NOT NULL,
  `NAME` varchar(500) COLLATE utf8_unicode_ci DEFAULT NULL,
  `APP_NAME` varchar(500) COLLATE utf8_unicode_ci DEFAULT NULL,
  `DESCRIPTION` varchar(1000) COLLATE utf8_unicode_ci DEFAULT NULL
) ENGINE=InnoDB DEFAULT CHARSET=utf8 COLLATE=utf8_unicode_ci;

-- --------------------------------------------------------

--
-- Структура таблицы `b_mobileapp_app`
--

CREATE TABLE `b_mobileapp_app` (
  `CODE` varchar(50) COLLATE utf8_unicode_ci NOT NULL,
  `SHORT_NAME` varchar(50) COLLATE utf8_unicode_ci NOT NULL,
  `NAME` varchar(50) COLLATE utf8_unicode_ci NOT NULL,
  `DESCRIPTION` text COLLATE utf8_unicode_ci NOT NULL,
  `FILES` text COLLATE utf8_unicode_ci NOT NULL,
  `LAUNCH_ICONS` text COLLATE utf8_unicode_ci NOT NULL,
  `LAUNCH_SCREENS` text COLLATE utf8_unicode_ci NOT NULL,
  `FOLDER` varchar(50) COLLATE utf8_unicode_ci NOT NULL,
  `DATE_CREATE` datetime NOT NULL
) ENGINE=InnoDB DEFAULT CHARSET=utf8 COLLATE=utf8_unicode_ci;

-- --------------------------------------------------------

--
-- Структура таблицы `b_mobileapp_config`
--

CREATE TABLE `b_mobileapp_config` (
  `APP_CODE` varchar(150) COLLATE utf8_unicode_ci NOT NULL,
  `PLATFORM` varchar(150) COLLATE utf8_unicode_ci NOT NULL,
  `PARAMS` text COLLATE utf8_unicode_ci NOT NULL,
  `DATE_CREATE` datetime NOT NULL
) ENGINE=InnoDB DEFAULT CHARSET=utf8 COLLATE=utf8_unicode_ci;

-- --------------------------------------------------------

--
-- Структура таблицы `b_module`
--

CREATE TABLE `b_module` (
  `ID` varchar(50) COLLATE utf8_unicode_ci NOT NULL,
  `DATE_ACTIVE` timestamp NULL DEFAULT NULL
) ENGINE=InnoDB DEFAULT CHARSET=utf8 COLLATE=utf8_unicode_ci;

--
-- Дамп данных таблицы `b_module`
--

INSERT INTO `b_module` (`ID`, `DATE_ACTIVE`) VALUES
('b24connector', '2022-11-19 08:42:09'),
('bitrix.sitecorporate', '2022-11-19 08:42:10'),
('bitrix.siteinfoportal', '2022-11-19 08:42:11'),
('bitrix.sitepersonal', '2022-11-19 08:42:12'),
('bitrixcloud', '2022-11-19 08:42:12'),
('blog', '2022-11-19 08:42:14'),
('clouds', '2022-11-19 08:42:17'),
('fileman', '2022-11-19 08:42:18'),
('form', '2022-11-19 08:42:30'),
('forum', '2022-11-19 08:42:31'),
('highloadblock', '2022-11-19 08:42:33'),
('iblock', '2022-11-19 08:42:35'),
('landing', '2022-11-19 08:42:46'),
('main', '2022-11-19 08:41:03'),
('messageservice', '2022-11-19 08:46:36'),
('mobileapp', '2022-11-19 08:46:37'),
('perfmon', '2022-11-19 08:46:38'),
('photogallery', '2022-11-19 08:46:39'),
('rest', '2022-11-19 08:46:40'),
('scale', '2022-11-19 08:46:41'),
('search', '2022-11-19 08:46:42'),
('security', '2022-11-19 08:46:43'),
('seo', '2022-11-19 08:46:44'),
('socialservices', '2022-11-19 08:46:44'),
('subscribe', '2022-11-19 08:46:45'),
('translate', '2022-11-19 08:46:48'),
('ui', '2022-11-19 08:46:49'),
('vote', '2022-11-19 08:47:02');

-- --------------------------------------------------------

--
-- Структура таблицы `b_module_group`
--

CREATE TABLE `b_module_group` (
  `ID` int(11) NOT NULL,
  `MODULE_ID` varchar(50) COLLATE utf8_unicode_ci NOT NULL,
  `GROUP_ID` int(11) NOT NULL,
  `G_ACCESS` varchar(255) COLLATE utf8_unicode_ci NOT NULL,
  `SITE_ID` char(2) COLLATE utf8_unicode_ci DEFAULT NULL
) ENGINE=InnoDB DEFAULT CHARSET=utf8 COLLATE=utf8_unicode_ci;

--
-- Дамп данных таблицы `b_module_group`
--

INSERT INTO `b_module_group` (`ID`, `MODULE_ID`, `GROUP_ID`, `G_ACCESS`, `SITE_ID`) VALUES
(1, 'main', 5, 'P', NULL),
(2, 'main', 6, 'P', NULL);

-- --------------------------------------------------------

--
-- Структура таблицы `b_module_to_module`
--

CREATE TABLE `b_module_to_module` (
  `ID` int(11) NOT NULL,
  `TIMESTAMP_X` timestamp NULL DEFAULT NULL,
  `SORT` int(11) NOT NULL DEFAULT '100',
  `FROM_MODULE_ID` varchar(50) COLLATE utf8_unicode_ci NOT NULL,
  `MESSAGE_ID` varchar(255) COLLATE utf8_unicode_ci NOT NULL,
  `TO_MODULE_ID` varchar(50) COLLATE utf8_unicode_ci NOT NULL,
  `TO_PATH` varchar(255) COLLATE utf8_unicode_ci DEFAULT NULL,
  `TO_CLASS` varchar(255) COLLATE utf8_unicode_ci DEFAULT NULL,
  `TO_METHOD` varchar(255) COLLATE utf8_unicode_ci DEFAULT NULL,
  `TO_METHOD_ARG` varchar(255) COLLATE utf8_unicode_ci DEFAULT NULL,
  `VERSION` int(11) DEFAULT NULL,
  `UNIQUE_ID` varchar(32) COLLATE utf8_unicode_ci NOT NULL
) ENGINE=InnoDB DEFAULT CHARSET=utf8 COLLATE=utf8_unicode_ci;

--
-- Дамп данных таблицы `b_module_to_module`
--

INSERT INTO `b_module_to_module` (`ID`, `TIMESTAMP_X`, `SORT`, `FROM_MODULE_ID`, `MESSAGE_ID`, `TO_MODULE_ID`, `TO_PATH`, `TO_CLASS`, `TO_METHOD`, `TO_METHOD_ARG`, `VERSION`, `UNIQUE_ID`) VALUES
(1, '2022-11-19 08:41:03', 100, 'iblock', 'OnIBlockPropertyBuildList', 'main', '/modules/main/tools/prop_userid.php', 'CIBlockPropertyUserID', 'GetUserTypeDescription', '', 1, '2b30c309bf87645959b9bfbed51b49c6'),
(2, '2022-11-19 08:41:03', 100, 'main', 'OnUserDelete', 'main', '/modules/main/classes/mysql/favorites.php', 'CFavorites', 'OnUserDelete', '', 1, 'f437e170e4daf957766b0b0579f08fb4'),
(3, '2022-11-19 08:41:03', 100, 'main', 'OnLanguageDelete', 'main', '/modules/main/classes/mysql/favorites.php', 'CFavorites', 'OnLanguageDelete', '', 1, '9211999c5cfc3a4d374e4f957d5079f6'),
(4, '2022-11-19 08:41:03', 100, 'main', 'OnUserDelete', 'main', '', 'CUserOptions', 'OnUserDelete', '', 1, '9ef4e969f975b6425c7113444d210a90'),
(5, '2022-11-19 08:41:03', 100, 'main', 'OnChangeFile', 'main', '', 'CMain', 'OnChangeFileComponent', '', 1, '332179402f77c4d41c6c2e524acde4d0'),
(6, '2022-11-19 08:41:03', 100, 'main', 'OnUserTypeRightsCheck', 'main', '', 'CUser', 'UserTypeRightsCheck', '', 1, 'e1aae03ea8eb08e7bbb6d8d42cbc2ebe'),
(7, '2022-11-19 08:41:03', 100, 'main', 'OnUserLogin', 'main', '', 'UpdateTools', 'CheckUpdates', '', 1, 'a2986b9f6e9a99c0351c2ba858dafc85'),
(8, '2022-11-19 08:41:03', 100, 'main', 'OnModuleUpdate', 'main', '', 'UpdateTools', 'SetUpdateResult', '', 1, 'f9b70c6a75b6341063b23bde5d32e582'),
(9, '2022-11-19 08:41:03', 100, 'main', 'OnUpdateCheck', 'main', '', 'UpdateTools', 'SetUpdateError', '', 1, 'a0aecef95a192ec3dd134f71f0f4f175'),
(10, '2022-11-19 08:41:03', 100, 'main', 'OnPanelCreate', 'main', '', 'CUndo', 'CheckNotifyMessage', '', 1, '6476f96ffba6ab2b4a7dbe644f42edf6'),
(11, '2022-11-19 08:41:03', 100, 'main', 'OnAfterAddRating', 'main', '', 'CRatingsComponentsMain', 'OnAfterAddRating', '', 1, '6122bee2ad083f8f72e35655cee48859'),
(12, '2022-11-19 08:41:03', 100, 'main', 'OnAfterUpdateRating', 'main', '', 'CRatingsComponentsMain', 'OnAfterUpdateRating', '', 1, 'f8f806e33dc35737bdbe6b9bc42626a4'),
(13, '2022-11-19 08:41:03', 100, 'main', 'OnSetRatingsConfigs', 'main', '', 'CRatingsComponentsMain', 'OnSetRatingConfigs', '', 1, '9244ca7fd6964757ca191c9407cb1218'),
(14, '2022-11-19 08:41:03', 100, 'main', 'OnGetRatingsConfigs', 'main', '', 'CRatingsComponentsMain', 'OnGetRatingConfigs', '', 1, 'd8ae8e1f8889b1fbb6af276fb14c8411'),
(15, '2022-11-19 08:41:03', 100, 'main', 'OnGetRatingsObjects', 'main', '', 'CRatingsComponentsMain', 'OnGetRatingObject', '', 1, '129315715250c195ee115002b445a156'),
(16, '2022-11-19 08:41:03', 100, 'main', 'OnGetRatingContentOwner', 'main', '', 'CRatingsComponentsMain', 'OnGetRatingContentOwner', '', 1, 'bf1f5deaa1532fe9a28acd6d19d23a80'),
(17, '2022-11-19 08:41:03', 100, 'main', 'OnAfterAddRatingRule', 'main', '', 'CRatingRulesMain', 'OnAfterAddRatingRule', '', 1, '298e763431f7f7d6c3af9798663f410d'),
(18, '2022-11-19 08:41:03', 100, 'main', 'OnAfterUpdateRatingRule', 'main', '', 'CRatingRulesMain', 'OnAfterUpdateRatingRule', '', 1, '4ecdc4a15e24c49f0fa8f44064bf1511'),
(19, '2022-11-19 08:41:03', 100, 'main', 'OnGetRatingRuleObjects', 'main', '', 'CRatingRulesMain', 'OnGetRatingRuleObjects', '', 1, '6ac10928b76183004ba0e88ace0a1b5b'),
(20, '2022-11-19 08:41:03', 100, 'main', 'OnGetRatingRuleConfigs', 'main', '', 'CRatingRulesMain', 'OnGetRatingRuleConfigs', '', 1, '06769c4f6bbba4fad79c1619a874ee97'),
(21, '2022-11-19 08:41:03', 100, 'main', 'OnAfterUserAdd', 'main', '', 'CRatings', 'OnAfterUserRegister', '', 1, 'ecb9ae0476db69da6c95b06bcb3aebbb'),
(22, '2022-11-19 08:41:03', 100, 'main', 'OnUserDelete', 'main', '', 'CRatings', 'OnUserDelete', '', 1, '9fe6984fd29b7ab9508ac02c23690094'),
(23, '2022-11-19 08:41:03', 100, 'main', 'OnAfterGroupAdd', 'main', '', 'CGroupAuthProvider', 'OnAfterGroupAdd', '', 1, '02f2fe70b9068a6b307192321fe74430'),
(24, '2022-11-19 08:41:03', 100, 'main', 'OnBeforeGroupUpdate', 'main', '', 'CGroupAuthProvider', 'OnBeforeGroupUpdate', '', 1, 'ef0f2e4d0ae7bbf59d0798e8078143f9'),
(25, '2022-11-19 08:41:03', 100, 'main', 'OnBeforeGroupDelete', 'main', '', 'CGroupAuthProvider', 'OnBeforeGroupDelete', '', 1, 'd3ec9527c0e77709402a05ae4249afca'),
(26, '2022-11-19 08:41:03', 100, 'main', 'OnAfterSetUserGroup', 'main', '', 'CGroupAuthProvider', 'OnAfterSetUserGroup', '', 1, '0de6c5b48e9382f6e857d79f76d95f25'),
(27, '2022-11-19 08:41:03', 100, 'main', 'OnEventLogGetAuditTypes', 'main', '', 'CEventMain', 'GetAuditTypes', '', 1, 'ac0b8b7a5e703131a3bd41b4399bc032'),
(28, '2022-11-19 08:41:03', 100, 'main', 'OnEventLogGetAuditHandlers', 'main', '', 'CEventMain', 'MakeMainObject', '', 1, '1ddb38ccf35a8a9da5d3b2bc80591ad6'),
(29, '2022-11-19 08:41:03', 100, 'perfmon', 'OnGetTableSchema', 'main', '', 'CTableSchema', 'OnGetTableSchema', '', 1, 'c1f65f88d449e8b8a3b7af9d54ef3f50'),
(30, '2022-11-19 08:41:03', 100, 'sender', 'OnConnectorList', 'main', '', '\\Bitrix\\Main\\SenderEventHandler', 'onConnectorListUser', '', 1, '8af99568465a1ccdb6a84e868cf5aad8'),
(31, '2022-11-19 08:41:03', 110, 'main', 'OnUserTypeBuildList', 'main', '', 'CUserTypeString', 'GetUserTypeDescription', '', 1, '09f8200652932044934bd3c522e920c5'),
(32, '2022-11-19 08:41:03', 120, 'main', 'OnUserTypeBuildList', 'main', '', 'CUserTypeInteger', 'GetUserTypeDescription', '', 1, '71ef247b3eb3b07e4bd6940791b89497'),
(33, '2022-11-19 08:41:03', 130, 'main', 'OnUserTypeBuildList', 'main', '', 'CUserTypeDouble', 'GetUserTypeDescription', '', 1, '4fe2008255fe567423cc0c2f080ca741'),
(34, '2022-11-19 08:41:03', 140, 'main', 'OnUserTypeBuildList', 'main', '', 'CUserTypeDateTime', 'GetUserTypeDescription', '', 1, '686c0679e60bee52dbcc27f5502277b6'),
(35, '2022-11-19 08:41:03', 145, 'main', 'OnUserTypeBuildList', 'main', '', 'CUserTypeDate', 'GetUserTypeDescription', '', 1, '7e19b5fc5fc48b1cd317a6ac44d84236'),
(36, '2022-11-19 08:41:03', 150, 'main', 'OnUserTypeBuildList', 'main', '', 'CUserTypeBoolean', 'GetUserTypeDescription', '', 1, '4d5e1dd2369089f2db9480549241205f'),
(37, '2022-11-19 08:41:03', 155, 'main', 'OnUserTypeBuildList', 'main', '', 'CUserTypeUrl', 'GetUserTypeDescription', '', 1, '79fcd650625b296abf13216cd5af2428'),
(38, '2022-11-19 08:41:03', 160, 'main', 'OnUserTypeBuildList', 'main', '', 'CUserTypeFile', 'GetUserTypeDescription', '', 1, '67b9a4fbc45240a7887b73e3a246eba0'),
(39, '2022-11-19 08:41:03', 170, 'main', 'OnUserTypeBuildList', 'main', '', 'CUserTypeEnum', 'GetUserTypeDescription', '', 1, 'fbebdb289fe38c1fbfeda4d3d8ee43ef'),
(40, '2022-11-19 08:41:03', 180, 'main', 'OnUserTypeBuildList', 'main', '', 'CUserTypeIBlockSection', 'GetUserTypeDescription', '', 1, '2065f8305645790970bac0b99f127f47'),
(41, '2022-11-19 08:41:03', 190, 'main', 'OnUserTypeBuildList', 'main', '', 'CUserTypeIBlockElement', 'GetUserTypeDescription', '', 1, '65bda5818e3545f1683a3ff5271cc891'),
(42, '2022-11-19 08:41:03', 200, 'main', 'OnUserTypeBuildList', 'main', '', 'CUserTypeStringFormatted', 'GetUserTypeDescription', '', 1, '47e3cf1c280e01dbaed43f9989a6747b'),
(43, '2022-11-19 08:41:03', 210, 'main', 'OnUserTypeBuildList', 'main', '', '\\Bitrix\\Main\\UrlPreview\\UrlPreviewUserType', 'getUserTypeDescription', '', 1, '719d15ee5f60f6348d2bd6a8911aeed1'),
(44, '2022-11-19 08:41:03', 100, 'main', 'OnBeforeEndBufferContent', 'main', '', '\\Bitrix\\Main\\Analytics\\Counter', 'onBeforeEndBufferContent', '', 1, 'ff5eb984fe6ce3e8d769bf3ba646b902'),
(45, '2022-11-19 08:41:03', 100, 'main', 'OnBeforeRestartBuffer', 'main', '', '\\Bitrix\\Main\\Analytics\\Counter', 'onBeforeRestartBuffer', '', 1, '0782f5a6df6dd52d834caea88c3ba3a7'),
(46, '2022-11-19 08:41:03', 100, 'main', 'OnFileDelete', 'main', '', '\\Bitrix\\Main\\UI\\Viewer\\FilePreviewTable', 'onFileDelete', '', 1, '54c80cd94412db221338aeb59902f059'),
(47, '2022-11-19 08:41:03', 100, 'socialnetwork', 'OnSocNetLogDelete', 'main', '', 'CUserCounter', 'OnSocNetLogDelete', '', 1, '33e603755a0bc07abd51a1f8ed52966e'),
(48, '2022-11-19 08:41:03', 100, 'socialnetwork', 'OnSocNetLogCommentDelete', 'main', '', 'CUserCounter', 'OnSocNetLogCommentDelete', '', 1, '51ee2214895be904a880046f43e84138'),
(49, '2022-11-19 08:41:03', 100, 'main', 'OnAdminInformerInsertItems', 'main', '', 'CMpNotifications', 'OnAdminInformerInsertItemsHandlerMP', '', 1, 'c89c0e94ac1110c334a24c70e1773daa'),
(50, '2022-11-19 08:41:03', 100, 'rest', 'OnRestServiceBuildDescription', 'main', '', '\\Bitrix\\Main\\Rest\\Handlers', 'onRestServiceBuildDescription', '', 1, 'c0b0c358a21b648d4f9c5d29d17a5ab2'),
(51, '2022-11-19 08:41:03', 100, 'main', 'OnBeforeUserTypeAdd', 'main', '', '\\Bitrix\\Main\\UserField\\Internal\\UserFieldHelper', 'OnBeforeUserTypeAdd', '', 1, 'e204684efc0764af9431ca94b950619a'),
(52, '2022-11-19 08:41:03', 100, 'main', 'OnAfterUserTypeAdd', 'main', '', '\\Bitrix\\Main\\UserField\\Internal\\UserFieldHelper', 'onAfterUserTypeAdd', '', 1, '50932fb244caf7af686fac906caf3e73'),
(53, '2022-11-19 08:41:03', 100, 'main', 'OnBeforeUserTypeDelete', 'main', '', '\\Bitrix\\Main\\UserField\\Internal\\UserFieldHelper', 'OnBeforeUserTypeDelete', '', 1, 'd22a86deba0ff4bd031d022e331033b4'),
(54, '2022-11-19 08:41:03', 100, 'main', 'OnAuthProvidersBuildList', 'main', '', '\\Bitrix\\Main\\Access\\Auth\\AccessAuthProvider', 'getProviders', '', 1, '3a2839dac113bf47bce01812903e768a'),
(55, '2022-11-19 08:41:03', 100, 'iblock', 'OnBeforeIBlockSectionUpdate', 'main', '', '\\Bitrix\\Main\\Access\\Auth\\AccessEventHandler', 'onBeforeIBlockSectionUpdate', '', 1, 'dde505dba68c59bd4661b7680c329485'),
(56, '2022-11-19 08:41:03', 100, 'iblock', 'OnBeforeIBlockSectionAdd', 'main', '', '\\Bitrix\\Main\\Access\\Auth\\AccessEventHandler', 'onBeforeIBlockSectionAdd', '', 1, 'd3a665b1890dabbba32ff01e3e46ec57'),
(57, '2022-11-19 08:41:03', 100, 'iblock', 'OnBeforeIBlockSectionDelete', 'main', '', '\\Bitrix\\Main\\Access\\Auth\\AccessEventHandler', 'onBeforeIBlockSectionDelete', '', 1, '157add4b02621a60fabf1369c3e7ea9b'),
(58, '2022-11-19 08:41:03', 100, 'sale', 'OnSaleBasketItemSaved', 'main', '', '\\Bitrix\\Main\\Analytics\\Catalog', 'catchCatalogBasket', '', 2, 'fa4fc3924ff2585e92f8bdabaf287864'),
(59, '2022-11-19 08:41:03', 100, 'sale', 'OnSaleOrderSaved', 'main', '', '\\Bitrix\\Main\\Analytics\\Catalog', 'catchCatalogOrder', '', 2, '6b358bb17b30da91b105fb1451ed9aaa'),
(60, '2022-11-19 08:41:03', 100, 'sale', 'OnSaleOrderPaid', 'main', '', '\\Bitrix\\Main\\Analytics\\Catalog', 'catchCatalogOrderPayment', '', 2, '8f5ca6e1c5136cb4bbf30474f0ff4183'),
(61, '2022-11-19 08:41:03', 1000, 'sale', 'onBuildDiscountConditionInterfaceControls', 'main', '', '\\Bitrix\\Main\\Discount\\UserConditionControl', 'onBuildDiscountConditionInterfaceControls', '', 1, '9f0d91c081704e52b52f540b3acaf52e'),
(62, '2022-11-19 08:41:03', 100, 'main', 'OnBeforePhpMail', 'main', '', '\\Bitrix\\Main\\Mail\\Sender', 'applyCustomSmtp', '', 2, '10fbf5b8dec05a02d8d7010e594f16ec'),
(63, '2022-11-19 08:41:03', 100, 'main', 'OnBuildFilterFactoryMethods', 'main', '', '\\Bitrix\\Main\\Filter\\FactoryMain', 'onBuildFilterFactoryMethods', '', 2, '19f10c2686a955bd8b8116ea1f1ad829'),
(64, '2022-11-19 08:41:03', 100, 'main', 'onGetUserFieldValues', 'main', '', '\\Bitrix\\Main\\UserField\\Internal\\UserFieldHelper', 'onGetUserFieldValues', '', 2, '7f9a5e25d638a6bff29f0bf4666da1a9'),
(65, '2022-11-19 08:41:03', 100, 'main', 'onUpdateUserFieldValues', 'main', '', '\\Bitrix\\Main\\UserField\\Internal\\UserFieldHelper', 'onUpdateUserFieldValues', '', 2, 'd78761f994d74258421d271810f03ebf'),
(66, '2022-11-19 08:41:03', 100, 'main', 'onDeleteUserFieldValues', 'main', '', '\\Bitrix\\Main\\UserField\\Internal\\UserFieldHelper', 'onDeleteUserFieldValues', '', 2, '074b2e25238a00ffc809ad12b609db2c'),
(67, '2022-11-19 08:41:03', 100, 'main', 'OnAfterUserTypeAdd', 'main', '', '\\Bitrix\\Main\\ORM\\Entity', 'onUserTypeChange', '', 2, '37b1b1538fa6a6c5f41c9ce4afbf2789'),
(68, '2022-11-19 08:41:03', 100, 'main', 'OnAfterUserTypeUpdate', 'main', '', '\\Bitrix\\Main\\ORM\\Entity', 'onUserTypeChange', '', 2, '6a53bbd6e85686f4aa8a69d3d75f7e37'),
(69, '2022-11-19 08:41:03', 100, 'main', 'OnAfterUserTypeDelete', 'main', '', '\\Bitrix\\Main\\ORM\\Entity', 'onUserTypeChange', '', 2, '010cc1e3107418a1fd9f9a4cde7d93b9'),
(70, '2022-11-19 08:42:09', 100, 'main', 'OnBuildGlobalMenu', 'b24connector', '', '\\Bitrix\\B24Connector\\Helper', 'onBuildGlobalMenu', '', 1, '9c4452a442bacc2d4d70635962485be1'),
(71, '2022-11-19 08:42:09', 100, 'main', 'OnBeforeProlog', 'b24connector', '', '\\Bitrix\\B24Connector\\Helper', 'onBeforeProlog', '', 1, '641053ff6ee8ff57518d7c30724530e5'),
(72, '2022-11-19 08:42:10', 100, 'main', 'OnBeforeProlog', 'bitrix.sitecorporate', '', 'CSiteCorporate', 'ShowPanel', '', 1, 'bc7c322534797a9ed3493c40e1b8fdac'),
(73, '2022-11-19 08:42:11', 100, 'main', 'OnBeforeProlog', 'bitrix.siteinfoportal', '', 'CSiteInfoportal', 'ShowPanel', '', 1, '7ffb3da30f1bec7fe0c7456a8ec3b8d7'),
(74, '2022-11-19 08:42:12', 100, 'main', 'OnBeforeProlog', 'bitrix.sitepersonal', '', 'CSitePersonal', 'ShowPanel', '', 1, '5a8bf3ea4b17f8d011b8f398c05ac89b'),
(75, '2022-11-19 08:42:12', 100, 'main', 'OnAdminInformerInsertItems', 'bitrixcloud', '', 'CBitrixCloudBackup', 'OnAdminInformerInsertItems', '', 1, '5499039afdd0fdb38d4b245c8b886dcb'),
(76, '2022-11-19 08:42:12', 100, 'mobileapp', 'OnBeforeAdminMobileMenuBuild', 'bitrixcloud', '', 'CBitrixCloudMobile', 'OnBeforeAdminMobileMenuBuild', '', 1, '5828a8cdb2cc45e2724ef1c76139df88'),
(77, '2022-11-19 08:42:14', 100, 'search', 'OnReindex', 'blog', '', 'CBlogSearch', 'OnSearchReindex', '', 1, '6c23ebfcdfc99d14541ad083b0ee7430'),
(78, '2022-11-19 08:42:14', 100, 'main', 'OnUserDelete', 'blog', '', '\\Bitrix\\Blog\\BlogUser', 'onUserDelete', '', 1, '470dc0caadb6eee3cf6bd32a89d2aa38'),
(79, '2022-11-19 08:42:14', 100, 'main', 'OnSiteDelete', 'blog', '', 'CBlogSitePath', 'DeleteBySiteID', '', 1, '33b1b3449b56990b745b251f3976521d'),
(80, '2022-11-19 08:42:14', 100, 'socialnetwork', 'OnSocNetGroupDelete', 'blog', '', 'CBlogSoNetPost', 'OnGroupDelete', '', 1, '4fa06723b7108652d8f6846f17c4bfda'),
(81, '2022-11-19 08:42:14', 100, 'socialnetwork', 'OnSocNetFeaturesAdd', 'blog', '', 'CBlogSearch', 'SetSoNetFeatureIndexSearch', '', 1, '5e642b195637a47eda278a2f769d72ae'),
(82, '2022-11-19 08:42:14', 100, 'socialnetwork', 'OnSocNetFeaturesUpdate', 'blog', '', 'CBlogSearch', 'SetSoNetFeatureIndexSearch', '', 1, '94116bd773c35830e32cabd264e1deac'),
(83, '2022-11-19 08:42:14', 100, 'socialnetwork', 'OnBeforeSocNetFeaturesPermsAdd', 'blog', '', 'CBlogSearch', 'OnBeforeSocNetFeaturesPermsAdd', '', 1, 'ef99702762ccf8958b3bd05a0bc2bd21'),
(84, '2022-11-19 08:42:14', 100, 'socialnetwork', 'OnSocNetFeaturesPermsAdd', 'blog', '', 'CBlogSearch', 'SetSoNetFeaturePermIndexSearch', '', 1, '7e78a43487928787ac0665eb1eade0d5'),
(85, '2022-11-19 08:42:14', 100, 'socialnetwork', 'OnBeforeSocNetFeaturesPermsUpdate', 'blog', '', 'CBlogSearch', 'OnBeforeSocNetFeaturesPermsUpdate', '', 1, '13116dc44040b680c93a2b7f60ff2845'),
(86, '2022-11-19 08:42:14', 100, 'socialnetwork', 'OnSocNetFeaturesPermsUpdate', 'blog', '', 'CBlogSearch', 'SetSoNetFeaturePermIndexSearch', '', 1, '06ae1cde11216c73393f8720c0f31ea9'),
(87, '2022-11-19 08:42:14', 200, 'main', 'OnAfterAddRating', 'blog', '', 'CRatingsComponentsBlog', 'OnAfterAddRating', '', 1, '6dd70a97fa5c2f15e619721007813bd0'),
(88, '2022-11-19 08:42:14', 200, 'main', 'OnAfterUpdateRating', 'blog', '', 'CRatingsComponentsBlog', 'OnAfterUpdateRating', '', 1, 'a2f4b906bc5e1e984c28ef37728d7007'),
(89, '2022-11-19 08:42:14', 200, 'main', 'OnSetRatingsConfigs', 'blog', '', 'CRatingsComponentsBlog', 'OnSetRatingConfigs', '', 1, '4461c77de3ca9dec12cd66c9554555a0'),
(90, '2022-11-19 08:42:14', 200, 'main', 'OnGetRatingsConfigs', 'blog', '', 'CRatingsComponentsBlog', 'OnGetRatingConfigs', '', 1, '6708964800c60ed28bb3ac095494d0f8'),
(91, '2022-11-19 08:42:14', 200, 'main', 'OnGetRatingsObjects', 'blog', '', 'CRatingsComponentsBlog', 'OnGetRatingObject', '', 1, '29df09132203259924e883921fed0971'),
(92, '2022-11-19 08:42:14', 200, 'main', 'OnGetRatingContentOwner', 'blog', '', 'CRatingsComponentsBlog', 'OnGetRatingContentOwner', '', 1, 'a47b921e59710bdca16e2284d11e8aa0'),
(93, '2022-11-19 08:42:14', 100, 'im', 'OnGetNotifySchema', 'blog', '', 'CBlogNotifySchema', 'OnGetNotifySchema', '', 1, 'cd6910b2ee2dd66f257a68a6406b9f79'),
(94, '2022-11-19 08:42:14', 100, 'im', 'OnAnswerNotify', 'blog', '', 'CBlogNotifySchema', 'CBlogEventsIMCallback', '', 1, '890d3be770eab6025cc54e120d3b51f5'),
(95, '2022-11-19 08:42:14', 100, 'main', 'OnAfterRegisterModule', 'main', '/modules/blog/install/index.php', 'blog', 'installUserFields', '', 1, 'bfd07861166a9d51c1d21d18b291a1dc'),
(96, '2022-11-19 08:42:14', 100, 'conversion', 'OnGetCounterTypes', 'blog', '', '\\Bitrix\\Blog\\Internals\\ConversionHandlers', 'onGetCounterTypes', '', 1, 'e5df84e19828b3b95901e7b2a5d55cb1'),
(97, '2022-11-19 08:42:14', 100, 'conversion', 'OnGetRateTypes', 'blog', '', '\\Bitrix\\Blog\\Internals\\ConversionHandlers', 'onGetRateTypes', '', 1, '75028a7a2551f7c677c09c367ed1a54c'),
(98, '2022-11-19 08:42:14', 100, 'blog', 'OnPostAdd', 'blog', '', '\\Bitrix\\Blog\\Internals\\ConversionHandlers', 'onPostAdd', '', 1, 'a3b637f0c0945089c95d5c08e1166938'),
(99, '2022-11-19 08:42:14', 100, 'mail', 'onReplyReceivedBLOG_POST', 'blog', '', '\\Bitrix\\Blog\\Internals\\MailHandler', 'handleReplyReceivedBlogPost', '', 2, '5e3d8ad3f14c5b994981074e43a02cd7'),
(100, '2022-11-19 08:42:14', 100, 'mail', 'onForwardReceivedBLOG_POST', 'blog', '', '\\Bitrix\\Blog\\Internals\\MailHandler', 'handleForwardReceivedBlogPost', '', 2, '6002badd4ffa13790a43d45c5c29fca3'),
(101, '2022-11-19 08:42:14', 100, 'socialnetwork', 'onLogIndexGetContent', 'blog', '', '\\Bitrix\\Blog\\Integration\\Socialnetwork\\Log', 'onIndexGetContent', '', 2, '3fba13b74a731f896448388c082c24a4'),
(102, '2022-11-19 08:42:14', 100, 'socialnetwork', 'onLogCommentIndexGetContent', 'blog', '', '\\Bitrix\\Blog\\Integration\\Socialnetwork\\LogComment', 'onIndexGetContent', '', 2, '57ce8e76c004b1447554d8ec64c48783'),
(103, '2022-11-19 08:42:14', 100, 'socialnetwork', 'onContentViewed', 'blog', '', '\\Bitrix\\Blog\\Integration\\Socialnetwork\\ContentViewHandler', 'onContentViewed', '', 2, 'd33a4b2ae579a2c9b5ddcea17bc62806'),
(104, '2022-11-19 08:42:17', 100, 'main', 'OnEventLogGetAuditTypes', 'clouds', '', 'CCloudStorage', 'GetAuditTypes', '', 1, 'da69722ba95497cf263381b46e24df40'),
(105, '2022-11-19 08:42:17', 90, 'main', 'OnBeforeProlog', 'clouds', '', 'CCloudStorage', 'OnBeforeProlog', '', 1, 'f8c39ff182ad873715f10a7091f928a4'),
(106, '2022-11-19 08:42:17', 100, 'main', 'OnAdminListDisplay', 'clouds', '', 'CCloudStorage', 'OnAdminListDisplay', '', 1, '8ddf4f578e7229a63cba4d2124c7643c'),
(107, '2022-11-19 08:42:17', 100, 'main', 'OnBuildGlobalMenu', 'clouds', '', 'CCloudStorage', 'OnBuildGlobalMenu', '', 1, 'd6d308843a6521ad50bfa230a2fcef8f'),
(108, '2022-11-19 08:42:17', 100, 'main', 'OnFileSave', 'clouds', '', 'CCloudStorage', 'OnFileSave', '', 1, '1e4f94a842d6166359ed1789a6f21245'),
(109, '2022-11-19 08:42:17', 100, 'main', 'OnAfterFileSave', 'clouds', '', 'CCloudStorage', 'OnAfterFileSave', '', 1, 'c36bae07a3080f9b5bc5d422ec96933f'),
(110, '2022-11-19 08:42:17', 100, 'main', 'OnGetFileSRC', 'clouds', '', 'CCloudStorage', 'OnGetFileSRC', '', 1, '7ec03b3b7ad3f2f54c1e438a1172e5a8'),
(111, '2022-11-19 08:42:17', 100, 'main', 'OnFileCopy', 'clouds', '', 'CCloudStorage', 'OnFileCopy', '', 1, '6880b56c76f7d3c5d09f887fca6341ca'),
(112, '2022-11-19 08:42:17', 100, 'main', 'OnPhysicalFileDelete', 'clouds', '', 'CCloudStorage', 'OnFileDelete', '', 1, '3151c487c747a57d7817f68e97fd1c94'),
(113, '2022-11-19 08:42:17', 100, 'main', 'OnMakeFileArray', 'clouds', '', 'CCloudStorage', 'OnMakeFileArray', '', 1, '713ea8a7a25764b1af60f7a1ec3032d5'),
(114, '2022-11-19 08:42:17', 100, 'main', 'OnBeforeResizeImage', 'clouds', '', 'CCloudStorage', 'OnBeforeResizeImage', '', 1, '705cd310c52f9c7e8e0c8a0578a22667'),
(115, '2022-11-19 08:42:17', 100, 'main', 'OnAfterResizeImage', 'clouds', '', 'CCloudStorage', 'OnAfterResizeImage', '', 1, 'a403ad2328227153475df0c478a465cc'),
(116, '2022-11-19 08:42:17', 100, 'clouds', 'OnGetStorageService', 'clouds', '', 'CCloudStorageService_AmazonS3', 'GetObjectInstance', '', 1, 'a4eb7ed1f50b5931474c565f448a4069'),
(117, '2022-11-19 08:42:17', 100, 'clouds', 'OnGetStorageService', 'clouds', '', 'CCloudStorageService_GoogleStorage', 'GetObjectInstance', '', 1, '1e559e2225608e8d40eeede5b7526f2a'),
(118, '2022-11-19 08:42:17', 100, 'clouds', 'OnGetStorageService', 'clouds', '', 'CCloudStorageService_OpenStackStorage', 'GetObjectInstance', '', 1, '5ad09feff5dab28ab571ad034ccdf2ea'),
(119, '2022-11-19 08:42:17', 100, 'clouds', 'OnGetStorageService', 'clouds', '', 'CCloudStorageService_RackSpaceCloudFiles', 'GetObjectInstance', '', 1, 'cc976773610cf809bb56871ac7dd9f01'),
(120, '2022-11-19 08:42:17', 100, 'clouds', 'OnGetStorageService', 'clouds', '', 'CCloudStorageService_ClodoRU', 'GetObjectInstance', '', 1, 'faadad31436e94c420ed787e4424714b'),
(121, '2022-11-19 08:42:17', 100, 'clouds', 'OnGetStorageService', 'clouds', '', 'CCloudStorageService_Selectel', 'GetObjectInstance', '', 1, '5e63a8eebed42bd099b4a9ef62e8d52b'),
(122, '2022-11-19 08:42:17', 100, 'clouds', 'OnGetStorageService', 'clouds', '', 'CCloudStorageService_HotBox', 'GetObjectInstance', '', 1, '1913169adcd6d6f3b7fb5f3b70ba1fd8'),
(123, '2022-11-19 08:42:17', 100, 'clouds', 'OnGetStorageService', 'clouds', '', 'CCloudStorageService_Yandex', 'GetObjectInstance', '', 1, '12bd1d4f0d145d5b1681955612fe61c8'),
(124, '2022-11-19 08:42:17', 100, 'clouds', 'OnGetStorageService', 'clouds', '', 'CCloudStorageService_S3', 'GetObjectInstance', '', 1, '4af3f0ba1f50ed9be6efcdb55dfbee4e'),
(125, '2022-11-19 08:42:17', 100, 'perfmon', 'OnGetTableSchema', 'clouds', '', 'clouds', 'OnGetTableSchema', '', 1, 'd31a1f80f07441976eb1711db4902a71'),
(126, '2022-11-19 08:42:18', 100, 'main', 'OnGroupDelete', 'fileman', '', 'CFileman', 'OnGroupDelete', '', 1, 'd10f791d422ba0e7551ab267db50404c'),
(127, '2022-11-19 08:42:18', 100, 'main', 'OnPanelCreate', 'fileman', '', 'CFileman', 'OnPanelCreate', '', 1, 'b00a6174fb1763684c299ccf5e054c65'),
(128, '2022-11-19 08:42:18', 100, 'main', 'OnModuleUpdate', 'fileman', '', 'CFileman', 'OnModuleUpdate', '', 1, '58ae853e2b7c230b5cdb51129efd8a05'),
(129, '2022-11-19 08:42:18', 100, 'main', 'OnModuleInstalled', 'fileman', '', 'CFileman', 'ClearComponentsListCache', '', 1, '7bdbd354eab11f376fa257a998587277'),
(130, '2022-11-19 08:42:18', 100, 'iblock', 'OnIBlockPropertyBuildList', 'fileman', '', 'CIBlockPropertyMapGoogle', 'GetUserTypeDescription', '', 1, 'd9d06fd05f80b33379359ebd8e36e655'),
(131, '2022-11-19 08:42:18', 100, 'iblock', 'OnIBlockPropertyBuildList', 'fileman', '', 'CIBlockPropertyMapYandex', 'GetUserTypeDescription', '', 1, '20ca1d02998884b5abec68b32fdb561d'),
(132, '2022-11-19 08:42:18', 100, 'iblock', 'OnIBlockPropertyBuildList', 'fileman', '', 'CIBlockPropertyVideo', 'GetUserTypeDescription', '', 1, '991c32062e05844708a5cf7aba37bf9a'),
(133, '2022-11-19 08:42:18', 100, 'main', 'OnUserTypeBuildList', 'fileman', '', 'CUserTypeVideo', 'GetUserTypeDescription', '', 1, '41bc5efb49ebf8d165acd4e4d556f60c'),
(134, '2022-11-19 08:42:18', 100, 'main', 'OnEventLogGetAuditTypes', 'fileman', '', 'CEventFileman', 'GetAuditTypes', '', 1, 'e0a610651ffec1fbddb2f261223fb2e9'),
(135, '2022-11-19 08:42:18', 100, 'main', 'OnEventLogGetAuditHandlers', 'fileman', '', 'CEventFileman', 'MakeFilemanObject', '', 1, 'fbfef1ef99530f6eae191da293f9566c'),
(136, '2022-11-19 08:42:18', 154, 'main', 'OnUserTypeBuildList', 'fileman', '', '\\Bitrix\\Fileman\\UserField\\Address', 'getUserTypeDescription', '', 1, 'f0583a376e38d3d2675513b1a367ed3c'),
(137, '2022-11-19 08:42:30', 100, 'sender', 'OnConnectorList', 'form', '', '\\Bitrix\\Form\\SenderEventHandler', 'onConnectorListForm', '', 1, '182217f1803d20e2899086e379ada21c'),
(138, '2022-11-19 08:42:31', 100, 'main', 'OnAfterUserUpdate', 'forum', '', 'CForumUser', 'OnAfterUserUpdate', '', 1, '18ca0a9757a229b6290603235dfff0d1'),
(139, '2022-11-19 08:42:31', 100, 'main', 'OnGroupDelete', 'forum', '', 'CForumNew', 'OnGroupDelete', '', 1, '63f10ce39f269a9f1add6a0600aa05b9'),
(140, '2022-11-19 08:42:31', 100, 'main', 'OnBeforeLangDelete', 'forum', '', 'CForumNew', 'OnBeforeLangDelete', '', 1, '201c2a343960654a90382521e253328f'),
(141, '2022-11-19 08:42:31', 100, 'main', 'OnFileDelete', 'forum', '', 'CForumFiles', 'OnFileDelete', '', 1, 'a00aa95408b2665018cb63e21cef4684'),
(142, '2022-11-19 08:42:31', 100, 'search', 'OnReindex', 'forum', '', 'CForumNew', 'OnReindex', '', 1, '3fe2c3077963069fee2360611d840816'),
(143, '2022-11-19 08:42:31', 100, 'main', 'OnUserDelete', 'forum', '', 'CForumUser', 'OnUserDelete', '', 1, 'eb0cb7958d708be629eba740bcabd8c4'),
(144, '2022-11-19 08:42:31', 100, 'iblock', 'OnIBlockPropertyBuildList', 'main', '/modules/forum/tools/prop_topicid.php', 'CIBlockPropertyTopicID', 'GetUserTypeDescription', '', 1, 'd5b04b52654500981293dbcf10ca1ef9'),
(145, '2022-11-19 08:42:31', 100, 'iblock', 'OnBeforeIBlockElementDelete', 'forum', '', 'CForumTopic', 'OnBeforeIBlockElementDelete', '', 1, '929cf569dd703b922e4a96a0a023f120'),
(146, '2022-11-19 08:42:31', 100, 'main', 'OnEventLogGetAuditTypes', 'forum', '', 'CForumEventLog', 'GetAuditTypes', '', 1, '30a759001702af8052ea65e700c519c7'),
(147, '2022-11-19 08:42:31', 100, 'main', 'OnEventLogGetAuditHandlers', 'forum', '', 'CEventForum', 'MakeForumObject', '', 1, '78ecc0524ac5d4fb0545c8a3fa28b3bd'),
(148, '2022-11-19 08:42:31', 100, 'socialnetwork', 'OnSocNetGroupDelete', 'forum', '', 'CForumUser', 'OnSocNetGroupDelete', '', 1, '94cfb4cf5460746b7b31a5b93a3805f6'),
(149, '2022-11-19 08:42:31', 100, 'socialnetwork', 'OnSocNetLogFormatEvent', 'forum', '', 'CForumMessage', 'OnSocNetLogFormatEvent', '', 1, '28c7a91a467c1190a064f597487abd5c'),
(150, '2022-11-19 08:42:31', 100, 'mail', 'OnGetFilterList', 'forum', '', 'CForumEMail', 'OnGetSocNetFilterList', '', 1, 'e42fc61795fed0c5f397259bb6f1f6b9'),
(151, '2022-11-19 08:42:31', 100, 'main', 'OnAfterAddRating', 'forum', '', 'CRatingsComponentsForum', 'OnAfterAddRating', '', 1, 'db966e6ee1f8b98f83e57411f4757858'),
(152, '2022-11-19 08:42:31', 100, 'main', 'OnAfterUpdateRating', 'forum', '', 'CRatingsComponentsForum', 'OnAfterUpdateRating', '', 1, 'f5f6a93c1fe6d7dc61fbb5bf25f9965f'),
(153, '2022-11-19 08:42:31', 100, 'main', 'OnSetRatingsConfigs', 'forum', '', 'CRatingsComponentsForum', 'OnSetRatingConfigs', '', 1, '84556c2f1f7f23189f90603f45ad3942'),
(154, '2022-11-19 08:42:31', 100, 'main', 'OnGetRatingsConfigs', 'forum', '', 'CRatingsComponentsForum', 'OnGetRatingConfigs', '', 1, '7ead6be47d7bb2e297a2af57f85dc7ee'),
(155, '2022-11-19 08:42:31', 100, 'main', 'OnGetRatingsObjects', 'forum', '', 'CRatingsComponentsForum', 'OnGetRatingObject', '', 1, '99f4b68c8e6c1598377e0016b31234bb'),
(156, '2022-11-19 08:42:31', 100, 'main', 'OnGetRatingContentOwner', 'forum', '', 'CRatingsComponentsForum', 'OnGetRatingContentOwner', '', 1, '5ef51ecf36931b3a32f4fea00dc49c8c'),
(157, '2022-11-19 08:42:31', 100, 'im', 'OnGetNotifySchema', 'forum', '', 'CForumNotifySchema', 'OnGetNotifySchema', '', 1, 'ad425ff862192078c050ea34d60f8d63'),
(158, '2022-11-19 08:42:31', 100, 'main', 'OnAfterRegisterModule', 'main', '/modules/forum/install/index.php', 'forum', 'InstallUserFields', '', 1, '205fd3e33648d7e1ed6f4b7f0298f603'),
(159, '2022-11-19 08:42:31', 100, 'rest', 'OnRestServiceBuildDescription', 'forum', '', 'CForumRestService', 'OnRestServiceBuildDescription', '', 1, '506b2a93cea64d73c9e7c187fdde2840'),
(160, '2022-11-19 08:42:31', 100, 'conversion', 'OnGetCounterTypes', 'forum', '', '\\Bitrix\\Forum\\Internals\\ConversionHandlers', 'onGetCounterTypes', '', 1, 'fa69bf6ff10a0fb9b2e91098f0c0bab3'),
(161, '2022-11-19 08:42:31', 100, 'conversion', 'OnGetRateTypes', 'forum', '', '\\Bitrix\\Forum\\Internals\\ConversionHandlers', 'onGetRateTypes', '', 1, '9eb2b6d8edde63385655c1001d9e0c31'),
(162, '2022-11-19 08:42:31', 100, 'forum', 'onAfterTopicAdd', 'forum', '', '\\Bitrix\\Forum\\Internals\\ConversionHandlers', 'onTopicAdd', '', 1, 'ea61a319e93c2c3a9bfc9a63840b2155'),
(163, '2022-11-19 08:42:31', 100, 'forum', 'onAfterMessageAdd', 'forum', '', '\\Bitrix\\Forum\\Internals\\ConversionHandlers', 'onMessageAdd', '', 1, '3cc5f27501dad77acdecb1c8a4e978de'),
(164, '2022-11-19 08:42:31', 100, 'socialnetwork', 'onLogIndexGetContent', 'forum', '', '\\Bitrix\\Forum\\Integration\\Socialnetwork\\Log', 'onIndexGetContent', '', 2, '909a8b84bf80774a6a89bfbbd2258ce8'),
(165, '2022-11-19 08:42:31', 100, 'socialnetwork', 'onLogCommentIndexGetContent', 'forum', '', '\\Bitrix\\Forum\\Integration\\Socialnetwork\\LogComment', 'onIndexGetContent', '', 2, 'e6aaa86c7daeae2bc002e513f06ccffa'),
(166, '2022-11-19 08:42:31', 100, 'socialnetwork', 'onContentViewed', 'forum', '', '\\Bitrix\\Forum\\Integration\\Socialnetwork\\ContentViewHandler', 'onContentViewed', '', 2, '5db6b373f6612f36c2ff6783dd4d6154'),
(167, '2022-11-19 08:42:33', 100, 'main', 'OnBeforeUserTypeAdd', 'highloadblock', '', '\\Bitrix\\Highloadblock\\HighloadBlockTable', 'OnBeforeUserTypeAdd', '', 1, 'f9dcff287cf7753e5c56974d37975507'),
(168, '2022-11-19 08:42:33', 100, 'main', 'OnAfterUserTypeAdd', 'highloadblock', '', '\\Bitrix\\Highloadblock\\HighloadBlockTable', 'onAfterUserTypeAdd', '', 1, 'd1fa2865e72eca144b964b6fb1eefc15'),
(169, '2022-11-19 08:42:33', 100, 'main', 'OnBeforeUserTypeDelete', 'highloadblock', '', '\\Bitrix\\Highloadblock\\HighloadBlockTable', 'OnBeforeUserTypeDelete', '', 1, '1bf13707e1a45b8320c2ecd35534cbb4'),
(170, '2022-11-19 08:42:33', 100, 'main', 'OnUserTypeBuildList', 'highloadblock', '', 'CUserTypeHlblock', 'GetUserTypeDescription', '', 1, '2ac4a2154f4fd85d67b50f412ed5ed48'),
(171, '2022-11-19 08:42:33', 100, 'iblock', 'OnIBlockPropertyBuildList', 'highloadblock', '', 'CIBlockPropertyDirectory', 'GetUserTypeDescription', '', 1, 'a6f7df502db8a04590e43188d7cbfc99'),
(172, '2022-11-19 08:42:35', 100, 'main', 'OnGroupDelete', 'iblock', '', 'CIBlock', 'OnGroupDelete', '', 1, 'f2320df213f38adf32364d3169d5b197'),
(173, '2022-11-19 08:42:35', 100, 'main', 'OnBeforeLangDelete', 'iblock', '', 'CIBlock', 'OnBeforeLangDelete', '', 1, '46aef774958db327c1170a12d3a70ee5'),
(174, '2022-11-19 08:42:35', 100, 'main', 'OnLangDelete', 'iblock', '', 'CIBlock', 'OnLangDelete', '', 1, '861f6ee2ca56bf63c3af07db0553606b'),
(175, '2022-11-19 08:42:35', 100, 'main', 'OnUserTypeRightsCheck', 'iblock', '', 'CIBlockSection', 'UserTypeRightsCheck', '', 1, '2a6d446893d46f04f2c151f458d2908c'),
(176, '2022-11-19 08:42:35', 100, 'search', 'OnReindex', 'iblock', '', 'CIBlock', 'OnSearchReindex', '', 1, 'c6c8111f129e0eb19e558106e354e6f6'),
(177, '2022-11-19 08:42:35', 100, 'search', 'OnSearchGetURL', 'iblock', '', 'CIBlock', 'OnSearchGetURL', '', 1, '0ae9fc756bfb1273309240cd8f535672'),
(178, '2022-11-19 08:42:35', 100, 'main', 'OnEventLogGetAuditTypes', 'iblock', '', 'CIBlock', 'GetAuditTypes', '', 1, '182d19c163e3a5a965bca170c3fb0e83'),
(179, '2022-11-19 08:42:35', 100, 'main', 'OnEventLogGetAuditHandlers', 'iblock', '', 'CEventIBlock', 'MakeIBlockObject', '', 1, 'f7a182e8d9b204970d111e4703b9f523'),
(180, '2022-11-19 08:42:35', 200, 'main', 'OnGetRatingContentOwner', 'iblock', '', 'CRatingsComponentsIBlock', 'OnGetRatingContentOwner', '', 1, '6da245944e376d586a3fa2aaee02c70b'),
(181, '2022-11-19 08:42:35', 100, 'main', 'OnTaskOperationsChanged', 'iblock', '', 'CIBlockRightsStorage', 'OnTaskOperationsChanged', '', 1, '01b3f9984fa07b1dfb4bc35d107d5672'),
(182, '2022-11-19 08:42:35', 100, 'main', 'OnGroupDelete', 'iblock', '', 'CIBlockRightsStorage', 'OnGroupDelete', '', 1, '2dbbccdee3f2e7bd86446bec02be1d54'),
(183, '2022-11-19 08:42:35', 100, 'main', 'OnUserDelete', 'iblock', '', 'CIBlockRightsStorage', 'OnUserDelete', '', 1, '78f090ee29030c54788098b0782d28f9'),
(184, '2022-11-19 08:42:35', 100, 'perfmon', 'OnGetTableSchema', 'iblock', '', 'iblock', 'OnGetTableSchema', '', 1, '4b71a345c136beed338aa7137943d80b'),
(185, '2022-11-19 08:42:35', 100, 'sender', 'OnConnectorList', 'iblock', '', '\\Bitrix\\Iblock\\SenderEventHandler', 'onConnectorListIblock', '', 1, '3de75587a47352dd3cb6d10866f69385'),
(186, '2022-11-19 08:42:35', 10, 'iblock', 'OnIBlockPropertyBuildList', 'iblock', '', 'CIBlockPropertyDate', 'GetUserTypeDescription', '', 1, 'fa608e2c397b6793c54ad296619a22e2'),
(187, '2022-11-19 08:42:35', 20, 'iblock', 'OnIBlockPropertyBuildList', 'iblock', '', 'CIBlockPropertyDateTime', 'GetUserTypeDescription', '', 1, '78554c9e3c38ac383d51f0ee4d013120'),
(188, '2022-11-19 08:42:35', 30, 'iblock', 'OnIBlockPropertyBuildList', 'iblock', '', 'CIBlockPropertyXmlID', 'GetUserTypeDescription', '', 1, '952fe5f2ea67493fb9f9b924ce1b992b'),
(189, '2022-11-19 08:42:35', 40, 'iblock', 'OnIBlockPropertyBuildList', 'iblock', '', 'CIBlockPropertyFileMan', 'GetUserTypeDescription', '', 1, 'fd688441d5e8203751fb47374931e011'),
(190, '2022-11-19 08:42:35', 50, 'iblock', 'OnIBlockPropertyBuildList', 'iblock', '', 'CIBlockPropertyHTML', 'GetUserTypeDescription', '', 1, '27645f81ce5d6d9f19a47cc171860beb'),
(191, '2022-11-19 08:42:35', 60, 'iblock', 'OnIBlockPropertyBuildList', 'iblock', '', 'CIBlockPropertyElementList', 'GetUserTypeDescription', '', 1, 'c53e9314ae43c30267b32310a02d7df4'),
(192, '2022-11-19 08:42:35', 70, 'iblock', 'OnIBlockPropertyBuildList', 'iblock', '', 'CIBlockPropertySequence', 'GetUserTypeDescription', '', 1, '3ff9528d1264fc77697248957aafdab5'),
(193, '2022-11-19 08:42:35', 80, 'iblock', 'OnIBlockPropertyBuildList', 'iblock', '', 'CIBlockPropertyElementAutoComplete', 'GetUserTypeDescription', '', 1, '0d233a1e7a0d6a52a52e13df88291024'),
(194, '2022-11-19 08:42:35', 90, 'iblock', 'OnIBlockPropertyBuildList', 'iblock', '', 'CIBlockPropertySKU', 'GetUserTypeDescription', '', 1, '8678bc826ced4f66640fba3775b18516'),
(195, '2022-11-19 08:42:35', 100, 'iblock', 'OnIBlockPropertyBuildList', 'iblock', '', 'CIBlockPropertySectionAutoComplete', 'GetUserTypeDescription', '', 1, '26ff6f651cb94a1fe4ce9827566f0730'),
(196, '2022-11-19 08:42:35', 100, 'main', 'onVirtualClassBuildList', 'iblock', '', 'Bitrix\\Iblock\\IblockTable', 'compileAllEntities', '', 2, '8a4e85071d25e6ba7f9ed315874c411b'),
(197, '2022-11-19 08:42:46', 100, 'crm', 'onAfterCrmCompanyAdd', 'landing', '', '\\Bitrix\\Landing\\Connector\\Crm', 'onAfterCompanyChange', '', 2, '7e8fed841380d8075d45525f328e8940'),
(198, '2022-11-19 08:42:46', 100, 'crm', 'onAfterCrmCompanyUpdate', 'landing', '', '\\Bitrix\\Landing\\Connector\\Crm', 'onAfterCompanyChange', '', 2, '688027a0f389137b02ac0a834f0a8495'),
(199, '2022-11-19 08:42:46', 100, 'iblock', 'onAfterIBlockSectionDelete', 'landing', '', '\\Bitrix\\Landing\\Connector\\Iblock', 'onAfterIBlockSectionDelete', '', 2, 'ffe8a984ae7ff50064ac74e788a80118'),
(200, '2022-11-19 08:42:46', 100, 'intranet', 'onBuildBindingMenu', 'landing', '', '\\Bitrix\\Landing\\Connector\\Intranet', 'onBuildBindingMenu', '', 2, 'd5464da9aea2308d3d5f13c2387c4c40'),
(201, '2022-11-19 08:42:46', 100, 'landing', 'onBuildSourceList', 'landing', '', '\\Bitrix\\Landing\\Connector\\Landing', 'onSourceBuildHandler', '', 2, 'fc391addc82a816df68510b0ae3363a5'),
(202, '2022-11-19 08:42:46', 100, 'main', 'onBeforeSiteDelete', 'landing', '', '\\Bitrix\\Landing\\Site', 'onBeforeMainSiteDelete', '', 2, '5faa9b5de931dbb101e2e0aef6fc594b'),
(203, '2022-11-19 08:42:46', 100, 'main', 'onSiteDelete', 'landing', '', '\\Bitrix\\Landing\\Site', 'onMainSiteDelete', '', 2, 'af029bceca7ea9cc809515e95bd3a710'),
(204, '2022-11-19 08:42:46', 100, 'main', 'onUserConsentProviderList', 'landing', '', '\\Bitrix\\Landing\\Site\\Cookies', 'onUserConsentProviderList', '', 2, 'f59a96e272348f934d62ba5d3ee79f21'),
(205, '2022-11-19 08:42:46', 100, 'mobile', 'onMobileMenuStructureBuilt', 'landing', '', '\\Bitrix\\Landing\\Connector\\Mobile', 'onMobileMenuStructureBuilt', '', 2, '01fd8a44b83b5f7fcd2f36a626657ad0'),
(206, '2022-11-19 08:42:46', 100, 'rest', 'onRestServiceBuildDescription', 'landing', '', '\\Bitrix\\Landing\\Publicaction', 'restBase', '', 2, '9af99ddecf2dd8c3c5b14721f23e8fef'),
(207, '2022-11-19 08:42:46', 100, 'rest', 'onBeforeApplicationUninstall', 'landing', '', '\\Bitrix\\Landing\\Publicaction', 'beforeRestApplicationDelete', '', 2, 'ef1f080a088ad54298a4ba9bf2896313'),
(208, '2022-11-19 08:42:46', 100, 'rest', 'onRestAppDelete', 'landing', '', '\\Bitrix\\Landing\\Publicaction', 'restApplicationDelete', '', 2, '031cfc016e3be91368376a391c351dea'),
(209, '2022-11-19 08:42:46', 100, 'rest', 'onRestApplicationConfigurationGetManifest', 'landing', '', '\\Bitrix\\Landing\\Transfer\\AppConfiguration', 'getManifestList', '', 2, 'b88124aac7c2c8ddecf2ce127a9c6ef8'),
(210, '2022-11-19 08:42:46', 100, 'rest', 'onRestApplicationConfigurationExport', 'landing', '', '\\Bitrix\\Landing\\Transfer\\AppConfiguration', 'onEventExportController', '', 2, '917b00a9f82e6b8f7899a6e8c3b22236'),
(211, '2022-11-19 08:42:46', 100, 'rest', 'onRestApplicationConfigurationGetManifestSetting', 'landing', '', '\\Bitrix\\Landing\\Transfer\\AppConfiguration', 'onInitManifest', '', 2, '99fa9aa37a23a371cca0153c840c7802'),
(212, '2022-11-19 08:42:46', 100, 'rest', 'onRestApplicationConfigurationEntity', 'landing', '', '\\Bitrix\\Landing\\Transfer\\AppConfiguration', 'getEntityList', '', 2, '820df699b9abf22ce0356fc9957be794'),
(213, '2022-11-19 08:42:46', 100, 'rest', 'onRestApplicationConfigurationImport', 'landing', '', '\\Bitrix\\Landing\\Transfer\\AppConfiguration', 'onEventImportController', '', 2, 'e65daaed01b2c52e6098ee47ddb7f07a'),
(214, '2022-11-19 08:42:46', 100, 'rest', 'onRestApplicationConfigurationFinish', 'landing', '', '\\Bitrix\\Landing\\Transfer\\AppConfiguration', 'onFinish', '', 2, '45343e5617dca2ad06a5d13050232caf'),
(215, '2022-11-19 08:42:46', 100, 'seo', 'onExtensionInstall', 'landing', '', '\\Bitrix\\Landing\\Hook\\Page\\PixelFb', 'changeBusinessPixel', '', 2, '27bf01f04349ff82ede423de62df5384'),
(216, '2022-11-19 08:42:46', 100, 'socialnetwork', 'onFillSocNetFeaturesList', 'landing', '', '\\Bitrix\\Landing\\Connector\\SocialNetwork', 'onFillSocNetFeaturesList', '', 2, '9825d91c89b53b69655aa98ea4f3a6cf'),
(217, '2022-11-19 08:42:46', 100, 'socialnetwork', 'onFillSocNetMenu', 'landing', '', '\\Bitrix\\Landing\\Connector\\SocialNetwork', 'onFillSocNetMenu', '', 2, '14ecfb8fb4fc20f22ddb5ac64783461d'),
(218, '2022-11-19 08:42:46', 100, 'socialnetwork', 'onSocNetGroupDelete', 'landing', '', '\\Bitrix\\Landing\\Connector\\SocialNetwork', 'onSocNetGroupDelete', '', 2, '78202f1461a8822a105a19f45502c327'),
(219, '2022-11-19 08:46:36', 100, 'main', 'OnAfterEpilog', 'messageservice', '', '\\Bitrix\\MessageService\\Queue', 'run', '', 1, '6bcb21b0ccc5ac89d9531ddf8b94683c'),
(220, '2022-11-19 08:46:36', 100, 'rest', 'OnRestServiceBuildDescription', 'messageservice', '', '\\Bitrix\\MessageService\\RestService', 'onRestServiceBuildDescription', '', 1, '7524628243223e572590eea87cc03f73'),
(221, '2022-11-19 08:46:36', 100, 'rest', 'OnRestAppDelete', 'messageservice', '', '\\Bitrix\\MessageService\\RestService', 'onRestAppDelete', '', 1, '5febc41cd526ecba95dbb4843dd9c134'),
(222, '2022-11-19 08:46:36', 100, 'rest', 'OnRestAppUpdate', 'messageservice', '', '\\Bitrix\\MessageService\\RestService', 'onRestAppUpdate', '', 1, '7e77b4d550c200a4ec06872af7857ee6'),
(223, '2022-11-19 08:46:37', 100, 'pull', 'OnGetDependentModule', 'mobileapp', '', 'CMobileAppPullSchema', 'OnGetDependentModule', '', 1, '4833278dbe60d476fbccbaa54545cffa'),
(224, '2022-11-19 08:46:38', 100, 'perfmon', 'OnGetTableSchema', 'perfmon', '', 'perfmon', 'OnGetTableSchema', '', 1, '3a4da255b44f05899b64e66a40c12662'),
(225, '2022-11-19 08:46:39', 100, 'iblock', 'OnBeforeIBlockElementDelete', 'photogallery', '', 'CPhotogalleryElement', 'OnBeforeIBlockElementDelete', '', 1, 'dc9ea0b8411dfa54929a022d44bc5b1a'),
(226, '2022-11-19 08:46:39', 100, 'iblock', 'OnAfterIBlockElementAdd', 'photogallery', '', 'CPhotogalleryElement', 'OnAfterIBlockElementAdd', '', 1, '7fc7f3cc71ad3188022388365d446ed2'),
(227, '2022-11-19 08:46:39', 100, 'search', 'BeforeIndex', 'photogallery', '', 'CRatingsComponentsPhotogallery', 'BeforeIndex', '', 1, '06e2330d56c3b972e67707d665383704'),
(228, '2022-11-19 08:46:39', 100, 'im', 'OnGetNotifySchema', 'photogallery', '', 'CPhotogalleryNotifySchema', 'OnGetNotifySchema', '', 1, '7ca75249042a033e858d90dc2473adac'),
(229, '2022-11-19 08:46:39', 100, 'socialnetwork', 'OnSocNetGroupDelete', 'photogallery', '', '\\Bitrix\\Photogallery\\Integration\\Socialnetwork\\Group', 'onSocNetGroupDelete', '', 1, 'bded61c39d768685fa7dd112c63c702b'),
(230, '2022-11-19 08:46:40', 49, 'main', 'OnBeforeProlog', 'rest', '', 'CRestEventHandlers', 'OnBeforeProlog', '', 2, '395c9c42c3cc9392de1e5887617afe6d'),
(231, '2022-11-19 08:46:40', 100, 'rest', 'OnRestServiceBuildDescription', 'rest', '', 'CBitrixRestEntity', 'OnRestServiceBuildDescription', '', 2, 'f63068b1eb62c36219518206e1e2827c'),
(232, '2022-11-19 08:46:40', 100, 'rest', 'OnRestServiceBuildDescription', 'rest', '', '\\Bitrix\\Rest\\Api\\User', 'onRestServiceBuildDescription', '', 2, 'c9a03e9019564649e55f5409b661e050'),
(233, '2022-11-19 08:46:40', 100, 'rest', 'OnRestServiceBuildDescription', 'rest', '', '\\Bitrix\\Rest\\Api\\Placement', 'onRestServiceBuildDescription', '', 2, '9751a266c2b6f6be5c34b1541bf7c194'),
(234, '2022-11-19 08:46:40', 100, 'rest', 'OnRestServiceBuildDescription', 'rest', '', '\\Bitrix\\Rest\\Api\\Event', 'onRestServiceBuildDescription', '', 2, '842ad63f19aff6d810059c7e56739aae'),
(235, '2022-11-19 08:46:40', 100, 'rest', 'OnRestServiceBuildDescription', 'rest', '', '\\Bitrix\\Rest\\Api\\UserFieldType', 'onRestServiceBuildDescription', '', 2, '4caf68a5256aabe4abef37f24562e59b'),
(236, '2022-11-19 08:46:40', 100, 'rest', 'onFindMethodDescription', 'rest', '', '\\Bitrix\\Rest\\Engine\\RestManager', 'onFindMethodDescription', '', 2, '4d0614f880674af333326dd5ba9b2828'),
(237, '2022-11-19 08:46:40', 100, 'main', 'OnApplicationsBuildList', 'main', 'modules/rest/lib/apauth/application.php', '\\Bitrix\\Rest\\APAuth\\Application', 'onApplicationsBuildList', '', 2, '9c39129872987f8dcc8baacc0c446ed7'),
(238, '2022-11-19 08:46:40', 100, 'im', 'OnAfterConfirmNotify', 'rest', '', '\\Bitrix\\Rest\\NotifyIm', 'receive', '', 2, '2ac9c19fe69d4e106deaa6f4a7a4371b'),
(239, '2022-11-19 08:46:40', 100, 'rest', '\\Bitrix\\Rest\\APAuth\\Password::OnDelete', 'rest', '', '\\Bitrix\\Rest\\APAuth\\PermissionTable', 'onPasswordDelete', '', 2, 'f04447ca635f045ec1a64e593964fc90'),
(240, '2022-11-19 08:46:40', 100, 'perfmon', 'OnGetTableSchema', 'rest', '', 'rest', 'OnGetTableSchema', '', 2, '47a76003c8f9f2d8c820f446e084ff39'),
(241, '2022-11-19 08:46:40', 100, 'rest', 'OnRestApplicationConfigurationImport', 'rest', '', '\\Bitrix\\Rest\\Configuration\\AppConfiguration', 'onEventImportController', '', 2, '3fc1dd7e523b33f9d76c19e54d45c2fb'),
(242, '2022-11-19 08:46:40', 100, 'rest', 'OnRestApplicationConfigurationExport', 'rest', '', '\\Bitrix\\Rest\\Configuration\\AppConfiguration', 'onEventExportController', '', 2, 'b90a349060c693506b740c4d36f75f5f'),
(243, '2022-11-19 08:46:40', 100, 'rest', 'OnRestApplicationConfigurationClear', 'rest', '', '\\Bitrix\\Rest\\Configuration\\AppConfiguration', 'onEventClearController', '', 2, '75dccda637a740c033b2d014a84a8009'),
(244, '2022-11-19 08:46:40', 100, 'rest', 'OnRestApplicationConfigurationEntity', 'rest', '', '\\Bitrix\\Rest\\Configuration\\AppConfiguration', 'getEntityList', '', 2, '8d83d219eaf2f415d55fb67e221b7c3d'),
(245, '2022-11-19 08:46:40', 100, 'rest', 'OnRestApplicationConfigurationGetManifest', 'rest', '', '\\Bitrix\\Rest\\Configuration\\AppConfiguration', 'getManifestList', '', 2, '6ba35b1f4b01d1e358e1b3a79ac437d6'),
(246, '2022-11-19 08:46:40', 100, 'rest', 'onRestCheckAuth', 'rest', '', '\\Bitrix\\Rest\\OAuth\\Auth', 'onRestCheckAuth', '', 2, '70e923729089b8cba69bb3b4311da11e'),
(247, '2022-11-19 08:46:40', 100, 'rest', 'onRestCheckAuth', 'rest', '', '\\Bitrix\\Rest\\APAuth\\Auth', 'onRestCheckAuth', '', 2, '3550e6c95772564101770e0c9cb54470'),
(248, '2022-11-19 08:46:40', 100, 'rest', 'onRestCheckAuth', 'rest', '', '\\Bitrix\\Rest\\SessionAuth\\Auth', 'onRestCheckAuth', '', 2, '8e33ae5a47b59d21df7d26f916d19e38'),
(249, '2022-11-19 08:46:40', 100, 'main', 'OnAfterRegisterModule', 'rest', '', '\\Bitrix\\Rest\\Engine\\ScopeManager', 'onChangeRegisterModule', '', 2, '900fb8bbf0d59d1924bedae5da1b6eb1'),
(250, '2022-11-19 08:46:40', 100, 'main', 'OnAfterUnRegisterModule', 'rest', '', '\\Bitrix\\Rest\\Engine\\ScopeManager', 'onChangeRegisterModule', '', 2, 'e97e569fe3fc7775aa4ece09cdf209bc'),
(251, '2022-11-19 08:46:40', 100, 'main', 'OnAfterRegisterModule', 'rest', '', '\\Bitrix\\Rest\\Marketplace\\TagTable', 'onAfterRegisterModule', '', 2, '80afec537db1eeda99462f0676dbb835'),
(252, '2022-11-19 08:46:40', 100, 'main', 'OnAfterUnRegisterModule', 'rest', '', '\\Bitrix\\Rest\\Marketplace\\TagTable', 'onAfterUnRegisterModule', '', 2, 'fe9cb5af7e8ca277ca29b4a5423bd08b'),
(253, '2022-11-19 08:46:41', 100, 'main', 'OnEventLogGetAuditTypes', 'scale', '', '\\Bitrix\\Scale\\Logger', 'onEventLogGetAuditTypes', '', 1, 'd8192b7113f1652bdf8a37bcd4e38dea'),
(254, '2022-11-19 08:46:42', 100, 'main', 'OnChangePermissions', 'search', '', 'CSearch', 'OnChangeFilePermissions', '', 1, '1c37aedc2ec89f94624291d097fe7adf'),
(255, '2022-11-19 08:46:42', 100, 'main', 'OnChangeFile', 'search', '', 'CSearch', 'OnChangeFile', '', 1, 'd51170fc3433fde7eab8edc1c2b933a0'),
(256, '2022-11-19 08:46:42', 100, 'main', 'OnGroupDelete', 'search', '', 'CSearch', 'OnGroupDelete', '', 1, '05382d7448b1ba259b89bf9e87e4eb44'),
(257, '2022-11-19 08:46:42', 100, 'main', 'OnLangDelete', 'search', '', 'CSearch', 'OnLangDelete', '', 1, '15ebda82514af5a966b3466cd26992a4'),
(258, '2022-11-19 08:46:42', 100, 'main', 'OnAfterUserUpdate', 'search', '', 'CSearchUser', 'OnAfterUserUpdate', '', 1, '9e0cea5039973193afc706ec8978d674'),
(259, '2022-11-19 08:46:42', 100, 'main', 'OnUserDelete', 'search', '', 'CSearchUser', 'DeleteByUserID', '', 1, '524a910f381ba144bf50caa152222ed6'),
(260, '2022-11-19 08:46:42', 100, 'cluster', 'OnGetTableList', 'search', '', 'search', 'OnGetTableList', '', 1, 'a40ffd36df151e2c0294b5639e81d665'),
(261, '2022-11-19 08:46:42', 100, 'perfmon', 'OnGetTableSchema', 'search', '', 'search', 'OnGetTableSchema', '', 1, '9c8df2577e0cb80c68afa2030e193efb'),
(262, '2022-11-19 08:46:42', 90, 'main', 'OnEpilog', 'search', '', 'CSearchStatistic', 'OnEpilog', '', 1, '6b3591ad78ac2a3ce6ad411f0aff47fe'),
(263, '2022-11-19 08:46:43', 100, 'main', 'OnUserDelete', 'security', '', 'CSecurityUser', 'OnUserDelete', '', 1, '450a1c7509f5363a9bf7d1472f22f9cf'),
(264, '2022-11-19 08:46:43', 100, 'main', 'OnEventLogGetAuditTypes', 'security', '', 'CSecurityFilter', 'GetAuditTypes', '', 1, '893bc94df887141b4f3579561ea37454'),
(265, '2022-11-19 08:46:43', 100, 'main', 'OnEventLogGetAuditTypes', 'security', '', 'CSecurityAntiVirus', 'GetAuditTypes', '', 1, '9ba919b0537aa25fe47e438c2428b4d9'),
(266, '2022-11-19 08:46:43', 100, 'main', 'OnAdminInformerInsertItems', 'security', '', 'CSecurityFilter', 'OnAdminInformerInsertItems', '', 1, 'c751923f396ccc4e102ed17e97cb8afb'),
(267, '2022-11-19 08:46:43', 100, 'main', 'OnAdminInformerInsertItems', 'security', '', 'CSecuritySiteChecker', 'OnAdminInformerInsertItems', '', 1, '0c7cea553d58a72f7c5521d282898bc7'),
(268, '2022-11-19 08:46:43', 5, 'main', 'OnBeforeProlog', 'security', '', 'CSecurityFilter', 'OnBeforeProlog', '', 1, 'bb70fedd18267b1c5290068ae80dbc4d'),
(269, '2022-11-19 08:46:43', 9999, 'main', 'OnEndBufferContent', 'security', '', 'CSecurityXSSDetect', 'OnEndBufferContent', '', 1, 'd1886589ecd51b020420e6c1415edeaf'),
(270, '2022-11-19 08:46:43', 1, 'main', 'OnBeforeLocalRedirect', 'security', '', 'CSecurityRedirect', 'BeforeLocalRedirect', '', 1, '2dbeb7fa7a8bec4d90e8940616976b3d'),
(271, '2022-11-19 08:46:43', 1, 'main', 'OnEndBufferContent', 'security', '', 'CSecurityRedirect', 'EndBufferContent', '', 1, '099871646b4df8c1263e26f9bd91f3bd'),
(272, '2022-11-19 08:46:44', 100, 'main', 'OnPanelCreate', 'seo', '', 'CSeoEventHandlers', 'SeoOnPanelCreate', '', 2, '79688b0b4a106b805d09e63ffe88f580'),
(273, '2022-11-19 08:46:44', 100, 'fileman', 'OnIncludeHTMLEditorScript', 'seo', '', 'CSeoEventHandlers', 'OnIncludeHTMLEditorScript', '', 2, '7995eac5813e40f6b3e82b146631397e'),
(274, '2022-11-19 08:46:44', 100, 'fileman', 'OnBeforeHTMLEditorScriptRuns', 'seo', '', 'CSeoEventHandlers', 'OnBeforeHTMLEditorScriptRuns', '', 2, '313b34609f1fa34d34cde1c2103c09ff'),
(275, '2022-11-19 08:46:44', 100, 'iblock', 'OnAfterIBlockSectionAdd', 'seo', '', '\\Bitrix\\Seo\\SitemapIblock', 'addSection', '', 2, 'c61de21b0b0873525fa5c39427324664'),
(276, '2022-11-19 08:46:44', 100, 'iblock', 'OnAfterIBlockElementAdd', 'seo', '', '\\Bitrix\\Seo\\SitemapIblock', 'addElement', '', 2, '1b167ab85d6d744bba456e559546f13e'),
(277, '2022-11-19 08:46:44', 100, 'iblock', 'OnBeforeIBlockSectionDelete', 'seo', '', '\\Bitrix\\Seo\\SitemapIblock', 'beforeDeleteSection', '', 2, '148ce014df9dd9f99f17ebfc5d766e8a'),
(278, '2022-11-19 08:46:44', 100, 'iblock', 'OnBeforeIBlockElementDelete', 'seo', '', '\\Bitrix\\Seo\\SitemapIblock', 'beforeDeleteElement', '', 2, '4b1e9896d9f0aa37a7039a321f25f9a5'),
(279, '2022-11-19 08:46:44', 100, 'iblock', 'OnAfterIBlockSectionDelete', 'seo', '', '\\Bitrix\\Seo\\SitemapIblock', 'deleteSection', '', 2, 'b699c1c0d6665f9cffe7ff76ab108a24'),
(280, '2022-11-19 08:46:44', 100, 'iblock', 'OnAfterIBlockElementDelete', 'seo', '', '\\Bitrix\\Seo\\SitemapIblock', 'deleteElement', '', 2, 'ff3a36654015c53890f4cf2204b030c4'),
(281, '2022-11-19 08:46:44', 100, 'iblock', 'OnBeforeIBlockSectionUpdate', 'seo', '', '\\Bitrix\\Seo\\SitemapIblock', 'beforeUpdateSection', '', 2, 'aa5f8c360ed88eb5e2884c57b6f1f2f3'),
(282, '2022-11-19 08:46:44', 100, 'iblock', 'OnBeforeIBlockElementUpdate', 'seo', '', '\\Bitrix\\Seo\\SitemapIblock', 'beforeUpdateElement', '', 2, 'a1022e0619263c0e91139fb3f9837085'),
(283, '2022-11-19 08:46:44', 100, 'iblock', 'OnAfterIBlockSectionUpdate', 'seo', '', '\\Bitrix\\Seo\\SitemapIblock', 'updateSection', '', 2, '27930cffcd40b84666d0a22e1a953c41'),
(284, '2022-11-19 08:46:44', 100, 'iblock', 'OnAfterIBlockElementUpdate', 'seo', '', '\\Bitrix\\Seo\\SitemapIblock', 'updateElement', '', 2, 'f0151e07363564774d45acba4100aebe'),
(285, '2022-11-19 08:46:44', 100, 'forum', 'onAfterTopicAdd', 'seo', '', '\\Bitrix\\Seo\\SitemapForum', 'addTopic', '', 2, 'd4d54756116942c9ee0bda9b31e9d0e7');
INSERT INTO `b_module_to_module` (`ID`, `TIMESTAMP_X`, `SORT`, `FROM_MODULE_ID`, `MESSAGE_ID`, `TO_MODULE_ID`, `TO_PATH`, `TO_CLASS`, `TO_METHOD`, `TO_METHOD_ARG`, `VERSION`, `UNIQUE_ID`) VALUES
(286, '2022-11-19 08:46:44', 100, 'forum', 'onAfterTopicUpdate', 'seo', '', '\\Bitrix\\Seo\\SitemapForum', 'updateTopic', '', 2, '3e0a8569016a4c941f3eb4aa9fca6e8b'),
(287, '2022-11-19 08:46:44', 100, 'forum', 'onAfterTopicDelete', 'seo', '', '\\Bitrix\\Seo\\SitemapForum', 'deleteTopic', '', 2, '7f4379c818231561b41589d3de41e36b'),
(288, '2022-11-19 08:46:44', 100, 'main', 'OnAdminIBlockElementEdit', 'seo', '', '\\Bitrix\\Seo\\AdvTabEngine', 'eventHandler', '', 2, 'c894d167ef03c35375b8eb8f2551a798'),
(289, '2022-11-19 08:46:44', 100, 'main', 'OnBeforeProlog', 'seo', '', '\\Bitrix\\Seo\\AdvSession', 'checkSession', '', 2, '5fdf8dd9fd70719e442efcb589175bf0'),
(290, '2022-11-19 08:46:44', 100, 'sale', 'OnOrderSave', 'seo', '', '\\Bitrix\\Seo\\AdvSession', 'onOrderSave', '', 2, '07d4ab0b1aa0aa130a0cbc06403f6eae'),
(291, '2022-11-19 08:46:44', 100, 'sale', 'OnBasketOrder', 'seo', '', '\\Bitrix\\Seo\\AdvSession', 'onBasketOrder', '', 2, 'cf6298b090e92e955b32c358c1d14b25'),
(292, '2022-11-19 08:46:44', 100, 'sale', 'onSalePayOrder', 'seo', '', '\\Bitrix\\Seo\\AdvSession', 'onSalePayOrder', '', 2, '745afed820778e33d5cd3e91cbd622f1'),
(293, '2022-11-19 08:46:44', 100, 'sale', 'onSaleDeductOrder', 'seo', '', '\\Bitrix\\Seo\\AdvSession', 'onSaleDeductOrder', '', 2, '12861bd5c6c27ffa2abe5cac90ea58d8'),
(294, '2022-11-19 08:46:44', 100, 'sale', 'onSaleDeliveryOrder', 'seo', '', '\\Bitrix\\Seo\\AdvSession', 'onSaleDeliveryOrder', '', 2, 'ead8fb64fece572d1fabd3d6fd27af27'),
(295, '2022-11-19 08:46:44', 100, 'sale', 'onSaleStatusOrder', 'seo', '', '\\Bitrix\\Seo\\AdvSession', 'onSaleStatusOrder', '', 2, 'b7b9ac4bbf458d433e1cf3835ff4cb6c'),
(296, '2022-11-19 08:46:44', 100, 'conversion', 'OnSetDayContextAttributes', 'seo', '', '\\Bitrix\\Seo\\ConversionHandler', 'onSetDayContextAttributes', '', 2, 'c19eb7659342fabc34b953f69e8b9eee'),
(297, '2022-11-19 08:46:44', 100, 'conversion', 'OnGetAttributeTypes', 'seo', '', '\\Bitrix\\Seo\\ConversionHandler', 'onGetAttributeTypes', '', 2, '379294eefad289e474bf0c5ce2a281d8'),
(298, '2022-11-19 08:46:44', 100, 'catalog', 'OnProductUpdate', 'seo', '', '\\Bitrix\\Seo\\Adv\\Auto', 'checkQuantity', '', 2, '0f4deda4d57adb4389d85a19e5bbcf2b'),
(299, '2022-11-19 08:46:44', 100, 'catalog', 'OnProductSetAvailableUpdate', 'seo', '', '\\Bitrix\\Seo\\Adv\\Auto', 'checkQuantity', '', 2, '3d040ae51f0f6a4b2a08be0e6e1494d4'),
(300, '2022-11-19 08:46:44', 100, 'bitrix24', 'onDomainChange', 'seo', '', '\\Bitrix\\Seo\\Service', 'changeRegisteredDomain', '', 2, 'fcb2dadb8b7ff1863c0ad86320e9e521'),
(301, '2022-11-19 08:46:44', 100, 'main', 'OnUserDelete', 'socialservices', '', 'CSocServAuthDB', 'OnUserDelete', '', 1, '1f5b8fc024dfdf83952d6c723466cdf5'),
(302, '2022-11-19 08:46:44', 100, 'main', 'OnAfterUserLogout', 'socialservices', '', 'CSocServEventHandlers', 'OnUserLogout', '', 1, '7e4c40a3ff7cd102879cef10653f97ac'),
(303, '2022-11-19 08:46:44', 100, 'timeman', 'OnAfterTMReportDailyAdd', 'socialservices', '', 'CSocServAuthDB', 'OnAfterTMReportDailyAdd', '', 1, 'a16159f6a90f1b67cb9ec15b0c1bab3a'),
(304, '2022-11-19 08:46:44', 100, 'timeman', 'OnAfterTMDayStart', 'socialservices', '', 'CSocServAuthDB', 'OnAfterTMDayStart', '', 1, '9567feb38890d6581a3204dc5e65e8b6'),
(305, '2022-11-19 08:46:44', 100, 'timeman', 'OnTimeManShow', 'socialservices', '', 'CSocServEventHandlers', 'OnTimeManShow', '', 1, 'b728f3cea11d374f7638c29f84e8e15e'),
(306, '2022-11-19 08:46:44', 100, 'main', 'OnFindExternalUser', 'socialservices', '', 'CSocServAuthDB', 'OnFindExternalUser', '', 1, '1ab251d15efc87c5b5cfe6396f5dec1b'),
(307, '2022-11-19 08:46:44', 100, 'perfmon', 'OnGetTableSchema', 'socialservices', '', 'socialservices', 'OnGetTableSchema', '', 1, '56107bf1a0dcee0db660c0ec27c31c6c'),
(308, '2022-11-19 08:46:44', 100, 'socialservices', 'OnFindSocialservicesUser', 'socialservices', '', 'CSocServAuthManager', 'checkOldUser', '', 1, 'c3d7460e4ef694f5bc53b6a6ad902407'),
(309, '2022-11-19 08:46:44', 100, 'socialservices', 'OnFindSocialservicesUser', 'socialservices', '', 'CSocServAuthManager', 'checkAbandonedUser', '', 1, '331f99f0b265544c33777c299eab16f6'),
(310, '2022-11-19 08:46:45', 100, 'main', 'OnBeforeLangDelete', 'subscribe', '', 'CRubric', 'OnBeforeLangDelete', '', 1, 'ee539731a3e52fe65cb52596ce0856d2'),
(311, '2022-11-19 08:46:45', 100, 'main', 'OnUserDelete', 'subscribe', '', 'CSubscription', 'OnUserDelete', '', 1, '88c6e57a6f0f18341332db1879c0005b'),
(312, '2022-11-19 08:46:45', 100, 'main', 'OnUserLogout', 'subscribe', '', 'CSubscription', 'OnUserLogout', '', 1, 'f4fa3b156b00fb4415c8612f8439f278'),
(313, '2022-11-19 08:46:45', 100, 'main', 'OnGroupDelete', 'subscribe', '', 'CPosting', 'OnGroupDelete', '', 1, '990d63845f75e93e670ed85f1aa15152'),
(314, '2022-11-19 08:46:45', 100, 'sender', 'OnConnectorList', 'subscribe', '', 'Bitrix\\Subscribe\\SenderEventHandler', 'onConnectorListSubscriber', '', 1, '8a1cffe1bd46a72108e48656a1bae99b'),
(315, '2022-11-19 08:46:45', 100, 'perfmon', 'OnGetTableSchema', 'subscribe', '', 'subscribe', 'OnGetTableSchema', '', 1, '320b1fb657ce46ad23992d00b2f54916'),
(316, '2022-11-19 08:46:48', 100, 'main', 'OnPanelCreate', 'translate', '', '\\Bitrix\\Translate\\Ui\\Panel', 'onPanelCreate', '', 1, '88ecb95eac2e28b80f234bfc8c1cd597'),
(317, '2022-11-19 08:46:48', 100, 'perfmon', 'OnGetTableSchema', 'translate', '', 'translate', 'onGetTableSchema', '', 1, '00347f45b2f48480b1a521c32036beb5'),
(320, '2022-11-19 08:47:02', 10, 'main', 'OnBeforeProlog', 'main', '/modules/vote/keepvoting.php', '', '', '', 1, '251d4d100c1545ca5847d8d6d626dea9'),
(321, '2022-11-19 08:47:02', 200, 'main', 'OnUserTypeBuildList', 'vote', '', 'Bitrix\\Vote\\Uf\\VoteUserType', 'getUserTypeDescription', '', 1, 'e30dd2d26df22ce2dcffef84256cf160'),
(322, '2022-11-19 08:47:02', 200, 'main', 'OnUserLogin', 'vote', '', 'Bitrix\\Vote\\User', 'onUserLogin', '', 1, '5047b245af7aede3f2474b40dfbc65be'),
(323, '2022-11-19 08:47:02', 100, 'im', 'OnGetNotifySchema', 'vote', '', 'CVoteNotifySchema', 'OnGetNotifySchema', '', 1, '97ffe9642e64dc7d68f9ec9bc789be47'),
(324, '2022-11-19 08:47:52', 100, 'main', 'OnBeforeProlog', 'main', '/modules/main/install/wizard_sol/panel_button.php', 'CWizardSolPanel', 'ShowPanel', '', 1, 'bbd7b8c1e518a0b3eae815eb91a95c11');

-- --------------------------------------------------------

--
-- Структура таблицы `b_numerator`
--

CREATE TABLE `b_numerator` (
  `ID` int(10) UNSIGNED NOT NULL,
  `NAME` varchar(255) COLLATE utf8_unicode_ci DEFAULT NULL,
  `TEMPLATE` varchar(255) COLLATE utf8_unicode_ci DEFAULT NULL,
  `TYPE` varchar(50) COLLATE utf8_unicode_ci DEFAULT NULL,
  `SETTINGS` text COLLATE utf8_unicode_ci,
  `CREATED_AT` datetime DEFAULT NULL,
  `CREATED_BY` int(11) DEFAULT NULL,
  `UPDATED_AT` datetime DEFAULT NULL,
  `UPDATED_BY` int(11) DEFAULT NULL
) ENGINE=InnoDB DEFAULT CHARSET=utf8 COLLATE=utf8_unicode_ci;

-- --------------------------------------------------------

--
-- Структура таблицы `b_numerator_sequence`
--

CREATE TABLE `b_numerator_sequence` (
  `NUMERATOR_ID` int(11) NOT NULL DEFAULT '0',
  `KEY` varchar(32) COLLATE utf8_unicode_ci NOT NULL DEFAULT '0',
  `TEXT_KEY` varchar(50) COLLATE utf8_unicode_ci DEFAULT NULL,
  `NEXT_NUMBER` int(11) DEFAULT NULL,
  `LAST_INVOCATION_TIME` int(11) DEFAULT NULL
) ENGINE=InnoDB DEFAULT CHARSET=utf8 COLLATE=utf8_unicode_ci;

-- --------------------------------------------------------

--
-- Структура таблицы `b_operation`
--

CREATE TABLE `b_operation` (
  `ID` int(11) NOT NULL,
  `NAME` varchar(50) COLLATE utf8_unicode_ci NOT NULL,
  `MODULE_ID` varchar(50) COLLATE utf8_unicode_ci NOT NULL,
  `DESCRIPTION` varchar(255) COLLATE utf8_unicode_ci DEFAULT NULL,
  `BINDING` varchar(50) COLLATE utf8_unicode_ci DEFAULT 'module'
) ENGINE=InnoDB DEFAULT CHARSET=utf8 COLLATE=utf8_unicode_ci;

--
-- Дамп данных таблицы `b_operation`
--

INSERT INTO `b_operation` (`ID`, `NAME`, `MODULE_ID`, `DESCRIPTION`, `BINDING`) VALUES
(1, 'edit_php', 'main', NULL, 'module'),
(2, 'view_own_profile', 'main', NULL, 'module'),
(3, 'edit_own_profile', 'main', NULL, 'module'),
(4, 'view_all_users', 'main', NULL, 'module'),
(5, 'view_groups', 'main', NULL, 'module'),
(6, 'view_tasks', 'main', NULL, 'module'),
(7, 'view_other_settings', 'main', NULL, 'module'),
(8, 'view_subordinate_users', 'main', NULL, 'module'),
(9, 'edit_subordinate_users', 'main', NULL, 'module'),
(10, 'edit_all_users', 'main', NULL, 'module'),
(11, 'edit_groups', 'main', NULL, 'module'),
(12, 'edit_tasks', 'main', NULL, 'module'),
(13, 'edit_other_settings', 'main', NULL, 'module'),
(14, 'cache_control', 'main', NULL, 'module'),
(15, 'lpa_template_edit', 'main', NULL, 'module'),
(16, 'view_event_log', 'main', NULL, 'module'),
(17, 'edit_ratings', 'main', NULL, 'module'),
(18, 'manage_short_uri', 'main', NULL, 'module'),
(19, 'fm_view_permission', 'main', NULL, 'file'),
(20, 'fm_view_file', 'main', NULL, 'file'),
(21, 'fm_view_listing', 'main', NULL, 'file'),
(22, 'fm_edit_existent_folder', 'main', NULL, 'file'),
(23, 'fm_create_new_file', 'main', NULL, 'file'),
(24, 'fm_edit_existent_file', 'main', NULL, 'file'),
(25, 'fm_create_new_folder', 'main', NULL, 'file'),
(26, 'fm_delete_file', 'main', NULL, 'file'),
(27, 'fm_delete_folder', 'main', NULL, 'file'),
(28, 'fm_edit_in_workflow', 'main', NULL, 'file'),
(29, 'fm_rename_file', 'main', NULL, 'file'),
(30, 'fm_rename_folder', 'main', NULL, 'file'),
(31, 'fm_upload_file', 'main', NULL, 'file'),
(32, 'fm_add_to_menu', 'main', NULL, 'file'),
(33, 'fm_download_file', 'main', NULL, 'file'),
(34, 'fm_lpa', 'main', NULL, 'file'),
(35, 'fm_edit_permission', 'main', NULL, 'file'),
(36, 'bitrixcloud_monitoring', 'bitrixcloud', NULL, 'module'),
(37, 'bitrixcloud_backup', 'bitrixcloud', NULL, 'module'),
(38, 'bitrixcloud_cdn', 'bitrixcloud', NULL, 'module'),
(39, 'clouds_browse', 'clouds', NULL, 'module'),
(40, 'clouds_upload', 'clouds', NULL, 'module'),
(41, 'clouds_config', 'clouds', NULL, 'module'),
(42, 'fileman_view_all_settings', 'fileman', '', 'module'),
(43, 'fileman_edit_menu_types', 'fileman', '', 'module'),
(44, 'fileman_add_element_to_menu', 'fileman', '', 'module'),
(45, 'fileman_edit_menu_elements', 'fileman', '', 'module'),
(46, 'fileman_edit_existent_files', 'fileman', '', 'module'),
(47, 'fileman_edit_existent_folders', 'fileman', '', 'module'),
(48, 'fileman_admin_files', 'fileman', '', 'module'),
(49, 'fileman_admin_folders', 'fileman', '', 'module'),
(50, 'fileman_view_permissions', 'fileman', '', 'module'),
(51, 'fileman_edit_all_settings', 'fileman', '', 'module'),
(52, 'fileman_upload_files', 'fileman', '', 'module'),
(53, 'fileman_view_file_structure', 'fileman', '', 'module'),
(54, 'fileman_install_control', 'fileman', '', 'module'),
(55, 'medialib_view_collection', 'fileman', '', 'medialib'),
(56, 'medialib_new_collection', 'fileman', '', 'medialib'),
(57, 'medialib_edit_collection', 'fileman', '', 'medialib'),
(58, 'medialib_del_collection', 'fileman', '', 'medialib'),
(59, 'medialib_access', 'fileman', '', 'medialib'),
(60, 'medialib_new_item', 'fileman', '', 'medialib'),
(61, 'medialib_edit_item', 'fileman', '', 'medialib'),
(62, 'medialib_del_item', 'fileman', '', 'medialib'),
(63, 'sticker_view', 'fileman', '', 'stickers'),
(64, 'sticker_edit', 'fileman', '', 'stickers'),
(65, 'sticker_new', 'fileman', '', 'stickers'),
(66, 'sticker_del', 'fileman', '', 'stickers'),
(67, 'hl_element_read', 'highloadblock', NULL, 'module'),
(68, 'hl_element_write', 'highloadblock', NULL, 'module'),
(69, 'hl_element_delete', 'highloadblock', NULL, 'module'),
(70, 'section_read', 'iblock', NULL, 'iblock'),
(71, 'element_read', 'iblock', NULL, 'iblock'),
(72, 'section_element_bind', 'iblock', NULL, 'iblock'),
(73, 'iblock_admin_display', 'iblock', NULL, 'iblock'),
(74, 'element_edit', 'iblock', NULL, 'iblock'),
(75, 'element_edit_price', 'iblock', NULL, 'iblock'),
(76, 'element_delete', 'iblock', NULL, 'iblock'),
(77, 'element_bizproc_start', 'iblock', NULL, 'iblock'),
(78, 'section_edit', 'iblock', NULL, 'iblock'),
(79, 'section_delete', 'iblock', NULL, 'iblock'),
(80, 'section_section_bind', 'iblock', NULL, 'iblock'),
(81, 'element_edit_any_wf_status', 'iblock', NULL, 'iblock'),
(82, 'iblock_edit', 'iblock', NULL, 'iblock'),
(83, 'iblock_delete', 'iblock', NULL, 'iblock'),
(84, 'iblock_rights_edit', 'iblock', NULL, 'iblock'),
(85, 'iblock_export', 'iblock', NULL, 'iblock'),
(86, 'section_rights_edit', 'iblock', NULL, 'iblock'),
(87, 'element_rights_edit', 'iblock', NULL, 'iblock'),
(88, 'landing_read', 'landing', NULL, 'module'),
(89, 'landing_edit', 'landing', NULL, 'module'),
(90, 'landing_sett', 'landing', NULL, 'module'),
(91, 'landing_public', 'landing', NULL, 'module'),
(92, 'landing_delete', 'landing', NULL, 'module'),
(93, 'security_filter_bypass', 'security', NULL, 'module'),
(94, 'security_edit_user_otp', 'security', NULL, 'module'),
(95, 'security_module_settings_read', 'security', NULL, 'module'),
(96, 'security_panel_view', 'security', NULL, 'module'),
(97, 'security_filter_settings_read', 'security', NULL, 'module'),
(98, 'security_otp_settings_read', 'security', NULL, 'module'),
(99, 'security_iprule_admin_settings_read', 'security', NULL, 'module'),
(100, 'security_session_settings_read', 'security', NULL, 'module'),
(101, 'security_redirect_settings_read', 'security', NULL, 'module'),
(102, 'security_stat_activity_settings_read', 'security', NULL, 'module'),
(103, 'security_iprule_settings_read', 'security', NULL, 'module'),
(104, 'security_antivirus_settings_read', 'security', NULL, 'module'),
(105, 'security_frame_settings_read', 'security', NULL, 'module'),
(106, 'security_module_settings_write', 'security', NULL, 'module'),
(107, 'security_filter_settings_write', 'security', NULL, 'module'),
(108, 'security_otp_settings_write', 'security', NULL, 'module'),
(109, 'security_iprule_admin_settings_write', 'security', NULL, 'module'),
(110, 'security_session_settings_write', 'security', NULL, 'module'),
(111, 'security_redirect_settings_write', 'security', NULL, 'module'),
(112, 'security_stat_activity_settings_write', 'security', NULL, 'module'),
(113, 'security_iprule_settings_write', 'security', NULL, 'module'),
(114, 'security_file_verifier_sign', 'security', NULL, 'module'),
(115, 'security_file_verifier_collect', 'security', NULL, 'module'),
(116, 'security_file_verifier_verify', 'security', NULL, 'module'),
(117, 'security_antivirus_settings_write', 'security', NULL, 'module'),
(118, 'security_frame_settings_write', 'security', NULL, 'module'),
(119, 'seo_settings', 'seo', '', 'module'),
(120, 'seo_tools', 'seo', '', 'module');

-- --------------------------------------------------------

--
-- Структура таблицы `b_option`
--

CREATE TABLE `b_option` (
  `MODULE_ID` varchar(50) COLLATE utf8_unicode_ci NOT NULL,
  `NAME` varchar(100) COLLATE utf8_unicode_ci NOT NULL,
  `VALUE` mediumtext COLLATE utf8_unicode_ci,
  `DESCRIPTION` varchar(255) COLLATE utf8_unicode_ci DEFAULT NULL,
  `SITE_ID` char(2) COLLATE utf8_unicode_ci DEFAULT NULL
) ENGINE=InnoDB DEFAULT CHARSET=utf8 COLLATE=utf8_unicode_ci;

--
-- Дамп данных таблицы `b_option`
--

INSERT INTO `b_option` (`MODULE_ID`, `NAME`, `VALUE`, `DESCRIPTION`, `SITE_ID`) VALUES
('blog', 'socNetNewPerms', 'Y', NULL, NULL),
('fileman', 'default_edit', 'html', NULL, NULL),
('fileman', 'menutypes', 'a:2:{s:4:\\\"left\\\";s:23:\\\"Меню раздела\\\";s:3:\\\"top\\\";s:23:\\\"Главное меню\\\";}', NULL, NULL),
('fileman', 'propstypes', 'a:4:{s:11:\"description\";s:33:\"Описание страницы\";s:8:\"keywords\";s:27:\"Ключевые слова\";s:5:\"title\";s:44:\"Заголовок окна браузера\";s:14:\"keywords_inner\";s:35:\"Продвигаемые слова\";}', NULL, NULL),
('fileman', 'stickers_use_hotkeys', 'N', NULL, NULL),
('fileman', 'use_editor_3', 'Y', NULL, NULL),
('forum', 'FILTER', 'N', NULL, NULL),
('forum', 'SHOW_VOTES', 'N', NULL, NULL),
('landing', 'pub_path_s1', '/lp/', NULL, NULL),
('main', '~crypto_b_socialservices_user', 'a:2:{s:7:\"OATOKEN\";b:1;s:13:\"REFRESH_TOKEN\";b:1;}', NULL, NULL),
('main', '~crypto_b_user_auth_code', 'a:1:{s:10:\"OTP_SECRET\";b:1;}', NULL, NULL),
('main', '~crypto_b_user_phone_auth', 'a:1:{s:10:\"OTP_SECRET\";b:1;}', NULL, NULL),
('main', '~new_license18_0_sign', 'Y', NULL, NULL),
('main', '~update_autocheck_result', 'a:3:{s:10:\"check_date\";i:0;s:6:\"result\";b:0;s:5:\"error\";s:56:\"[LICENSE_NOT_FOUND] Лицензия не найдена\";}', NULL, NULL),
('main', 'admin_lid', 'ru', NULL, NULL),
('main', 'admin_passwordh', 'FVkQemYUBwUtCUVcBRcOCgsTAQ==', NULL, NULL),
('main', 'all_bcc', '', NULL, NULL),
('main', 'allow_qrcode_auth', 'N', NULL, NULL),
('main', 'allow_socserv_authorization', 'Y', NULL, NULL),
('main', 'ALLOW_SPREAD_COOKIE', 'Y', NULL, NULL),
('main', 'attach_images', 'N', NULL, NULL),
('main', 'auth_comp2', 'Y', NULL, NULL),
('main', 'auth_components_template', '', NULL, NULL),
('main', 'auth_controller_sso', 'N', NULL, NULL),
('main', 'auth_multisite', 'N', NULL, NULL),
('main', 'auto_time_zone', 'N', NULL, NULL),
('main', 'bx_fast_download', 'N', NULL, NULL),
('main', 'CAPTCHA_arBGColor_1', 'FFFFFF', NULL, NULL),
('main', 'CAPTCHA_arBGColor_2', 'FFFFFF', NULL, NULL),
('main', 'CAPTCHA_arBorderColor', '000000', NULL, NULL),
('main', 'CAPTCHA_arTextColor_1', '000000', NULL, NULL),
('main', 'CAPTCHA_arTextColor_2', '000000', NULL, NULL),
('main', 'CAPTCHA_arTTFFiles', 'bitrix_captcha.ttf', NULL, NULL),
('main', 'CAPTCHA_bWaveTransformation', 'N', NULL, NULL),
('main', 'CAPTCHA_numEllipses', '0', NULL, NULL),
('main', 'CAPTCHA_numLines', '0', NULL, NULL),
('main', 'CAPTCHA_presets', '2', NULL, NULL),
('main', 'captcha_registration', 'Y', NULL, NULL),
('main', 'captcha_restoring_password', 'N', NULL, NULL),
('main', 'CAPTCHA_textAngel_1', '-15', NULL, NULL),
('main', 'CAPTCHA_textAngel_2', '15', NULL, NULL),
('main', 'CAPTCHA_textDistance_1', '-2', NULL, NULL),
('main', 'CAPTCHA_textDistance_2', '-2', NULL, NULL),
('main', 'CAPTCHA_textFontSize', '26', NULL, NULL),
('main', 'CAPTCHA_textStartX', '40', NULL, NULL),
('main', 'CAPTCHA_transparentTextPercent', '0', NULL, NULL),
('main', 'component_cache_on', 'Y', NULL, NULL),
('main', 'compres_css_js_files', 'N', NULL, NULL),
('main', 'control_file_duplicates', 'Y', NULL, NULL),
('main', 'convert_mail_header', 'Y', NULL, NULL),
('main', 'convert_original_file_name', 'Y', NULL, NULL),
('main', 'CONVERT_UNIX_NEWLINE_2_WINDOWS', 'N', NULL, NULL),
('main', 'cookie_name', 'BITRIX_SM', NULL, NULL),
('main', 'custom_register_page', '', NULL, NULL),
('main', 'disk_space', '', NULL, NULL),
('main', 'duplicates_max_size', '100', NULL, NULL),
('main', 'email_from', 'test@test.ru', NULL, NULL),
('main', 'error_reporting', '85', NULL, NULL),
('main', 'event_log_block_user', 'N', NULL, NULL),
('main', 'event_log_cleanup_days', '7', NULL, NULL),
('main', 'event_log_file_access', 'N', NULL, NULL),
('main', 'event_log_group_policy', 'N', NULL, NULL),
('main', 'event_log_login_fail', 'Y', NULL, NULL),
('main', 'event_log_login_success', 'Y', NULL, NULL),
('main', 'event_log_logout', 'Y', NULL, NULL),
('main', 'event_log_marketplace', 'N', NULL, NULL),
('main', 'event_log_module_access', 'N', NULL, NULL),
('main', 'event_log_password_change', 'Y', NULL, NULL),
('main', 'event_log_password_request', 'Y', NULL, NULL),
('main', 'event_log_permissions_fail', 'N', NULL, NULL),
('main', 'event_log_register', 'Y', NULL, NULL),
('main', 'event_log_register_fail', 'Y', NULL, NULL),
('main', 'event_log_task', 'N', NULL, NULL),
('main', 'event_log_user_delete', 'Y', NULL, NULL),
('main', 'event_log_user_edit', 'N', NULL, NULL),
('main', 'event_log_user_groups', 'N', NULL, NULL),
('main', 'fill_to_mail', 'N', NULL, NULL),
('main', 'GROUP_DEFAULT_RIGHT', 'D', NULL, NULL),
('main', 'GROUP_DEFAULT_TASK', '1', NULL, NULL),
('main', 'hide_panel_for_users', 'N;', NULL, NULL),
('main', 'image_resize_quality', '95', NULL, NULL),
('main', 'imageeditor_proxy_enabled', 'N', NULL, NULL),
('main', 'imageeditor_proxy_white_list', 'N;', NULL, NULL),
('main', 'inactive_users_block_days', '0', NULL, NULL),
('main', 'LAST_DB_OPTIMIZATION_TIME', '1670487384', NULL, NULL),
('main', 'mail_additional_parameters', '', NULL, NULL),
('main', 'mail_event_bulk', '5', NULL, NULL),
('main', 'mail_event_period', '14', NULL, NULL),
('main', 'mail_gen_text_version', 'Y', NULL, NULL),
('main', 'mail_link_protocol', '', NULL, NULL),
('main', 'map_left_menu_type', 'left', NULL, NULL),
('main', 'map_top_menu_type', 'top', NULL, NULL),
('main', 'max_file_size', '0', NULL, NULL),
('main', 'move_js_to_body', 'N', NULL, NULL),
('main', 'new_user_email_auth', 'Y', NULL, NULL),
('main', 'new_user_email_required', 'Y', NULL, NULL),
('main', 'new_user_email_uniq_check', 'N', NULL, NULL),
('main', 'new_user_phone_auth', 'N', NULL, NULL),
('main', 'new_user_phone_required', 'N', NULL, NULL),
('main', 'new_user_registration', 'Y', NULL, NULL),
('main', 'new_user_registration_cleanup_days', '7', NULL, NULL),
('main', 'new_user_registration_def_group', '5', NULL, NULL),
('main', 'new_user_registration_email_confirmation', 'N', NULL, NULL),
('main', 'optimize_css_files', 'Y', NULL, NULL),
('main', 'optimize_js_files', 'Y', NULL, NULL),
('main', 'PARAM_MAX_SITES', '2', NULL, NULL),
('main', 'PARAM_MAX_USERS', '0', NULL, NULL),
('main', 'phone_number_default_country', '16', NULL, NULL),
('main', 'profile_history_cleanup_days', '0', NULL, NULL),
('main', 'profile_image_height', '', NULL, NULL),
('main', 'profile_image_size', '', NULL, NULL),
('main', 'profile_image_width', '', NULL, NULL),
('main', 'rating_assign_authority_group', '4', NULL, NULL),
('main', 'rating_assign_authority_group_add', '2', NULL, NULL),
('main', 'rating_assign_authority_group_delete', '2', NULL, NULL),
('main', 'rating_assign_rating_group', '3', NULL, NULL),
('main', 'rating_assign_rating_group_add', '1', NULL, NULL),
('main', 'rating_assign_rating_group_delete', '1', NULL, NULL),
('main', 'rating_assign_type', 'auto', NULL, NULL),
('main', 'rating_authority_rating', '4', NULL, NULL),
('main', 'rating_authority_weight_formula', 'Y', NULL, NULL),
('main', 'rating_community_authority', NULL, NULL, NULL),
('main', 'rating_community_last_visit', '90', NULL, NULL),
('main', 'rating_community_size', '0', NULL, NULL),
('main', 'rating_count_vote', '10', NULL, NULL),
('main', 'rating_normalization', '10', NULL, NULL),
('main', 'rating_normalization_type', 'auto', NULL, NULL),
('main', 'rating_self_vote', 'Y', NULL, NULL),
('main', 'rating_start_authority', '3', NULL, NULL),
('main', 'rating_text_like_d', 'Это нравится', NULL, NULL),
('main', 'rating_text_like_n', 'Не нравится', NULL, NULL),
('main', 'rating_text_like_y', 'Нравится', NULL, NULL),
('main', 'rating_vote_show', 'Y', NULL, NULL),
('main', 'rating_vote_template', 'like', NULL, NULL),
('main', 'rating_vote_type', 'standart', NULL, NULL),
('main', 'rating_vote_weight', '1', NULL, NULL),
('main', 'save_original_file_name', 'Y', NULL, NULL),
('main', 'secure_logout', 'Y', NULL, NULL),
('main', 'send_mid', 'N', NULL, NULL),
('main', 'server_name', 'vert.ru', NULL, NULL),
('main', 'server_uniq_id', '7452f9d3492be93e0dcbf56954b3bed3', NULL, NULL),
('main', 'session_auth_only', 'Y', NULL, NULL),
('main', 'session_expand', 'Y', NULL, NULL),
('main', 'session_show_message', 'Y', NULL, NULL),
('main', 'show_panel_for_users', 'a:1:{i:0;s:2:\"G6\";}', NULL, NULL),
('main', 'signer_default_key', '3f612f7d5a25a406f4e33facc81a663270412342809b5fd29a520ace6faccd354fc4d7feeb342fff6f28a9ac4b8d1960964f62ec254b5907d47c4b2374f508e3', NULL, NULL),
('main', 'site_checker_access', 'N', NULL, NULL),
('main', 'site_checker_success', NULL, NULL, NULL),
('main', 'site_name', 'Verter', NULL, NULL),
('main', 'smile_gallery_id', '1', NULL, NULL),
('main', 'sms_default_service', '', NULL, NULL),
('main', 'stable_versions_only', 'Y', NULL, NULL),
('main', 'store_password', 'Y', NULL, NULL),
('main', 'strong_update_check', 'Y', NULL, NULL),
('main', 'track_outgoing_emails_click', 'Y', NULL, NULL),
('main', 'track_outgoing_emails_read', 'Y', NULL, NULL),
('main', 'translate_key_yandex', '', NULL, NULL),
('main', 'translit_original_file_name', 'N', NULL, NULL),
('main', 'update_autocheck', '7', NULL, NULL),
('main', 'update_devsrv', 'N', NULL, NULL),
('main', 'update_is_gzip_installed', 'Y', NULL, NULL),
('main', 'update_load_timeout', '30', NULL, NULL),
('main', 'update_safe_mode', 'N', NULL, NULL),
('main', 'update_site', 'www.1c-bitrix.ru', NULL, NULL),
('main', 'update_site_ns', 'Y', NULL, NULL),
('main', 'update_site_proxy_addr', '', NULL, NULL),
('main', 'update_site_proxy_pass', '', NULL, NULL),
('main', 'update_site_proxy_port', '', NULL, NULL),
('main', 'update_site_proxy_user', '', NULL, NULL),
('main', 'update_stop_autocheck', 'N', NULL, NULL),
('main', 'update_system_check', '01.12.2022 13:17:15', NULL, NULL),
('main', 'upload_dir', 'upload', NULL, NULL),
('main', 'url_preview_enable', 'N', NULL, NULL),
('main', 'url_preview_save_images', 'N', NULL, NULL),
('main', 'use_digest_auth', 'N', NULL, NULL),
('main', 'use_encrypted_auth', 'N', NULL, NULL),
('main', 'use_hot_keys', 'Y', NULL, NULL),
('main', 'use_minified_assets', 'Y', NULL, NULL),
('main', 'use_secure_password_cookies', 'Y', NULL, NULL),
('main', 'use_time_zones', 'N', NULL, NULL),
('main', 'user_profile_history', 'N', NULL, NULL),
('main', 'vendor', '1c_bitrix', NULL, NULL),
('main', 'wizard_company_slogan', '', NULL, NULL),
('main', 'wizard_site_logo', NULL, NULL, NULL),
('messageservice', 'clean_up_period', '14', NULL, NULL),
('perfmon', 'bitrix_optimal', 'Y', NULL, NULL),
('perfmon', 'tables_show_time', '3', NULL, NULL),
('rest', 'app_immune', '[\"infoservice.migrator_amocrm\",\"informunity.excel\",\"integrations24ru.pipedrive\",\"integrations24ru.asana\",\"integrations24ru.sugar\",\"bitrix.eshop\",\"bitrix.1cdoc\",\"bitrix.assistant\",\"bitrix.denominationby\",\"bitrix.propertiesbot\",\"bitrix.giphybot\",\"bitrix.1c\",\"bitrix.restapi\",\"bitrix.partnerlandingexport\",\"bitrix.partnerapplication\",\"bitrix.partnerlanding\",\"bitrix.1ctotal\",\"integrations24.pipedrive\",\"integrations24ru.pipedrive\",\"integrations24.zoho\",\"integrations24.asana\",\"integrations24ru.asana\",\"integrations24.sugar\",\"integrations24ru.sugar\",\"integrations24.jira_migration\",\"integrations24.qbinventory\",\"integrations24.zohoinventory\",\"SEVERCODE.trello_migrator\",\"htmls.ms_migrator\",\"bitrix.khellouin_ru\",\"bitrix.den_zashchitnika_otechestva_2_ru\",\"bitrix.mezhdunarodnyy_zhenskiy_den_2_ua\",\"bitrix.mezhdunarodnyy_zhenskiy_den_3_ua\",\"bitrix.mezhdunarodnyy_zhenskiy_den_ua\",\"bitrix.den_smekha_ua\",\"bitrix.den_svyatogo_valentina_ua\",\"bitrix.den_vsekh_vlyublyennykh_ua\",\"bitrix.katolicheskaya_paskha_ua\",\"bitrix.novyy_god_ua\",\"bitrix.rozhdestvo_ua\",\"bitrix.valentinov_den_ua\",\"bitrix.pravoslavnaya_paskha_ua\",\"bitrix.chernaya_pyatnitsa_ua\",\"bitrix.khellouin_ua\",\"bitrix.den_zashchitnika_otechestva_3_ru\",\"bitrix.den_zashchitnika_otechestva_ru\",\"bitrix.den_zashchitnika_otechestva_by\",\"bitrix.den_zashchitnika_otechestva_2_by\",\"bitrix.den_zashchitnika_otechestva_3_by\",\"bitrix.den_zashchitnika_otechestva_kz\",\"bitrix.den_zashchitnika_otechestva_2_kz\",\"bitrix.den_zashchitnika_otechestva_3_kz\",\"bitrix.pravoslavnaya_paskha_ru\",\"bitrix.pravoslavnaya_paskha_by\",\"bitrix.pravoslavnaya_paskha_kz\",\"bitrix.den_smekha_ru\",\"bitrix.den_smekha_by\",\"bitrix.den_smekha_kz\",\"bitrix.valentinov_den_ru\",\"bitrix.valentinov_den_by\",\"bitrix.valentinov_den_kz\",\"bitrix.rozhdestvo_ru\",\"bitrix.rozhdestvo_by\",\"bitrix.rozhdestvo_kz\",\"bitrix.novyy_god_ru\",\"bitrix.novyy_god_by\",\"bitrix.novyy_god_kz\",\"bitrix.katolicheskaya_paskha_ru\",\"bitrix.katolicheskaya_paskha_by\",\"bitrix.katolicheskaya_paskha_kz\",\"bitrix.den_vsekh_vlyublyennykh_ru\",\"bitrix.den_vsekh_vlyublyennykh_by\",\"bitrix.den_vsekh_vlyublyennykh_kz\",\"bitrix.den_svyatogo_valentina_ru\",\"bitrix.den_svyatogo_valentina_by\",\"bitrix.den_svyatogo_valentina_kz\",\"bitrix.mezhdunarodnyy_zhenskiy_den_ru\",\"bitrix.mezhdunarodnyy_zhenskiy_den_by\",\"bitrix.mezhdunarodnyy_zhenskiy_den_kz\",\"bitrix.mezhdunarodnyy_zhenskiy_den_2_ru\",\"bitrix.mezhdunarodnyy_zhenskiy_den_2_by\",\"bitrix.mezhdunarodnyy_zhenskiy_den_2_kz\",\"bitrix.mezhdunarodnyy_zhenskiy_den_3_ru\",\"bitrix.mezhdunarodnyy_zhenskiy_den_3_by\",\"bitrix.mezhdunarodnyy_zhenskiy_den_3_kz\",\"bitrix.thanksgiving_day_en\",\"bitrix.april_fools_day_en\",\"bitrix.valentine_s_day_en\",\"bitrix.valentine_s_day_2_en\",\"bitrix.valentine_s_day_3_en\",\"bitrix.chernaya_pyatnitsa_ru\",\"bitrix.chernaya_pyatnitsa_by\",\"bitrix.chernaya_pyatnitsa_kz\",\"bitrix.khellouin_by\",\"bitrix.khellouin_kz\",\"bitrix.easter_en\",\"bitrix.halloween_en\",\"bitrix.christmas_en\",\"bitrix.new_year_en\",\"bitrix.black_friday_en\",\"bitrix.kraytvirtualtravel_ru\",\"bitrix.kraytvirtualtravel_by\",\"bitrix.kraytvirtualtravel_kz\",\"bitrix.kraytvirtualtravel_ua\",\"bitrix.kraytnutritionist_ru\",\"bitrix.kraytnutritionist_by\",\"bitrix.delobotcorporatetraining_en\",\"bitrix.delobotblackfriday_en\",\"bitrix.delobotcleaningcompany_en\",\"bitrix.delobotfitness_en\",\"bitrix.delobotfooddelivery_en\",\"bitrix.delobotvisagiste_en\",\"bitrix.delobotpsychologist_en\",\"bitrix.delobotflorist_en\",\"bitrix.delobotdecoration_en\",\"bitrix.delobotcarservice_en\",\"bitrix.kraytagency_en\",\"bitrix.kraytagriculture_en\",\"bitrix.kraytarchitecture_en\",\"bitrix.kraytbusiness_en\",\"bitrix.kraytdelivery_en\",\"bitrix.kraytevents_en\",\"bitrix.kraythalloween_en\",\"bitrix.kraytvetclinic_en\",\"bitrix.kraytmasterforhour_en\",\"bitrix.kraytinstagramcontacts_en\",\"bitrix.kraytinstagramstock_en\",\"bitrix.kraytinstagramtarget_en\",\"bitrix.kraytonlinebabysitter_en\",\"bitrix.kraytpetservice_en\",\"bitrix.kraytsolarenergy_en\",\"bitrix.kraytsportonline_en\",\"bitrix.kraytsummersale_en\",\"bitrix.krayttravelblog_en\",\"bitrix.kraytvebinar_en\",\"bitrix.kraytartificialintelligence_en\",\"bitrix.kraytbakeryproducts_en\",\"bitrix.kraytchildrensschool_en\",\"bitrix.kraytfooddelivery_en\",\"bitrix.kraytfurniture_en\",\"bitrix.kraytvirtualtravel_en\",\"bitrix.kraytyoutubechannel_en\",\"bitrix.kraytknitting_en\",\"bitrix.kraytnutritionist_en\",\"bitrix.kraytnailservice_en\",\"bitrix.kraytmedicine_en\",\"bitrix.kraytprofipage_en\",\"bitrix.kraytsale11_en\",\"bitrix.delobotblackfriday_ua\",\"bitrix.delobotcleaning_ua\",\"bitrix.delobotcorporatetraining_ua\",\"bitrix.delobotfitness_ua\",\"bitrix.delobotfooddelivery_ua\",\"bitrix.delobotvisagiste_ua\",\"bitrix.kraytagency_ua\",\"bitrix.kraytagriculture_ua\",\"bitrix.kraytarchitecture_ua\",\"bitrix.kraytbusiness_ua\",\"bitrix.kraytevents_ua\",\"bitrix.kraythalloween_ua\",\"bitrix.kraytinstagramcontacts_ua\",\"bitrix.kraytinstagramstock_ua\",\"bitrix.kraytinstagramtarget_ua\",\"bitrix.kraytpetservice_ua\",\"bitrix.kraytsolarenergy_ua\",\"bitrix.kraytsummersale_ua\",\"bitrix.krayttravelblog_ua\",\"bitrix.kraytvebinar_ua\",\"bitrix.kraytvetclinic_ua\",\"bitrix.kraytnutritionist_ua\",\"bitrix.kraytnutritionist_kz\",\"bitrix.kraytfurniture_by\",\"bitrix.kraytfurniture_ru\",\"bitrix.kraytfurniture_kz\",\"bitrix.kraytfurniture_ua\",\"bitrix.kraytmedicine_ru\",\"bitrix.kraytmedicine_by\",\"bitrix.kraytmedicine_kz\",\"bitrix.kraytmedicine_ua\",\"bitrix.kraytsale11_ru\",\"bitrix.kraytsale11_by\",\"bitrix.kraytsale11_kz\",\"bitrix.kraytsale11_ua\",\"bitrix.kraytnailservice_ru\",\"bitrix.kraytnailservice_by\",\"bitrix.kraytnailservice_kz\",\"bitrix.kraytnailservice_ua\",\"bitrix.kraytknitting_ru\",\"bitrix.kraytknitting_by\",\"bitrix.kraytknitting_kz\",\"bitrix.kraytknitting_ua\",\"bitrix.kraytfooddelivery_ru\",\"bitrix.kraytfooddelivery_by\",\"bitrix.kraytfooddelivery_kz\",\"bitrix.kraytfooddelivery_ua\",\"bitrix.kraytbakeryproducts_ru\",\"bitrix.kraytbakeryproducts_by\",\"bitrix.kraytbakeryproducts_kz\",\"bitrix.kraytbakeryproducts_ua\",\"bitrix.kraytschoolmusic_ru\",\"bitrix.kraytschoolmusic_by\",\"bitrix.kraytschoolmusic_kz\",\"bitrix.kraytschoolmusic_ua\",\"bitrix.kraytautomechanic_ru\",\"bitrix.kraytautomechanic_by\",\"bitrix.kraytautomechanic_kz\",\"bitrix.kraytautomechanic_ua\",\"bitrix.kraytpresents_ru\",\"bitrix.kraytpresents_by\",\"bitrix.kraytpresents_kz\",\"bitrix.kraytpresents_ua\",\"bitrix.kraytportfoliophotographer_ru\",\"bitrix.kraytportfoliophotographer_by\",\"bitrix.kraytportfoliophotographer_kz\",\"bitrix.kraytportfoliophotographer_ua\",\"bitrix.kraytcrm_ru\",\"bitrix.delobotcleaningcompany_ru\",\"bitrix.delobotblackfriday_ru\",\"bitrix.delobotblackfriday_by\",\"bitrix.delobotblackfriday_kz\",\"bitrix.delobotcleaningcompany_by\",\"bitrix.delobotcleaningcompany_kz\",\"bitrix.delobotcorporatetraining_ru\",\"bitrix.delobotcorporatetraining_by\",\"bitrix.delobotcorporatetraining_kz\",\"bitrix.delobotfitness_ru\",\"bitrix.delobotfitness_by\",\"bitrix.delobotfitness_kz\",\"bitrix.delobotfooddelivery_ru\",\"bitrix.delobotfooddelivery_by\",\"bitrix.delobotfooddelivery_kz\",\"bitrix.delobotvisagiste_ru\",\"bitrix.delobotvisagiste_by\",\"bitrix.delobotvisagiste_kz\",\"bitrix.delobotgiftsforwomensday_ru\",\"bitrix.delobotgiftsforwomensday_by\",\"bitrix.delobotgiftsforwomensday_kz\",\"bitrix.delobotgiftsforwomensday_ua\",\"bitrix.delobotwebdesigner_ru\",\"bitrix.delobotwebdesigner_by\",\"bitrix.delobotwebdesigner_kz\",\"bitrix.delobotwebdesigner_ua\",\"bitrix.delobotatelier_ru\",\"bitrix.delobotatelier_by\",\"bitrix.delobotatelier_kz\",\"bitrix.delobotatelier_ua\",\"bitrix.delobotconstructioncompany_ru\",\"bitrix.delobotconstructioncompany_by\",\"bitrix.delobotconstructioncompany_ua\",\"bitrix.delobotlanguageschool_ru\",\"bitrix.delobotlanguageschool_by\",\"bitrix.delobotlanguageschool_kz\",\"bitrix.delobotlanguageschool_ua\",\"bitrix.delobotcoffee_ru\",\"bitrix.delobotcoffee_by\",\"bitrix.delobotcoffee_kz\",\"bitrix.delobotcoffee_ua\",\"bitrix.kraytcrm_by\",\"bitrix.kraytcrm_kz\",\"bitrix.kraytcrm_ua\",\"bitrix.kraytonlinebabysitter_ru\",\"bitrix.kraytonlinebabysitter_by\",\"bitrix.kraytonlinebabysitter_kz\",\"bitrix.kraytonlinebabysitter_uaa\",\"bitrix.kraytsportonline_ru\",\"bitrix.kraytsportonline_by\",\"bitrix.kraytsportonline_kz\",\"bitrix.kraytsportonline_ua\",\"bitrix.kraytmasterforhour_ru\",\"bitrix.kraytmasterforhour_by\",\"bitrix.kraytmasterforhour_kz\",\"bitrix.kraytmasterforhour_ua\",\"bitrix.kraytdelivery_ru\",\"bitrix.kraytdelivery_by\",\"bitrix.kraytdelivery_kz\",\"bitrix.kraytdelivery_ua\",\"bitrix.kraytrepairservice_ru\",\"bitrix.kraytrepairservice_by\",\"bitrix.kraytrepairservice_kz\",\"bitrix.kraytrepairservice_ua\",\"bitrix.kraytprofipage_ru\",\"bitrix.kraytprofipage_by\",\"bitrix.kraytprofipage_kz\",\"bitrix.kraytprofipage_ua\",\"bitrix.krayttutor_ru\",\"bitrix.krayttutor_by\",\"bitrix.krayttutor_kz\",\"bitrix.krayttutor_ua\",\"bitrix.kraytartificialintelligence_ru\",\"bitrix.kraytartificialintelligence_by\",\"bitrix.kraytartificialintelligence_kz\",\"bitrix.kraytartificialintelligence_ua\",\"bitrix.kraytyoutubechannel_ru\",\"bitrix.kraytyoutubechannel_by\",\"bitrix.kraytyoutubechannel_kz\",\"bitrix.kraytyoutubechannel_ua\",\"bitrix.kraytchildrensschool_ru\",\"bitrix.kraytchildrensschool_by\",\"bitrix.kraytchildrensschool_kz\",\"bitrix.kraytchildrensschool_ua\",\"bitrix.krayttravelagency_ru\",\"bitrix.krayttravelagency_by\",\"bitrix.krayttravelagency_kz\",\"bitrix.krayttravelagency_ua\",\"bitrix.krayttranslator_ru\",\"bitrix.krayttranslator_by\",\"bitrix.krayttranslator_kz\",\"bitrix.krayttranslator_ua\",\"bitrix.kraytstylist_ru\",\"bitrix.kraytstylist_by\",\"bitrix.kraytstylist_kz\",\"bitrix.kraytstylist_ua\",\"bitrix.kraytstretchingstudio_ru\",\"bitrix.kraytstretchingstudio_by\",\"bitrix.kraytstretchingstudio_kz\",\"bitrix.kraytstretchingstudio_ua\",\"bitrix.kraytsportschool_ru\",\"bitrix.kraytsportschool_by\",\"bitrix.kraytsportschool_kz\",\"bitrix.kraytsportschool_ua\",\"bitrix.kraytsitedesigner_ru\",\"bitrix.kraytsitedesigner_by\",\"bitrix.kraytsitedesigner_kz\",\"bitrix.kraytsitedesigner_ua\",\"bitrix.kraytsport_ru\",\"bitrix.kraytsport_by\",\"bitrix.kraytsport_kz\",\"bitrix.kraytsport_ua\",\"bitrix.kraytmobileapp_ru\",\"bitrix.kraytmobileapp_by\",\"bitrix.kraytmobileapp_kz\",\"bitrix.kraytmobileapp_ua\",\"bitrix.kraytrealestate_ru\",\"bitrix.kraytrealestate_by\",\"bitrix.kraytrealestate_kz\",\"bitrix.kraytrealestate_ua\",\"bitrix.delobotnewyearsale_ru\",\"bitrix.delobotnewyearsale_by\",\"bitrix.delobotnewyearsale_kz\",\"bitrix.delobotnewyearsale_ua\",\"bitrix.delobotyoga_ru\",\"bitrix.delobotyoga_by\",\"bitrix.delobotyoga_kz\",\"bitrix.delobotyoga_ua\",\"bitrix.delobotcake_ru\",\"bitrix.delobotcake_by\",\"bitrix.delobotcake_kz\",\"bitrix.delobotcake_ua\",\"bitrix.delobotveterinarian_ru\",\"bitrix.delobotveterinarian_by\",\"bitrix.delobotveterinarian_kz\",\"bitrix.delobotveterinarian_ua\",\"bitrix.delobotpsychologist_ru\",\"bitrix.delobotpsychologist_by\",\"bitrix.delobotpsychologist_kz\",\"bitrix.delobotpsychologist_ua\",\"bitrix.delobotdecoration_ru\",\"bitrix.delobotdecoration_by\",\"bitrix.delobotdecoration_kz\",\"bitrix.delobotdecoration_ua\",\"bitrix.delobotflorist_ru\",\"bitrix.delobotflorist_by\",\"bitrix.delobotflorist_kz\",\"bitrix.delobotflorist_ua\",\"bitrix.delobotcarservice_ru\",\"bitrix.delobotcarservice_by\",\"bitrix.delobotcarservice_kz\",\"bitrix.delobotcarservice_ua\",\"bitrix.delobotcargotransportation_ru\",\"bitrix.delobotcargotransportation_by\",\"bitrix.delobotcargotransportation_kz\",\"bitrix.delobotcargotransportation_ua\",\"bitrix.delobotrealtor_ru\",\"bitrix.delobotrealtor_by\",\"bitrix.delobotrealtor_kz\",\"bitrix.delobotrealtor_ua\",\"bitrix.delobotfurnituremanufacturing_ru\",\"bitrix.delobotfurnituremanufacturing_by\",\"bitrix.delobotfurnituremanufacturing_kz\",\"bitrix.delobotfurnituremanufacturing_ua\",\"bitrix.delobotorganizationofholidays_ru\",\"bitrix.delobotorganizationofholidays_by\",\"bitrix.delobotorganizationofholidays_kz\",\"bitrix.delobotorganizationofholidays_ua\",\"bitrix.delobotconcertannounce_ru\",\"bitrix.delobotconcertannounce_by\",\"bitrix.delobotconcertannounce_kz\",\"bitrix.delobotconcertannounce_ua\",\"bitrix.delobotphotographersservice_ru\",\"bitrix.delobotphotographersservice_by\",\"bitrix.delobotphotographersservice_kz\",\"bitrix.delobotphotographersservice_ua\",\"bitrix.kraytsecurityagency_ru\",\"bitrix.kraytsecurityagency_by\",\"bitrix.kraytsecurityagency_kz\",\"bitrix.kraytsecurityagency_ua\",\"bitrix.kraytrecordingstudio_ru\",\"bitrix.kraytrecordingstudio_by\",\"bitrix.kraytrecordingstudio_kz\",\"bitrix.kraytrecordingstudio_ua\",\"bitrix.kraytrealestateagent_ru\",\"bitrix.kraytrealestateagent_by\",\"bitrix.kraytrealestateagent_kz\",\"bitrix.kraytrealestateagent_ua\",\"bitrix.delobotdecorationhouses_ru\",\"bitrix.delobotdecorationhouses_by\",\"bitrix.delobotdecorationhouses_kz\",\"bitrix.delobotdecorationhouses_ua\",\"bitrix.delobotairconditioners_ru\",\"bitrix.delobotairconditioners_by\",\"bitrix.delobotairconditioners_kz\",\"bitrix.delobotairconditioners_ua\",\"bitrix.delobotdesignworkshop_ru\",\"bitrix.delobotdesignworkshop_by\",\"bitrix.delobotdesignworkshop_kz\",\"bitrix.delobotdesignworkshop_ua\",\"bitrix.delobotcitygreeningproject_ru\",\"bitrix.delobotcitygreeningproject_by\",\"bitrix.delobotcitygreeningproject_kz\",\"bitrix.delobotcitygreeningproject_ua\",\"bitrix.delobotecoproducts_ru\",\"bitrix.delobotecoproducts_by\",\"bitrix.delobotecoproducts_kz\",\"bitrix.delobotecoproducts_ua\",\"bitrix.delobotsoundrecordingservices_ru\",\"bitrix.delobotsoundrecordingservices_by\",\"bitrix.delobotsoundrecordingservices_kz\",\"bitrix.delobotsoundrecordingservices_ua\",\"bitrix.delobotsecurityservice_ru\",\"bitrix.delobotsecurityservice_by\",\"bitrix.delobotsecurityservice_kz\",\"bitrix.delobotsecurityservice_ua\",\"bitrix.delobotsportschool_ru\",\"bitrix.delobotsportschool_by\",\"bitrix.delobotsportschool_kz\",\"bitrix.delobotsportschool_ua\",\"bitrix.delobotfamilyleisure_ru\",\"bitrix.delobotfamilyleisure_by\",\"bitrix.delobotfamilyleisure_kz\",\"bitrix.delobotfamilyleisure_ua\",\"bitrix.delobotdoctortherapist_ru\",\"bitrix.delobotdoctortherapist_by\",\"bitrix.delobotdoctortherapist_kz\",\"bitrix.delobotdoctortherapist_ua\",\"bitrix.kraytagency_ru\",\"bitrix.kraytagency_by\",\"bitrix.kraytagency_kz\",\"bitrix.kraytarchitecture_ru\",\"bitrix.kraytarchitecture_by\",\"bitrix.kraytarchitecture_kz\",\"bitrix.kraytagriculture_ru\",\"bitrix.kraytagriculture_by\",\"bitrix.kraytagriculture_kz\",\"bitrix.kraytbusiness_ru\",\"bitrix.kraytbusiness_by\",\"bitrix.kraytbusiness_kz\",\"bitrix.kraytevents_ru\",\"bitrix.kraytevents_by\",\"bitrix.kraytevents_kz\",\"bitrix.kraythalloween_ru\",\"bitrix.kraythalloween_by\",\"bitrix.kraythalloween_kz\",\"bitrix.kraytinstagramtarget_ru\",\"bitrix.kraytinstagramtarget_by\",\"bitrix.kraytinstagramtarget_kz\",\"bitrix.kraytinstagramcontacts_ru\",\"bitrix.kraytinstagramcontacts_by\",\"bitrix.kraytinstagramcontacts_kz\",\"bitrix.kraytinstagramstock_ru\",\"bitrix.kraytinstagramstock_by\",\"bitrix.kraytinstagramstock_kz\",\"bitrix.kraytpetservice_ru\",\"bitrix.kraytpetservice_by\",\"bitrix.kraytpetservice_kz\",\"bitrix.kraytsolarenergy_ru\",\"bitrix.kraytsolarenergy_by\",\"bitrix.kraytsolarenergy_kz\",\"bitrix.kraytsummersale_ru\",\"bitrix.kraytsummersale_by\",\"bitrix.kraytsummersale_kz\",\"bitrix.krayttravelblog_ru\",\"bitrix.krayttravelblog_by\",\"bitrix.krayttravelblog_kz\",\"bitrix.kraytvebinar_ru\",\"bitrix.kraytvebinar_by\",\"bitrix.kraytvebinar_kz\",\"bitrix.kraytvetclinic_ru\",\"bitrix.kraytvetclinic_by\",\"bitrix.kraytvetclinic_kz\",\"bitrix.kraytrestaurant_ru\",\"bitrix.kraytrestaurant_by\",\"bitrix.kraytrestaurant_kz\",\"bitrix.kraytrestaurant_ua\",\"bitrix.kraytweddingservices_ru\",\"bitrix.kraytweddingservices_by\",\"bitrix.kraytweddingservices_kz\",\"bitrix.kraytweddingservices_ua\",\"bitrix.kraytoptics_ru\",\"bitrix.kraytoptics_by\",\"bitrix.kraytoptics_kz\",\"bitrix.kraytoptics_ua\",\"bitrix.krayt3dprint_ru\",\"bitrix.krayt3dprint_by\",\"bitrix.krayt3dprint_kz\",\"bitrix.krayt3dprint_ua\",\"bitrix.kraytbusinesspremisesdesign_ru\",\"bitrix.kraytbusinesspremisesdesign_by\",\"bitrix.kraytbusinesspremisesdesign_kz\",\"bitrix.kraytbusinesspremisesdesign_ua\",\"bitrix.kraytcentersproject_ru\",\"bitrix.kraytcentersproject_by\",\"bitrix.kraytcentersproject_kz\",\"bitrix.kraytcentersproject_ua\",\"bitrix.kraytcitygreening_ru\",\"bitrix.kraytcitygreening_by\",\"bitrix.kraytcitygreening_kz\",\"bitrix.kraytcitygreening_ua\",\"bitrix.kraytclimatesystems_ru\",\"bitrix.kraytclimatesystems_by\",\"bitrix.kraytclimatesystems_kz\",\"bitrix.kraytclimatesystems_ua\",\"bitrix.kraytclinicmomandbaby_ru\",\"bitrix.kraytclinicmomandbaby_by\",\"bitrix.kraytclinicmomandbaby_kz\",\"bitrix.kraytclinicmomandbaby_ua\",\"bitrix.kraytdesignerclothing_ru\",\"bitrix.kraytdesignerclothing_by\",\"bitrix.kraytdesignerclothing_kz\",\"bitrix.kraytdesignerclothing_ua\",\"bitrix.kraytprivatedoctor_ru\",\"bitrix.kraytprivatedoctor_by\",\"bitrix.kraytprivatedoctor_kz\",\"bitrix.kraytprivatedoctor_ua\",\"bitrix.kraytprintinghouse_ru\",\"bitrix.kraytprintinghouse_by\",\"bitrix.kraytprintinghouse_kz\",\"bitrix.kraytprintinghouse_ua\",\"bitrix.kraytpersonalcoach_ru\",\"bitrix.kraytpersonalcoach_by\",\"bitrix.kraytpersonalcoach_kz\",\"bitrix.kraytpersonalcoach_ua\",\"bitrix.kraytperfumer_ru\",\"bitrix.kraytperfumer_by\",\"bitrix.kraytperfumer_kz\",\"bitrix.kraytperfumer_ua\",\"bitrix.kraytnewsblog_ru\",\"bitrix.kraytnewsblog_by\",\"bitrix.kraytnewsblog_kz\",\"bitrix.kraytnewsblog_ua\",\"bitrix.kraytmakeupstudio_ru\",\"bitrix.kraytmakeupstudio_by\",\"bitrix.kraytmakeupstudio_kz\",\"bitrix.kraytmakeupstudio_ua\",\"bitrix.kraytlawyer_ru\",\"bitrix.kraytlawyer_by\",\"bitrix.kraytlawyer_kz\",\"bitrix.kraytlawyer_ua\",\"bitrix.kraytlandscapedesign_ru\",\"bitrix.kraytlandscapedesign_by\",\"bitrix.kraytlandscapedesign_kz\",\"bitrix.kraytlandscapedesign_ua\",\"bitrix.kraytjewelryrepairshop_ru\",\"bitrix.kraytjewelryrepairshop_by\",\"bitrix.kraytjewelryrepairshop_kz\",\"bitrix.kraytjewelryrepairshop_ua\",\"bitrix.kraytinteriordesign_ru\",\"bitrix.kraytinteriordesign_by\",\"bitrix.kraytinteriordesign_kz\",\"bitrix.kraytinsurancecompany_ru\",\"bitrix.kraytinsurancecompany_kz\",\"bitrix.kraytinsurancecompany_ua\",\"bitrix.kraytillustrator_ru\",\"bitrix.kraytillustrator_by\",\"bitrix.kraytillustrator_kz\",\"bitrix.kraytillustrator_ua\",\"bitrix.kraytgiftsvalentineday_ru\",\"bitrix.kraytgiftsvalentineday_by\",\"bitrix.kraytgiftsvalentineday_kz\",\"bitrix.kraytgiftsvalentineday_ua\",\"bitrix.kraytfebruary23_ru\",\"bitrix.kraytfebruary23_by\",\"bitrix.kraytfebruary23_kz\",\"bitrix.kraytfebruary23_ua\",\"bitrix.kraytequipmentrepair_ru\",\"bitrix.kraytequipmentrepair_by\",\"bitrix.kraytequipmentrepair_kz\",\"bitrix.kraytequipmentrepair_ua\",\"bitrix.kraytdentistry_ru\",\"bitrix.kraytdentistry_by\",\"bitrix.kraytdentistry_kz\",\"bitrix.kraytdentistry_ua\",\"bitrix.kraytdancemarathon_ru\",\"bitrix.kraytdancemarathon_by\",\"bitrix.kraytdancemarathon_kz\",\"bitrix.kraytdancemarathon_ua\",\"bitrix.kraytcourseformothers_ru\",\"bitrix.kraytcourseformothers_by\",\"bitrix.kraytcourseformothers_kz\",\"bitrix.kraytcourseformothers_ua\",\"bitrix.kraytcosmetologist_ru\",\"bitrix.kraytcosmetologist_by\",\"bitrix.kraytcosmetologist_kz\",\"bitrix.kraytcosmetologist_ua\",\"bitrix.kraytconstructionofprivatehouses_ru\",\"bitrix.kraytconstructionofprivatehouses_by\",\"bitrix.kraytconstructionofprivatehouses_kz\",\"bitrix.kraytconstructionofprivatehouses_ua\",\"bitrix.kraytconfectionery_ru\",\"bitrix.kraytconfectionery_by\",\"bitrix.kraytconfectionery_kz\",\"bitrix.kraytconfectionery_ua\",\"bitrix.kraytcoffeehouse_ru\",\"bitrix.kraytcoffeehouse_by\",\"bitrix.kraytcoffeehouse_kz\",\"bitrix.kraytcoffeehouse_ua\",\"bitrix.kraytcleaningservice_ru\",\"bitrix.kraytcleaningservice_by\",\"bitrix.kraytcleaningservice_kz\",\"bitrix.kraytcleaningservice_ua\",\"bitrix.kraytbeautystudio_ru\",\"bitrix.kraytbeautystudio_by\",\"bitrix.kraytbeautystudio_kz\",\"bitrix.kraytbeautystudio_ua\",\"bitrix.kraytbarbershop_ru\",\"bitrix.kraytbarbershop_by\",\"bitrix.kraytartworkshop_by\",\"bitrix.kraytbarbershop_kz\",\"bitrix.kraytbarbershop_ua\",\"bitrix.kraytartworkshop_ru\",\"bitrix.kraytartworkshop_kz\",\"bitrix.kraytartworkshop_ua\",\"bitrix.kraytaprilfoolsdaygifts_ru\",\"bitrix.kraytaprilfoolsdaygifts_by\",\"bitrix.kraytaprilfoolsdaygifts_kz\",\"bitrix.kraytaprilfoolsdaygifts_ua\",\"bitrix.kraytwindowinstallation_ru\",\"bitrix.kraytwindowinstallation_by\",\"bitrix.kraytwindowinstallation_kz\",\"bitrix.kraytwindowinstallation_ua\",\"bitrix.kraytwindowdesign_ru\",\"bitrix.kraytwindowdesign_by\",\"bitrix.kraytwindowdesign_kz\",\"bitrix.kraytwindowdesign_ua\",\"bitrix.krayttelecommunications_ru\",\"bitrix.krayttelecommunications_by\",\"bitrix.krayttelecommunications_kz\",\"bitrix.krayttelecommunications_ua\",\"bitrix.kraytsportsnutritionorder_ru\",\"bitrix.kraytsportsnutritionorder_by\",\"bitrix.kraytsportsnutritionorder_kz\",\"bitrix.kraytsportsnutritionorder_ua\",\"bitrix.kraytreconstructionoffices_ru\",\"bitrix.kraytreconstructionoffices_by\",\"bitrix.kraytreconstructionoffices_kz\",\"bitrix.kraytreconstructionoffices_ua\",\"bitrix.kraytpremisestrade_ru\",\"bitrix.kraytpremisestrade_by\",\"bitrix.kraytpremisestrade_ua\",\"bitrix.kraytinsulationhouses_ru\",\"bitrix.kraytinsulationhouses_by\",\"bitrix.kraytinsulationhouses_kz\",\"bitrix.kraytinsulationhouses_ua\",\"bitrix.kraytinstallsecuritysystems_ru\",\"bitrix.kraytinstallsecuritysystems_by\",\"bitrix.kraytinstallsecuritysystems_kz\",\"bitrix.kraytinstallsecuritysystems_ua\",\"bitrix.kraytinstallbathrooms_ru\",\"bitrix.kraytinstallbathrooms_by\",\"bitrix.kraytinstallbathrooms_kz\",\"bitrix.kraytinstallbathrooms_ua\",\"bitrix.kraythousedesign_ru\",\"bitrix.kraythousedesign_by\",\"bitrix.kraythousedesign_kz\",\"bitrix.kraythousedesign_ua\",\"bitrix.kraythospitalforfamily_ru\",\"bitrix.kraythospitalforfamily_by\",\"bitrix.kraythospitalforfamily_kz\",\"bitrix.kraythospitalforfamily_ua\",\"bitrix.kraythomedecoration_ru\",\"bitrix.kraythomedecoration_by\",\"bitrix.kraythomedecoration_kz\",\"bitrix.kraythomedecoration_ua\",\"bitrix.kraytfurniturettransformer_ru\",\"bitrix.kraytfurniturettransformer_by\",\"bitrix.kraytfurniturettransformer_kz\",\"bitrix.kraytfurniturettransformer_ua\",\"bitrix.kraytfloristics_ru\",\"bitrix.kraytfloristics_by\",\"bitrix.kraytfloristics_kz\",\"bitrix.kraytfloristics_ua\",\"bitrix.kraytfestiveevents_ru\",\"bitrix.kraytfestiveevents_by\",\"bitrix.kraytfestiveevents_kz\",\"bitrix.kraytfestiveevents_ua\",\"bitrix.kraytecogreen_ru\",\"bitrix.kraytecogreen_by\",\"bitrix.kraytecogreen_kz\",\"bitrix.kraytecogreen_ua\",\"bitrix.kraytdoorinstallation_ru\",\"bitrix.kraytdoorinstallation_by\",\"bitrix.kraytdoorinstallation_kz\",\"bitrix.kraytdoorinstallation_ua\",\"bitrix.kraytdoordesign_ru\",\"bitrix.kraytdoordesign_by\",\"bitrix.kraytdoordesign_kz\",\"bitrix.kraytdoordesign_ua\",\"bitrix.kraytdesigningpeopledisabilities_ru\",\"bitrix.kraytdesigningpeopledisabilities_by\",\"bitrix.kraytdesigningpeopledisabilities_kz\",\"bitrix.kraytdesigningpeopledisabilities_ua\",\"bitrix.delobotkindergarten_ru\",\"bitrix.kraytvideostudio_ru\",\"bitrix.kraytlegalservices_ru\",\"bitrix.kraytaccountingservices_ru\",\"bitrix.kraytbookannouncement_ru\",\"bitrix.kraytcharity_ru\",\"bitrix.kraytspa_ru\",\"bitrix.kraythandmadecosmetics_ru\",\"bitrix.delobotmusic_ru\",\"bitrix.kraythotelforanimals_ru\",\"bitrix.kraytcityguide_ru\",\"bitrix.delobotfoodblog_ru\",\"bitrix.delobotgamedeveloper_ru\",\"bitrix.delobotrenovationoffices_ru\",\"bitrix.delobotcourses_ru\",\"bitrix.delobotcityb__beautification_ru\",\"bitrix.delobotaidfund_ru\",\"bitrix.delobotnewsblog_ru\",\"bitrix.delobottransportservices_ru\",\"bitrix.delobotguide_ru\",\"bitrix.delobotnnturalcosmetic_ru\",\"bitrix.delobotboutiqueforsale_ru\",\"bitrix.delobotorganizationweddings_ru\",\"bitrix.delobotbeautyandrecreationcenter_ru\",\"bitrix.delobotwriter_ru\",\"bitrix.kraytotel\",\"bitrix.kraytigrovoyklub\",\"bitrix.kraytbazaotdykha\",\"bitrix.kraytkurspotiktoku\",\"bitrix.kraytkadrovoeagenstvo\",\"bitrix.kraytportfoliomodeli\",\"bitrix.kraytminecraftserver\",\"bitrix.kraytigrovayakompaniya\",\"bitrix.delobotuslugivideoproizvodstva\",\"bitrix.delobotportfolioaktera\",\"bitrix.delobotpub\",\"bitrix.delobotminihotel\",\"bitrix.delobotcamping\",\"bitrix.delobotcafe\",\"bitrix.delobotizgotovlenieduxov\",\"bitrix.delobotbuhgalterskoeobslujivanie\",\"bitrix.delobotarendanedvizimosti\",\"bitrix.delobotalternativnayaenergetika\",\"bitrix.delobotagentstvoponaimy\",\"bitrix.kraytpodarkikjenskomydny\",\"bitrix.kraytinstagramcontacts_ru1\",\"bitrix.kraytinstagramstock_ru1\",\"bitrix.kraytinstagramtarget_ru1\",\"bitrix.kraytkhimchistka\",\"bitrix.krayt_detskaya_odezhda_na_zakaz\",\"bitrix.krayt_retsepty_blyud\",\"bitrix.krayt_detskaya_mebel\",\"bitrix.krayt_biblioteka\",\"bitrix.krayt_pitomnik_rasteniy\",\"bitrix.delobot_lawyer\",\"bitrix.delobot_oformlenie_dverey\",\"bitrix.delobot_montaj_dverey\",\"bitrix.delobot_manicure_and_pedicure\",\"bitrix.delobot_printing_services\",\"bitrix.delobot_plants\",\"bitrix.delobot_nutritionist\",\"bitrix.delobot_designer_tableware\",\"bitrix.delobot_montaj_okon\",\"bitrix.delobot_oformlenie_okon\",\"bitrix.krayt_zhurnalist\",\"bitrix.krayt_tato_salon\",\"bitrix.krayt_massajist\",\"bitrix.krayt_consulting\",\"bitrix.krayt_elektromontazh\",\"bitrix.krayt_rezyume_spetsialista\",\"bitrix.kraytportfoliophotographer\",\"bitrix.kraytbeautystudio_en\",\"bitrix.kraytautomechanic_en\",\"bitrix.kraytequipmentrepair_en\",\"bitrix.delobot_furniture_for_children\",\"bitrix.delobot_architectural_projects\",\"bitrix.delobot_scientists_page\",\"bitrix.delobot_tatoo_studio\",\"bitrix.delobot_journalist_resume\",\"bitrix.delobot_leather_goods\",\"bitrix.delobot_dance_marathon\",\"bitrix.krayt_art_gallery\",\"bitrix.krayt_leather_products\",\"bitrix.krayt_scientific_researcher\",\"bitrix.krayt_bureau_of_architecture\",\"bitrix.krayt_jewelry_designer\",\"bitrix.krayt_food_photographer\",\"bitrix.krayt_acting_studio\",\"bitrix.krayt_farm\",\"bitrix.krayt_fashion_blog\",\"bitrix.krayt_birthday_cakes\",\"bitrix.krayt_plussize_fashion\",\"bitrix.krayt_diving\",\"bitrix.krayt_it_services\",\"bitrix.krayt_beauty_blog\",\"bitrix.krayt_aquarium\",\"bitrix.krayt_sport_blog\",\"bitrix.delobot_online_library\",\"bitrix.delobot_diving_center\",\"bitrix.delobot_designer_jewelry\",\"bitrix.delobot_nail_art_course\",\"bitrix.delobot_art_galery\",\"bitrix.delobot_fashion_for_everyone\",\"bitrix.delobot_handmade_chocolate\",\"bitrix.krayt_chocolate_shop\",\"bitrix.krayt_advertising_agency\",\"bitrix.krayt_asian_food\",\"bitrix.krayt_avtorskiy_master_klass\",\"bitrix.krayt_utilizatsiya_otkhodov\",\"bitrix.krayt_italyanskaya_kukhnya\",\"bitrix.krayt_kurs_po_nogtevomu_servisu\",\"bitrix.krayt_begovoy_klub\",\"bitrix.krayt_gornyy_turizm\",\"bitrix.krayt_biznes_prostranstvo\",\"bitrix.krayt_shkola_iskusstv\",\"bitrix.krayt_onlayn_intensiv_inostrannogo_yazyka\",\"bitrix.delobot_reklama_brenda\",\"bitrix.delobot_italyanskiy_restoran\",\"bitrix.delobot_modnaya_stranichka\",\"bitrix.delobot_fotografiya_edy\",\"bitrix.krayt_pishchevoe_proizvodstvo\",\"bitrix.krayt_appetitnyy_blog\",\"bitrix.krayt_uslugi_remonta\",\"bitrix.krayt_onlayn_kurs_kreativnogo_prodyusera\",\"bitrix.krayt_detskie_prazdniki\",\"bitrix.krayt_svetotekhnika\",\"bitrix.krayt_urbanistika\",\"bitrix.krayt_otdykh_na_prirode\",\"bitrix.krayt_sportivnye_ploshchadki\",\"bitrix.krayt_oborudovanie_dlya_turizma\",\"bitrix.krayt_meksikanskaya_kukhnya\",\"bitrix.delobot_sports_blog_20\",\"bitrix.delobot_aziatskie_blyuda\",\"bitrix.delobot_beauty_blog\",\"bitrix.delobot_meksikanskiy_restoran_2_0\",\"bitrix.delobot_urban_project\",\"bitrix.delobot_drawing_school\",\"bitrix.delobot_tourism\",\"bitrix.delobot_runnig_club\",\"bitrix.delobot_lighting_company\",\"bitrix.delobot_garbage_disposal\",\"bitrix.delobot_master_class\",\"bitrix.delobot_it_outsourcing\",\"bitrix.krayt_rent_car\",\"bitrix.krayt_aviation\",\"bitrix.krayt_street_sport_club\",\"bitrix.krayt_kofemaniya\",\"bitrix.krayt_corporate_events\",\"bitrix.krayt_cooking_school\",\"bitrix.krayt_blacksmith_craft\",\"bitrix.krayt_med_lab\",\"bitrix.krayt_music_studio\",\"bitrix.krayt_web_application_development\",\"bitrix.krayt_tennis_club\",\"bitrix.krayt_bank_services\",\"bitrix.krayt_smart_furniture\",\"bitrix.krayt_dom_pod_klyuch\",\"bitrix.krayt_uslugi_mediatora\",\"bitrix.krayt_child_club\",\"bitrix.delobot_custom_made_cakes\",\"bitrix.delobot_online_yoga_classes\",\"bitrix.krayt_pevitsa\",\"bitrix.krayt_ozelenenie_pomeshcheniy\",\"bitrix.krayt_internet_agentstvo\",\"bitrix.krayt_kinolog\",\"bitrix.krayt_poleznye_sneki\",\"bitrix.krayt_oformlenie_interera\",\"bitrix.delobot_tourist_equipment\",\"bitrix.delobot_creative_producer\",\"bitrix.delobot_aviation_services\",\"bitrix.delobot_blacksmith_services\",\"bitrix.delobot_coffee_subscription\",\"bitrix.delobot_construction_company\",\"bitrix.delobot_business_premises\",\"bitrix.delobot_pet_hotel\",\"bitrix.delobot_food_industry\",\"bitrix.delobot_cars_for_rent\",\"bitrix.krayt_klub_dlya_geymerov\",\"bitrix.krayt_relaks_uslugi\",\"bitrix.krayt_sportivnyy_inventar\",\"bitrix.krayt_universitet\",\"bitrix.delobot_uslugi_kinologa\",\"bitrix.delobot_business_training\",\"bitrix.krayt_vebinar\",\"bitrix.krayt_kurs_po_iskusstvennomu_intellektu\",\"bitrix.delobot_vypechka_na_zakaz\",\"bitrix.delobot_osennaya_rasprodazh\",\"bitrix.krayt_onlayn_shkola_dlya_detey\",\"bitrix.krayt_arkhitekturnaya_kompaniya\",\"bitrix.krayt_den_blagodareniya\",\"bitrix.krayt_uslugi_nyani\",\"bitrix.krayt_uslugi_repetitora\",\"bitrix.krayt_logoped\",\"bitrix.krayt_chyernaya_pyatnitsa\",\"bitrix.krayt_sladosti_na_rozhdestvo\",\"bitrix.krayt_podarki_na_novyy_god\"]', NULL, NULL),
('rest', 'entity_iblock_type', 'rest_entity', NULL, NULL),
('rest', 'server_path', '/rest', NULL, NULL),
('search', 'dbnode_id', 'N', NULL, NULL),
('search', 'dbnode_status', 'ok', NULL, NULL),
('search', 'exclude_mask', '/bitrix/*;/404.php;/upload/*;/auth*;*/search*;*/tags*;/personal/*;/e-store/affiliates/*;/content/*/my/*;/examples/*;/map.php;*/detail.php;/communication/voting/*;/club/index.php', NULL, NULL),
('search', 'use_social_rating', 'Y', NULL, NULL),
('search', 'use_stemming', 'Y', NULL, NULL),
('search', 'use_tf_cache', 'Y', NULL, NULL),
('search', 'use_word_distance', 'Y', NULL, NULL),
('search', 'version', 'v2.0', NULL, NULL),
('security', 'ipcheck_disable_file', '/bitrix/modules/ipcheck_disable_fe925f6d65edc0a33b215f457e6ab661', NULL, NULL),
('security', 'redirect_sid', 'nupgfzrn1rcfzhzweno5ieum23x6fxsc', NULL, NULL),
('socialnetwork', 'tooltip_rating_id', 'a:2:{i:0;i:3;i:1;i:4;}', NULL, NULL),
('socialnetwork', 'tooltip_show_rating', 'Y', NULL, NULL),
('socialservices', 'allow_encrypted_tokens', '1', NULL, NULL),
('socialservices', 'auth_services', 'a:12:{s:9:\"VKontakte\";s:1:\"N\";s:8:\"MyMailRu\";s:1:\"N\";s:7:\"Twitter\";s:1:\"N\";s:8:\"Facebook\";s:1:\"N\";s:11:\"Livejournal\";s:1:\"Y\";s:12:\"YandexOpenID\";s:1:\"Y\";s:7:\"Rambler\";s:1:\"Y\";s:12:\"MailRuOpenID\";s:1:\"Y\";s:12:\"Liveinternet\";s:1:\"Y\";s:7:\"Blogger\";s:1:\"Y\";s:6:\"OpenID\";s:1:\"Y\";s:6:\"LiveID\";s:1:\"N\";}', NULL, NULL),
('vote', 'VOTE_COMPATIBLE_OLD_TEMPLATE', 'N', NULL, NULL),
('vote', 'VOTE_DIR', '', NULL, NULL);

-- --------------------------------------------------------

--
-- Структура таблицы `b_option_site`
--

CREATE TABLE `b_option_site` (
  `MODULE_ID` varchar(50) COLLATE utf8_unicode_ci NOT NULL,
  `NAME` varchar(100) COLLATE utf8_unicode_ci NOT NULL,
  `SITE_ID` char(2) COLLATE utf8_unicode_ci NOT NULL,
  `VALUE` mediumtext COLLATE utf8_unicode_ci
) ENGINE=InnoDB DEFAULT CHARSET=utf8 COLLATE=utf8_unicode_ci;

--
-- Дамп данных таблицы `b_option_site`
--

INSERT INTO `b_option_site` (`MODULE_ID`, `NAME`, `SITE_ID`, `VALUE`) VALUES
('fileman', 'menutypes', 's1', 'a:2:{s:4:\\\"left\\\";s:23:\\\"Меню раздела\\\";s:3:\\\"top\\\";s:23:\\\"Главное меню\\\";}'),
('forum', 'FILTER_DICT_T', 'en', '4'),
('forum', 'FILTER_DICT_T', 'ru', '2'),
('forum', 'FILTER_DICT_W', 'en', '3'),
('forum', 'FILTER_DICT_W', 'ru', '1');

-- --------------------------------------------------------

--
-- Структура таблицы `b_perf_cache`
--

CREATE TABLE `b_perf_cache` (
  `ID` int(18) NOT NULL,
  `HIT_ID` int(18) DEFAULT NULL,
  `COMPONENT_ID` int(18) DEFAULT NULL,
  `NN` int(18) DEFAULT NULL,
  `CACHE_SIZE` float DEFAULT NULL,
  `OP_MODE` char(1) COLLATE utf8_unicode_ci DEFAULT NULL,
  `MODULE_NAME` text COLLATE utf8_unicode_ci,
  `COMPONENT_NAME` text COLLATE utf8_unicode_ci,
  `BASE_DIR` text COLLATE utf8_unicode_ci,
  `INIT_DIR` text COLLATE utf8_unicode_ci,
  `FILE_NAME` text COLLATE utf8_unicode_ci,
  `FILE_PATH` text COLLATE utf8_unicode_ci
) ENGINE=InnoDB DEFAULT CHARSET=utf8 COLLATE=utf8_unicode_ci;

-- --------------------------------------------------------

--
-- Структура таблицы `b_perf_cluster`
--

CREATE TABLE `b_perf_cluster` (
  `ID` int(11) NOT NULL,
  `TIMESTAMP_X` timestamp NULL DEFAULT NULL,
  `THREADS` int(11) DEFAULT NULL,
  `HITS` int(11) DEFAULT NULL,
  `ERRORS` int(11) DEFAULT NULL,
  `PAGES_PER_SECOND` float DEFAULT NULL,
  `PAGE_EXEC_TIME` float DEFAULT NULL,
  `PAGE_RESP_TIME` float DEFAULT NULL
) ENGINE=InnoDB DEFAULT CHARSET=utf8 COLLATE=utf8_unicode_ci;

-- --------------------------------------------------------

--
-- Структура таблицы `b_perf_component`
--

CREATE TABLE `b_perf_component` (
  `ID` int(18) NOT NULL,
  `HIT_ID` int(18) DEFAULT NULL,
  `NN` int(18) DEFAULT NULL,
  `CACHE_TYPE` char(1) COLLATE utf8_unicode_ci DEFAULT NULL,
  `CACHE_SIZE` int(11) DEFAULT NULL,
  `CACHE_COUNT_R` int(11) DEFAULT NULL,
  `CACHE_COUNT_W` int(11) DEFAULT NULL,
  `CACHE_COUNT_C` int(11) DEFAULT NULL,
  `COMPONENT_TIME` float DEFAULT NULL,
  `QUERIES` int(11) DEFAULT NULL,
  `QUERIES_TIME` float DEFAULT NULL,
  `COMPONENT_NAME` text COLLATE utf8_unicode_ci
) ENGINE=InnoDB DEFAULT CHARSET=utf8 COLLATE=utf8_unicode_ci;

-- --------------------------------------------------------

--
-- Структура таблицы `b_perf_error`
--

CREATE TABLE `b_perf_error` (
  `ID` int(18) NOT NULL,
  `HIT_ID` int(18) DEFAULT NULL,
  `ERRNO` int(18) DEFAULT NULL,
  `ERRSTR` text COLLATE utf8_unicode_ci,
  `ERRFILE` text COLLATE utf8_unicode_ci,
  `ERRLINE` int(18) DEFAULT NULL
) ENGINE=InnoDB DEFAULT CHARSET=utf8 COLLATE=utf8_unicode_ci;

-- --------------------------------------------------------

--
-- Структура таблицы `b_perf_history`
--

CREATE TABLE `b_perf_history` (
  `ID` int(18) NOT NULL,
  `TIMESTAMP_X` timestamp NULL DEFAULT NULL,
  `TOTAL_MARK` float DEFAULT NULL,
  `ACCELERATOR_ENABLED` char(1) COLLATE utf8_unicode_ci DEFAULT NULL
) ENGINE=InnoDB DEFAULT CHARSET=utf8 COLLATE=utf8_unicode_ci;

-- --------------------------------------------------------

--
-- Структура таблицы `b_perf_hit`
--

CREATE TABLE `b_perf_hit` (
  `ID` int(11) NOT NULL,
  `DATE_HIT` datetime DEFAULT NULL,
  `IS_ADMIN` char(1) COLLATE utf8_unicode_ci DEFAULT NULL,
  `REQUEST_METHOD` varchar(50) COLLATE utf8_unicode_ci DEFAULT NULL,
  `SERVER_NAME` varchar(50) COLLATE utf8_unicode_ci DEFAULT NULL,
  `SERVER_PORT` int(11) DEFAULT NULL,
  `SCRIPT_NAME` text COLLATE utf8_unicode_ci,
  `REQUEST_URI` text COLLATE utf8_unicode_ci,
  `INCLUDED_FILES` int(11) DEFAULT NULL,
  `MEMORY_PEAK_USAGE` int(11) DEFAULT NULL,
  `CACHE_TYPE` char(1) COLLATE utf8_unicode_ci DEFAULT NULL,
  `CACHE_SIZE` int(11) DEFAULT NULL,
  `CACHE_COUNT_R` int(11) DEFAULT NULL,
  `CACHE_COUNT_W` int(11) DEFAULT NULL,
  `CACHE_COUNT_C` int(11) DEFAULT NULL,
  `QUERIES` int(11) DEFAULT NULL,
  `QUERIES_TIME` float DEFAULT NULL,
  `COMPONENTS` int(11) DEFAULT NULL,
  `COMPONENTS_TIME` float DEFAULT NULL,
  `SQL_LOG` char(1) COLLATE utf8_unicode_ci DEFAULT NULL,
  `PAGE_TIME` float DEFAULT NULL,
  `PROLOG_TIME` float DEFAULT NULL,
  `PROLOG_BEFORE_TIME` float DEFAULT NULL,
  `AGENTS_TIME` float DEFAULT NULL,
  `PROLOG_AFTER_TIME` float DEFAULT NULL,
  `WORK_AREA_TIME` float DEFAULT NULL,
  `EPILOG_TIME` float DEFAULT NULL,
  `EPILOG_BEFORE_TIME` float DEFAULT NULL,
  `EVENTS_TIME` float DEFAULT NULL,
  `EPILOG_AFTER_TIME` float DEFAULT NULL,
  `MENU_RECALC` int(11) DEFAULT NULL
) ENGINE=InnoDB DEFAULT CHARSET=utf8 COLLATE=utf8_unicode_ci;

-- --------------------------------------------------------

--
-- Структура таблицы `b_perf_index_ban`
--

CREATE TABLE `b_perf_index_ban` (
  `ID` int(11) NOT NULL,
  `BAN_TYPE` char(1) COLLATE utf8_unicode_ci DEFAULT NULL,
  `TABLE_NAME` varchar(50) COLLATE utf8_unicode_ci DEFAULT NULL,
  `COLUMN_NAMES` varchar(250) COLLATE utf8_unicode_ci DEFAULT NULL
) ENGINE=InnoDB DEFAULT CHARSET=utf8 COLLATE=utf8_unicode_ci;

-- --------------------------------------------------------

--
-- Структура таблицы `b_perf_index_complete`
--

CREATE TABLE `b_perf_index_complete` (
  `ID` int(11) NOT NULL,
  `BANNED` char(1) COLLATE utf8_unicode_ci DEFAULT NULL,
  `TABLE_NAME` varchar(50) COLLATE utf8_unicode_ci DEFAULT NULL,
  `COLUMN_NAMES` varchar(250) COLLATE utf8_unicode_ci DEFAULT NULL,
  `INDEX_NAME` varchar(50) COLLATE utf8_unicode_ci DEFAULT NULL
) ENGINE=InnoDB DEFAULT CHARSET=utf8 COLLATE=utf8_unicode_ci;

-- --------------------------------------------------------

--
-- Структура таблицы `b_perf_index_suggest`
--

CREATE TABLE `b_perf_index_suggest` (
  `ID` int(11) NOT NULL,
  `SQL_MD5` char(32) COLLATE utf8_unicode_ci DEFAULT NULL,
  `SQL_COUNT` int(11) DEFAULT NULL,
  `SQL_TIME` float DEFAULT NULL,
  `TABLE_NAME` varchar(50) COLLATE utf8_unicode_ci DEFAULT NULL,
  `TABLE_ALIAS` varchar(50) COLLATE utf8_unicode_ci DEFAULT NULL,
  `COLUMN_NAMES` varchar(250) COLLATE utf8_unicode_ci DEFAULT NULL,
  `SQL_TEXT` text COLLATE utf8_unicode_ci,
  `SQL_EXPLAIN` longtext COLLATE utf8_unicode_ci
) ENGINE=InnoDB DEFAULT CHARSET=utf8 COLLATE=utf8_unicode_ci;

-- --------------------------------------------------------

--
-- Структура таблицы `b_perf_index_suggest_sql`
--

CREATE TABLE `b_perf_index_suggest_sql` (
  `SUGGEST_ID` int(11) NOT NULL,
  `SQL_ID` int(11) NOT NULL
) ENGINE=InnoDB DEFAULT CHARSET=utf8 COLLATE=utf8_unicode_ci;

-- --------------------------------------------------------

--
-- Структура таблицы `b_perf_sql`
--

CREATE TABLE `b_perf_sql` (
  `ID` int(18) NOT NULL,
  `HIT_ID` int(18) DEFAULT NULL,
  `COMPONENT_ID` int(18) DEFAULT NULL,
  `NN` int(18) DEFAULT NULL,
  `QUERY_TIME` float DEFAULT NULL,
  `NODE_ID` int(18) DEFAULT NULL,
  `MODULE_NAME` text COLLATE utf8_unicode_ci,
  `COMPONENT_NAME` text COLLATE utf8_unicode_ci,
  `SQL_TEXT` text COLLATE utf8_unicode_ci
) ENGINE=InnoDB DEFAULT CHARSET=utf8 COLLATE=utf8_unicode_ci;

-- --------------------------------------------------------

--
-- Структура таблицы `b_perf_sql_backtrace`
--

CREATE TABLE `b_perf_sql_backtrace` (
  `SQL_ID` int(18) NOT NULL,
  `NN` int(18) NOT NULL,
  `FILE_NAME` varchar(500) COLLATE utf8_unicode_ci DEFAULT NULL,
  `LINE_NO` int(18) DEFAULT NULL,
  `CLASS_NAME` varchar(500) COLLATE utf8_unicode_ci DEFAULT NULL,
  `FUNCTION_NAME` varchar(500) COLLATE utf8_unicode_ci DEFAULT NULL
) ENGINE=InnoDB DEFAULT CHARSET=utf8 COLLATE=utf8_unicode_ci;

-- --------------------------------------------------------

--
-- Структура таблицы `b_perf_tab_column_stat`
--

CREATE TABLE `b_perf_tab_column_stat` (
  `ID` int(11) NOT NULL,
  `TABLE_NAME` varchar(50) COLLATE utf8_unicode_ci DEFAULT NULL,
  `COLUMN_NAME` varchar(50) COLLATE utf8_unicode_ci DEFAULT NULL,
  `TABLE_ROWS` float DEFAULT NULL,
  `COLUMN_ROWS` float DEFAULT NULL,
  `VALUE` varchar(100) COLLATE utf8_unicode_ci DEFAULT NULL
) ENGINE=InnoDB DEFAULT CHARSET=utf8 COLLATE=utf8_unicode_ci;

-- --------------------------------------------------------

--
-- Структура таблицы `b_perf_tab_stat`
--

CREATE TABLE `b_perf_tab_stat` (
  `TABLE_NAME` varchar(50) COLLATE utf8_unicode_ci NOT NULL,
  `TABLE_SIZE` float DEFAULT NULL,
  `TABLE_ROWS` float DEFAULT NULL
) ENGINE=InnoDB DEFAULT CHARSET=utf8 COLLATE=utf8_unicode_ci;

-- --------------------------------------------------------

--
-- Структура таблицы `b_perf_test`
--

CREATE TABLE `b_perf_test` (
  `ID` int(18) NOT NULL,
  `REFERENCE_ID` int(18) DEFAULT NULL,
  `NAME` varchar(200) COLLATE utf8_unicode_ci DEFAULT NULL
) ENGINE=InnoDB DEFAULT CHARSET=utf8 COLLATE=utf8_unicode_ci;

-- --------------------------------------------------------

--
-- Структура таблицы `b_posting`
--

CREATE TABLE `b_posting` (
  `ID` int(11) NOT NULL,
  `TIMESTAMP_X` timestamp NOT NULL DEFAULT CURRENT_TIMESTAMP ON UPDATE CURRENT_TIMESTAMP,
  `STATUS` char(1) COLLATE utf8_unicode_ci NOT NULL DEFAULT 'D',
  `VERSION` char(1) COLLATE utf8_unicode_ci DEFAULT NULL,
  `DATE_SENT` datetime DEFAULT NULL,
  `SENT_BCC` mediumtext COLLATE utf8_unicode_ci,
  `FROM_FIELD` varchar(255) COLLATE utf8_unicode_ci NOT NULL,
  `TO_FIELD` varchar(255) COLLATE utf8_unicode_ci DEFAULT NULL,
  `BCC_FIELD` mediumtext COLLATE utf8_unicode_ci,
  `EMAIL_FILTER` varchar(255) COLLATE utf8_unicode_ci DEFAULT NULL,
  `SUBJECT` varchar(255) COLLATE utf8_unicode_ci NOT NULL,
  `BODY_TYPE` varchar(4) COLLATE utf8_unicode_ci NOT NULL DEFAULT 'text',
  `BODY` mediumtext COLLATE utf8_unicode_ci NOT NULL,
  `DIRECT_SEND` char(1) COLLATE utf8_unicode_ci NOT NULL DEFAULT 'N',
  `CHARSET` varchar(50) COLLATE utf8_unicode_ci DEFAULT NULL,
  `MSG_CHARSET` varchar(255) COLLATE utf8_unicode_ci DEFAULT NULL,
  `SUBSCR_FORMAT` varchar(4) COLLATE utf8_unicode_ci DEFAULT NULL,
  `ERROR_EMAIL` mediumtext COLLATE utf8_unicode_ci,
  `AUTO_SEND_TIME` datetime DEFAULT NULL,
  `BCC_TO_SEND` mediumtext COLLATE utf8_unicode_ci
) ENGINE=InnoDB DEFAULT CHARSET=utf8 COLLATE=utf8_unicode_ci;

-- --------------------------------------------------------

--
-- Структура таблицы `b_posting_email`
--

CREATE TABLE `b_posting_email` (
  `ID` int(11) NOT NULL,
  `POSTING_ID` int(11) NOT NULL,
  `STATUS` char(1) COLLATE utf8_unicode_ci NOT NULL,
  `EMAIL` varchar(255) COLLATE utf8_unicode_ci NOT NULL,
  `SUBSCRIPTION_ID` int(11) DEFAULT NULL,
  `USER_ID` int(11) DEFAULT NULL
) ENGINE=InnoDB DEFAULT CHARSET=utf8 COLLATE=utf8_unicode_ci;

-- --------------------------------------------------------

--
-- Структура таблицы `b_posting_file`
--

CREATE TABLE `b_posting_file` (
  `POSTING_ID` int(11) NOT NULL,
  `FILE_ID` int(11) NOT NULL
) ENGINE=InnoDB DEFAULT CHARSET=utf8 COLLATE=utf8_unicode_ci;

-- --------------------------------------------------------

--
-- Структура таблицы `b_posting_group`
--

CREATE TABLE `b_posting_group` (
  `POSTING_ID` int(11) NOT NULL,
  `GROUP_ID` int(11) NOT NULL
) ENGINE=InnoDB DEFAULT CHARSET=utf8 COLLATE=utf8_unicode_ci;

-- --------------------------------------------------------

--
-- Структура таблицы `b_posting_rubric`
--

CREATE TABLE `b_posting_rubric` (
  `POSTING_ID` int(11) NOT NULL,
  `LIST_RUBRIC_ID` int(11) NOT NULL
) ENGINE=InnoDB DEFAULT CHARSET=utf8 COLLATE=utf8_unicode_ci;

-- --------------------------------------------------------

--
-- Структура таблицы `b_rating`
--

CREATE TABLE `b_rating` (
  `ID` int(11) NOT NULL,
  `ACTIVE` char(1) COLLATE utf8_unicode_ci NOT NULL,
  `NAME` varchar(512) COLLATE utf8_unicode_ci NOT NULL,
  `ENTITY_ID` varchar(50) COLLATE utf8_unicode_ci NOT NULL,
  `CALCULATION_METHOD` varchar(3) COLLATE utf8_unicode_ci NOT NULL DEFAULT 'SUM',
  `CREATED` datetime DEFAULT NULL,
  `LAST_MODIFIED` datetime DEFAULT NULL,
  `LAST_CALCULATED` datetime DEFAULT NULL,
  `POSITION` char(1) COLLATE utf8_unicode_ci DEFAULT 'N',
  `AUTHORITY` char(1) COLLATE utf8_unicode_ci DEFAULT 'N',
  `CALCULATED` char(1) COLLATE utf8_unicode_ci NOT NULL DEFAULT 'N',
  `CONFIGS` text COLLATE utf8_unicode_ci
) ENGINE=InnoDB DEFAULT CHARSET=utf8 COLLATE=utf8_unicode_ci;

--
-- Дамп данных таблицы `b_rating`
--

INSERT INTO `b_rating` (`ID`, `ACTIVE`, `NAME`, `ENTITY_ID`, `CALCULATION_METHOD`, `CREATED`, `LAST_MODIFIED`, `LAST_CALCULATED`, `POSITION`, `AUTHORITY`, `CALCULATED`, `CONFIGS`) VALUES
(3, 'Y', 'Рейтинг', 'USER', 'SUM', '2022-11-19 11:48:24', '2022-11-19 11:48:24', '2022-12-14 19:50:12', 'Y', 'N', 'Y', 'a:3:{s:4:\"MAIN\";a:1:{s:6:\"RATING\";a:1:{s:5:\"BONUS\";a:2:{s:6:\"ACTIVE\";s:1:\"Y\";s:11:\"COEFFICIENT\";s:1:\"1\";}}}s:5:\"FORUM\";a:2:{s:4:\"VOTE\";a:2:{s:5:\"TOPIC\";a:3:{s:6:\"ACTIVE\";s:1:\"Y\";s:11:\"COEFFICIENT\";s:3:\"0.5\";s:5:\"LIMIT\";s:2:\"30\";}s:4:\"POST\";a:3:{s:6:\"ACTIVE\";s:1:\"Y\";s:11:\"COEFFICIENT\";s:3:\"0.1\";s:5:\"LIMIT\";s:2:\"30\";}}s:6:\"RATING\";a:1:{s:8:\"ACTIVITY\";a:9:{s:6:\"ACTIVE\";s:1:\"Y\";s:16:\"TODAY_TOPIC_COEF\";s:3:\"0.4\";s:15:\"WEEK_TOPIC_COEF\";s:3:\"0.2\";s:16:\"MONTH_TOPIC_COEF\";s:3:\"0.1\";s:14:\"ALL_TOPIC_COEF\";s:1:\"0\";s:15:\"TODAY_POST_COEF\";s:3:\"0.2\";s:14:\"WEEK_POST_COEF\";s:3:\"0.1\";s:15:\"MONTH_POST_COEF\";s:4:\"0.05\";s:13:\"ALL_POST_COEF\";s:1:\"0\";}}}s:4:\"BLOG\";a:2:{s:4:\"VOTE\";a:2:{s:4:\"POST\";a:3:{s:6:\"ACTIVE\";s:1:\"Y\";s:11:\"COEFFICIENT\";s:1:\"1\";s:5:\"LIMIT\";s:2:\"30\";}s:7:\"COMMENT\";a:3:{s:6:\"ACTIVE\";s:1:\"Y\";s:11:\"COEFFICIENT\";s:1:\"1\";s:5:\"LIMIT\";s:2:\"30\";}}s:6:\"RATING\";a:1:{s:8:\"ACTIVITY\";a:9:{s:6:\"ACTIVE\";s:1:\"Y\";s:15:\"TODAY_POST_COEF\";s:3:\"0.4\";s:14:\"WEEK_POST_COEF\";s:3:\"0.2\";s:15:\"MONTH_POST_COEF\";s:3:\"0.1\";s:13:\"ALL_POST_COEF\";s:1:\"0\";s:18:\"TODAY_COMMENT_COEF\";s:3:\"0.2\";s:17:\"WEEK_COMMENT_COEF\";s:3:\"0.1\";s:18:\"MONTH_COMMENT_COEF\";s:4:\"0.05\";s:16:\"ALL_COMMENT_COEF\";s:1:\"0\";}}}}'),
(4, 'Y', 'Авторитет', 'USER', 'SUM', '2022-11-19 11:48:24', '2022-11-19 11:48:24', '2022-12-14 19:50:12', 'Y', 'Y', 'Y', 'a:3:{s:4:\"MAIN\";a:2:{s:4:\"VOTE\";a:1:{s:4:\"USER\";a:3:{s:6:\"ACTIVE\";s:1:\"Y\";s:11:\"COEFFICIENT\";s:1:\"1\";s:5:\"LIMIT\";s:2:\"30\";}}s:6:\"RATING\";a:1:{s:5:\"BONUS\";a:2:{s:6:\"ACTIVE\";s:1:\"Y\";s:11:\"COEFFICIENT\";s:1:\"1\";}}}s:5:\"FORUM\";N;s:4:\"BLOG\";N;}');

-- --------------------------------------------------------

--
-- Структура таблицы `b_rating_component`
--

CREATE TABLE `b_rating_component` (
  `ID` int(11) NOT NULL,
  `RATING_ID` int(11) NOT NULL,
  `ACTIVE` char(1) COLLATE utf8_unicode_ci NOT NULL DEFAULT 'N',
  `ENTITY_ID` varchar(50) COLLATE utf8_unicode_ci NOT NULL,
  `MODULE_ID` varchar(50) COLLATE utf8_unicode_ci NOT NULL,
  `RATING_TYPE` varchar(50) COLLATE utf8_unicode_ci NOT NULL,
  `NAME` varchar(50) COLLATE utf8_unicode_ci NOT NULL,
  `COMPLEX_NAME` varchar(200) COLLATE utf8_unicode_ci NOT NULL,
  `CLASS` varchar(255) COLLATE utf8_unicode_ci NOT NULL,
  `CALC_METHOD` varchar(255) COLLATE utf8_unicode_ci NOT NULL,
  `EXCEPTION_METHOD` varchar(255) COLLATE utf8_unicode_ci DEFAULT NULL,
  `LAST_MODIFIED` datetime DEFAULT NULL,
  `LAST_CALCULATED` datetime DEFAULT NULL,
  `NEXT_CALCULATION` datetime DEFAULT NULL,
  `REFRESH_INTERVAL` int(11) NOT NULL,
  `CONFIG` text COLLATE utf8_unicode_ci
) ENGINE=InnoDB DEFAULT CHARSET=utf8 COLLATE=utf8_unicode_ci;

--
-- Дамп данных таблицы `b_rating_component`
--

INSERT INTO `b_rating_component` (`ID`, `RATING_ID`, `ACTIVE`, `ENTITY_ID`, `MODULE_ID`, `RATING_TYPE`, `NAME`, `COMPLEX_NAME`, `CLASS`, `CALC_METHOD`, `EXCEPTION_METHOD`, `LAST_MODIFIED`, `LAST_CALCULATED`, `NEXT_CALCULATION`, `REFRESH_INTERVAL`, `CONFIG`) VALUES
(1, 3, 'Y', 'USER', 'MAIN', 'RATING', 'BONUS', 'USER_MAIN_RATING_BONUS', 'CRatingsComponentsMain', 'CalcUserBonus', NULL, '2022-11-19 11:48:24', '2022-12-14 19:50:12', '2022-12-14 20:50:12', 3600, 'a:2:{s:6:\"ACTIVE\";s:1:\"Y\";s:11:\"COEFFICIENT\";s:1:\"1\";}'),
(2, 3, 'Y', 'USER', 'FORUM', 'VOTE', 'TOPIC', 'USER_FORUM_VOTE_TOPIC', 'CRatingsComponentsForum', 'CalcUserVoteForumTopic', NULL, '2022-11-19 11:48:24', '2022-12-14 19:50:12', '2022-12-14 20:50:12', 3600, 'a:3:{s:6:\"ACTIVE\";s:1:\"Y\";s:11:\"COEFFICIENT\";s:3:\"0.5\";s:5:\"LIMIT\";s:2:\"30\";}'),
(3, 3, 'Y', 'USER', 'FORUM', 'VOTE', 'POST', 'USER_FORUM_VOTE_POST', 'CRatingsComponentsForum', 'CalcUserVoteForumPost', NULL, '2022-11-19 11:48:24', '2022-12-14 19:50:12', '2022-12-14 20:50:12', 3600, 'a:3:{s:6:\"ACTIVE\";s:1:\"Y\";s:11:\"COEFFICIENT\";s:3:\"0.1\";s:5:\"LIMIT\";s:2:\"30\";}'),
(4, 3, 'Y', 'USER', 'FORUM', 'RATING', 'ACTIVITY', 'USER_FORUM_RATING_ACTIVITY', 'CRatingsComponentsForum', 'CalcUserRatingForumActivity', 'ExceptionUserRatingForumActivity', '2022-11-19 11:48:24', '2022-12-14 18:50:10', '2022-12-14 20:50:10', 7200, 'a:9:{s:6:\"ACTIVE\";s:1:\"Y\";s:16:\"TODAY_TOPIC_COEF\";s:3:\"0.4\";s:15:\"WEEK_TOPIC_COEF\";s:3:\"0.2\";s:16:\"MONTH_TOPIC_COEF\";s:3:\"0.1\";s:14:\"ALL_TOPIC_COEF\";s:1:\"0\";s:15:\"TODAY_POST_COEF\";s:3:\"0.2\";s:14:\"WEEK_POST_COEF\";s:3:\"0.1\";s:15:\"MONTH_POST_COEF\";s:4:\"0.05\";s:13:\"ALL_POST_COEF\";s:1:\"0\";}'),
(5, 3, 'Y', 'USER', 'BLOG', 'VOTE', 'POST', 'USER_BLOG_VOTE_POST', 'CRatingsComponentsBlog', 'CalcPost', NULL, '2022-11-19 11:48:24', '2022-12-14 19:50:12', '2022-12-14 20:50:12', 3600, 'a:3:{s:6:\"ACTIVE\";s:1:\"Y\";s:11:\"COEFFICIENT\";s:1:\"1\";s:5:\"LIMIT\";s:2:\"30\";}'),
(6, 3, 'Y', 'USER', 'BLOG', 'VOTE', 'COMMENT', 'USER_BLOG_VOTE_COMMENT', 'CRatingsComponentsBlog', 'CalcComment', NULL, '2022-11-19 11:48:24', '2022-12-14 19:50:12', '2022-12-14 20:50:12', 3600, 'a:3:{s:6:\"ACTIVE\";s:1:\"Y\";s:11:\"COEFFICIENT\";s:1:\"1\";s:5:\"LIMIT\";s:2:\"30\";}'),
(7, 3, 'Y', 'USER', 'BLOG', 'RATING', 'ACTIVITY', 'USER_BLOG_RATING_ACTIVITY', 'CRatingsComponentsBlog', 'CalcActivity', NULL, '2022-11-19 11:48:24', '2022-12-14 18:50:10', '2022-12-14 20:50:10', 7200, 'a:9:{s:6:\"ACTIVE\";s:1:\"Y\";s:15:\"TODAY_POST_COEF\";s:3:\"0.4\";s:14:\"WEEK_POST_COEF\";s:3:\"0.2\";s:15:\"MONTH_POST_COEF\";s:3:\"0.1\";s:13:\"ALL_POST_COEF\";s:1:\"0\";s:18:\"TODAY_COMMENT_COEF\";s:3:\"0.2\";s:17:\"WEEK_COMMENT_COEF\";s:3:\"0.1\";s:18:\"MONTH_COMMENT_COEF\";s:4:\"0.05\";s:16:\"ALL_COMMENT_COEF\";s:1:\"0\";}'),
(8, 4, 'Y', 'USER', 'MAIN', 'VOTE', 'USER', 'USER_MAIN_VOTE_USER', 'CRatingsComponentsMain', 'CalcVoteUser', NULL, '2022-11-19 11:48:24', '2022-12-14 19:50:12', '2022-12-14 20:50:12', 3600, 'a:3:{s:6:\"ACTIVE\";s:1:\"Y\";s:11:\"COEFFICIENT\";s:1:\"1\";s:5:\"LIMIT\";s:2:\"30\";}'),
(9, 4, 'Y', 'USER', 'MAIN', 'RATING', 'BONUS', 'USER_MAIN_RATING_BONUS', 'CRatingsComponentsMain', 'CalcUserBonus', NULL, '2022-11-19 11:48:24', '2022-12-14 19:50:12', '2022-12-14 20:50:12', 3600, 'a:2:{s:6:\"ACTIVE\";s:1:\"Y\";s:11:\"COEFFICIENT\";s:1:\"1\";}');

-- --------------------------------------------------------

--
-- Структура таблицы `b_rating_component_results`
--

CREATE TABLE `b_rating_component_results` (
  `ID` int(11) NOT NULL,
  `RATING_ID` int(11) NOT NULL,
  `ENTITY_TYPE_ID` varchar(50) COLLATE utf8_unicode_ci NOT NULL,
  `ENTITY_ID` int(11) NOT NULL,
  `MODULE_ID` varchar(50) COLLATE utf8_unicode_ci NOT NULL,
  `RATING_TYPE` varchar(50) COLLATE utf8_unicode_ci NOT NULL,
  `NAME` varchar(50) COLLATE utf8_unicode_ci NOT NULL,
  `COMPLEX_NAME` varchar(200) COLLATE utf8_unicode_ci NOT NULL,
  `CURRENT_VALUE` decimal(18,4) DEFAULT NULL
) ENGINE=InnoDB DEFAULT CHARSET=utf8 COLLATE=utf8_unicode_ci;

--
-- Дамп данных таблицы `b_rating_component_results`
--

INSERT INTO `b_rating_component_results` (`ID`, `RATING_ID`, `ENTITY_TYPE_ID`, `ENTITY_ID`, `MODULE_ID`, `RATING_TYPE`, `NAME`, `COMPLEX_NAME`, `CURRENT_VALUE`) VALUES
(260, 3, 'USER', 1, 'MAIN', 'RATING', 'BONUS', 'USER_MAIN_RATING_BONUS', '0.0000'),
(261, 4, 'USER', 1, 'MAIN', 'RATING', 'BONUS', 'USER_MAIN_RATING_BONUS', '3.0000');

-- --------------------------------------------------------

--
-- Структура таблицы `b_rating_prepare`
--

CREATE TABLE `b_rating_prepare` (
  `ID` int(11) DEFAULT NULL
) ENGINE=InnoDB DEFAULT CHARSET=utf8 COLLATE=utf8_unicode_ci;

-- --------------------------------------------------------

--
-- Структура таблицы `b_rating_results`
--

CREATE TABLE `b_rating_results` (
  `ID` int(11) NOT NULL,
  `RATING_ID` int(11) NOT NULL,
  `ENTITY_TYPE_ID` varchar(50) COLLATE utf8_unicode_ci NOT NULL,
  `ENTITY_ID` int(11) NOT NULL,
  `CURRENT_VALUE` decimal(18,4) DEFAULT NULL,
  `PREVIOUS_VALUE` decimal(18,4) DEFAULT NULL,
  `CURRENT_POSITION` int(11) DEFAULT '0',
  `PREVIOUS_POSITION` int(11) DEFAULT '0'
) ENGINE=InnoDB DEFAULT CHARSET=utf8 COLLATE=utf8_unicode_ci;

--
-- Дамп данных таблицы `b_rating_results`
--

INSERT INTO `b_rating_results` (`ID`, `RATING_ID`, `ENTITY_TYPE_ID`, `ENTITY_ID`, `CURRENT_VALUE`, `PREVIOUS_VALUE`, `CURRENT_POSITION`, `PREVIOUS_POSITION`) VALUES
(1, 4, 'USER', 1, '3.0000', '30.0000', 1, 0),
(2, 3, 'USER', 1, '0.0000', '0.0000', 1, 0);

-- --------------------------------------------------------

--
-- Структура таблицы `b_rating_rule`
--

CREATE TABLE `b_rating_rule` (
  `ID` int(11) NOT NULL,
  `ACTIVE` char(1) COLLATE utf8_unicode_ci NOT NULL DEFAULT 'N',
  `NAME` varchar(256) COLLATE utf8_unicode_ci NOT NULL,
  `ENTITY_TYPE_ID` varchar(50) COLLATE utf8_unicode_ci NOT NULL,
  `CONDITION_NAME` varchar(200) COLLATE utf8_unicode_ci NOT NULL,
  `CONDITION_MODULE` varchar(50) COLLATE utf8_unicode_ci DEFAULT NULL,
  `CONDITION_CLASS` varchar(255) COLLATE utf8_unicode_ci NOT NULL,
  `CONDITION_METHOD` varchar(255) COLLATE utf8_unicode_ci NOT NULL,
  `CONDITION_CONFIG` text COLLATE utf8_unicode_ci,
  `ACTION_NAME` varchar(200) COLLATE utf8_unicode_ci NOT NULL,
  `ACTION_CONFIG` text COLLATE utf8_unicode_ci,
  `ACTIVATE` char(1) COLLATE utf8_unicode_ci NOT NULL DEFAULT 'N',
  `ACTIVATE_CLASS` varchar(255) COLLATE utf8_unicode_ci NOT NULL,
  `ACTIVATE_METHOD` varchar(255) COLLATE utf8_unicode_ci NOT NULL,
  `DEACTIVATE` char(1) COLLATE utf8_unicode_ci NOT NULL DEFAULT 'N',
  `DEACTIVATE_CLASS` varchar(255) COLLATE utf8_unicode_ci NOT NULL,
  `DEACTIVATE_METHOD` varchar(255) COLLATE utf8_unicode_ci NOT NULL,
  `CREATED` datetime DEFAULT NULL,
  `LAST_MODIFIED` datetime DEFAULT NULL,
  `LAST_APPLIED` datetime DEFAULT NULL
) ENGINE=InnoDB DEFAULT CHARSET=utf8 COLLATE=utf8_unicode_ci;

--
-- Дамп данных таблицы `b_rating_rule`
--

INSERT INTO `b_rating_rule` (`ID`, `ACTIVE`, `NAME`, `ENTITY_TYPE_ID`, `CONDITION_NAME`, `CONDITION_MODULE`, `CONDITION_CLASS`, `CONDITION_METHOD`, `CONDITION_CONFIG`, `ACTION_NAME`, `ACTION_CONFIG`, `ACTIVATE`, `ACTIVATE_CLASS`, `ACTIVATE_METHOD`, `DEACTIVATE`, `DEACTIVATE_CLASS`, `DEACTIVATE_METHOD`, `CREATED`, `LAST_MODIFIED`, `LAST_APPLIED`) VALUES
(1, 'N', 'Добавление в группу пользователей, имеющих право голосовать за рейтинг', 'USER', 'AUTHORITY', NULL, 'CRatingRulesMain', 'ratingCheck', 'a:1:{s:9:\"AUTHORITY\";a:2:{s:16:\"RATING_CONDITION\";i:1;s:12:\"RATING_VALUE\";i:1;}}', 'ADD_TO_GROUP', 'a:1:{s:12:\"ADD_TO_GROUP\";a:1:{s:8:\"GROUP_ID\";s:1:\"3\";}}', 'N', 'CRatingRulesMain', 'addToGroup', 'N', 'CRatingRulesMain ', 'addToGroup', '2022-11-19 11:41:03', '2022-11-19 11:41:03', NULL),
(2, 'N', 'Удаление из группы пользователей, не имеющих права голосовать за рейтинг', 'USER', 'AUTHORITY', NULL, 'CRatingRulesMain', 'ratingCheck', 'a:1:{s:9:\"AUTHORITY\";a:2:{s:16:\"RATING_CONDITION\";i:2;s:12:\"RATING_VALUE\";i:1;}}', 'REMOVE_FROM_GROUP', 'a:1:{s:17:\"REMOVE_FROM_GROUP\";a:1:{s:8:\"GROUP_ID\";s:1:\"3\";}}', 'N', 'CRatingRulesMain', 'removeFromGroup', 'N', 'CRatingRulesMain ', 'removeFromGroup', '2022-11-19 11:41:03', '2022-11-19 11:41:03', NULL),
(3, 'N', 'Добавление в группу пользователей, имеющих право голосовать за авторитет', 'USER', 'AUTHORITY', NULL, 'CRatingRulesMain', 'ratingCheck', 'a:1:{s:9:\"AUTHORITY\";a:2:{s:16:\"RATING_CONDITION\";i:1;s:12:\"RATING_VALUE\";i:2;}}', 'ADD_TO_GROUP', 'a:1:{s:12:\"ADD_TO_GROUP\";a:1:{s:8:\"GROUP_ID\";s:1:\"4\";}}', 'N', 'CRatingRulesMain', 'addToGroup', 'N', 'CRatingRulesMain ', 'addToGroup', '2022-11-19 11:41:03', '2022-11-19 11:41:03', NULL),
(4, 'N', 'Удаление из группы пользователей, не имеющих права голосовать за авторитет', 'USER', 'AUTHORITY', NULL, 'CRatingRulesMain', 'ratingCheck', 'a:1:{s:9:\"AUTHORITY\";a:2:{s:16:\"RATING_CONDITION\";i:2;s:12:\"RATING_VALUE\";i:2;}}', 'REMOVE_FROM_GROUP', 'a:1:{s:17:\"REMOVE_FROM_GROUP\";a:1:{s:8:\"GROUP_ID\";s:1:\"4\";}}', 'N', 'CRatingRulesMain', 'removeFromGroup', 'N', 'CRatingRulesMain ', 'removeFromGroup', '2022-11-19 11:41:03', '2022-11-19 11:41:03', NULL),
(5, 'Y', 'Автоматическое голосование за авторитет пользователя', 'USER', 'VOTE', NULL, 'CRatingRulesMain', 'voteCheck', 'a:1:{s:4:\"VOTE\";a:6:{s:10:\"VOTE_LIMIT\";i:90;s:11:\"VOTE_RESULT\";i:10;s:16:\"VOTE_FORUM_TOPIC\";d:0.5;s:15:\"VOTE_FORUM_POST\";d:0.1000000000000000055511151231257827021181583404541015625;s:14:\"VOTE_BLOG_POST\";d:0.5;s:17:\"VOTE_BLOG_COMMENT\";d:0.1000000000000000055511151231257827021181583404541015625;}}', 'empty', 'a:0:{}', 'N', 'empty', 'empty', 'N', 'empty ', 'empty', '2022-11-19 11:41:03', '2022-11-19 11:41:03', NULL);

-- --------------------------------------------------------

--
-- Структура таблицы `b_rating_rule_vetting`
--

CREATE TABLE `b_rating_rule_vetting` (
  `ID` int(11) NOT NULL,
  `RULE_ID` int(11) NOT NULL,
  `ENTITY_TYPE_ID` varchar(50) COLLATE utf8_unicode_ci NOT NULL,
  `ENTITY_ID` int(11) NOT NULL,
  `ACTIVATE` char(1) COLLATE utf8_unicode_ci NOT NULL DEFAULT 'N',
  `APPLIED` char(1) COLLATE utf8_unicode_ci NOT NULL DEFAULT 'N'
) ENGINE=InnoDB DEFAULT CHARSET=utf8 COLLATE=utf8_unicode_ci;

-- --------------------------------------------------------

--
-- Структура таблицы `b_rating_user`
--

CREATE TABLE `b_rating_user` (
  `ID` int(11) NOT NULL,
  `RATING_ID` int(11) NOT NULL,
  `ENTITY_ID` int(11) NOT NULL,
  `BONUS` decimal(18,4) DEFAULT '0.0000',
  `VOTE_WEIGHT` decimal(18,4) DEFAULT '0.0000',
  `VOTE_COUNT` int(11) DEFAULT '0'
) ENGINE=InnoDB DEFAULT CHARSET=utf8 COLLATE=utf8_unicode_ci;

--
-- Дамп данных таблицы `b_rating_user`
--

INSERT INTO `b_rating_user` (`ID`, `RATING_ID`, `ENTITY_ID`, `BONUS`, `VOTE_WEIGHT`, `VOTE_COUNT`) VALUES
(2, 4, 1, '3.0000', '3.0000', 13),
(3, 3, 1, '0.0000', '0.0000', 0);

-- --------------------------------------------------------

--
-- Структура таблицы `b_rating_vote`
--

CREATE TABLE `b_rating_vote` (
  `ID` int(11) NOT NULL,
  `RATING_VOTING_ID` int(11) NOT NULL,
  `ENTITY_TYPE_ID` varchar(50) COLLATE utf8_unicode_ci NOT NULL,
  `ENTITY_ID` int(11) NOT NULL,
  `OWNER_ID` int(11) NOT NULL,
  `VALUE` decimal(18,4) NOT NULL,
  `ACTIVE` char(1) COLLATE utf8_unicode_ci NOT NULL,
  `CREATED` datetime NOT NULL,
  `USER_ID` int(11) NOT NULL,
  `USER_IP` varchar(64) COLLATE utf8_unicode_ci NOT NULL,
  `REACTION` varchar(8) COLLATE utf8_unicode_ci DEFAULT NULL
) ENGINE=InnoDB DEFAULT CHARSET=utf8 COLLATE=utf8_unicode_ci;

-- --------------------------------------------------------

--
-- Структура таблицы `b_rating_vote_group`
--

CREATE TABLE `b_rating_vote_group` (
  `ID` int(11) NOT NULL,
  `GROUP_ID` int(11) NOT NULL,
  `TYPE` char(1) COLLATE utf8_unicode_ci NOT NULL
) ENGINE=InnoDB DEFAULT CHARSET=utf8 COLLATE=utf8_unicode_ci;

--
-- Дамп данных таблицы `b_rating_vote_group`
--

INSERT INTO `b_rating_vote_group` (`ID`, `GROUP_ID`, `TYPE`) VALUES
(5, 1, 'A'),
(1, 1, 'R'),
(3, 1, 'R'),
(2, 3, 'R'),
(4, 3, 'R'),
(6, 4, 'A');

-- --------------------------------------------------------

--
-- Структура таблицы `b_rating_voting`
--

CREATE TABLE `b_rating_voting` (
  `ID` int(11) NOT NULL,
  `ENTITY_TYPE_ID` varchar(50) COLLATE utf8_unicode_ci NOT NULL,
  `ENTITY_ID` int(11) NOT NULL,
  `OWNER_ID` int(11) NOT NULL,
  `ACTIVE` char(1) COLLATE utf8_unicode_ci NOT NULL,
  `CREATED` datetime DEFAULT NULL,
  `LAST_CALCULATED` datetime DEFAULT NULL,
  `TOTAL_VALUE` decimal(18,4) NOT NULL,
  `TOTAL_VOTES` int(11) NOT NULL,
  `TOTAL_POSITIVE_VOTES` int(11) NOT NULL,
  `TOTAL_NEGATIVE_VOTES` int(11) NOT NULL
) ENGINE=InnoDB DEFAULT CHARSET=utf8 COLLATE=utf8_unicode_ci;

-- --------------------------------------------------------

--
-- Структура таблицы `b_rating_voting_prepare`
--

CREATE TABLE `b_rating_voting_prepare` (
  `ID` int(11) NOT NULL,
  `RATING_VOTING_ID` int(11) NOT NULL,
  `TOTAL_VALUE` decimal(18,4) NOT NULL,
  `TOTAL_VOTES` int(11) NOT NULL,
  `TOTAL_POSITIVE_VOTES` int(11) NOT NULL,
  `TOTAL_NEGATIVE_VOTES` int(11) NOT NULL
) ENGINE=InnoDB DEFAULT CHARSET=utf8 COLLATE=utf8_unicode_ci;

-- --------------------------------------------------------

--
-- Структура таблицы `b_rating_voting_reaction`
--

CREATE TABLE `b_rating_voting_reaction` (
  `ENTITY_TYPE_ID` varchar(50) COLLATE utf8_unicode_ci NOT NULL,
  `ENTITY_ID` int(11) NOT NULL,
  `REACTION` varchar(8) COLLATE utf8_unicode_ci NOT NULL DEFAULT '',
  `TOTAL_VOTES` int(11) NOT NULL
) ENGINE=InnoDB DEFAULT CHARSET=utf8 COLLATE=utf8_unicode_ci;

-- --------------------------------------------------------

--
-- Структура таблицы `b_rating_weight`
--

CREATE TABLE `b_rating_weight` (
  `ID` int(11) NOT NULL,
  `RATING_FROM` decimal(18,4) NOT NULL,
  `RATING_TO` decimal(18,4) NOT NULL,
  `WEIGHT` decimal(18,4) DEFAULT '0.0000',
  `COUNT` int(11) DEFAULT '0'
) ENGINE=InnoDB DEFAULT CHARSET=utf8 COLLATE=utf8_unicode_ci;

--
-- Дамп данных таблицы `b_rating_weight`
--

INSERT INTO `b_rating_weight` (`ID`, `RATING_FROM`, `RATING_TO`, `WEIGHT`, `COUNT`) VALUES
(1, '-1000000.0000', '1000000.0000', '1.0000', 10);

-- --------------------------------------------------------

--
-- Структура таблицы `b_rest_ap`
--

CREATE TABLE `b_rest_ap` (
  `ID` int(11) NOT NULL,
  `USER_ID` int(11) NOT NULL,
  `PASSWORD` varchar(50) COLLATE utf8_unicode_ci NOT NULL,
  `ACTIVE` char(1) COLLATE utf8_unicode_ci DEFAULT 'Y',
  `TITLE` varchar(255) COLLATE utf8_unicode_ci DEFAULT '',
  `COMMENT` varchar(255) COLLATE utf8_unicode_ci DEFAULT '',
  `DATE_CREATE` datetime DEFAULT NULL,
  `DATE_LOGIN` datetime DEFAULT NULL,
  `LAST_IP` varchar(255) COLLATE utf8_unicode_ci DEFAULT NULL
) ENGINE=InnoDB DEFAULT CHARSET=utf8 COLLATE=utf8_unicode_ci;

-- --------------------------------------------------------

--
-- Структура таблицы `b_rest_app`
--

CREATE TABLE `b_rest_app` (
  `ID` int(11) NOT NULL,
  `CLIENT_ID` varchar(128) COLLATE utf8_unicode_ci NOT NULL,
  `CODE` varchar(128) COLLATE utf8_unicode_ci NOT NULL,
  `ACTIVE` char(1) COLLATE utf8_unicode_ci NOT NULL DEFAULT 'Y',
  `INSTALLED` char(1) COLLATE utf8_unicode_ci NOT NULL DEFAULT 'N',
  `URL` varchar(1000) COLLATE utf8_unicode_ci NOT NULL,
  `URL_DEMO` varchar(1000) COLLATE utf8_unicode_ci DEFAULT NULL,
  `URL_INSTALL` varchar(1000) COLLATE utf8_unicode_ci DEFAULT NULL,
  `VERSION` varchar(4) COLLATE utf8_unicode_ci DEFAULT '1',
  `SCOPE` varchar(2000) COLLATE utf8_unicode_ci NOT NULL,
  `STATUS` char(1) COLLATE utf8_unicode_ci NOT NULL DEFAULT 'F',
  `DATE_FINISH` date DEFAULT NULL,
  `IS_TRIALED` char(1) COLLATE utf8_unicode_ci DEFAULT 'N',
  `SHARED_KEY` varchar(32) COLLATE utf8_unicode_ci DEFAULT NULL,
  `CLIENT_SECRET` varchar(100) COLLATE utf8_unicode_ci DEFAULT NULL,
  `APP_NAME` varchar(1000) COLLATE utf8_unicode_ci DEFAULT NULL,
  `ACCESS` varchar(2000) COLLATE utf8_unicode_ci DEFAULT '',
  `APPLICATION_TOKEN` varchar(50) COLLATE utf8_unicode_ci DEFAULT '',
  `MOBILE` char(1) COLLATE utf8_unicode_ci DEFAULT 'N',
  `USER_INSTALL` char(1) COLLATE utf8_unicode_ci DEFAULT 'N'
) ENGINE=InnoDB DEFAULT CHARSET=utf8 COLLATE=utf8_unicode_ci;

-- --------------------------------------------------------

--
-- Структура таблицы `b_rest_app_lang`
--

CREATE TABLE `b_rest_app_lang` (
  `ID` int(11) NOT NULL,
  `APP_ID` int(11) NOT NULL,
  `LANGUAGE_ID` char(2) COLLATE utf8_unicode_ci NOT NULL,
  `MENU_NAME` varchar(500) COLLATE utf8_unicode_ci DEFAULT NULL
) ENGINE=InnoDB DEFAULT CHARSET=utf8 COLLATE=utf8_unicode_ci;

-- --------------------------------------------------------

--
-- Структура таблицы `b_rest_app_log`
--

CREATE TABLE `b_rest_app_log` (
  `ID` int(11) NOT NULL,
  `TIMESTAMP_X` timestamp NOT NULL DEFAULT CURRENT_TIMESTAMP,
  `APP_ID` int(11) NOT NULL,
  `ACTION_TYPE` varchar(50) COLLATE utf8_unicode_ci NOT NULL,
  `USER_ID` int(11) NOT NULL,
  `USER_ADMIN` char(1) COLLATE utf8_unicode_ci DEFAULT 'Y'
) ENGINE=InnoDB DEFAULT CHARSET=utf8 COLLATE=utf8_unicode_ci;

-- --------------------------------------------------------

--
-- Структура таблицы `b_rest_ap_permission`
--

CREATE TABLE `b_rest_ap_permission` (
  `ID` int(11) NOT NULL,
  `PASSWORD_ID` int(11) NOT NULL,
  `PERM` varchar(100) COLLATE utf8_unicode_ci NOT NULL
) ENGINE=InnoDB DEFAULT CHARSET=utf8 COLLATE=utf8_unicode_ci;

-- --------------------------------------------------------

--
-- Структура таблицы `b_rest_configuration_storage`
--

CREATE TABLE `b_rest_configuration_storage` (
  `ID` int(11) NOT NULL,
  `CREATE_TIME` timestamp NULL DEFAULT NULL,
  `CONTEXT` varchar(128) COLLATE utf8_unicode_ci NOT NULL,
  `CODE` varchar(32) COLLATE utf8_unicode_ci NOT NULL,
  `DATA` text COLLATE utf8_unicode_ci NOT NULL
) ENGINE=InnoDB DEFAULT CHARSET=utf8 COLLATE=utf8_unicode_ci;

-- --------------------------------------------------------

--
-- Структура таблицы `b_rest_event`
--

CREATE TABLE `b_rest_event` (
  `ID` int(11) NOT NULL,
  `APP_ID` int(11) DEFAULT NULL,
  `EVENT_NAME` varchar(255) COLLATE utf8_unicode_ci NOT NULL,
  `EVENT_HANDLER` varchar(255) COLLATE utf8_unicode_ci NOT NULL,
  `USER_ID` int(11) DEFAULT '0',
  `TITLE` varchar(255) COLLATE utf8_unicode_ci DEFAULT '',
  `COMMENT` varchar(255) COLLATE utf8_unicode_ci DEFAULT '',
  `DATE_CREATE` datetime DEFAULT NULL,
  `APPLICATION_TOKEN` varchar(50) COLLATE utf8_unicode_ci DEFAULT '',
  `CONNECTOR_ID` varchar(255) COLLATE utf8_unicode_ci DEFAULT '',
  `INTEGRATION_ID` int(11) DEFAULT NULL,
  `OPTIONS` varchar(1024) COLLATE utf8_unicode_ci DEFAULT NULL
) ENGINE=InnoDB DEFAULT CHARSET=utf8 COLLATE=utf8_unicode_ci;

-- --------------------------------------------------------

--
-- Структура таблицы `b_rest_event_offline`
--

CREATE TABLE `b_rest_event_offline` (
  `ID` int(11) NOT NULL,
  `TIMESTAMP_X` timestamp NULL DEFAULT CURRENT_TIMESTAMP,
  `MESSAGE_ID` varchar(100) COLLATE utf8_unicode_ci NOT NULL,
  `APP_ID` int(11) NOT NULL,
  `EVENT_NAME` varchar(255) COLLATE utf8_unicode_ci NOT NULL,
  `EVENT_DATA` text COLLATE utf8_unicode_ci,
  `EVENT_ADDITIONAL` text COLLATE utf8_unicode_ci,
  `PROCESS_ID` varchar(255) COLLATE utf8_unicode_ci DEFAULT '',
  `CONNECTOR_ID` varchar(255) COLLATE utf8_unicode_ci DEFAULT '',
  `ERROR` int(3) DEFAULT '0'
) ENGINE=InnoDB DEFAULT CHARSET=utf8 COLLATE=utf8_unicode_ci;

-- --------------------------------------------------------

--
-- Структура таблицы `b_rest_integration`
--

CREATE TABLE `b_rest_integration` (
  `ID` int(11) NOT NULL,
  `USER_ID` int(11) DEFAULT NULL,
  `ELEMENT_CODE` varchar(256) COLLATE utf8_unicode_ci NOT NULL,
  `TITLE` varchar(256) COLLATE utf8_unicode_ci NOT NULL,
  `PASSWORD_ID` int(11) DEFAULT NULL,
  `APP_ID` int(11) DEFAULT NULL,
  `SCOPE` text COLLATE utf8_unicode_ci,
  `QUERY` text COLLATE utf8_unicode_ci,
  `OUTGOING_EVENTS` text COLLATE utf8_unicode_ci,
  `OUTGOING_NEEDED` char(1) COLLATE utf8_unicode_ci DEFAULT NULL,
  `OUTGOING_HANDLER_URL` varchar(2048) COLLATE utf8_unicode_ci DEFAULT NULL,
  `WIDGET_NEEDED` char(1) COLLATE utf8_unicode_ci DEFAULT NULL,
  `WIDGET_HANDLER_URL` varchar(2048) COLLATE utf8_unicode_ci DEFAULT NULL,
  `WIDGET_LIST` text COLLATE utf8_unicode_ci,
  `APPLICATION_TOKEN` varchar(50) COLLATE utf8_unicode_ci DEFAULT NULL,
  `APPLICATION_NEEDED` char(1) COLLATE utf8_unicode_ci DEFAULT NULL,
  `APPLICATION_ONLY_API` char(1) COLLATE utf8_unicode_ci DEFAULT NULL,
  `BOT_ID` int(11) DEFAULT NULL,
  `BOT_HANDLER_URL` varchar(2048) COLLATE utf8_unicode_ci DEFAULT NULL
) ENGINE=InnoDB DEFAULT CHARSET=utf8 COLLATE=utf8_unicode_ci;

-- --------------------------------------------------------

--
-- Структура таблицы `b_rest_log`
--

CREATE TABLE `b_rest_log` (
  `ID` int(11) NOT NULL,
  `TIMESTAMP_X` timestamp NOT NULL DEFAULT CURRENT_TIMESTAMP,
  `CLIENT_ID` varchar(45) COLLATE utf8_unicode_ci DEFAULT NULL,
  `PASSWORD_ID` int(11) DEFAULT NULL,
  `SCOPE` varchar(50) COLLATE utf8_unicode_ci DEFAULT NULL,
  `METHOD` varchar(255) COLLATE utf8_unicode_ci DEFAULT NULL,
  `REQUEST_METHOD` varchar(10) COLLATE utf8_unicode_ci DEFAULT NULL,
  `REQUEST_URI` varchar(255) COLLATE utf8_unicode_ci DEFAULT NULL,
  `REQUEST_AUTH` text COLLATE utf8_unicode_ci,
  `REQUEST_DATA` text COLLATE utf8_unicode_ci,
  `RESPONSE_STATUS` varchar(20) COLLATE utf8_unicode_ci DEFAULT NULL,
  `RESPONSE_DATA` longtext COLLATE utf8_unicode_ci
) ENGINE=InnoDB DEFAULT CHARSET=utf8 COLLATE=utf8_unicode_ci;

-- --------------------------------------------------------

--
-- Структура таблицы `b_rest_owner_entity`
--

CREATE TABLE `b_rest_owner_entity` (
  `ID` int(11) NOT NULL,
  `OWNER_TYPE` char(1) COLLATE utf8_unicode_ci NOT NULL,
  `OWNER` int(11) NOT NULL,
  `ENTITY_TYPE` varchar(32) COLLATE utf8_unicode_ci NOT NULL,
  `ENTITY` varchar(32) COLLATE utf8_unicode_ci NOT NULL
) ENGINE=InnoDB DEFAULT CHARSET=utf8 COLLATE=utf8_unicode_ci;

-- --------------------------------------------------------

--
-- Структура таблицы `b_rest_placement`
--

CREATE TABLE `b_rest_placement` (
  `ID` int(11) NOT NULL,
  `APP_ID` int(11) DEFAULT NULL,
  `PLACEMENT` varchar(255) COLLATE utf8_unicode_ci NOT NULL,
  `PLACEMENT_HANDLER` varchar(255) COLLATE utf8_unicode_ci NOT NULL,
  `ICON_ID` int(11) DEFAULT NULL,
  `TITLE` varchar(255) COLLATE utf8_unicode_ci DEFAULT '',
  `GROUP_NAME` varchar(255) COLLATE utf8_unicode_ci DEFAULT '',
  `COMMENT` varchar(255) COLLATE utf8_unicode_ci DEFAULT '',
  `DATE_CREATE` datetime DEFAULT NULL,
  `ADDITIONAL` varchar(255) COLLATE utf8_unicode_ci DEFAULT NULL,
  `OPTIONS` varchar(2048) COLLATE utf8_unicode_ci DEFAULT NULL
) ENGINE=InnoDB DEFAULT CHARSET=utf8 COLLATE=utf8_unicode_ci;

-- --------------------------------------------------------

--
-- Структура таблицы `b_rest_placement_lang`
--

CREATE TABLE `b_rest_placement_lang` (
  `ID` int(11) NOT NULL,
  `PLACEMENT_ID` int(11) NOT NULL,
  `LANGUAGE_ID` varchar(2) COLLATE utf8_unicode_ci NOT NULL,
  `TITLE` varchar(255) COLLATE utf8_unicode_ci DEFAULT NULL,
  `DESCRIPTION` varchar(255) COLLATE utf8_unicode_ci DEFAULT NULL,
  `GROUP_NAME` varchar(255) COLLATE utf8_unicode_ci DEFAULT NULL
) ENGINE=InnoDB DEFAULT CHARSET=utf8 COLLATE=utf8_unicode_ci;

-- --------------------------------------------------------

--
-- Структура таблицы `b_rest_stat`
--

CREATE TABLE `b_rest_stat` (
  `STAT_DATE` date NOT NULL,
  `APP_ID` int(11) NOT NULL,
  `METHOD_ID` int(11) NOT NULL,
  `HOUR_0` int(11) NOT NULL DEFAULT '0',
  `HOUR_1` int(11) NOT NULL DEFAULT '0',
  `HOUR_2` int(11) NOT NULL DEFAULT '0',
  `HOUR_3` int(11) NOT NULL DEFAULT '0',
  `HOUR_4` int(11) NOT NULL DEFAULT '0',
  `HOUR_5` int(11) NOT NULL DEFAULT '0',
  `HOUR_6` int(11) NOT NULL DEFAULT '0',
  `HOUR_7` int(11) NOT NULL DEFAULT '0',
  `HOUR_8` int(11) NOT NULL DEFAULT '0',
  `HOUR_9` int(11) NOT NULL DEFAULT '0',
  `HOUR_10` int(11) NOT NULL DEFAULT '0',
  `HOUR_11` int(11) NOT NULL DEFAULT '0',
  `HOUR_12` int(11) NOT NULL DEFAULT '0',
  `HOUR_13` int(11) NOT NULL DEFAULT '0',
  `HOUR_14` int(11) NOT NULL DEFAULT '0',
  `HOUR_15` int(11) NOT NULL DEFAULT '0',
  `HOUR_16` int(11) NOT NULL DEFAULT '0',
  `HOUR_17` int(11) NOT NULL DEFAULT '0',
  `HOUR_18` int(11) NOT NULL DEFAULT '0',
  `HOUR_19` int(11) NOT NULL DEFAULT '0',
  `HOUR_20` int(11) NOT NULL DEFAULT '0',
  `HOUR_21` int(11) NOT NULL DEFAULT '0',
  `HOUR_22` int(11) NOT NULL DEFAULT '0',
  `HOUR_23` int(11) NOT NULL DEFAULT '0'
) ENGINE=InnoDB DEFAULT CHARSET=utf8 COLLATE=utf8_unicode_ci;

-- --------------------------------------------------------

--
-- Структура таблицы `b_rest_stat_app`
--

CREATE TABLE `b_rest_stat_app` (
  `APP_ID` int(11) NOT NULL,
  `APP_CODE` varchar(128) COLLATE utf8_unicode_ci NOT NULL
) ENGINE=InnoDB DEFAULT CHARSET=utf8 COLLATE=utf8_unicode_ci;

-- --------------------------------------------------------

--
-- Структура таблицы `b_rest_stat_method`
--

CREATE TABLE `b_rest_stat_method` (
  `ID` int(11) NOT NULL,
  `NAME` varchar(255) COLLATE utf8_unicode_ci NOT NULL,
  `METHOD_TYPE` char(1) COLLATE utf8_unicode_ci DEFAULT 'M'
) ENGINE=InnoDB DEFAULT CHARSET=utf8 COLLATE=utf8_unicode_ci;

-- --------------------------------------------------------

--
-- Структура таблицы `b_rest_usage_entity`
--

CREATE TABLE `b_rest_usage_entity` (
  `ID` int(11) NOT NULL,
  `ENTITY_TYPE` char(1) COLLATE utf8_unicode_ci NOT NULL,
  `ENTITY_ID` int(11) NOT NULL,
  `ENTITY_CODE` varchar(255) COLLATE utf8_unicode_ci DEFAULT NULL,
  `SUB_ENTITY_TYPE` char(1) COLLATE utf8_unicode_ci DEFAULT NULL,
  `SUB_ENTITY_NAME` varchar(255) COLLATE utf8_unicode_ci DEFAULT NULL
) ENGINE=InnoDB DEFAULT CHARSET=utf8 COLLATE=utf8_unicode_ci;

-- --------------------------------------------------------

--
-- Структура таблицы `b_rest_usage_stat`
--

CREATE TABLE `b_rest_usage_stat` (
  `STAT_DATE` date NOT NULL,
  `ENTITY_ID` int(11) NOT NULL DEFAULT '0',
  `IS_SENT` char(1) COLLATE utf8_unicode_ci NOT NULL DEFAULT 'N',
  `HOUR_0` int(11) NOT NULL DEFAULT '0',
  `HOUR_1` int(11) NOT NULL DEFAULT '0',
  `HOUR_2` int(11) NOT NULL DEFAULT '0',
  `HOUR_3` int(11) NOT NULL DEFAULT '0',
  `HOUR_4` int(11) NOT NULL DEFAULT '0',
  `HOUR_5` int(11) NOT NULL DEFAULT '0',
  `HOUR_6` int(11) NOT NULL DEFAULT '0',
  `HOUR_7` int(11) NOT NULL DEFAULT '0',
  `HOUR_8` int(11) NOT NULL DEFAULT '0',
  `HOUR_9` int(11) NOT NULL DEFAULT '0',
  `HOUR_10` int(11) NOT NULL DEFAULT '0',
  `HOUR_11` int(11) NOT NULL DEFAULT '0',
  `HOUR_12` int(11) NOT NULL DEFAULT '0',
  `HOUR_13` int(11) NOT NULL DEFAULT '0',
  `HOUR_14` int(11) NOT NULL DEFAULT '0',
  `HOUR_15` int(11) NOT NULL DEFAULT '0',
  `HOUR_16` int(11) NOT NULL DEFAULT '0',
  `HOUR_17` int(11) NOT NULL DEFAULT '0',
  `HOUR_18` int(11) NOT NULL DEFAULT '0',
  `HOUR_19` int(11) NOT NULL DEFAULT '0',
  `HOUR_20` int(11) NOT NULL DEFAULT '0',
  `HOUR_21` int(11) NOT NULL DEFAULT '0',
  `HOUR_22` int(11) NOT NULL DEFAULT '0',
  `HOUR_23` int(11) NOT NULL DEFAULT '0'
) ENGINE=InnoDB DEFAULT CHARSET=utf8 COLLATE=utf8_unicode_ci;

-- --------------------------------------------------------

--
-- Структура таблицы `b_search_content`
--

CREATE TABLE `b_search_content` (
  `ID` int(11) NOT NULL,
  `DATE_CHANGE` datetime NOT NULL,
  `MODULE_ID` varchar(50) COLLATE utf8_unicode_ci NOT NULL,
  `ITEM_ID` varchar(255) COLLATE utf8_unicode_ci NOT NULL,
  `CUSTOM_RANK` int(11) NOT NULL DEFAULT '0',
  `USER_ID` int(11) DEFAULT NULL,
  `ENTITY_TYPE_ID` varchar(50) COLLATE utf8_unicode_ci DEFAULT NULL,
  `ENTITY_ID` varchar(255) COLLATE utf8_unicode_ci DEFAULT NULL,
  `URL` text COLLATE utf8_unicode_ci,
  `TITLE` text COLLATE utf8_unicode_ci,
  `BODY` longtext COLLATE utf8_unicode_ci,
  `TAGS` text COLLATE utf8_unicode_ci,
  `PARAM1` text COLLATE utf8_unicode_ci,
  `PARAM2` text COLLATE utf8_unicode_ci,
  `UPD` varchar(32) COLLATE utf8_unicode_ci DEFAULT NULL,
  `DATE_FROM` datetime DEFAULT NULL,
  `DATE_TO` datetime DEFAULT NULL
) ENGINE=InnoDB DEFAULT CHARSET=utf8 COLLATE=utf8_unicode_ci;

--
-- Дамп данных таблицы `b_search_content`
--

INSERT INTO `b_search_content` (`ID`, `DATE_CHANGE`, `MODULE_ID`, `ITEM_ID`, `CUSTOM_RANK`, `USER_ID`, `ENTITY_TYPE_ID`, `ENTITY_ID`, `URL`, `TITLE`, `BODY`, `TAGS`, `PARAM1`, `PARAM2`, `UPD`, `DATE_FROM`, `DATE_TO`) VALUES
(1, '2022-11-19 12:56:51', 'iblock', '1', 0, NULL, NULL, NULL, '=ID=1&EXTERNAL_ID=1&IBLOCK_SECTION_ID=&IBLOCK_TYPE_ID=verter&IBLOCK_ID=1&IBLOCK_CODE=&IBLOCK_EXTERNAL_ID=&CODE=', '+7 495 018 41 05', 'Рабочие дни с пн - пт / 10:00 - 18:00', '', 'verter', '1', NULL, NULL, NULL),
(2, '2022-11-19 13:41:44', 'iblock', '2', 0, NULL, NULL, NULL, '=ID=2&EXTERNAL_ID=2&IBLOCK_SECTION_ID=&IBLOCK_TYPE_ID=verter&IBLOCK_ID=2&IBLOCK_CODE=&IBLOCK_EXTERNAL_ID=&CODE=', 'Баннер', 'IT решения для склада и производства\r\nМы разрабатываем готовые решения для складской и производственной логистики', '', 'verter', '2', NULL, NULL, NULL),
(3, '2022-11-20 11:27:07', 'iblock', 'S1', 0, NULL, NULL, NULL, '=ID=1&EXTERNAL_ID=&IBLOCK_TYPE_ID=verter&IBLOCK_ID=3&IBLOCK_CODE=&IBLOCK_EXTERNAL_ID=&CODE=proizvodstvo', 'Производство', '', NULL, 'verter', '3', NULL, NULL, NULL),
(4, '2022-11-20 11:26:58', 'iblock', 'S2', 0, NULL, NULL, NULL, '=ID=2&EXTERNAL_ID=&IBLOCK_TYPE_ID=verter&IBLOCK_ID=3&IBLOCK_CODE=&IBLOCK_EXTERNAL_ID=&CODE=prodazhi', 'Продажи', '', NULL, 'verter', '3', NULL, NULL, NULL),
(5, '2022-11-20 11:26:47', 'iblock', 'S3', 0, NULL, NULL, NULL, '=ID=3&EXTERNAL_ID=&IBLOCK_TYPE_ID=verter&IBLOCK_ID=3&IBLOCK_CODE=&IBLOCK_EXTERNAL_ID=&CODE=sklad', 'Склад', '', NULL, 'verter', '3', NULL, NULL, NULL),
(6, '2022-11-19 14:18:40', 'iblock', '3', 0, NULL, NULL, NULL, '=ID=3&EXTERNAL_ID=3&IBLOCK_SECTION_ID=&IBLOCK_TYPE_ID=verter&IBLOCK_ID=4&IBLOCK_CODE=&IBLOCK_EXTERNAL_ID=&CODE=', 'Одежда', '', '', 'verter', '4', NULL, NULL, NULL),
(7, '2022-11-19 14:18:40', 'iblock', '4', 0, NULL, NULL, NULL, '=ID=4&EXTERNAL_ID=4&IBLOCK_SECTION_ID=&IBLOCK_TYPE_ID=verter&IBLOCK_ID=4&IBLOCK_CODE=&IBLOCK_EXTERNAL_ID=&CODE=', 'Обувь', '', '', 'verter', '4', NULL, NULL, NULL),
(8, '2022-11-19 14:18:40', 'iblock', '5', 0, NULL, NULL, NULL, '=ID=5&EXTERNAL_ID=5&IBLOCK_SECTION_ID=&IBLOCK_TYPE_ID=verter&IBLOCK_ID=4&IBLOCK_CODE=&IBLOCK_EXTERNAL_ID=&CODE=', 'Инструменты', '', '', 'verter', '4', NULL, NULL, NULL),
(9, '2022-11-19 14:18:40', 'iblock', '6', 0, NULL, NULL, NULL, '=ID=6&EXTERNAL_ID=6&IBLOCK_SECTION_ID=&IBLOCK_TYPE_ID=verter&IBLOCK_ID=4&IBLOCK_CODE=&IBLOCK_EXTERNAL_ID=&CODE=', 'Металло продукция', '', '', 'verter', '4', NULL, NULL, NULL),
(10, '2022-11-19 14:18:40', 'iblock', '7', 0, NULL, NULL, NULL, '=ID=7&EXTERNAL_ID=7&IBLOCK_SECTION_ID=&IBLOCK_TYPE_ID=verter&IBLOCK_ID=4&IBLOCK_CODE=&IBLOCK_EXTERNAL_ID=&CODE=', 'РТИ', '', '', 'verter', '4', NULL, NULL, NULL),
(11, '2022-11-19 14:18:40', 'iblock', '8', 0, NULL, NULL, NULL, '=ID=8&EXTERNAL_ID=8&IBLOCK_SECTION_ID=&IBLOCK_TYPE_ID=verter&IBLOCK_ID=4&IBLOCK_CODE=&IBLOCK_EXTERNAL_ID=&CODE=', 'Электроника', '', '', 'verter', '4', NULL, NULL, NULL),
(12, '2022-11-19 14:18:40', 'iblock', '9', 0, NULL, NULL, NULL, '=ID=9&EXTERNAL_ID=9&IBLOCK_SECTION_ID=&IBLOCK_TYPE_ID=verter&IBLOCK_ID=4&IBLOCK_CODE=&IBLOCK_EXTERNAL_ID=&CODE=', 'Строй - материалы', '', '', 'verter', '4', NULL, NULL, NULL),
(13, '2022-11-19 14:18:40', 'iblock', '10', 0, NULL, NULL, NULL, '=ID=10&EXTERNAL_ID=10&IBLOCK_SECTION_ID=&IBLOCK_TYPE_ID=verter&IBLOCK_ID=4&IBLOCK_CODE=&IBLOCK_EXTERNAL_ID=&CODE=', 'Ткань и фурнитура', '', '', 'verter', '4', NULL, NULL, NULL),
(14, '2022-11-19 14:18:40', 'iblock', '11', 0, NULL, NULL, NULL, '=ID=11&EXTERNAL_ID=11&IBLOCK_SECTION_ID=&IBLOCK_TYPE_ID=verter&IBLOCK_ID=4&IBLOCK_CODE=&IBLOCK_EXTERNAL_ID=&CODE=', 'Продукты питания', '', '', 'verter', '4', NULL, NULL, NULL),
(15, '2022-11-19 14:18:40', 'iblock', '12', 0, NULL, NULL, NULL, '=ID=12&EXTERNAL_ID=12&IBLOCK_SECTION_ID=&IBLOCK_TYPE_ID=verter&IBLOCK_ID=4&IBLOCK_CODE=&IBLOCK_EXTERNAL_ID=&CODE=', 'Лекарства', '', '', 'verter', '4', NULL, NULL, NULL),
(16, '2022-11-20 12:14:06', 'iblock', '13', 0, NULL, NULL, NULL, '=ID=13&EXTERNAL_ID=13&IBLOCK_SECTION_ID=3&IBLOCK_TYPE_ID=verter&IBLOCK_ID=3&IBLOCK_CODE=&IBLOCK_EXTERNAL_ID=&CODE=wms-tsd', 'WMS + ТСД', 'Мобильное приложение терминалов сбора данных, позволяющая кладовщику быть мобильным и всегда на связи', '', 'verter', '3', NULL, NULL, NULL),
(17, '2022-11-20 12:14:06', 'iblock', '14', 0, NULL, NULL, NULL, '=ID=14&EXTERNAL_ID=14&IBLOCK_SECTION_ID=3&IBLOCK_TYPE_ID=verter&IBLOCK_ID=3&IBLOCK_CODE=&IBLOCK_EXTERNAL_ID=&CODE=tsentr-monitoringa', 'Центр мониторинга', 'Система для вывода на внешние мониторы статистической и динамической информации', '', 'verter', '3', NULL, NULL, NULL),
(18, '2022-11-20 12:14:06', 'iblock', '15', 0, NULL, NULL, NULL, '=ID=15&EXTERNAL_ID=15&IBLOCK_SECTION_ID=3&IBLOCK_TYPE_ID=verter&IBLOCK_ID=3&IBLOCK_CODE=&IBLOCK_EXTERNAL_ID=&CODE=infomat', 'Инфомат', 'Система для сенсорных киосков для интерактивного отражения складских операций', '', 'verter', '3', NULL, NULL, NULL),
(19, '2022-11-20 12:14:06', 'iblock', '16', 0, NULL, NULL, NULL, '=ID=16&EXTERNAL_ID=16&IBLOCK_SECTION_ID=3&IBLOCK_TYPE_ID=verter&IBLOCK_ID=3&IBLOCK_CODE=&IBLOCK_EXTERNAL_ID=&CODE=markirovka', 'Маркировка', 'Система для учета маркированного товара в т.ч по требованиям Честного Знака', '', 'verter', '3', NULL, NULL, NULL),
(20, '2022-11-20 12:15:54', 'iblock', '17', 0, NULL, NULL, NULL, '=ID=17&EXTERNAL_ID=17&IBLOCK_SECTION_ID=3&IBLOCK_TYPE_ID=verter&IBLOCK_ID=3&IBLOCK_CODE=&IBLOCK_EXTERNAL_ID=&CODE=elektronnaya-ochered', 'Электронная очередь', 'Система для управления очередью заказов на приемку, комплектацию отгрузку', '', 'verter', '3', NULL, NULL, NULL),
(21, '2022-11-20 12:16:36', 'iblock', '18', 0, NULL, NULL, NULL, '=ID=18&EXTERNAL_ID=18&IBLOCK_SECTION_ID=3&IBLOCK_TYPE_ID=verter&IBLOCK_ID=3&IBLOCK_CODE=&IBLOCK_EXTERNAL_ID=&CODE=modul-dlya-1s', 'Модуль для 1С', 'Специализированные АРМ-ы для управления и распределения складских операций между кладовщиками', '', 'verter', '3', NULL, NULL, NULL),
(22, '2022-11-20 12:24:02', 'iblock', '19', 0, NULL, NULL, NULL, '=ID=19&EXTERNAL_ID=19&IBLOCK_SECTION_ID=2&IBLOCK_TYPE_ID=verter&IBLOCK_ID=3&IBLOCK_CODE=&IBLOCK_EXTERNAL_ID=&CODE=shourum', 'Шоурум', 'Система для вывода на внешние мониторы статистической и динамической информации', '', 'verter', '3', NULL, NULL, NULL),
(23, '2022-11-20 12:30:12', 'iblock', '20', 0, NULL, NULL, NULL, '=ID=20&EXTERNAL_ID=20&IBLOCK_SECTION_ID=2&IBLOCK_TYPE_ID=verter&IBLOCK_ID=3&IBLOCK_CODE=&IBLOCK_EXTERNAL_ID=&CODE=master-otgruzki', 'Мастер отгрузки', 'Центральная база, каждую складскую операцию по товару, позволяет', '', 'verter', '3', NULL, NULL, NULL),
(24, '2022-11-20 12:30:45', 'iblock', '21', 0, NULL, NULL, NULL, '=ID=21&EXTERNAL_ID=21&IBLOCK_SECTION_ID=2&IBLOCK_TYPE_ID=verter&IBLOCK_ID=3&IBLOCK_CODE=&IBLOCK_EXTERNAL_ID=&CODE=crm', 'CRM', 'Система для сенсорных киосков для интерактивного отражения складских операций', '', 'verter', '3', NULL, NULL, NULL),
(25, '2022-11-20 12:31:40', 'iblock', '22', 0, NULL, NULL, NULL, '=ID=22&EXTERNAL_ID=22&IBLOCK_SECTION_ID=2&IBLOCK_TYPE_ID=verter&IBLOCK_ID=3&IBLOCK_CODE=&IBLOCK_EXTERNAL_ID=&CODE=planshet-menedzhera-po-prodazham', 'Планшет менеджера по продажам', 'Система для вывода на внешние мониторы статистической и динамической информации', '', 'verter', '3', NULL, NULL, NULL),
(26, '2022-11-20 12:40:47', 'iblock', '23', 0, NULL, NULL, NULL, '=ID=23&EXTERNAL_ID=23&IBLOCK_SECTION_ID=1&IBLOCK_TYPE_ID=verter&IBLOCK_ID=3&IBLOCK_CODE=&IBLOCK_EXTERNAL_ID=&CODE=mes', 'MES', 'Система для вывода на внешние мониторы статистической и динамической информации', '', 'verter', '3', NULL, NULL, NULL),
(27, '2022-11-20 12:40:40', 'iblock', '24', 0, NULL, NULL, NULL, '=ID=24&EXTERNAL_ID=24&IBLOCK_SECTION_ID=1&IBLOCK_TYPE_ID=verter&IBLOCK_ID=3&IBLOCK_CODE=&IBLOCK_EXTERNAL_ID=&CODE=upravlenie-skladom-metalla', 'Управление складом металла', 'Центральная база, контролирующая каждую складскую операцию по товару, позволяет вести учет маркированного товара', '', 'verter', '3', NULL, NULL, NULL),
(28, '2022-11-20 12:41:37', 'iblock', '25', 0, NULL, NULL, NULL, '=ID=25&EXTERNAL_ID=25&IBLOCK_SECTION_ID=1&IBLOCK_TYPE_ID=verter&IBLOCK_ID=3&IBLOCK_CODE=&IBLOCK_EXTERNAL_ID=&CODE=toir', 'ТОИР', 'Система для сенсорных киосков для интерактивного отражения складских операций', '', 'verter', '3', NULL, NULL, NULL),
(29, '2022-11-20 12:42:35', 'iblock', '26', 0, NULL, NULL, NULL, '=ID=26&EXTERNAL_ID=26&IBLOCK_SECTION_ID=1&IBLOCK_TYPE_ID=verter&IBLOCK_ID=3&IBLOCK_CODE=&IBLOCK_EXTERNAL_ID=&CODE=upravlenie-it-aktivami', 'Управление IT-активами', 'Система для вывода на внешние мониторы статистической и динамической информации', '', 'verter', '3', NULL, NULL, NULL),
(30, '2022-11-20 12:43:11', 'iblock', '27', 0, NULL, NULL, NULL, '=ID=27&EXTERNAL_ID=27&IBLOCK_SECTION_ID=1&IBLOCK_TYPE_ID=verter&IBLOCK_ID=3&IBLOCK_CODE=&IBLOCK_EXTERNAL_ID=&CODE=tekhnolog-ogt', 'Технолог ОГТ', 'Система для сенсорных киосков для интерактивного отражения складских операций', '', 'verter', '3', NULL, NULL, NULL),
(31, '2022-11-20 12:43:44', 'iblock', '28', 0, NULL, NULL, NULL, '=ID=28&EXTERNAL_ID=28&IBLOCK_SECTION_ID=1&IBLOCK_TYPE_ID=verter&IBLOCK_ID=3&IBLOCK_CODE=&IBLOCK_EXTERNAL_ID=&CODE=uchet-instrumenta-i-spetsosnastki', 'Учет инструмента и спецоснастки', 'Система для вывода на внешние мониторы статистической', '', 'verter', '3', NULL, NULL, NULL),
(32, '2022-11-20 12:48:15', 'iblock', '29', 0, NULL, NULL, NULL, '=ID=29&EXTERNAL_ID=29&IBLOCK_SECTION_ID=&IBLOCK_TYPE_ID=verter&IBLOCK_ID=5&IBLOCK_CODE=&IBLOCK_EXTERNAL_ID=&CODE=avtomatizatsiya-agregatsii-kodov-na-fabrikakh', 'Автоматизация агрегации кодов на фабриках', 'В срок всего 2 месяца нами был реализован проект по маркировке одежды уникальными кодами при помощи ТСД. Это привело к ускорению приема и отгрузки на 40%, а также исключению ошибок при работе с маркированныи товаром.', '', 'verter', '5', NULL, NULL, NULL),
(33, '2022-11-20 12:49:51', 'iblock', '30', 0, NULL, NULL, NULL, '=ID=30&EXTERNAL_ID=30&IBLOCK_SECTION_ID=&IBLOCK_TYPE_ID=verter&IBLOCK_ID=5&IBLOCK_CODE=&IBLOCK_EXTERNAL_ID=&CODE=avtomatizatsiya-agregatsii-kodov-na-fabrikakh-2', 'Автоматизация агрегации кодов на фабриках 2', 'В срок всего 2 месяца нами был реализован проект по маркировке одежды уникальными кодами при помощи ТСД. Это привело к ускорению приема и отгрузки на 40%, а также исключению ошибок при работе с маркированныи товаром.', '', 'verter', '5', NULL, NULL, NULL),
(34, '2022-11-20 13:07:51', 'iblock', '31', 0, NULL, NULL, NULL, '=ID=31&EXTERNAL_ID=31&IBLOCK_SECTION_ID=&IBLOCK_TYPE_ID=verter&IBLOCK_ID=6&IBLOCK_CODE=&IBLOCK_EXTERNAL_ID=&CODE=', 'rostech', '', '', 'verter', '6', NULL, NULL, NULL),
(35, '2022-11-20 13:08:09', 'iblock', '32', 0, NULL, NULL, NULL, '=ID=32&EXTERNAL_ID=32&IBLOCK_SECTION_ID=&IBLOCK_TYPE_ID=verter&IBLOCK_ID=6&IBLOCK_CODE=&IBLOCK_EXTERNAL_ID=&CODE=', 'gazprom', '', '', 'verter', '6', NULL, NULL, NULL),
(36, '2022-11-20 13:08:26', 'iblock', '33', 0, NULL, NULL, NULL, '=ID=33&EXTERNAL_ID=33&IBLOCK_SECTION_ID=&IBLOCK_TYPE_ID=verter&IBLOCK_ID=6&IBLOCK_CODE=&IBLOCK_EXTERNAL_ID=&CODE=', 'tehno', '', '', 'verter', '6', NULL, NULL, NULL),
(37, '2022-11-20 13:08:42', 'iblock', '34', 0, NULL, NULL, NULL, '=ID=34&EXTERNAL_ID=34&IBLOCK_SECTION_ID=&IBLOCK_TYPE_ID=verter&IBLOCK_ID=6&IBLOCK_CODE=&IBLOCK_EXTERNAL_ID=&CODE=', 'sheremet', '', '', 'verter', '6', NULL, NULL, NULL),
(38, '2022-11-20 13:14:20', 'iblock', '35', 0, NULL, NULL, NULL, '=ID=35&EXTERNAL_ID=35&IBLOCK_SECTION_ID=&IBLOCK_TYPE_ID=verter&IBLOCK_ID=6&IBLOCK_CODE=&IBLOCK_EXTERNAL_ID=&CODE=', 'rostech 2', '', '', 'verter', '6', NULL, NULL, NULL),
(39, '2022-11-20 13:23:47', 'iblock', '36', 0, NULL, NULL, NULL, '=ID=36&EXTERNAL_ID=36&IBLOCK_SECTION_ID=&IBLOCK_TYPE_ID=verter&IBLOCK_ID=7&IBLOCK_CODE=&IBLOCK_EXTERNAL_ID=&CODE=markirovka-ostatkov-iventarizatsiya', 'Маркировка остатков, ивентаризация', 'Перед получением кодов маркировки datamatrix, необходимо провести инвентаризацию на складе', '', 'verter', '7', NULL, NULL, NULL),
(40, '2022-11-20 13:24:35', 'iblock', '37', 0, NULL, NULL, NULL, '=ID=37&EXTERNAL_ID=37&IBLOCK_SECTION_ID=&IBLOCK_TYPE_ID=verter&IBLOCK_ID=7&IBLOCK_CODE=&IBLOCK_EXTERNAL_ID=&CODE=markirovka-ostatkov-poluchenie-kodov-markirovki', 'Маркировка остатков, получение кодов маркировки', 'Остатки на скаладе посчитаны, можно формировать запрос в систему честный знак для получения кодов маркировки datamatrix', '', 'verter', '7', NULL, NULL, NULL),
(41, '2022-11-20 13:25:07', 'iblock', '38', 0, NULL, NULL, NULL, '=ID=38&EXTERNAL_ID=38&IBLOCK_SECTION_ID=&IBLOCK_TYPE_ID=verter&IBLOCK_ID=7&IBLOCK_CODE=&IBLOCK_EXTERNAL_ID=&CODE=markirovka-ostatkov-vvod-v-oborot', 'Маркировка остатков, ввод в оборот', 'Перед получением кодов маркировки datamatrix, необходимо провести инвентаризацию на складе', '', 'verter', '7', NULL, NULL, NULL),
(42, '2022-11-20 13:25:57', 'iblock', '39', 0, NULL, NULL, NULL, '=ID=39&EXTERNAL_ID=39&IBLOCK_SECTION_ID=&IBLOCK_TYPE_ID=verter&IBLOCK_ID=7&IBLOCK_CODE=&IBLOCK_EXTERNAL_ID=&CODE=markirovka-ostatkov-iventarizatsiya2', 'Маркировка остатков, ивентаризация', 'Перед получением кодов маркировки datamatrix, необходимо провести инвентаризацию на складе', '', 'verter', '7', NULL, NULL, NULL),
(43, '2022-11-20 13:26:39', 'iblock', '40', 0, NULL, NULL, NULL, '=ID=40&EXTERNAL_ID=40&IBLOCK_SECTION_ID=&IBLOCK_TYPE_ID=verter&IBLOCK_ID=7&IBLOCK_CODE=&IBLOCK_EXTERNAL_ID=&CODE=markirovka-ostatkov-iventarizatsiya3', 'Маркировка остатков, ивентаризация', 'Перед получением кодов маркировки datamatrix, необходимо провести инвентаризацию на складе', '', 'verter', '7', NULL, NULL, NULL),
(44, '2022-11-20 13:38:30', 'iblock', '41', 0, NULL, NULL, NULL, '=ID=41&EXTERNAL_ID=41&IBLOCK_SECTION_ID=&IBLOCK_TYPE_ID=verter&IBLOCK_ID=8&IBLOCK_CODE=&IBLOCK_EXTERNAL_ID=&CODE=', 'W9nZ6u15yis', 'Работы, дополненая реальность и ТСД - технологии для бизнеса. Zebra Tehnologies | Клеверенс', '', 'verter', '8', NULL, NULL, NULL),
(45, '2022-11-20 13:53:01', 'iblock', '42', 0, NULL, NULL, NULL, '=ID=42&EXTERNAL_ID=42&IBLOCK_SECTION_ID=&IBLOCK_TYPE_ID=verter&IBLOCK_ID=8&IBLOCK_CODE=&IBLOCK_EXTERNAL_ID=&CODE=', 'W9nZ6u15yis', 'Работы, дополненая реальность и ТСД - технологии для бизнеса. Zebra Tehnologies | Клеверенс', '', 'verter', '8', NULL, NULL, NULL),
(46, '2022-11-20 14:02:42', 'iblock', '43', 0, NULL, NULL, NULL, '=ID=43&EXTERNAL_ID=43&IBLOCK_SECTION_ID=&IBLOCK_TYPE_ID=verter&IBLOCK_ID=9&IBLOCK_CODE=&IBLOCK_EXTERNAL_ID=&CODE=uluchshenie-pechati-v-prodazhi-1-4-9-4', 'Улучшение печати - в \"продажи\" 1.4.9.4', 'Появилась поддержка новых групп маркированного товара', '', 'verter', '9', NULL, NULL, NULL),
(47, '2022-11-20 14:03:11', 'iblock', '44', 0, NULL, NULL, NULL, '=ID=44&EXTERNAL_ID=44&IBLOCK_SECTION_ID=&IBLOCK_TYPE_ID=verter&IBLOCK_ID=9&IBLOCK_CODE=&IBLOCK_EXTERNAL_ID=&CODE=integrirovan-seuic-autold-q9c', 'Интегрирован Seuic AutolD Q9C', 'Завершена интеграция термина сбора данных', '', 'verter', '9', NULL, NULL, NULL),
(48, '2022-11-20 14:03:41', 'iblock', '45', 0, NULL, NULL, NULL, '=ID=45&EXTERNAL_ID=45&IBLOCK_SECTION_ID=&IBLOCK_TYPE_ID=verter&IBLOCK_ID=9&IBLOCK_CODE=&IBLOCK_EXTERNAL_ID=&CODE=integrirovan-martech-alpha', 'Интегрирован Martech ALPHA', 'Завершена интеграция мобильного принтера', '', 'verter', '9', NULL, NULL, NULL),
(49, '2022-12-08 17:32:37', 'main', 's1|/showroom/index.php', 0, NULL, NULL, NULL, '/showroom/index.php', 'Продажи', 'Возможности\rТарифы\rКейсы\rВозможности продукта\rАдресный склад\rвсе функции\rУже внедрено\rТарифы \rVerter.Склад\rПодберите для себя самый оптимальный тариф\rСрок действия лицензии:\nна 12 месяцев\nна 3 года\nбезлимитная\nКоличество ТСД:\nСтандарт\rДля эффективной работы небольших компаний\n5 ТСД\n89 900 ₽\n2 490 ₽ за 1 ТСД\nкупить\rбесплатно\rПрофи\rДля эффективной работы небольших компаний\n5 ТСД\n139 900 ₽\n1 990 ₽ за 1 ТСД\nкупить\rбесплатно\rКорп\rДля эффективной работы небольших компаний\n5 ТСД\n189 900 ₽\n1 590 ₽ за 1 ТСД\nкупить\rбесплатно\r1\nРабота с ТСД\n1.1\nУправление топологией склада\n1.1.1\nХранение информации о структуре склада (зоны, стеллажи, ячейки)\n1.1.2\nУчет мультиячеек (когда в одной ячейке может находится товар с разных складов)\n1.1.3\nПрисвоение адресов и генерация штрихкодов\n1.1.4\nПечать этикеток со штрихкодом ячейки\n1.2\nИнвентаризация товара\n1.3\nПриёмка товара\n1.4\nРазмещение в зоне хранения\n1.5\nКомплектация заказа\n1.6\nОтгрузка\n1.7\nПеремещение товара между ячейками\n2\nWMS\n2.1\nWMS\n2.2\nWMS\n3\nМодуль для 1С\n4\nЦентр мониторнга\n5\nИнфомат\n6\nЭлектронная очередь\nГде внедренно\rВсе кейсы\rГеография внедрения продуктов от Verter\rвсе кейсы\rБаза знаний\rвсе статьи', '', '', '', NULL, NULL, NULL),
(50, '2022-12-02 13:04:35', 'main', 's1|/showroom.php', 0, NULL, NULL, NULL, '/showroom.php', 'Продажи', 'Для реализации продукции на выставках по образцам\rVerter.Продажи\rМобильная автоматизации упрощает работу сотрудников склада и устраняет ошибки при приёмке, отгрузке и инвентаризации товара\rподробнее\rШоурум\rСистема для вывода на внешние мониторы статистической и динамической информации\rподробнее\rМастер отгрузки\rЦентральная база, каждую складскую операцию по товару, позволяет\rподробнее\rCRM\rСистема для сенсорных киосков для интерактивного отражения складских операций\rподробнее\rПланшет менеджера по продажам\rСистема для вывода на внешние мониторы статистической и динамической информации\rподробнее\rОбласти применения\rПрограммное обеспечение \rVerter.Склад\rприменяется для учёта различных групп товаров и позволяет адаптировать ПО под любые сферы бизнеса\rОдежда\rОбувь\rИнструменты\rМеталло продукция\rРТИ\rЭлектроника\rСтройматериалы\rТкань и фурнитура\rПродукты питания\rЛекарства\rВозможности\rТарифы\rКейсы\rВозможности продукта\rАдресный склад\rПриёмка товара\rКомплектация заказа\rЭлектронная очередь\rОтгрузка\rПеремещение товаров\rАгрегация товаров\rВозврат товаров\rИнвентаризация товара\rПередача в кладовую цеха\rАдресный склад\rУправление топологией склада\rУправление топологией склада\rС помощью внедрения системы адресного хранения, можно автоматизировать большую часть операций\rподробнее\rРазмещение товара в ячейке\rРазмещение товара в ячейке\rLorem ipsum dolor sit amet, consectetur adipiscing elit, sed do eiusmod tempor incididunt ut labore et dolore magna aliqua.\rподробнее\rМаркировка адресных ячеек\rМаркировка адресных ячеек\rLorem ipsum dolor sit amet, consectetur adipiscing elit, sed do eiusmod tempor incididunt ut labore et dolore magna aliqua.\rподробнее\rОтбор товара из ячейки\rОтбор товара из ячейки\rLorem ipsum dolor sit amet, consectetur adipiscing elit, sed do eiusmod tempor incididunt ut labore et dolore magna aliqua.\rподробнее\rПостроение маршрута комплектации заказа\rПостроение маршрута комплектации заказа\rLorem ipsum dolor sit amet, consectetur adipiscing elit, sed do eiusmod tempor incididunt ut labore et dolore magna aliqua.\rподробнее\rМультиячейка\rМультиячейка\rLorem ipsum dolor sit amet, consectetur adipiscing elit, sed do eiusmod tempor incididunt ut labore et dolore magna aliqua.\rподробнее\rИнвентаризация по ячейкам\rИнвентаризация по ячейкам\rLorem ipsum dolor sit amet, consectetur adipiscing elit, sed do eiusmod tempor incididunt ut labore et dolore magna aliqua.\rподробнее\rСтатистика оборота по ячейкам\rСтатистика оборота по ячейкам\rLorem ipsum dolor sit amet, consectetur adipiscing elit, sed do eiusmod tempor incididunt ut labore et dolore magna aliqua.\rподробнее\rвсе функции\rКомпании, с внедренной адресной складской системой хранения товара, имеют весомое преимущество перед конкурентами.\rВсе изделия промаркированы, записаны и учтены в программе. Это существенно повышает прибыль и производительность предприятия. И чем крупнее компания, тем выгоднее подобная оптимизация. \rПлюсы\nвнедрения\nадресного\nсклада\rТочная информация о местоположении товара и его остатках\rСокращение времени на проведение складских операций\rСнижение количества ошибок при сборе заказа\rКонтроль остатков и сроков годности, избежание товарных потерь\rИнтеграция Склада для работы с маркетплейсами\rБыстрое обучаемость программе\rУже внедрено\rАвтоматизация агрегации кодов на фабриках\rВ срок всего 2 месяца нами был реализован проект по маркировке одежды уникальными кодами при помощи ТСД. Это привело к ускорению приема и отгрузки на 40%, а также исключению ошибок при работе с маркированным товаром.\r2 месяца\rРеализация работы\r>40%\rCкорость работы\rподробнее\rЗапуск и внедрение ERP\rКомпанией в кратчайшие сроки был реализован проект по внедрению системы для управления бизнес-процессами и ресурсами обувной фабрики на основе единой базы данных. ERP создает единую унифицированную систему отчетности для всех процессов. Большая производительность за меньший срок.\r2 месяца\rРеализация работы\r>40%\rCкорость работы\rподробнее\rАвтоматизация агрегации кодов на фабриках\rВ срок всего 2 месяца нами был реализован проект по маркировке одежды уникальными кодами при помощи ТСД. Это привело к ускорению приема и отгрузки на 40%, а также исключению ошибок при работе с маркированным товаром.\r2 месяца\rРеализация работы\r>40%\rCкорость работы\rподробнее\rЗапуск и внедрение ERP\rКомпанией в кратчайшие сроки был реализован проект по внедрению системы для управления бизнес-процессами и ресурсами обувной фабрики на основе единой базы данных. ERP создает единую унифицированную систему отчетности для всех процессов. Большая производительность за меньший срок.\r2 месяца\rРеализация работы\r>40%\rCкорость работы\rподробнее\rВозникли вопросы по адресному складу?\rНаш менеджер свяжется с вами, и расскажет о функционале адресный склад все или о все вариантах и возможностях и интеграции\rотправить\rЯ согласен на обработку персональных данных и получение информационных сообщений\rТарифы \rVerter.Склад\rПодберите для себя самый оптимальный тариф\rСрок действия лицензии:\rна 12 месяцев\rна 3 года\rбезлимитная\rКоличество ТСД:\rСтандарт\rДля эффективной работы небольших компаний\r5 ТСД\r89 900 ₽\r2 490 ₽ за 1 ТСД\rкупить\rбесплатно\rПрофи\rДля эффективной работы небольших компаний\r5 ТСД\r139 900 ₽\r1 990 ₽ за 1 ТСД\rкупить\rбесплатно\rКорп\rДля эффективной работы небольших компаний\r5 ТСД\r189 900 ₽\r1 590 ₽ за 1 ТСД\rкупить\rбесплатно\r1\rРабота с ТСД\n1.1\rУправление топологией склада\n1.1.1\rХранение информации о структуре склада (зоны, стеллажи, ячейки)\n1.1.2\rУчет мультиячеек (когда в одной ячейке может находится товар с разных складов)\n1.1.3\rПрисвоение адресов и генерация штрихкодов \n1.1.4\rПечать этикеток со штрихкодом ячейки\n1.2\rИнвентаризация товара\n1.3\rПриёмка товара\n1.4\rРазмещение в зоне хранения\n1.5\rКомплектация заказа\n1.6\rОтгрузка\n1.7\rПеремещение товара между ячейками\n2\rWMS\n2.1\rWMS\n2.2\rWMS\n3\rМодуль для 1С\r4\rЦентр мониторнга\r5\rИнфомат\r6\rЭлектронная очередь\rГде внедренно\rАдресный склад\rПриёмка товара\rКомплектация заказа\rЭлектронная очередь\rОтгрузка\rПеремещение товаров\rАгрегация товаров\rВозврат товаров\rИнвентаризация товара\rПередача в кладовую цеха\rВсе кейсы\rАвтоматизация агрегации кодов на фабриках\rВ срок всего 2 месяца нами был реализован проект по маркировке одежды уникальными кодами при помощи ТСД. Это привело к ускорению приема и отгрузки на 40%, а также исключению ошибок при работе с маркированным товаром.\r2 месяца\rРеализация работы\r>40%\rCкорость работы\rподробнее\rЗапуск и внедрение ERP\rКомпанией в кратчайшие сроки был реализован проект по внедрению системы для управления бизнес-процессами и ресурсами обувной фабрики на основе единой базы данных. ERP создает единую унифицированную систему отчетности для всех процессов. Большая производительность за меньший срок.\rподробнее\rЗапуск и внедрение ERP\rКомпанией в кратчайшие сроки был реализован проект по внедрению системы для управления бизнес-процессами и ресурсами обувной фабрики на основе единой базы данных. ERP создает единую унифицированную систему отчетности для всех процессов. Большая производительность за меньший срок.\rподробнее\rАвтоматизация агрегации кодов на фабриках\rВ срок всего 2 месяца нами был реализован проект по маркировке одежды уникальными кодами при помощи ТСД. Это привело к ускорению приема и отгрузки на 40%, а также исключению ошибок при работе с маркированным товаром.\r2 месяца\rРеализация работы\r>40%\rCкорость работы\rподробнее\rЗапуск и внедрение ERP\rКомпанией в кратчайшие сроки был реализован проект по внедрению системы для управления бизнес-процессами и ресурсами обувной фабрики на основе единой базы данных. ERP создает единую унифицированную систему отчетности для всех процессов. Большая производительность за меньший срок.\rподробнее\rЗапуск и внедрение ERP\rКомпанией в кратчайшие сроки был реализован проект по внедрению системы для управления бизнес-процессами и ресурсами обувной фабрики на основе единой базы данных. ERP создает единую унифицированную систему отчетности для всех процессов. Большая производительность за меньший срок.\rподробнее\rЗапуск и внедрение ERP\rКомпанией в кратчайшие сроки был реализован проект по внедрению системы для управления бизнес-процессами и ресурсами обувной фабрики на основе единой базы данных. ERP создает единую унифицированную систему отчетности для всех процессов. Большая производительность за меньший срок.\rподробнее\rЗапуск и внедрение ERP\rКомпанией в кратчайшие сроки был реализован проект по внедрению системы для управления бизнес-процессами и ресурсами обувной фабрики на основе единой базы данных. ERP создает единую унифицированную систему отчетности для всех процессов. Большая производительность за меньший срок.\rподробнее\rГеография внедрения продуктов от Verter\rвсе кейсы\rВозникли вопросы по агрегации товаров?\rНаш менеджер свяжется с вами, и расскажет о функционале адресный склад все или о все вариантах и возможностях и интеграции\rотправить\rЯ согласен на обработку персональных данных и получение информационных сообщений\rБаза знаний\rВиды адресного хранения\rСтатическое\rLorem ipsum dolor sit amet, consectetur adipiscing elit, sed do eiusmod tempor incididunt ut labore et dolore magna aliqua. Ut enim ad minim veniam, quis nostrud exercitation ullamco laboris nisi ut aliquip ex ea commodo consequat. Duis aute irure dolor in reprehenderit \rДинамическое\rLorem ipsum dolor sit amet, consectetur adipiscing elit, sed do eiusmod tempor incididunt ut labore et dolore magna aliqua. Ut enim ad minim veniam, quis nostrud exercitation ullamco laboris nisi ut aliquip ex ea commodo consequat. \rподробнее\rВиды адресного хранения\rСтатическое\rLorem ipsum dolor sit amet, consectetur adipiscing elit, sed do eiusmod tempor incididunt ut labore et dolore magna aliqua. Ut enim ad minim veniam, quis nostrud exercitation ullamco laboris nisi ut aliquip ex ea commodo consequat. Duis aute irure dolor in reprehenderit \rДинамическое\rLorem ipsum dolor sit amet, consectetur adipiscing elit, sed do eiusmod tempor incididunt ut labore et dolore magna aliqua. Ut enim ad minim veniam, quis nostrud exercitation ullamco laboris nisi ut aliquip ex ea commodo consequat. \rподробнее\rВиды адресного хранения\rСтатическое\rLorem ipsum dolor sit amet, consectetur adipiscing elit, sed do eiusmod tempor incididunt ut labore et dolore magna aliqua. Ut enim ad minim veniam, quis nostrud exercitation ullamco laboris nisi ut aliquip ex ea commodo consequat. Duis aute irure dolor in reprehenderit \rДинамическое\rLorem ipsum dolor sit amet, consectetur adipiscing elit, sed do eiusmod tempor incididunt ut labore et dolore magna aliqua. Ut enim ad minim veniam, quis nostrud exercitation ullamco laboris nisi ut aliquip ex ea commodo consequat. \rподробнее\rВиды адресного хранения\rСтатическое\rLorem ipsum dolor sit amet, consectetur adipiscing elit, sed do eiusmod tempor incididunt ut labore et dolore magna aliqua. Ut enim ad minim veniam, quis nostrud exercitation ullamco laboris nisi ut aliquip ex ea commodo consequat. Duis aute irure dolor in reprehenderit \rДинамическое\rLorem ipsum dolor sit amet, consectetur adipiscing elit, sed do eiusmod tempor incididunt ut labore et dolore magna aliqua. Ut enim ad minim veniam, quis nostrud exercitation ullamco laboris nisi ut aliquip ex ea commodo consequat. \rподробнее\rвсе статьи\r+7 495 018 41 05\rРабочие дни с ПН - ПТ / 10:00 - 18:00', '', '', '', NULL, NULL, NULL),
(51, '2022-12-02 13:00:04', 'main', 's1|/index.php', 0, NULL, NULL, NULL, '/index.php', 'Главная страница', 'Склад\rПодробнее\rПродажи\rПодробнее\rПроизводство\rПодробнее\rСклад\rПродажи\rПроизводство\rРеализованные проекты\rвсе проекты\rДоверие\rА также другие бренды и организации по всей России\rБаза знаний\rБаза знаний\rСмотреть все\rВидео\rВидео\rСмотреть все\rНовости\rСмотреть все', '', '', '', NULL, NULL, NULL),
(57, '2022-12-03 02:50:22', 'main', 's1|/proizvodsto/index.php', 0, NULL, NULL, NULL, '/proizvodsto/index.php', 'Производсто', 'Text here....', '', '', '', NULL, NULL, NULL),
(58, '2022-12-03 02:52:36', 'main', 's1|/production/index.php', 0, NULL, NULL, NULL, '/production/index.php', 'Производсто', 'Text here....', '', '', '', NULL, NULL, NULL),
(59, '2022-12-03 02:56:21', 'main', 's1|/cases/index.php', 0, NULL, NULL, NULL, '/cases/index.php', 'Кейс', 'Text here....', '', '', '', NULL, NULL, NULL),
(60, '2022-12-03 03:06:31', 'main', 's1|/production/storage/index.php', 0, NULL, NULL, NULL, '/production/storage/index.php', 'Склад', 'Text here....', '', '', '', NULL, NULL, NULL),
(61, '2022-12-05 17:05:13', 'iblock', '47', 0, NULL, NULL, NULL, '=ID=47&EXTERNAL_ID=47&IBLOCK_SECTION_ID=&IBLOCK_TYPE_ID=products&IBLOCK_ID=11&IBLOCK_CODE=showroom_banner&IBLOCK_EXTERNAL_ID=&CODE=dlya-realizatsii-produktsii-na-vystavkakh-po-obraztsam', 'Для реализации продукции на выставках по образцам', 'Мобильная автоматизации упрощает работу сотрудников склада и устраняет ошибки при приёмке, отгрузке и инвентаризации товара', '', 'products', '11', NULL, NULL, NULL),
(62, '2022-12-08 18:01:39', 'iblock', '48', 0, NULL, NULL, NULL, '=ID=48&EXTERNAL_ID=48&IBLOCK_SECTION_ID=&IBLOCK_TYPE_ID=products&IBLOCK_ID=12&IBLOCK_CODE=scope&IBLOCK_EXTERNAL_ID=&CODE=upravlenie-topologiey', 'Управление топологией склада', 'С помощью внедрения системы адресного хранения, можно автоматизировать', '', 'products', '12', NULL, NULL, NULL),
(63, '2022-12-08 18:01:39', 'iblock', '49', 0, NULL, NULL, NULL, '=ID=49&EXTERNAL_ID=49&IBLOCK_SECTION_ID=&IBLOCK_TYPE_ID=products&IBLOCK_ID=12&IBLOCK_CODE=scope&IBLOCK_EXTERNAL_ID=&CODE=razmeshchenie-tovara-v-yacheyke', 'Размещение товара в ячейке', 'Lorem ipsum dolor sit amet, consectetur adipiscing elit, sed do eiusmod tempor incididunt ut labore et dolore magna', '', 'products', '12', NULL, NULL, NULL),
(64, '2022-12-06 15:53:05', 'main', 's1|/test2.php', 0, NULL, NULL, NULL, '/test2.php', 'Новая страница', '', '', '', '', NULL, NULL, NULL),
(65, '2022-12-14 17:12:25', 'iblock', '50', 0, NULL, NULL, NULL, '=ID=50&EXTERNAL_ID=50&IBLOCK_SECTION_ID=&IBLOCK_TYPE_ID=products&IBLOCK_ID=13&IBLOCK_CODE=cases&IBLOCK_EXTERNAL_ID=&CODE=avtomatizatsiya-agregatsii-kodov-na-fabrikakh', 'Автоматизация агрегации кодов на фабриках', 'В срок всего 2 месяца нами был реализован проект по маркировке одежды уникальными кодами при помощи ТСД. Это привело к ускорению приема и отгрузки на 40%, а также исключению ошибок при работе с маркированным товаром.', '', 'products', '13', NULL, NULL, NULL),
(66, '2022-12-14 16:19:52', 'iblock', '51', 0, NULL, NULL, NULL, '=ID=51&EXTERNAL_ID=51&IBLOCK_SECTION_ID=&IBLOCK_TYPE_ID=products&IBLOCK_ID=13&IBLOCK_CODE=cases&IBLOCK_EXTERNAL_ID=&CODE=zapusk-i-vnedrenie-erp', 'Запуск и внедрение ERP', 'Компанией в кратчайшие сроки был реализован проект по внедрению системы для управления бизнес-процессами и ресурсами обувной фабрики на основе единой базы данных. ERP создает единую унифицированную систему отчетности для всех процессов. Большая производительность за меньший срок.', '', 'products', '13', NULL, NULL, NULL),
(67, '2022-12-14 16:20:05', 'iblock', '52', 0, NULL, NULL, NULL, '=ID=52&EXTERNAL_ID=52&IBLOCK_SECTION_ID=&IBLOCK_TYPE_ID=products&IBLOCK_ID=13&IBLOCK_CODE=cases&IBLOCK_EXTERNAL_ID=&CODE=zapusk-i-vnedrenie-erp2', 'Запуск и внедрение ERP', 'Компанией в кратчайшие сроки был реализован проект по внедрению системы для управления бизнес-процессами и ресурсами обувной фабрики на основе единой базы данных. ERP создает единую унифицированную систему отчетности для всех процессов. Большая производительность за меньший срок.', '', 'products', '13', NULL, NULL, NULL),
(68, '2022-12-14 17:12:37', 'iblock', '53', 0, NULL, NULL, NULL, '=ID=53&EXTERNAL_ID=53&IBLOCK_SECTION_ID=&IBLOCK_TYPE_ID=products&IBLOCK_ID=13&IBLOCK_CODE=cases&IBLOCK_EXTERNAL_ID=&CODE=avtomatizatsiya-agregatsii-kodov-na-fabrikakh2', 'Автоматизация агрегации кодов на фабриках', 'В срок всего 2 месяца нами был реализован проект по маркировке одежды уникальными кодами при помощи ТСД. Это привело к ускорению приема и отгрузки на 40%, а также исключению ошибок при работе с маркированным товаром.', '', 'products', '13', NULL, NULL, NULL),
(69, '2022-12-14 16:21:16', 'iblock', '54', 0, NULL, NULL, NULL, '=ID=54&EXTERNAL_ID=54&IBLOCK_SECTION_ID=&IBLOCK_TYPE_ID=products&IBLOCK_ID=13&IBLOCK_CODE=cases&IBLOCK_EXTERNAL_ID=&CODE=zapusk-i-vnedrenie-erp3', 'Запуск и внедрение ERP', 'Компанией в кратчайшие сроки был реализован проект по внедрению системы для управления бизнес-процессами и ресурсами обувной фабрики на основе единой базы данных. ERP создает единую унифицированную систему отчетности для всех процессов. Большая производительность за меньший срок.', '', 'products', '13', NULL, NULL, NULL),
(70, '2022-12-14 16:21:16', 'iblock', '55', 0, NULL, NULL, NULL, '=ID=55&EXTERNAL_ID=55&IBLOCK_SECTION_ID=&IBLOCK_TYPE_ID=products&IBLOCK_ID=13&IBLOCK_CODE=cases&IBLOCK_EXTERNAL_ID=&CODE=zapusk-i-vnedrenie-erp4', 'Запуск и внедрение ERP', 'Компанией в кратчайшие сроки был реализован проект по внедрению системы для управления бизнес-процессами и ресурсами обувной фабрики на основе единой базы данных. ERP создает единую унифицированную систему отчетности для всех процессов. Большая производительность за меньший срок.', '', 'products', '13', NULL, NULL, NULL),
(73, '2022-12-08 13:02:03', 'iblock', '58', 0, NULL, NULL, NULL, '=ID=58&EXTERNAL_ID=58&IBLOCK_SECTION_ID=&IBLOCK_TYPE_ID=products&IBLOCK_ID=16&IBLOCK_CODE=knowledgebase&IBLOCK_EXTERNAL_ID=&CODE=vidy-adresnogo-khraneniya', 'Виды адресного хранения', '', '', 'products', '16', NULL, NULL, NULL),
(74, '2022-12-08 13:03:58', 'iblock', '59', 0, NULL, NULL, NULL, '=ID=59&EXTERNAL_ID=59&IBLOCK_SECTION_ID=&IBLOCK_TYPE_ID=products&IBLOCK_ID=16&IBLOCK_CODE=knowledgebase&IBLOCK_EXTERNAL_ID=&CODE=vidy-adresnogo-khraneniya-2', 'Виды адресного хранения 2', '', '', 'products', '16', NULL, NULL, NULL),
(75, '2022-12-08 17:11:18', 'iblock', '60', 0, NULL, NULL, NULL, '=ID=60&EXTERNAL_ID=60&IBLOCK_SECTION_ID=&IBLOCK_TYPE_ID=products&IBLOCK_ID=17&IBLOCK_CODE=plus&IBLOCK_EXTERNAL_ID=&CODE=', 'Компании, с внедренной адресной складской системой хранения товара, имеют весомое преимущество перед конкурентами.', 'Все изделия промаркированы, записаны и учтены в программе. Это существенно повышает прибыль и производительность предприятия. И чем крупнее компания, тем выгоднее подобная оптимизация.', '', 'products', '17', NULL, NULL, NULL),
(76, '2022-12-08 18:01:39', 'iblock', '61', 0, NULL, NULL, NULL, '=ID=61&EXTERNAL_ID=61&IBLOCK_SECTION_ID=&IBLOCK_TYPE_ID=products&IBLOCK_ID=12&IBLOCK_CODE=scope&IBLOCK_EXTERNAL_ID=&CODE=markirovka-adresnykh-yacheek', 'Маркировка адресных ячеек', 'Lorem ipsum dolor sit amet, consectetur adipiscing elit, sed do eiusmod tempor incididun', '', 'products', '12', NULL, NULL, NULL),
(77, '2022-12-08 18:01:39', 'iblock', '62', 0, NULL, NULL, NULL, '=ID=62&EXTERNAL_ID=62&IBLOCK_SECTION_ID=&IBLOCK_TYPE_ID=products&IBLOCK_ID=12&IBLOCK_CODE=scope&IBLOCK_EXTERNAL_ID=&CODE=otbor-tovara-iz-yacheyk', 'Отбор товара из ячейк', 'Lorem ipsum dolor sit amet, consectetur adipiscing elit, sed do eiusmod tempor incididunt', '', 'products', '12', NULL, NULL, NULL),
(78, '2022-12-08 18:01:39', 'iblock', '63', 0, NULL, NULL, NULL, '=ID=63&EXTERNAL_ID=63&IBLOCK_SECTION_ID=&IBLOCK_TYPE_ID=products&IBLOCK_ID=12&IBLOCK_CODE=scope&IBLOCK_EXTERNAL_ID=&CODE=postroenie-marshruta-komplektatsii-zakaza', 'Построение маршрута комплектации заказа', 'Lorem ipsum dolor sit amet, consectetur adipiscing elit, sed do eiusmod tempor incididun', '', 'products', '12', NULL, NULL, NULL),
(79, '2022-12-08 18:01:39', 'iblock', '64', 0, NULL, NULL, NULL, '=ID=64&EXTERNAL_ID=64&IBLOCK_SECTION_ID=&IBLOCK_TYPE_ID=products&IBLOCK_ID=12&IBLOCK_CODE=scope&IBLOCK_EXTERNAL_ID=&CODE=inventarizatsiya-po-yacheykam', 'Инвентаризация по ячейкам', 'Lorem ipsum dolor sit amet, consectetur adipiscing elit, sed do eiusmod tempor incididunt', '', 'products', '12', NULL, NULL, NULL),
(80, '2022-12-08 18:01:39', 'iblock', '65', 0, NULL, NULL, NULL, '=ID=65&EXTERNAL_ID=65&IBLOCK_SECTION_ID=&IBLOCK_TYPE_ID=products&IBLOCK_ID=12&IBLOCK_CODE=scope&IBLOCK_EXTERNAL_ID=&CODE=statistika-oborota-po-yacheykam', 'Статистика оборота по ячейкам', 'Lorem ipsum dolor sit amet, consectetur adipiscing elit, sed do eiusmod tempor incididunt', '', 'products', '12', NULL, NULL, NULL),
(81, '2022-12-08 18:01:39', 'iblock', '66', 0, NULL, NULL, NULL, '=ID=66&EXTERNAL_ID=66&IBLOCK_SECTION_ID=&IBLOCK_TYPE_ID=products&IBLOCK_ID=12&IBLOCK_CODE=scope&IBLOCK_EXTERNAL_ID=&CODE=multiyacheyka', 'Мультиячейка', '', '', 'products', '12', NULL, NULL, NULL),
(82, '2022-12-08 20:36:00', 'iblock', '67', 0, NULL, NULL, NULL, '=ID=67&EXTERNAL_ID=67&IBLOCK_SECTION_ID=&IBLOCK_TYPE_ID=products&IBLOCK_ID=18&IBLOCK_CODE=sklad_banner&IBLOCK_EXTERNAL_ID=&CODE=dlya-upravleniya-i-optimizatsii-protsessov-optovykh-skladov', 'Для управления и оптимизации процессов оптовых складов', 'Мобильная автоматизации упрощает работу сотрудников склада и устраняет ошибки при приёмке, отгрузке и инвентаризации товара', '', 'products', '18', NULL, NULL, NULL),
(83, '2022-12-08 20:36:55', 'iblock', '68', 0, NULL, NULL, NULL, '=ID=68&EXTERNAL_ID=68&IBLOCK_SECTION_ID=&IBLOCK_TYPE_ID=products&IBLOCK_ID=19&IBLOCK_CODE=proiz_banner&IBLOCK_EXTERNAL_ID=&CODE=dlya-optimizatsii-protsessov-vnutritsekhovogo-ucheta', 'Для оптимизации процессов внутрицехового учета', 'Система управления производственными процессами, позволяющая планировать и оперативно управлять циклом производства\r\nСистема управления производственными процессами, позволяющая планировать и оперативно управлять циклом производства', '', 'products', '19', NULL, NULL, NULL),
(84, '2022-12-08 21:17:52', 'iblock', '69', 0, NULL, NULL, NULL, '=ID=69&EXTERNAL_ID=69&IBLOCK_SECTION_ID=&IBLOCK_TYPE_ID=products&IBLOCK_ID=20&IBLOCK_CODE=products&IBLOCK_EXTERNAL_ID=&CODE=mes', 'MES', 'Система для вывода на внешние мониторы статистической и динамической информации', '', 'products', '20', NULL, NULL, NULL),
(85, '2022-12-08 21:17:52', 'iblock', '70', 0, NULL, NULL, NULL, '=ID=70&EXTERNAL_ID=70&IBLOCK_SECTION_ID=&IBLOCK_TYPE_ID=products&IBLOCK_ID=20&IBLOCK_CODE=products&IBLOCK_EXTERNAL_ID=&CODE=upravlenie-skladom-metalla', 'Управление складом металла', 'Центральная база, контролирующая каждую складскую операцию по товару, позволяет вести учет маркированного товара', '', 'products', '20', NULL, NULL, NULL),
(86, '2022-12-08 21:17:52', 'iblock', '71', 0, NULL, NULL, NULL, '=ID=71&EXTERNAL_ID=71&IBLOCK_SECTION_ID=&IBLOCK_TYPE_ID=products&IBLOCK_ID=20&IBLOCK_CODE=products&IBLOCK_EXTERNAL_ID=&CODE=toir', 'ТОИР', 'Система для сенсорных киосков для интерактивного отражения складских операций', '', 'products', '20', NULL, NULL, NULL),
(87, '2022-12-08 21:17:52', 'iblock', '72', 0, NULL, NULL, NULL, '=ID=72&EXTERNAL_ID=72&IBLOCK_SECTION_ID=&IBLOCK_TYPE_ID=products&IBLOCK_ID=20&IBLOCK_CODE=products&IBLOCK_EXTERNAL_ID=&CODE=upravlenie-it-aktivami', 'Управление IT-активами', 'Система для вывода на внешние мониторы статистической и динамической информации', '', 'products', '20', NULL, NULL, NULL),
(88, '2022-12-08 21:17:52', 'iblock', '73', 0, NULL, NULL, NULL, '=ID=73&EXTERNAL_ID=73&IBLOCK_SECTION_ID=&IBLOCK_TYPE_ID=products&IBLOCK_ID=20&IBLOCK_CODE=products&IBLOCK_EXTERNAL_ID=&CODE=tekhnolog-ogt', 'Технолог ОГТ', 'Система для сенсорных киосков для интерактивного отражения складских операций', '', 'products', '20', NULL, NULL, NULL),
(89, '2022-12-08 21:17:52', 'iblock', '74', 0, NULL, NULL, NULL, '=ID=74&EXTERNAL_ID=74&IBLOCK_SECTION_ID=&IBLOCK_TYPE_ID=products&IBLOCK_ID=20&IBLOCK_CODE=products&IBLOCK_EXTERNAL_ID=&CODE=uchet-instrumenta-i-spetsosnastki', 'Учет инструмента и спецоснастки', '', '', 'products', '20', NULL, NULL, NULL),
(90, '2022-12-14 19:26:36', 'iblock', '75', 0, NULL, NULL, NULL, '=ID=75&EXTERNAL_ID=75&IBLOCK_SECTION_ID=&IBLOCK_TYPE_ID=products&IBLOCK_ID=21&IBLOCK_CODE=case-detailed&IBLOCK_EXTERNAL_ID=&CODE=avtomatizatsiya-optovykh-skladov', 'Автоматизация оптовых складов', '', '', 'products', '21', NULL, NULL, NULL),
(91, '2022-12-13 09:03:06', 'iblock', '76', 0, NULL, NULL, NULL, '=ID=76&EXTERNAL_ID=76&IBLOCK_SECTION_ID=&IBLOCK_TYPE_ID=products&IBLOCK_ID=22&IBLOCK_CODE=slider&IBLOCK_EXTERNAL_ID=&CODE=keys-1', 'Кейс 1', '', '', 'products', '22', NULL, NULL, NULL);

-- --------------------------------------------------------

--
-- Структура таблицы `b_search_content_freq`
--

CREATE TABLE `b_search_content_freq` (
  `STEM` int(11) NOT NULL DEFAULT '0',
  `LANGUAGE_ID` char(2) COLLATE utf8_unicode_ci NOT NULL,
  `SITE_ID` char(2) COLLATE utf8_unicode_ci DEFAULT NULL,
  `FREQ` float DEFAULT NULL,
  `TF` float DEFAULT NULL
) ENGINE=InnoDB DEFAULT CHARSET=utf8 COLLATE=utf8_unicode_ci;

-- --------------------------------------------------------

--
-- Структура таблицы `b_search_content_param`
--

CREATE TABLE `b_search_content_param` (
  `SEARCH_CONTENT_ID` int(11) NOT NULL,
  `PARAM_NAME` varchar(100) COLLATE utf8_unicode_ci NOT NULL,
  `PARAM_VALUE` varchar(100) COLLATE utf8_unicode_ci NOT NULL
) ENGINE=InnoDB DEFAULT CHARSET=utf8 COLLATE=utf8_unicode_ci;

-- --------------------------------------------------------

--
-- Структура таблицы `b_search_content_right`
--

CREATE TABLE `b_search_content_right` (
  `SEARCH_CONTENT_ID` int(11) NOT NULL,
  `GROUP_CODE` varchar(100) COLLATE utf8_unicode_ci NOT NULL
) ENGINE=InnoDB DEFAULT CHARSET=utf8 COLLATE=utf8_unicode_ci;

--
-- Дамп данных таблицы `b_search_content_right`
--

INSERT INTO `b_search_content_right` (`SEARCH_CONTENT_ID`, `GROUP_CODE`) VALUES
(1, 'G1'),
(1, 'G2'),
(2, 'G1'),
(2, 'G2'),
(3, 'G1'),
(3, 'G2'),
(4, 'G1'),
(4, 'G2'),
(5, 'G1'),
(5, 'G2'),
(6, 'G1'),
(6, 'G2'),
(7, 'G1'),
(7, 'G2'),
(8, 'G1'),
(8, 'G2'),
(9, 'G1'),
(9, 'G2'),
(10, 'G1'),
(10, 'G2'),
(11, 'G1'),
(11, 'G2'),
(12, 'G1'),
(12, 'G2'),
(13, 'G1'),
(13, 'G2'),
(14, 'G1'),
(14, 'G2'),
(15, 'G1'),
(15, 'G2'),
(16, 'G1'),
(16, 'G2'),
(17, 'G1'),
(17, 'G2'),
(18, 'G1'),
(18, 'G2'),
(19, 'G1'),
(19, 'G2'),
(20, 'G1'),
(20, 'G2'),
(21, 'G1'),
(21, 'G2'),
(22, 'G1'),
(22, 'G2'),
(23, 'G1'),
(23, 'G2'),
(24, 'G1'),
(24, 'G2'),
(25, 'G1'),
(25, 'G2'),
(26, 'G1'),
(26, 'G2'),
(27, 'G1'),
(27, 'G2'),
(28, 'G1'),
(28, 'G2'),
(29, 'G1'),
(29, 'G2'),
(30, 'G1'),
(30, 'G2'),
(31, 'G1'),
(31, 'G2'),
(32, 'G1'),
(32, 'G2'),
(33, 'G1'),
(33, 'G2'),
(34, 'G1'),
(34, 'G2'),
(35, 'G1'),
(35, 'G2'),
(36, 'G1'),
(36, 'G2'),
(37, 'G1'),
(37, 'G2'),
(38, 'G1'),
(38, 'G2'),
(39, 'G1'),
(39, 'G2'),
(40, 'G1'),
(40, 'G2'),
(41, 'G1'),
(41, 'G2'),
(42, 'G1'),
(42, 'G2'),
(43, 'G1'),
(43, 'G2'),
(44, 'G1'),
(44, 'G2'),
(45, 'G1'),
(45, 'G2'),
(46, 'G1'),
(46, 'G2'),
(47, 'G1'),
(47, 'G2'),
(48, 'G1'),
(48, 'G2'),
(49, 'G2'),
(50, 'G2'),
(51, 'G2'),
(57, 'G2'),
(58, 'G2'),
(59, 'G2'),
(60, 'G2'),
(61, 'G2'),
(62, 'G1'),
(62, 'G2'),
(63, 'G1'),
(63, 'G2'),
(64, 'G2'),
(65, 'G1'),
(65, 'G2'),
(66, 'G1'),
(66, 'G2'),
(67, 'G1'),
(67, 'G2'),
(68, 'G1'),
(68, 'G2'),
(69, 'G1'),
(69, 'G2'),
(70, 'G1'),
(70, 'G2'),
(73, 'G2'),
(74, 'G1'),
(74, 'G2'),
(75, 'G2'),
(76, 'G1'),
(76, 'G2'),
(77, 'G1'),
(77, 'G2'),
(78, 'G1'),
(78, 'G2'),
(79, 'G1'),
(79, 'G2'),
(80, 'G1'),
(80, 'G2'),
(81, 'G1'),
(81, 'G2'),
(82, 'G2'),
(83, 'G2'),
(84, 'G2'),
(85, 'G2'),
(86, 'G2'),
(87, 'G2'),
(88, 'G2'),
(89, 'G2'),
(90, 'G1'),
(91, 'G1');

-- --------------------------------------------------------

--
-- Структура таблицы `b_search_content_site`
--

CREATE TABLE `b_search_content_site` (
  `SEARCH_CONTENT_ID` int(18) NOT NULL,
  `SITE_ID` char(2) COLLATE utf8_unicode_ci NOT NULL,
  `URL` text COLLATE utf8_unicode_ci
) ENGINE=InnoDB DEFAULT CHARSET=utf8 COLLATE=utf8_unicode_ci;

--
-- Дамп данных таблицы `b_search_content_site`
--

INSERT INTO `b_search_content_site` (`SEARCH_CONTENT_ID`, `SITE_ID`, `URL`) VALUES
(1, 's1', ''),
(2, 's1', ''),
(3, 's1', ''),
(4, 's1', ''),
(5, 's1', ''),
(6, 's1', ''),
(7, 's1', ''),
(8, 's1', ''),
(9, 's1', ''),
(10, 's1', ''),
(11, 's1', ''),
(12, 's1', ''),
(13, 's1', ''),
(14, 's1', ''),
(15, 's1', ''),
(16, 's1', ''),
(17, 's1', ''),
(18, 's1', ''),
(19, 's1', ''),
(20, 's1', ''),
(21, 's1', ''),
(22, 's1', ''),
(23, 's1', ''),
(24, 's1', ''),
(25, 's1', ''),
(26, 's1', ''),
(27, 's1', ''),
(28, 's1', ''),
(29, 's1', ''),
(30, 's1', ''),
(31, 's1', ''),
(32, 's1', ''),
(33, 's1', ''),
(34, 's1', ''),
(35, 's1', ''),
(36, 's1', ''),
(37, 's1', ''),
(38, 's1', ''),
(39, 's1', ''),
(40, 's1', ''),
(41, 's1', ''),
(42, 's1', ''),
(43, 's1', ''),
(44, 's1', ''),
(45, 's1', ''),
(46, 's1', ''),
(47, 's1', ''),
(48, 's1', ''),
(49, 's1', ''),
(50, 's1', ''),
(51, 's1', ''),
(57, 's1', ''),
(58, 's1', ''),
(59, 's1', ''),
(60, 's1', ''),
(61, 's1', ''),
(62, 's1', ''),
(63, 's1', ''),
(64, 's1', ''),
(65, 's1', ''),
(66, 's1', ''),
(67, 's1', ''),
(68, 's1', ''),
(69, 's1', ''),
(70, 's1', ''),
(73, 's1', ''),
(74, 's1', ''),
(75, 's1', ''),
(76, 's1', ''),
(77, 's1', ''),
(78, 's1', ''),
(79, 's1', ''),
(80, 's1', ''),
(81, 's1', ''),
(82, 's1', ''),
(83, 's1', ''),
(84, 's1', ''),
(85, 's1', ''),
(86, 's1', ''),
(87, 's1', ''),
(88, 's1', ''),
(89, 's1', ''),
(90, 's1', ''),
(91, 's1', '');

-- --------------------------------------------------------

--
-- Структура таблицы `b_search_content_stem`
--

CREATE TABLE `b_search_content_stem` (
  `SEARCH_CONTENT_ID` int(11) NOT NULL,
  `LANGUAGE_ID` char(2) COLLATE utf8_unicode_ci NOT NULL,
  `STEM` int(11) NOT NULL,
  `TF` float NOT NULL,
  `PS` float NOT NULL
) ENGINE=InnoDB DEFAULT CHARSET=utf8 COLLATE=utf8_unicode_ci DELAY_KEY_WRITE=1;

--
-- Дамп данных таблицы `b_search_content_stem`
--

INSERT INTO `b_search_content_stem` (`SEARCH_CONTENT_ID`, `LANGUAGE_ID`, `STEM`, `TF`, `PS`) VALUES
(1, 'ru', 1, 0.2314, 2),
(1, 'ru', 2, 0.2314, 3),
(1, 'ru', 3, 0.2314, 4),
(1, 'ru', 4, 0.2314, 5),
(1, 'ru', 5, 0.2314, 6),
(1, 'ru', 6, 0.2314, 7),
(1, 'ru', 7, 0.2314, 9),
(1, 'ru', 8, 0.2314, 11),
(1, 'ru', 9, 0.2314, 12),
(1, 'ru', 10, 0.3667, 14.5),
(1, 'ru', 11, 0.2314, 15),
(2, 'ru', 13, 0.2314, 1),
(2, 'ru', 14, 0.2314, 2),
(2, 'ru', 15, 0.3667, 7),
(2, 'ru', 16, 0.2314, 5),
(2, 'ru', 17, 0.2314, 7),
(2, 'ru', 18, 0.2314, 9),
(2, 'ru', 19, 0.2314, 10),
(2, 'ru', 20, 0.2314, 13),
(2, 'ru', 21, 0.2314, 15),
(2, 'ru', 22, 0.2314, 16),
(3, 'ru', 17, 0.2314, 1),
(4, 'ru', 24, 0.2314, 1),
(5, 'ru', 16, 0.2314, 1),
(6, 'ru', 25, 0.2314, 1),
(7, 'ru', 26, 0.2314, 1),
(8, 'ru', 27, 0.2314, 1),
(9, 'ru', 28, 0.2314, 1),
(9, 'ru', 29, 0.2314, 2),
(10, 'ru', 30, 0.2314, 1),
(11, 'ru', 31, 0.2314, 1),
(12, 'ru', 32, 0.2314, 1),
(12, 'ru', 33, 0.2314, 3),
(13, 'ru', 34, 0.2314, 1),
(13, 'ru', 35, 0.2314, 3),
(14, 'ru', 36, 0.2314, 1),
(14, 'ru', 37, 0.2314, 2),
(15, 'ru', 38, 0.2314, 1),
(16, 'ru', 39, 0.2314, 1),
(16, 'ru', 40, 0.2314, 2),
(16, 'ru', 41, 0.3667, 7),
(16, 'ru', 42, 0.2314, 4),
(16, 'ru', 43, 0.2314, 5),
(16, 'ru', 44, 0.3667, 5),
(16, 'ru', 45, 0.2314, 6),
(16, 'ru', 46, 0.2314, 7),
(16, 'ru', 47, 0.2314, 8),
(16, 'ru', 48, 0.2314, 9),
(16, 'ru', 49, 0.2314, 13),
(16, 'ru', 50, 0.2314, 15),
(17, 'ru', 51, 0.2314, 1),
(17, 'ru', 52, 0.2314, 2),
(17, 'ru', 53, 0.2314, 3),
(17, 'ru', 54, 0.2314, 5),
(17, 'ru', 55, 0.2314, 7),
(17, 'ru', 56, 0.2314, 8),
(17, 'ru', 57, 0.2314, 9),
(17, 'ru', 58, 0.2314, 11),
(17, 'ru', 59, 0.2314, 12),
(18, 'ru', 20, 0.2314, 9),
(18, 'ru', 53, 0.2314, 2),
(18, 'ru', 60, 0.2314, 1),
(18, 'ru', 61, 0.2314, 4),
(18, 'ru', 62, 0.2314, 5),
(18, 'ru', 63, 0.3667, 5),
(18, 'ru', 64, 0.2314, 7),
(18, 'ru', 65, 0.2314, 8),
(18, 'ru', 66, 0.2314, 10),
(19, 'ru', 53, 0.2314, 2),
(19, 'ru', 67, 0.2314, 1),
(19, 'ru', 68, 0.2314, 4),
(19, 'ru', 69, 0.2314, 5),
(19, 'ru', 70, 0.2314, 6),
(19, 'ru', 71, 0.2314, 16),
(19, 'ru', 72, 0.2314, 17),
(19, 'ru', 73, 0.2314, 18),
(20, 'ru', 53, 0.2314, 3),
(20, 'ru', 74, 0.2314, 1),
(20, 'ru', 75, 0.3667, 4),
(20, 'ru', 76, 0.2314, 5),
(20, 'ru', 77, 0.2314, 7),
(20, 'ru', 78, 0.3667, 7),
(20, 'ru', 79, 0.2314, 9),
(20, 'ru', 80, 0.2314, 10),
(20, 'ru', 81, 0.2314, 11),
(21, 'ru', 20, 0.2314, 10),
(21, 'ru', 48, 0.2314, 13),
(21, 'ru', 66, 0.2314, 11),
(21, 'ru', 76, 0.2314, 7),
(21, 'ru', 82, 0.2314, 1),
(21, 'ru', 83, 0.2314, 3),
(21, 'ru', 84, 0.2314, 4),
(21, 'ru', 85, 0.2314, 5),
(21, 'ru', 86, 0.2314, 9),
(21, 'ru', 87, 0.2314, 12),
(22, 'ru', 53, 0.2314, 2),
(22, 'ru', 54, 0.2314, 4),
(22, 'ru', 55, 0.2314, 6),
(22, 'ru', 56, 0.2314, 7),
(22, 'ru', 57, 0.2314, 8),
(22, 'ru', 58, 0.2314, 10),
(22, 'ru', 59, 0.2314, 11),
(22, 'ru', 88, 0.2314, 1),
(23, 'ru', 20, 0.2314, 6),
(23, 'ru', 47, 0.2314, 10),
(23, 'ru', 66, 0.2314, 7),
(23, 'ru', 70, 0.2314, 9),
(23, 'ru', 81, 0.2314, 2),
(23, 'ru', 89, 0.2314, 1),
(23, 'ru', 90, 0.2314, 3),
(23, 'ru', 91, 0.2314, 4),
(23, 'ru', 92, 0.2314, 5),
(24, 'ru', 20, 0.2314, 9),
(24, 'ru', 53, 0.2314, 2),
(24, 'ru', 61, 0.2314, 4),
(24, 'ru', 62, 0.2314, 5),
(24, 'ru', 63, 0.3667, 5),
(24, 'ru', 64, 0.2314, 7),
(24, 'ru', 65, 0.2314, 8),
(24, 'ru', 66, 0.2314, 10),
(24, 'ru', 93, 0.2314, 1),
(25, 'ru', 24, 0.2314, 4),
(25, 'ru', 53, 0.2314, 5),
(25, 'ru', 54, 0.2314, 7),
(25, 'ru', 55, 0.2314, 9),
(25, 'ru', 56, 0.2314, 10),
(25, 'ru', 57, 0.2314, 11),
(25, 'ru', 58, 0.2314, 13),
(25, 'ru', 59, 0.2314, 14),
(25, 'ru', 94, 0.2314, 1),
(25, 'ru', 95, 0.2314, 2),
(26, 'ru', 53, 0.2314, 2),
(26, 'ru', 54, 0.2314, 4),
(26, 'ru', 55, 0.2314, 6),
(26, 'ru', 56, 0.2314, 7),
(26, 'ru', 57, 0.2314, 8),
(26, 'ru', 58, 0.2314, 10),
(26, 'ru', 59, 0.2314, 11),
(26, 'ru', 96, 0.2314, 1),
(27, 'ru', 16, 0.2314, 2),
(27, 'ru', 20, 0.2314, 8),
(27, 'ru', 28, 0.2314, 3),
(27, 'ru', 47, 0.2314, 12),
(27, 'ru', 66, 0.2314, 9),
(27, 'ru', 68, 0.2314, 14),
(27, 'ru', 69, 0.2314, 15),
(27, 'ru', 70, 0.3667, 13.5),
(27, 'ru', 76, 0.2314, 1),
(27, 'ru', 90, 0.2314, 4),
(27, 'ru', 91, 0.2314, 5),
(27, 'ru', 92, 0.2314, 7),
(27, 'ru', 97, 0.2314, 6),
(27, 'ru', 98, 0.2314, 13),
(28, 'ru', 20, 0.2314, 9),
(28, 'ru', 53, 0.2314, 2),
(28, 'ru', 61, 0.2314, 4),
(28, 'ru', 62, 0.2314, 5),
(28, 'ru', 63, 0.3667, 5),
(28, 'ru', 64, 0.2314, 7),
(28, 'ru', 65, 0.2314, 8),
(28, 'ru', 66, 0.2314, 10),
(28, 'ru', 99, 0.2314, 1),
(29, 'ru', 53, 0.2314, 3),
(29, 'ru', 54, 0.2314, 5),
(29, 'ru', 55, 0.2314, 7),
(29, 'ru', 56, 0.2314, 8),
(29, 'ru', 57, 0.2314, 9),
(29, 'ru', 58, 0.2314, 11),
(29, 'ru', 59, 0.2314, 12),
(29, 'ru', 76, 0.2314, 1),
(29, 'ru', 100, 0.2314, 2),
(30, 'ru', 20, 0.2314, 10),
(30, 'ru', 53, 0.2314, 3),
(30, 'ru', 61, 0.2314, 5),
(30, 'ru', 62, 0.2314, 6),
(30, 'ru', 63, 0.3667, 6),
(30, 'ru', 64, 0.2314, 8),
(30, 'ru', 65, 0.2314, 9),
(30, 'ru', 66, 0.2314, 11),
(30, 'ru', 101, 0.2314, 1),
(30, 'ru', 102, 0.2314, 2),
(31, 'ru', 27, 0.2314, 2),
(31, 'ru', 53, 0.2314, 5),
(31, 'ru', 54, 0.2314, 7),
(31, 'ru', 55, 0.2314, 9),
(31, 'ru', 56, 0.2314, 10),
(31, 'ru', 57, 0.2314, 11),
(31, 'ru', 68, 0.2314, 1),
(31, 'ru', 103, 0.2314, 4),
(32, 'ru', 25, 0.2058, 17),
(32, 'ru', 40, 0.2058, 22),
(32, 'ru', 67, 0.2058, 16),
(32, 'ru', 70, 0.2058, 45),
(32, 'ru', 81, 0.2058, 34),
(32, 'ru', 104, 0.2058, 1),
(32, 'ru', 105, 0.2058, 2),
(32, 'ru', 106, 0.2058, 3),
(32, 'ru', 107, 0.4117, 8.3333),
(32, 'ru', 108, 0.2058, 5),
(32, 'ru', 109, 0.2058, 7),
(32, 'ru', 110, 0.2058, 8),
(32, 'ru', 111, 0.2058, 10),
(32, 'ru', 112, 0.2058, 11),
(32, 'ru', 113, 0.2058, 13),
(32, 'ru', 114, 0.2058, 14),
(32, 'ru', 115, 0.2058, 18),
(32, 'ru', 116, 0.2058, 21),
(32, 'ru', 117, 0.2058, 29),
(32, 'ru', 118, 0.2058, 31),
(32, 'ru', 119, 0.2058, 32),
(32, 'ru', 120, 0.2058, 36),
(32, 'ru', 121, 0.2058, 38),
(32, 'ru', 122, 0.2058, 39),
(32, 'ru', 123, 0.2058, 40),
(32, 'ru', 124, 0.2058, 42),
(32, 'ru', 125, 0.2058, 44),
(33, 'ru', 25, 0.2058, 18),
(33, 'ru', 40, 0.2058, 23),
(33, 'ru', 67, 0.2058, 17),
(33, 'ru', 70, 0.2058, 46),
(33, 'ru', 81, 0.2058, 35),
(33, 'ru', 104, 0.2058, 1),
(33, 'ru', 105, 0.2058, 2),
(33, 'ru', 106, 0.2058, 3),
(33, 'ru', 107, 0.4117, 8.6667),
(33, 'ru', 108, 0.2058, 5),
(33, 'ru', 109, 0.2058, 8),
(33, 'ru', 110, 0.2058, 9),
(33, 'ru', 111, 0.2058, 11),
(33, 'ru', 112, 0.2058, 12),
(33, 'ru', 113, 0.2058, 14),
(33, 'ru', 114, 0.2058, 15),
(33, 'ru', 115, 0.2058, 19),
(33, 'ru', 116, 0.2058, 22),
(33, 'ru', 117, 0.2058, 30),
(33, 'ru', 118, 0.2058, 32),
(33, 'ru', 119, 0.2058, 33),
(33, 'ru', 120, 0.2058, 37),
(33, 'ru', 121, 0.2058, 39),
(33, 'ru', 122, 0.2058, 40),
(33, 'ru', 123, 0.2058, 41),
(33, 'ru', 124, 0.2058, 43),
(33, 'ru', 125, 0.2058, 45),
(34, 'ru', 126, 0.2314, 1),
(35, 'ru', 127, 0.2314, 1),
(36, 'ru', 128, 0.2314, 1),
(37, 'ru', 129, 0.2314, 1),
(38, 'ru', 126, 0.2314, 1),
(39, 'ru', 16, 0.2314, 13),
(39, 'ru', 67, 0.3667, 4),
(39, 'ru', 106, 0.2314, 6),
(39, 'ru', 107, 0.3667, 6),
(39, 'ru', 130, 0.2314, 2),
(39, 'ru', 131, 0.3667, 2),
(39, 'ru', 132, 0.2314, 3),
(39, 'ru', 133, 0.2314, 4),
(39, 'ru', 134, 0.2314, 5),
(39, 'ru', 135, 0.2314, 8),
(39, 'ru', 136, 0.2314, 9),
(39, 'ru', 137, 0.2314, 10),
(39, 'ru', 138, 0.2314, 11),
(40, 'ru', 67, 0.4362, 8.6667),
(40, 'ru', 72, 0.2181, 15),
(40, 'ru', 73, 0.2181, 16),
(40, 'ru', 106, 0.3457, 11.5),
(40, 'ru', 107, 0.5064, 11.5),
(40, 'ru', 130, 0.2181, 2),
(40, 'ru', 131, 0.4362, 3.3333),
(40, 'ru', 134, 0.3457, 10.5),
(40, 'ru', 135, 0.2181, 21),
(40, 'ru', 139, 0.2181, 8),
(40, 'ru', 140, 0.2181, 9),
(40, 'ru', 141, 0.2181, 10),
(40, 'ru', 142, 0.2181, 11),
(40, 'ru', 143, 0.2181, 12),
(40, 'ru', 144, 0.2181, 14),
(41, 'ru', 16, 0.2314, 15),
(41, 'ru', 67, 0.3667, 5),
(41, 'ru', 106, 0.2314, 8),
(41, 'ru', 107, 0.3667, 8),
(41, 'ru', 130, 0.2314, 2),
(41, 'ru', 131, 0.3667, 2),
(41, 'ru', 133, 0.2314, 6),
(41, 'ru', 134, 0.2314, 7),
(41, 'ru', 135, 0.2314, 10),
(41, 'ru', 136, 0.2314, 11),
(41, 'ru', 137, 0.2314, 12),
(41, 'ru', 138, 0.2314, 13),
(41, 'ru', 145, 0.2314, 3),
(41, 'ru', 146, 0.2314, 5),
(42, 'ru', 16, 0.2314, 13),
(42, 'ru', 67, 0.3667, 4),
(42, 'ru', 106, 0.2314, 6),
(42, 'ru', 107, 0.3667, 6),
(42, 'ru', 130, 0.2314, 2),
(42, 'ru', 131, 0.3667, 2),
(42, 'ru', 132, 0.2314, 3),
(42, 'ru', 133, 0.2314, 4),
(42, 'ru', 134, 0.2314, 5),
(42, 'ru', 135, 0.2314, 8),
(42, 'ru', 136, 0.2314, 9),
(42, 'ru', 137, 0.2314, 10),
(42, 'ru', 138, 0.2314, 11),
(43, 'ru', 16, 0.2314, 13),
(43, 'ru', 67, 0.3667, 4),
(43, 'ru', 106, 0.2314, 6),
(43, 'ru', 107, 0.3667, 6),
(43, 'ru', 130, 0.2314, 2),
(43, 'ru', 131, 0.3667, 2),
(43, 'ru', 132, 0.2314, 3),
(43, 'ru', 133, 0.2314, 4),
(43, 'ru', 134, 0.2314, 5),
(43, 'ru', 135, 0.2314, 8),
(43, 'ru', 136, 0.2314, 9),
(43, 'ru', 137, 0.2314, 10),
(43, 'ru', 138, 0.2314, 11),
(44, 'ru', 40, 0.2314, 6),
(44, 'ru', 101, 0.2314, 8),
(44, 'ru', 124, 0.2314, 2),
(44, 'ru', 147, 0.2314, 1),
(44, 'ru', 148, 0.2314, 3),
(44, 'ru', 149, 0.2314, 4),
(44, 'ru', 150, 0.2314, 10),
(44, 'ru', 151, 0.2314, 16),
(44, 'ru', 152, 0.2314, 17),
(44, 'ru', 153, 0.2314, 18),
(45, 'ru', 40, 0.2314, 6),
(45, 'ru', 101, 0.2314, 8),
(45, 'ru', 124, 0.2314, 2),
(45, 'ru', 147, 0.2314, 1),
(45, 'ru', 148, 0.2314, 3),
(45, 'ru', 149, 0.2314, 4),
(45, 'ru', 150, 0.2314, 10),
(45, 'ru', 151, 0.2314, 16),
(45, 'ru', 152, 0.2314, 17),
(45, 'ru', 153, 0.2314, 18),
(46, 'ru', 24, 0.2314, 5),
(46, 'ru', 69, 0.2314, 29),
(46, 'ru', 70, 0.2314, 30),
(46, 'ru', 154, 0.2314, 1),
(46, 'ru', 155, 0.2314, 2),
(46, 'ru', 156, 0.2314, 25),
(46, 'ru', 157, 0.2314, 26),
(46, 'ru', 158, 0.2314, 27),
(46, 'ru', 159, 0.2314, 28),
(47, 'ru', 45, 0.2314, 8),
(47, 'ru', 46, 0.2314, 9),
(47, 'ru', 160, 0.2314, 1),
(47, 'ru', 161, 0.2314, 2),
(47, 'ru', 162, 0.2314, 3),
(47, 'ru', 163, 0.2314, 4),
(47, 'ru', 164, 0.2314, 5),
(47, 'ru', 165, 0.2314, 6),
(47, 'ru', 166, 0.2314, 7),
(48, 'ru', 41, 0.2314, 6),
(48, 'ru', 160, 0.2314, 1),
(48, 'ru', 164, 0.2314, 4),
(48, 'ru', 165, 0.2314, 5),
(48, 'ru', 167, 0.2314, 2),
(48, 'ru', 168, 0.2314, 3),
(48, 'ru', 169, 0.2314, 7),
(49, 'ru', 16, 0.3967, 91.6667),
(49, 'ru', 24, 0.1413, 1),
(49, 'ru', 36, 0.2826, 188),
(49, 'ru', 39, 0.2826, 252),
(49, 'ru', 40, 0.4479, 66.25),
(49, 'ru', 51, 0.1413, 266),
(49, 'ru', 59, 0.1413, 118),
(49, 'ru', 60, 0.1413, 269),
(49, 'ru', 68, 0.1413, 138),
(49, 'ru', 70, 0.3281, 195.75),
(49, 'ru', 74, 0.1413, 271),
(49, 'ru', 75, 0.1413, 272),
(49, 'ru', 76, 0.1413, 101),
(49, 'ru', 78, 0.1413, 223),
(49, 'ru', 79, 0.1413, 202),
(49, 'ru', 80, 0.1413, 222),
(49, 'ru', 81, 0.1413, 231),
(49, 'ru', 82, 0.1413, 262),
(49, 'ru', 83, 0.1413, 264),
(49, 'ru', 87, 0.1413, 241),
(49, 'ru', 91, 0.1413, 284),
(49, 'ru', 109, 0.1413, 27),
(49, 'ru', 111, 0.224, 32),
(49, 'ru', 124, 0.3281, 67),
(49, 'ru', 138, 0.1413, 193),
(49, 'ru', 176, 0.224, 147.5),
(49, 'ru', 194, 0.224, 3.5),
(49, 'ru', 195, 0.2826, 14),
(49, 'ru', 196, 0.2826, 187.667),
(49, 'ru', 197, 0.1413, 7),
(49, 'ru', 198, 0.1413, 239),
(49, 'ru', 203, 0.1413, 102),
(49, 'ru', 204, 0.224, 276),
(49, 'ru', 205, 0.224, 165.5),
(49, 'ru', 209, 0.1413, 211),
(49, 'ru', 210, 0.3281, 173.5),
(49, 'ru', 236, 0.1413, 10),
(49, 'ru', 237, 0.2826, 61),
(49, 'ru', 264, 0.1413, 37),
(49, 'ru', 274, 0.1413, 12),
(49, 'ru', 305, 0.1413, 21),
(49, 'ru', 306, 0.1413, 25),
(49, 'ru', 307, 0.1413, 28),
(49, 'ru', 308, 0.1413, 29),
(49, 'ru', 309, 0.1413, 31),
(49, 'ru', 310, 0.1413, 32),
(49, 'ru', 311, 0.1413, 35),
(49, 'ru', 312, 0.1413, 36),
(49, 'ru', 313, 0.1413, 39),
(49, 'ru', 314, 0.2826, 58),
(49, 'ru', 315, 0.2826, 60),
(49, 'ru', 316, 0.1413, 47),
(49, 'ru', 317, 0.2826, 65),
(49, 'ru', 318, 0.1413, 50),
(49, 'ru', 319, 0.2826, 71),
(49, 'ru', 320, 0.2826, 72),
(49, 'ru', 321, 0.1413, 56),
(49, 'ru', 322, 0.1413, 64),
(49, 'ru', 323, 0.1413, 67),
(49, 'ru', 324, 0.1413, 73),
(49, 'ru', 325, 0.1413, 81),
(49, 'ru', 326, 0.1413, 84),
(49, 'ru', 327, 0.1413, 120),
(49, 'ru', 328, 0.224, 167.5),
(49, 'ru', 329, 0.1413, 123),
(49, 'ru', 330, 0.1413, 139),
(49, 'ru', 331, 0.1413, 142),
(49, 'ru', 332, 0.1413, 144),
(49, 'ru', 333, 0.1413, 145),
(49, 'ru', 334, 0.1413, 148),
(49, 'ru', 335, 0.1413, 149),
(49, 'ru', 336, 0.1413, 163),
(49, 'ru', 337, 0.1413, 164),
(49, 'ru', 338, 0.224, 164),
(49, 'ru', 339, 0.1413, 166),
(49, 'ru', 340, 0.1413, 167),
(49, 'ru', 341, 0.2826, 172.667),
(49, 'ru', 342, 0.1413, 181),
(49, 'ru', 343, 0.1413, 182),
(49, 'ru', 344, 0.1413, 183),
(49, 'ru', 345, 0.1413, 267),
(49, 'ru', 346, 0.1413, 277),
(49, 'ru', 347, 0.1413, 279),
(49, 'ru', 348, 0.1413, 285),
(49, 'ru', 371, 0.1413, 287),
(50, 'ru', 1, 0.096, 1977),
(50, 'ru', 2, 0.096, 1978),
(50, 'ru', 3, 0.096, 1979),
(50, 'ru', 4, 0.096, 1980),
(50, 'ru', 5, 0.096, 1981),
(50, 'ru', 6, 0.096, 1982),
(50, 'ru', 7, 0.096, 1984),
(50, 'ru', 8, 0.096, 1986),
(50, 'ru', 9, 0.096, 1987),
(50, 'ru', 10, 0.1521, 1989.5),
(50, 'ru', 11, 0.096, 1990),
(50, 'ru', 16, 0.4002, 588.177),
(50, 'ru', 20, 0.2228, 241.5),
(50, 'ru', 24, 0.1919, 28.3333),
(50, 'ru', 25, 0.2481, 709.8),
(50, 'ru', 26, 0.096, 107),
(50, 'ru', 27, 0.096, 108),
(50, 'ru', 28, 0.096, 109),
(50, 'ru', 29, 0.1521, 57),
(50, 'ru', 30, 0.096, 111),
(50, 'ru', 31, 0.096, 112),
(50, 'ru', 34, 0.096, 114),
(50, 'ru', 35, 0.096, 116),
(50, 'ru', 36, 0.2228, 815.25),
(50, 'ru', 37, 0.096, 118),
(50, 'ru', 38, 0.096, 119),
(50, 'ru', 39, 0.1919, 1010),
(50, 'ru', 40, 0.3551, 838.083),
(50, 'ru', 41, 0.096, 16),
(50, 'ru', 45, 0.096, 467),
(50, 'ru', 46, 0.332, 1148.6),
(50, 'ru', 47, 0.1521, 76),
(50, 'ru', 51, 0.096, 1024),
(50, 'ru', 53, 0.3654, 752.539),
(50, 'ru', 54, 0.1521, 53.5),
(50, 'ru', 55, 0.1521, 55.5),
(50, 'ru', 56, 0.1521, 56.5),
(50, 'ru', 57, 0.1521, 57.5),
(50, 'ru', 58, 0.2694, 1199.83),
(50, 'ru', 59, 0.2228, 361.75),
(50, 'ru', 60, 0.096, 1027),
(50, 'ru', 61, 0.096, 58),
(50, 'ru', 62, 0.096, 59),
(50, 'ru', 63, 0.1521, 59),
(50, 'ru', 64, 0.096, 61),
(50, 'ru', 65, 0.096, 62),
(50, 'ru', 66, 0.2228, 185),
(50, 'ru', 67, 0.2694, 640),
(50, 'ru', 68, 0.1521, 495),
(50, 'ru', 69, 0.2228, 887.75),
(50, 'ru', 70, 0.4999, 605.083),
(50, 'ru', 74, 0.1919, 733),
(50, 'ru', 75, 0.1919, 734),
(50, 'ru', 76, 0.344, 931.545),
(50, 'ru', 78, 0.2694, 525.5),
(50, 'ru', 79, 0.2228, 537),
(50, 'ru', 80, 0.2481, 536),
(50, 'ru', 81, 0.3188, 638.444),
(50, 'ru', 82, 0.096, 1020),
(50, 'ru', 83, 0.096, 1022),
(50, 'ru', 87, 0.096, 999),
(50, 'ru', 88, 0.096, 32),
(50, 'ru', 89, 0.096, 44),
(50, 'ru', 90, 0.096, 46),
(50, 'ru', 91, 0.332, 1076.4),
(50, 'ru', 92, 0.096, 48),
(50, 'ru', 93, 0.096, 55),
(50, 'ru', 94, 0.096, 66),
(50, 'ru', 95, 0.1919, 778),
(50, 'ru', 104, 0.2481, 679.2),
(50, 'ru', 105, 0.2879, 868.714),
(50, 'ru', 106, 0.2228, 846.75),
(50, 'ru', 107, 0.3551, 852.083),
(50, 'ru', 108, 0.3551, 1043.67),
(50, 'ru', 109, 0.44, 1022.52),
(50, 'ru', 110, 0.2228, 851.75),
(50, 'ru', 111, 0.3551, 825.25),
(50, 'ru', 112, 0.2228, 854.75),
(50, 'ru', 113, 0.3551, 1039),
(50, 'ru', 114, 0.3551, 1040),
(50, 'ru', 115, 0.2228, 861.75),
(50, 'ru', 116, 0.2481, 722.8),
(50, 'ru', 117, 0.2228, 872.75),
(50, 'ru', 118, 0.2228, 874.75),
(50, 'ru', 119, 0.2228, 875.75),
(50, 'ru', 120, 0.332, 844.5),
(50, 'ru', 121, 0.2228, 881.75),
(50, 'ru', 122, 0.2228, 882.75),
(50, 'ru', 123, 0.2481, 800),
(50, 'ru', 124, 0.4341, 781.818),
(50, 'ru', 130, 0.096, 470),
(50, 'ru', 131, 0.1919, 465.333),
(50, 'ru', 133, 0.096, 400),
(50, 'ru', 134, 0.1521, 1160.5),
(50, 'ru', 138, 0.2694, 469.5),
(50, 'ru', 141, 0.096, 160),
(50, 'ru', 144, 0.3042, 1156.12),
(50, 'ru', 146, 0.1521, 357),
(50, 'ru', 150, 0.096, 105),
(50, 'ru', 159, 0.096, 96),
(50, 'ru', 165, 0.1919, 926.667),
(50, 'ru', 173, 0.2879, 702.429),
(50, 'ru', 174, 0.096, 6),
(50, 'ru', 175, 0.096, 8),
(50, 'ru', 176, 0.2228, 594.5),
(50, 'ru', 177, 0.096, 18),
(50, 'ru', 178, 0.096, 20),
(50, 'ru', 179, 0.1521, 20),
(50, 'ru', 180, 0.096, 23),
(50, 'ru', 181, 0.096, 24),
(50, 'ru', 182, 0.4709, 785.552),
(50, 'ru', 183, 0.096, 81),
(50, 'ru', 184, 0.096, 82),
(50, 'ru', 185, 0.096, 83),
(50, 'ru', 186, 0.096, 84),
(50, 'ru', 187, 0.096, 92),
(50, 'ru', 188, 0.096, 95),
(50, 'ru', 189, 0.3042, 645.25),
(50, 'ru', 190, 0.096, 100),
(50, 'ru', 191, 0.096, 103),
(50, 'ru', 192, 0.096, 104),
(50, 'ru', 193, 0.096, 113),
(50, 'ru', 194, 0.2228, 635.5),
(50, 'ru', 195, 0.1919, 558.667),
(50, 'ru', 196, 0.1919, 897),
(50, 'ru', 197, 0.3839, 838.667),
(50, 'ru', 198, 0.1919, 724.333),
(50, 'ru', 199, 0.1521, 592),
(50, 'ru', 200, 0.1521, 596),
(50, 'ru', 201, 0.1521, 598),
(50, 'ru', 202, 0.1521, 599),
(50, 'ru', 203, 0.1919, 387),
(50, 'ru', 204, 0.428, 1027.81),
(50, 'ru', 205, 0.3042, 1158.12),
(50, 'ru', 206, 0.096, 161),
(50, 'ru', 207, 0.3188, 1054.56),
(50, 'ru', 208, 0.096, 163),
(50, 'ru', 209, 0.1919, 435),
(50, 'ru', 210, 0.3551, 492.417),
(50, 'ru', 211, 0.3839, 1055.53),
(50, 'ru', 212, 0.3839, 1056.53),
(50, 'ru', 213, 0.4148, 1206.89),
(50, 'ru', 214, 0.3839, 1058.53),
(50, 'ru', 215, 0.3839, 1059.53),
(50, 'ru', 216, 0.3839, 1060.53),
(50, 'ru', 217, 0.3839, 1061.53),
(50, 'ru', 218, 0.3839, 1062.53),
(50, 'ru', 219, 0.3839, 1063.53),
(50, 'ru', 220, 0.3839, 1064.53),
(50, 'ru', 221, 0.3839, 1065.53),
(50, 'ru', 222, 0.3839, 1066.53),
(50, 'ru', 223, 0.3839, 1067.53),
(50, 'ru', 224, 0.4798, 1432.65),
(50, 'ru', 225, 0.3839, 1069.53),
(50, 'ru', 226, 0.3839, 1070.53),
(50, 'ru', 227, 0.3839, 1071.53),
(50, 'ru', 228, 0.3839, 1072.53),
(50, 'ru', 229, 0.3839, 1073.53),
(50, 'ru', 230, 0.1521, 202.5),
(50, 'ru', 231, 0.1521, 232),
(50, 'ru', 232, 0.1521, 265),
(50, 'ru', 233, 0.1521, 266),
(50, 'ru', 234, 0.1521, 296.5),
(50, 'ru', 235, 0.1521, 356),
(50, 'ru', 236, 0.096, 388),
(50, 'ru', 237, 0.3654, 944.769),
(50, 'ru', 238, 0.096, 397),
(50, 'ru', 239, 0.096, 398),
(50, 'ru', 240, 0.096, 399),
(50, 'ru', 241, 0.096, 401),
(50, 'ru', 242, 0.096, 408),
(50, 'ru', 243, 0.096, 409),
(50, 'ru', 244, 0.096, 410),
(50, 'ru', 245, 0.096, 412),
(50, 'ru', 246, 0.1521, 449.5),
(50, 'ru', 247, 0.096, 421),
(50, 'ru', 248, 0.096, 422),
(50, 'ru', 249, 0.096, 423),
(50, 'ru', 250, 0.3188, 1084.67),
(50, 'ru', 251, 0.096, 426),
(50, 'ru', 252, 0.096, 434),
(50, 'ru', 253, 0.096, 436),
(50, 'ru', 254, 0.096, 437),
(50, 'ru', 255, 0.096, 438),
(50, 'ru', 256, 0.096, 439),
(50, 'ru', 257, 0.096, 445),
(50, 'ru', 258, 0.096, 449),
(50, 'ru', 259, 0.096, 452),
(50, 'ru', 260, 0.096, 457),
(50, 'ru', 261, 0.096, 458),
(50, 'ru', 262, 0.096, 460),
(50, 'ru', 263, 0.096, 463),
(50, 'ru', 264, 0.1521, 629.5),
(50, 'ru', 265, 0.096, 469),
(50, 'ru', 266, 0.096, 472),
(50, 'ru', 267, 0.096, 473),
(50, 'ru', 268, 0.096, 474),
(50, 'ru', 269, 0.096, 475),
(50, 'ru', 270, 0.096, 476),
(50, 'ru', 271, 0.096, 482),
(50, 'ru', 272, 0.096, 483),
(50, 'ru', 273, 0.096, 484),
(50, 'ru', 274, 0.096, 487),
(50, 'ru', 275, 0.2694, 822),
(50, 'ru', 276, 0.3042, 1121.12),
(50, 'ru', 277, 0.3923, 1138.12),
(50, 'ru', 278, 0.3042, 1127.12),
(50, 'ru', 279, 0.3042, 1137.12),
(50, 'ru', 280, 0.3042, 1139.12),
(50, 'ru', 281, 0.3042, 1140.12),
(50, 'ru', 282, 0.3042, 1143.12),
(50, 'ru', 283, 0.3042, 1143.12),
(50, 'ru', 284, 0.3923, 1149.12),
(50, 'ru', 285, 0.3042, 1153.12),
(50, 'ru', 286, 0.3042, 1155.12),
(50, 'ru', 287, 0.3042, 1157.12),
(50, 'ru', 288, 0.3042, 1159.12),
(50, 'ru', 289, 0.3042, 1160.12),
(50, 'ru', 290, 0.3923, 1160.12),
(50, 'ru', 291, 0.3042, 1169.12),
(50, 'ru', 292, 0.1521, 1122.5),
(50, 'ru', 293, 0.1521, 1123.5),
(50, 'ru', 294, 0.1521, 1132.5),
(50, 'ru', 295, 0.1521, 1134.5),
(50, 'ru', 296, 0.1521, 1138.5),
(50, 'ru', 297, 0.1521, 1140.5),
(50, 'ru', 298, 0.1521, 1147.5),
(50, 'ru', 299, 0.1521, 1152.5),
(50, 'ru', 300, 0.1521, 1154.5),
(50, 'ru', 301, 0.1521, 1156.5),
(50, 'ru', 302, 0.1521, 1157.5),
(50, 'ru', 303, 0.1521, 1161.5),
(50, 'ru', 304, 0.1521, 1162.5),
(50, 'ru', 305, 0.096, 779),
(50, 'ru', 306, 0.096, 783),
(50, 'ru', 307, 0.096, 786),
(50, 'ru', 308, 0.096, 787),
(50, 'ru', 309, 0.096, 789),
(50, 'ru', 310, 0.096, 790),
(50, 'ru', 311, 0.096, 793),
(50, 'ru', 312, 0.096, 794),
(50, 'ru', 313, 0.096, 797),
(50, 'ru', 314, 0.1919, 816),
(50, 'ru', 315, 0.1919, 818),
(50, 'ru', 316, 0.096, 805),
(50, 'ru', 317, 0.1919, 823),
(50, 'ru', 318, 0.096, 808),
(50, 'ru', 319, 0.1919, 829),
(50, 'ru', 320, 0.1919, 830),
(50, 'ru', 321, 0.096, 814),
(50, 'ru', 322, 0.096, 822),
(50, 'ru', 323, 0.096, 825),
(50, 'ru', 324, 0.096, 831),
(50, 'ru', 325, 0.096, 839),
(50, 'ru', 326, 0.096, 842),
(50, 'ru', 327, 0.096, 878),
(50, 'ru', 328, 0.1521, 925.5),
(50, 'ru', 329, 0.096, 881),
(50, 'ru', 330, 0.096, 897),
(50, 'ru', 331, 0.096, 900),
(50, 'ru', 332, 0.096, 902),
(50, 'ru', 333, 0.096, 903),
(50, 'ru', 334, 0.096, 906),
(50, 'ru', 335, 0.096, 907),
(50, 'ru', 336, 0.096, 921),
(50, 'ru', 337, 0.096, 922),
(50, 'ru', 338, 0.1521, 922),
(50, 'ru', 339, 0.096, 924),
(50, 'ru', 340, 0.096, 925),
(50, 'ru', 341, 0.1919, 930.667),
(50, 'ru', 342, 0.096, 939),
(50, 'ru', 343, 0.096, 940),
(50, 'ru', 344, 0.096, 941),
(50, 'ru', 345, 0.096, 1025),
(50, 'ru', 346, 0.096, 1508),
(50, 'ru', 347, 0.096, 1510),
(50, 'ru', 348, 0.096, 1557),
(50, 'ru', 349, 0.2228, 1714),
(50, 'ru', 350, 0.2228, 1717),
(50, 'ru', 351, 0.3042, 1769.5),
(50, 'ru', 352, 0.3042, 1770.5),
(50, 'ru', 353, 0.3042, 1771.5),
(50, 'ru', 354, 0.3042, 1772.5),
(50, 'ru', 355, 0.3042, 1773.5),
(50, 'ru', 356, 0.3042, 1774.5),
(50, 'ru', 357, 0.3042, 1775.5),
(50, 'ru', 358, 0.3042, 1776.5),
(50, 'ru', 359, 0.3042, 1777.5),
(50, 'ru', 360, 0.3042, 1778.5),
(50, 'ru', 361, 0.3042, 1780.5),
(50, 'ru', 362, 0.3042, 1781.5),
(50, 'ru', 363, 0.3042, 1782.5),
(50, 'ru', 364, 0.3042, 1783.5),
(50, 'ru', 365, 0.3042, 1784.5),
(50, 'ru', 366, 0.2228, 1764),
(50, 'ru', 367, 0.2228, 1765),
(50, 'ru', 368, 0.2228, 1766),
(50, 'ru', 369, 0.2228, 1768),
(50, 'ru', 370, 0.2228, 1769),
(50, 'ru', 371, 0.096, 1975),
(51, 'ru', 16, 0.323, 6),
(51, 'ru', 17, 0.323, 9),
(51, 'ru', 24, 0.323, 7.5),
(51, 'ru', 91, 0.323, 27),
(51, 'ru', 113, 0.2038, 12),
(51, 'ru', 114, 0.323, 14),
(51, 'ru', 121, 0.2038, 18),
(51, 'ru', 182, 0.4076, 6),
(51, 'ru', 348, 0.323, 28),
(51, 'ru', 372, 0.2038, 1),
(51, 'ru', 373, 0.2038, 2),
(51, 'ru', 374, 0.2038, 16),
(51, 'ru', 375, 0.2038, 19),
(51, 'ru', 376, 0.2038, 20),
(51, 'ru', 377, 0.2038, 22),
(51, 'ru', 378, 0.2038, 25),
(51, 'ru', 379, 0.4076, 33.6667),
(51, 'ru', 380, 0.323, 32.5),
(51, 'ru', 381, 0.2038, 36),
(57, 'ru', 171, 0.2314, 2),
(57, 'ru', 172, 0.2314, 3),
(57, 'ru', 382, 0.2314, 1),
(58, 'ru', 171, 0.2314, 2),
(58, 'ru', 172, 0.2314, 3),
(58, 'ru', 382, 0.2314, 1),
(59, 'ru', 171, 0.2314, 2),
(59, 'ru', 172, 0.2314, 3),
(59, 'ru', 196, 0.2314, 1),
(60, 'ru', 16, 0.2314, 1),
(60, 'ru', 171, 0.2314, 2),
(60, 'ru', 172, 0.2314, 3),
(61, 'ru', 16, 0.2314, 13),
(61, 'ru', 29, 0.2314, 3),
(61, 'ru', 41, 0.2314, 8),
(61, 'ru', 70, 0.2314, 22),
(61, 'ru', 79, 0.2314, 18),
(61, 'ru', 81, 0.2314, 19),
(61, 'ru', 104, 0.2314, 9),
(61, 'ru', 124, 0.2314, 11),
(61, 'ru', 138, 0.2314, 21),
(61, 'ru', 173, 0.2314, 2),
(61, 'ru', 174, 0.2314, 5),
(61, 'ru', 175, 0.2314, 7),
(61, 'ru', 177, 0.2314, 10),
(61, 'ru', 178, 0.2314, 12),
(61, 'ru', 179, 0.3667, 12),
(61, 'ru', 180, 0.2314, 15),
(61, 'ru', 181, 0.2314, 16),
(62, 'ru', 16, 0.2314, 3),
(62, 'ru', 53, 0.2314, 7),
(62, 'ru', 76, 0.2314, 1),
(62, 'ru', 116, 0.2314, 5),
(62, 'ru', 141, 0.2314, 10),
(62, 'ru', 197, 0.2314, 8),
(62, 'ru', 203, 0.2314, 2),
(62, 'ru', 204, 0.2314, 6),
(62, 'ru', 205, 0.2314, 9),
(62, 'ru', 206, 0.2314, 11),
(63, 'ru', 70, 0.2277, 2),
(63, 'ru', 209, 0.2277, 1),
(63, 'ru', 210, 0.2277, 4),
(63, 'ru', 211, 0.2277, 5),
(63, 'ru', 212, 0.2277, 6),
(63, 'ru', 213, 0.2277, 7),
(63, 'ru', 214, 0.2277, 8),
(63, 'ru', 215, 0.2277, 9),
(63, 'ru', 216, 0.2277, 10),
(63, 'ru', 217, 0.2277, 11),
(63, 'ru', 218, 0.2277, 12),
(63, 'ru', 219, 0.2277, 13),
(63, 'ru', 220, 0.2277, 14),
(63, 'ru', 221, 0.2277, 15),
(63, 'ru', 222, 0.2277, 16),
(63, 'ru', 223, 0.2277, 17),
(63, 'ru', 224, 0.2277, 18),
(63, 'ru', 225, 0.2277, 19),
(63, 'ru', 226, 0.2277, 20),
(63, 'ru', 227, 0.2277, 21),
(63, 'ru', 228, 0.2277, 22),
(64, 'ru', 158, 0.2314, 1),
(64, 'ru', 373, 0.2314, 2),
(65, 'ru', 25, 0.2058, 17),
(65, 'ru', 40, 0.2058, 22),
(65, 'ru', 67, 0.2058, 16),
(65, 'ru', 69, 0.2058, 44),
(65, 'ru', 70, 0.2058, 45),
(65, 'ru', 81, 0.2058, 34),
(65, 'ru', 104, 0.2058, 1),
(65, 'ru', 105, 0.2058, 2),
(65, 'ru', 106, 0.2058, 3),
(65, 'ru', 107, 0.4117, 8.3333),
(65, 'ru', 108, 0.2058, 5),
(65, 'ru', 109, 0.2058, 7),
(65, 'ru', 110, 0.2058, 8),
(65, 'ru', 111, 0.2058, 10),
(65, 'ru', 112, 0.2058, 11),
(65, 'ru', 113, 0.2058, 13),
(65, 'ru', 114, 0.2058, 14),
(65, 'ru', 115, 0.2058, 18),
(65, 'ru', 116, 0.2058, 21),
(65, 'ru', 117, 0.2058, 29),
(65, 'ru', 118, 0.2058, 31),
(65, 'ru', 119, 0.2058, 32),
(65, 'ru', 120, 0.2058, 36),
(65, 'ru', 121, 0.2058, 38),
(65, 'ru', 122, 0.2058, 39),
(65, 'ru', 123, 0.2058, 40),
(65, 'ru', 124, 0.2058, 42),
(66, 'ru', 46, 0.1966, 26),
(66, 'ru', 53, 0.1966, 14),
(66, 'ru', 76, 0.1966, 16),
(66, 'ru', 91, 0.1966, 25),
(66, 'ru', 108, 0.1966, 21),
(66, 'ru', 109, 0.3115, 29),
(66, 'ru', 113, 0.1966, 10),
(66, 'ru', 114, 0.1966, 11),
(66, 'ru', 144, 0.1966, 36),
(66, 'ru', 204, 0.3115, 8),
(66, 'ru', 207, 0.1966, 46),
(66, 'ru', 237, 0.1966, 5),
(66, 'ru', 250, 0.1966, 47),
(66, 'ru', 276, 0.1966, 1),
(66, 'ru', 277, 0.3115, 18),
(66, 'ru', 278, 0.1966, 7),
(66, 'ru', 279, 0.1966, 17),
(66, 'ru', 280, 0.1966, 19),
(66, 'ru', 281, 0.1966, 20),
(66, 'ru', 282, 0.1966, 23),
(66, 'ru', 283, 0.1966, 23),
(66, 'ru', 284, 0.3115, 29),
(66, 'ru', 285, 0.1966, 33),
(66, 'ru', 286, 0.1966, 35),
(66, 'ru', 287, 0.1966, 37),
(66, 'ru', 288, 0.1966, 39),
(66, 'ru', 289, 0.1966, 40),
(66, 'ru', 290, 0.3115, 40),
(66, 'ru', 291, 0.1966, 49),
(67, 'ru', 46, 0.1966, 26),
(67, 'ru', 53, 0.1966, 14),
(67, 'ru', 76, 0.1966, 16),
(67, 'ru', 91, 0.1966, 25),
(67, 'ru', 108, 0.1966, 21),
(67, 'ru', 109, 0.3115, 29),
(67, 'ru', 113, 0.1966, 10),
(67, 'ru', 114, 0.1966, 11),
(67, 'ru', 144, 0.1966, 36),
(67, 'ru', 204, 0.3115, 8),
(67, 'ru', 207, 0.1966, 46),
(67, 'ru', 237, 0.1966, 5),
(67, 'ru', 250, 0.1966, 47),
(67, 'ru', 276, 0.1966, 1),
(67, 'ru', 277, 0.3115, 18),
(67, 'ru', 278, 0.1966, 7),
(67, 'ru', 279, 0.1966, 17),
(67, 'ru', 280, 0.1966, 19),
(67, 'ru', 281, 0.1966, 20),
(67, 'ru', 282, 0.1966, 23),
(67, 'ru', 283, 0.1966, 23),
(67, 'ru', 284, 0.3115, 29),
(67, 'ru', 285, 0.1966, 33),
(67, 'ru', 286, 0.1966, 35),
(67, 'ru', 287, 0.1966, 37),
(67, 'ru', 288, 0.1966, 39),
(67, 'ru', 289, 0.1966, 40),
(67, 'ru', 290, 0.3115, 40),
(67, 'ru', 291, 0.1966, 49),
(68, 'ru', 25, 0.2058, 17),
(68, 'ru', 40, 0.2058, 22),
(68, 'ru', 67, 0.2058, 16),
(68, 'ru', 69, 0.2058, 44),
(68, 'ru', 70, 0.2058, 45),
(68, 'ru', 81, 0.2058, 34),
(68, 'ru', 104, 0.2058, 1),
(68, 'ru', 105, 0.2058, 2),
(68, 'ru', 106, 0.2058, 3),
(68, 'ru', 107, 0.4117, 8.3333),
(68, 'ru', 108, 0.2058, 5),
(68, 'ru', 109, 0.2058, 7),
(68, 'ru', 110, 0.2058, 8),
(68, 'ru', 111, 0.2058, 10),
(68, 'ru', 112, 0.2058, 11),
(68, 'ru', 113, 0.2058, 13),
(68, 'ru', 114, 0.2058, 14),
(68, 'ru', 115, 0.2058, 18),
(68, 'ru', 116, 0.2058, 21),
(68, 'ru', 117, 0.2058, 29),
(68, 'ru', 118, 0.2058, 31),
(68, 'ru', 119, 0.2058, 32),
(68, 'ru', 120, 0.2058, 36),
(68, 'ru', 121, 0.2058, 38),
(68, 'ru', 122, 0.2058, 39),
(68, 'ru', 123, 0.2058, 40),
(68, 'ru', 124, 0.2058, 42),
(69, 'ru', 46, 0.1966, 26),
(69, 'ru', 53, 0.1966, 14),
(69, 'ru', 76, 0.1966, 16),
(69, 'ru', 91, 0.1966, 25),
(69, 'ru', 108, 0.1966, 21),
(69, 'ru', 109, 0.3115, 29),
(69, 'ru', 113, 0.1966, 10),
(69, 'ru', 114, 0.1966, 11),
(69, 'ru', 144, 0.1966, 36),
(69, 'ru', 204, 0.3115, 8),
(69, 'ru', 207, 0.1966, 46),
(69, 'ru', 237, 0.1966, 5),
(69, 'ru', 250, 0.1966, 47),
(69, 'ru', 276, 0.1966, 1),
(69, 'ru', 277, 0.3115, 18),
(69, 'ru', 278, 0.1966, 7),
(69, 'ru', 279, 0.1966, 17),
(69, 'ru', 280, 0.1966, 19),
(69, 'ru', 281, 0.1966, 20),
(69, 'ru', 282, 0.1966, 23),
(69, 'ru', 283, 0.1966, 23),
(69, 'ru', 284, 0.3115, 29),
(69, 'ru', 285, 0.1966, 33),
(69, 'ru', 286, 0.1966, 35),
(69, 'ru', 287, 0.1966, 37),
(69, 'ru', 288, 0.1966, 39),
(69, 'ru', 289, 0.1966, 40),
(69, 'ru', 290, 0.3115, 40),
(69, 'ru', 291, 0.1966, 49),
(70, 'ru', 46, 0.1966, 26),
(70, 'ru', 53, 0.1966, 14),
(70, 'ru', 76, 0.1966, 16),
(70, 'ru', 91, 0.1966, 25),
(70, 'ru', 108, 0.1966, 21),
(70, 'ru', 109, 0.3115, 29),
(70, 'ru', 113, 0.1966, 10),
(70, 'ru', 114, 0.1966, 11),
(70, 'ru', 144, 0.1966, 36),
(70, 'ru', 204, 0.3115, 8),
(70, 'ru', 207, 0.1966, 46),
(70, 'ru', 237, 0.1966, 5),
(70, 'ru', 250, 0.1966, 47),
(70, 'ru', 276, 0.1966, 1),
(70, 'ru', 277, 0.3115, 18),
(70, 'ru', 278, 0.1966, 7),
(70, 'ru', 279, 0.1966, 17),
(70, 'ru', 280, 0.1966, 19),
(70, 'ru', 281, 0.1966, 20),
(70, 'ru', 282, 0.1966, 23),
(70, 'ru', 283, 0.1966, 23),
(70, 'ru', 284, 0.3115, 29),
(70, 'ru', 285, 0.1966, 33),
(70, 'ru', 286, 0.1966, 35),
(70, 'ru', 287, 0.1966, 37),
(70, 'ru', 288, 0.1966, 39),
(70, 'ru', 289, 0.1966, 40),
(70, 'ru', 290, 0.3115, 40),
(70, 'ru', 291, 0.1966, 49),
(73, 'ru', 197, 0.2314, 2),
(73, 'ru', 205, 0.2314, 3),
(73, 'ru', 349, 0.2314, 1),
(74, 'ru', 197, 0.2314, 2),
(74, 'ru', 205, 0.2314, 3),
(74, 'ru', 349, 0.2314, 1),
(75, 'ru', 20, 0.208, 5),
(75, 'ru', 53, 0.208, 6),
(75, 'ru', 70, 0.208, 8),
(75, 'ru', 133, 0.208, 12),
(75, 'ru', 197, 0.208, 4),
(75, 'ru', 204, 0.208, 3),
(75, 'ru', 205, 0.208, 7),
(75, 'ru', 237, 0.3297, 24),
(75, 'ru', 238, 0.208, 9),
(75, 'ru', 239, 0.208, 10),
(75, 'ru', 240, 0.208, 11),
(75, 'ru', 241, 0.208, 13),
(75, 'ru', 242, 0.208, 20),
(75, 'ru', 243, 0.208, 21),
(75, 'ru', 244, 0.208, 22),
(75, 'ru', 245, 0.208, 24),
(75, 'ru', 246, 0.208, 26),
(75, 'ru', 247, 0.208, 33),
(75, 'ru', 248, 0.208, 34),
(75, 'ru', 249, 0.208, 35),
(75, 'ru', 250, 0.208, 37),
(75, 'ru', 251, 0.208, 38),
(75, 'ru', 252, 0.208, 46),
(75, 'ru', 253, 0.208, 48),
(75, 'ru', 254, 0.208, 49),
(75, 'ru', 255, 0.208, 50),
(75, 'ru', 256, 0.208, 51),
(76, 'ru', 67, 0.2314, 1),
(76, 'ru', 197, 0.2314, 2),
(76, 'ru', 211, 0.2314, 4),
(76, 'ru', 212, 0.2314, 5),
(76, 'ru', 213, 0.2314, 6),
(76, 'ru', 214, 0.2314, 7),
(76, 'ru', 215, 0.2314, 8),
(76, 'ru', 216, 0.2314, 9),
(76, 'ru', 217, 0.2314, 10),
(76, 'ru', 218, 0.2314, 11),
(76, 'ru', 219, 0.2314, 12),
(76, 'ru', 220, 0.2314, 13),
(76, 'ru', 221, 0.2314, 14),
(76, 'ru', 222, 0.2314, 15),
(76, 'ru', 230, 0.2314, 3),
(76, 'ru', 385, 0.2314, 16),
(77, 'ru', 70, 0.2314, 2),
(77, 'ru', 210, 0.2314, 4),
(77, 'ru', 211, 0.2314, 5),
(77, 'ru', 212, 0.2314, 6),
(77, 'ru', 213, 0.2314, 7),
(77, 'ru', 214, 0.2314, 8),
(77, 'ru', 215, 0.2314, 9),
(77, 'ru', 216, 0.2314, 10),
(77, 'ru', 217, 0.2314, 11),
(77, 'ru', 218, 0.2314, 12),
(77, 'ru', 219, 0.2314, 13),
(77, 'ru', 220, 0.2314, 14),
(77, 'ru', 221, 0.2314, 15),
(77, 'ru', 222, 0.2314, 16),
(77, 'ru', 223, 0.2314, 17),
(77, 'ru', 231, 0.2314, 1),
(78, 'ru', 78, 0.2314, 4),
(78, 'ru', 80, 0.2314, 3),
(78, 'ru', 211, 0.2314, 5),
(78, 'ru', 212, 0.2314, 6),
(78, 'ru', 213, 0.2314, 7),
(78, 'ru', 214, 0.2314, 8),
(78, 'ru', 215, 0.2314, 9),
(78, 'ru', 216, 0.2314, 10),
(78, 'ru', 217, 0.2314, 11),
(78, 'ru', 218, 0.2314, 12),
(78, 'ru', 219, 0.2314, 13),
(78, 'ru', 220, 0.2314, 14),
(78, 'ru', 221, 0.2314, 15),
(78, 'ru', 222, 0.2314, 16),
(78, 'ru', 232, 0.2314, 1),
(78, 'ru', 233, 0.2314, 2),
(78, 'ru', 385, 0.2314, 17),
(79, 'ru', 138, 0.2314, 1),
(79, 'ru', 210, 0.2314, 3),
(79, 'ru', 211, 0.2314, 4),
(79, 'ru', 212, 0.2314, 5),
(79, 'ru', 213, 0.2314, 6),
(79, 'ru', 214, 0.2314, 7),
(79, 'ru', 215, 0.2314, 8),
(79, 'ru', 216, 0.2314, 9),
(79, 'ru', 217, 0.2314, 10),
(79, 'ru', 218, 0.2314, 11),
(79, 'ru', 219, 0.2314, 12),
(79, 'ru', 220, 0.2314, 13),
(79, 'ru', 221, 0.2314, 14),
(79, 'ru', 222, 0.2314, 15),
(79, 'ru', 223, 0.2314, 16),
(80, 'ru', 146, 0.2314, 2),
(80, 'ru', 210, 0.2314, 4),
(80, 'ru', 211, 0.2314, 5),
(80, 'ru', 212, 0.2314, 6),
(80, 'ru', 213, 0.2314, 7),
(80, 'ru', 214, 0.2314, 8),
(80, 'ru', 215, 0.2314, 9),
(80, 'ru', 216, 0.2314, 10),
(80, 'ru', 217, 0.2314, 11),
(80, 'ru', 218, 0.2314, 12),
(80, 'ru', 219, 0.2314, 13),
(80, 'ru', 220, 0.2314, 14),
(80, 'ru', 221, 0.2314, 15),
(80, 'ru', 222, 0.2314, 16),
(80, 'ru', 223, 0.2314, 17),
(80, 'ru', 235, 0.2314, 1),
(81, 'ru', 234, 0.2314, 1),
(82, 'ru', 16, 0.4421, 9),
(82, 'ru', 41, 0.2211, 8),
(82, 'ru', 70, 0.2211, 22),
(82, 'ru', 76, 0.2211, 2),
(82, 'ru', 79, 0.2211, 18),
(82, 'ru', 81, 0.2211, 19),
(82, 'ru', 104, 0.2211, 9),
(82, 'ru', 124, 0.2211, 11),
(82, 'ru', 138, 0.2211, 21),
(82, 'ru', 177, 0.2211, 10),
(82, 'ru', 178, 0.2211, 12),
(82, 'ru', 179, 0.3504, 12),
(82, 'ru', 180, 0.2211, 15),
(82, 'ru', 181, 0.2211, 16),
(82, 'ru', 256, 0.2211, 4),
(82, 'ru', 289, 0.2211, 5),
(82, 'ru', 290, 0.3504, 5),
(82, 'ru', 335, 0.2211, 7),
(82, 'ru', 386, 0.2211, 6),
(83, 'ru', 17, 0.3372, 21.5),
(83, 'ru', 21, 0.3372, 13.5),
(83, 'ru', 47, 0.3372, 15.5),
(83, 'ru', 53, 0.3372, 11.5),
(83, 'ru', 68, 0.2127, 5),
(83, 'ru', 76, 0.3372, 12.5),
(83, 'ru', 256, 0.2127, 2),
(83, 'ru', 289, 0.2127, 3),
(83, 'ru', 290, 0.494, 8.75),
(83, 'ru', 387, 0.2127, 4),
(83, 'ru', 388, 0.3372, 16.5),
(83, 'ru', 389, 0.3372, 18.5),
(83, 'ru', 390, 0.3372, 19.5),
(83, 'ru', 391, 0.3372, 20.5),
(84, 'ru', 53, 0.2314, 2),
(84, 'ru', 54, 0.2314, 4),
(84, 'ru', 55, 0.2314, 6),
(84, 'ru', 56, 0.2314, 7),
(84, 'ru', 57, 0.2314, 8),
(84, 'ru', 58, 0.2314, 10),
(84, 'ru', 59, 0.2314, 11),
(84, 'ru', 96, 0.2314, 1),
(85, 'ru', 16, 0.2314, 2),
(85, 'ru', 20, 0.2314, 8),
(85, 'ru', 28, 0.2314, 3),
(85, 'ru', 47, 0.2314, 12),
(85, 'ru', 66, 0.2314, 9),
(85, 'ru', 68, 0.2314, 14),
(85, 'ru', 69, 0.2314, 15),
(85, 'ru', 70, 0.3667, 13.5),
(85, 'ru', 76, 0.2314, 1),
(85, 'ru', 90, 0.2314, 4),
(85, 'ru', 91, 0.2314, 5),
(85, 'ru', 92, 0.2314, 7),
(85, 'ru', 97, 0.2314, 6),
(85, 'ru', 98, 0.2314, 13),
(86, 'ru', 20, 0.2314, 9),
(86, 'ru', 53, 0.2314, 2),
(86, 'ru', 61, 0.2314, 4),
(86, 'ru', 62, 0.2314, 5),
(86, 'ru', 63, 0.3667, 5),
(86, 'ru', 64, 0.2314, 7),
(86, 'ru', 65, 0.2314, 8),
(86, 'ru', 66, 0.2314, 10),
(86, 'ru', 99, 0.2314, 1),
(87, 'ru', 53, 0.2314, 3),
(87, 'ru', 54, 0.2314, 5),
(87, 'ru', 55, 0.2314, 7),
(87, 'ru', 56, 0.2314, 8),
(87, 'ru', 57, 0.2314, 9),
(87, 'ru', 58, 0.2314, 11),
(87, 'ru', 59, 0.2314, 12),
(87, 'ru', 76, 0.2314, 1),
(87, 'ru', 100, 0.2314, 2),
(88, 'ru', 20, 0.2314, 10),
(88, 'ru', 53, 0.2314, 3),
(88, 'ru', 61, 0.2314, 5),
(88, 'ru', 62, 0.2314, 6),
(88, 'ru', 63, 0.3667, 6),
(88, 'ru', 64, 0.2314, 8),
(88, 'ru', 65, 0.2314, 9),
(88, 'ru', 66, 0.2314, 11),
(88, 'ru', 101, 0.2314, 1),
(88, 'ru', 102, 0.2314, 2),
(89, 'ru', 27, 0.2314, 2),
(89, 'ru', 68, 0.2314, 1),
(89, 'ru', 103, 0.2314, 4),
(90, 'ru', 16, 0.3667, 3),
(90, 'ru', 104, 0.2314, 1),
(90, 'ru', 335, 0.2314, 3),
(90, 'ru', 386, 0.2314, 2),
(91, 'ru', 196, 0.2314, 1);

-- --------------------------------------------------------

--
-- Структура таблицы `b_search_content_text`
--

CREATE TABLE `b_search_content_text` (
  `SEARCH_CONTENT_ID` int(11) NOT NULL,
  `SEARCH_CONTENT_MD5` char(32) COLLATE utf8_unicode_ci NOT NULL,
  `SEARCHABLE_CONTENT` longtext COLLATE utf8_unicode_ci
) ENGINE=InnoDB DEFAULT CHARSET=utf8 COLLATE=utf8_unicode_ci;

--
-- Дамп данных таблицы `b_search_content_text`
--

INSERT INTO `b_search_content_text` (`SEARCH_CONTENT_ID`, `SEARCH_CONTENT_MD5`, `SEARCHABLE_CONTENT`) VALUES
(1, '920f06a58f465f7bf3bac67ae9c417c8', '+7 495 018 41 05\r\nРАБОЧИЕ ДНИ С ПН - ПТ / 10:00 - 18:00\r\n'),
(2, '7812228d0b01f29bd1ac2363f119a5f0', 'БАННЕР\r\nIT РЕШЕНИЯ ДЛЯ СКЛАДА И ПРОИЗВОДСТВА\r\nМЫ РАЗРАБАТЫВАЕМ ГОТОВЫЕ РЕШЕНИЯ ДЛЯ СКЛАДСКОЙ И ПРОИЗВОДСТВЕННОЙ ЛОГИСТИКИ\r\n'),
(3, '085328b3c231c85420210ee8f46aa0eb', 'ПРОИЗВОДСТВО\r\n\r\n'),
(4, '9807d0da9c9eae3a8cf0f558e4d69349', 'ПРОДАЖИ\r\n\r\n'),
(5, '1e9449e9bad47682293e901d19c90be2', 'СКЛАД\r\n\r\n'),
(6, '33c10f77dbb90f4d8f66c5f0f314d8cb', 'ОДЕЖДА\r\n\r\n'),
(7, 'a58b681dfe05b055ce8d590d62160d85', 'ОБУВЬ\r\n\r\n'),
(8, '238aeb88002f718724c725aff7dc5ff4', 'ИНСТРУМЕНТЫ\r\n\r\n'),
(9, 'ad21193740ca49fc6b7d9e6504124183', 'МЕТАЛЛО ПРОДУКЦИЯ\r\n\r\n'),
(10, 'c8e8c3dc2a0ead205d7251b0925226e4', 'РТИ\r\n\r\n'),
(11, 'fc140c32ac0bcca698774b09bb168f81', 'ЭЛЕКТРОНИКА\r\n\r\n'),
(12, '5983b11e79a7ecdf6431930e368c7183', 'СТРОЙ - МАТЕРИАЛЫ\r\n\r\n'),
(13, '670fec7a561aec77d73906eb80698764', 'ТКАНЬ И ФУРНИТУРА\r\n\r\n'),
(14, 'a10d2f2058f4d43df1058fa1b6956aef', 'ПРОДУКТЫ ПИТАНИЯ\r\n\r\n'),
(15, 'fecc15ba7ac86bf85c0ac62411d877fb', 'ЛЕКАРСТВА\r\n\r\n'),
(16, '5c7068b10e61de704b7dcd7ab91e680c', 'WMS + ТСД\r\nМОБИЛЬНОЕ ПРИЛОЖЕНИЕ ТЕРМИНАЛОВ СБОРА ДАННЫХ, ПОЗВОЛЯЮЩАЯ КЛАДОВЩИКУ БЫТЬ МОБИЛЬНЫМ И ВСЕГДА НА СВЯЗИ\r\n'),
(17, 'd57ac510c84a2cfa9a02763df599d44c', 'ЦЕНТР МОНИТОРИНГА\r\nСИСТЕМА ДЛЯ ВЫВОДА НА ВНЕШНИЕ МОНИТОРЫ СТАТИСТИЧЕСКОЙ И ДИНАМИЧЕСКОЙ ИНФОРМАЦИИ\r\n'),
(18, '3f0a229600c7232ec6837137d7a34757', 'ИНФОМАТ\r\nСИСТЕМА ДЛЯ СЕНСОРНЫХ КИОСКОВ ДЛЯ ИНТЕРАКТИВНОГО ОТРАЖЕНИЯ СКЛАДСКИХ ОПЕРАЦИЙ\r\n'),
(19, 'a6487f286ce5254e8b368bdd2f73d6af', 'МАРКИРОВКА\r\nСИСТЕМА ДЛЯ УЧЕТА МАРКИРОВАННОГО ТОВАРА В Т.Ч ПО ТРЕБОВАНИЯМ ЧЕСТНОГО ЗНАКА\r\n'),
(20, '9eda901551570245608589f9d66ae761', 'ЭЛЕКТРОННАЯ ОЧЕРЕДЬ\r\nСИСТЕМА ДЛЯ УПРАВЛЕНИЯ ОЧЕРЕДЬЮ ЗАКАЗОВ НА ПРИЕМКУ, КОМПЛЕКТАЦИЮ ОТГРУЗКУ\r\n'),
(21, '0c8f25775a2b49b19279507c4fbb7884', 'МОДУЛЬ ДЛЯ 1С\r\nСПЕЦИАЛИЗИРОВАННЫЕ АРМ-Ы ДЛЯ УПРАВЛЕНИЯ И РАСПРЕДЕЛЕНИЯ СКЛАДСКИХ ОПЕРАЦИЙ МЕЖДУ КЛАДОВЩИКАМИ\r\n'),
(22, '0c99548efe7a62c24c126ffc23f9cbb7', 'ШОУРУМ\r\nСИСТЕМА ДЛЯ ВЫВОДА НА ВНЕШНИЕ МОНИТОРЫ СТАТИСТИЧЕСКОЙ И ДИНАМИЧЕСКОЙ ИНФОРМАЦИИ\r\n'),
(23, '7119ede487491db889d2c460f9462a05', 'МАСТЕР ОТГРУЗКИ\r\nЦЕНТРАЛЬНАЯ БАЗА, КАЖДУЮ СКЛАДСКУЮ ОПЕРАЦИЮ ПО ТОВАРУ, ПОЗВОЛЯЕТ\r\n'),
(24, 'd80e9e5e83b4a78d2dd48c0347665674', 'CRM\r\nСИСТЕМА ДЛЯ СЕНСОРНЫХ КИОСКОВ ДЛЯ ИНТЕРАКТИВНОГО ОТРАЖЕНИЯ СКЛАДСКИХ ОПЕРАЦИЙ\r\n'),
(25, '341d03b488e7a6be42144f2728646be5', 'ПЛАНШЕТ МЕНЕДЖЕРА ПО ПРОДАЖАМ\r\nСИСТЕМА ДЛЯ ВЫВОДА НА ВНЕШНИЕ МОНИТОРЫ СТАТИСТИЧЕСКОЙ И ДИНАМИЧЕСКОЙ ИНФОРМАЦИИ\r\n'),
(26, '48c01f6ccb3d97ca73d6dffa79ecfcbd', 'MES\r\nСИСТЕМА ДЛЯ ВЫВОДА НА ВНЕШНИЕ МОНИТОРЫ СТАТИСТИЧЕСКОЙ И ДИНАМИЧЕСКОЙ ИНФОРМАЦИИ\r\n'),
(27, '31c28f57d87023f5fa1f410667a7fc67', 'УПРАВЛЕНИЕ СКЛАДОМ МЕТАЛЛА\r\nЦЕНТРАЛЬНАЯ БАЗА, КОНТРОЛИРУЮЩАЯ КАЖДУЮ СКЛАДСКУЮ ОПЕРАЦИЮ ПО ТОВАРУ, ПОЗВОЛЯЕТ ВЕСТИ УЧЕТ МАРКИРОВАННОГО ТОВАРА\r\n'),
(28, '070398a72ce680dc52f265bcf66e0bb2', 'ТОИР\r\nСИСТЕМА ДЛЯ СЕНСОРНЫХ КИОСКОВ ДЛЯ ИНТЕРАКТИВНОГО ОТРАЖЕНИЯ СКЛАДСКИХ ОПЕРАЦИЙ\r\n'),
(29, '656349701920761af7bfb06f5c1f9aaa', 'УПРАВЛЕНИЕ IT-АКТИВАМИ\r\nСИСТЕМА ДЛЯ ВЫВОДА НА ВНЕШНИЕ МОНИТОРЫ СТАТИСТИЧЕСКОЙ И ДИНАМИЧЕСКОЙ ИНФОРМАЦИИ\r\n'),
(30, '49e346297be2faf87cc78b441cc8f01d', 'ТЕХНОЛОГ ОГТ\r\nСИСТЕМА ДЛЯ СЕНСОРНЫХ КИОСКОВ ДЛЯ ИНТЕРАКТИВНОГО ОТРАЖЕНИЯ СКЛАДСКИХ ОПЕРАЦИЙ\r\n'),
(31, '92a1656d1f4c4faf3100b4ece1950e1d', 'УЧЕТ ИНСТРУМЕНТА И СПЕЦОСНАСТКИ\r\nСИСТЕМА ДЛЯ ВЫВОДА НА ВНЕШНИЕ МОНИТОРЫ СТАТИСТИЧЕСКОЙ\r\n'),
(32, '6c9eb08dc45c550f2f24d681ecb3a010', 'АВТОМАТИЗАЦИЯ АГРЕГАЦИИ КОДОВ НА ФАБРИКАХ\r\nВ СРОК ВСЕГО 2 МЕСЯЦА НАМИ БЫЛ РЕАЛИЗОВАН ПРОЕКТ ПО МАРКИРОВКЕ ОДЕЖДЫ УНИКАЛЬНЫМИ КОДАМИ ПРИ ПОМОЩИ ТСД. ЭТО ПРИВЕЛО К УСКОРЕНИЮ ПРИЕМА И ОТГРУЗКИ НА 40%, А ТАКЖЕ ИСКЛЮЧЕНИЮ ОШИБОК ПРИ РАБОТЕ С МАРКИРОВАННЫИ ТОВАРОМ.\r\n'),
(33, '04e3cc8f36e166e8cce4c96e959275dd', 'АВТОМАТИЗАЦИЯ АГРЕГАЦИИ КОДОВ НА ФАБРИКАХ 2\r\nВ СРОК ВСЕГО 2 МЕСЯЦА НАМИ БЫЛ РЕАЛИЗОВАН ПРОЕКТ ПО МАРКИРОВКЕ ОДЕЖДЫ УНИКАЛЬНЫМИ КОДАМИ ПРИ ПОМОЩИ ТСД. ЭТО ПРИВЕЛО К УСКОРЕНИЮ ПРИЕМА И ОТГРУЗКИ НА 40%, А ТАКЖЕ ИСКЛЮЧЕНИЮ ОШИБОК ПРИ РАБОТЕ С МАРКИРОВАННЫИ ТОВАРОМ.\r\n'),
(34, 'b2330ca6d757c7baa463cc96baf582e3', 'ROSTECH\r\n\r\n'),
(35, '9c6dc53cbbabe3a824e346e693215039', 'GAZPROM\r\n\r\n'),
(36, '855659b2e18422584eaf48e735988bd8', 'TEHNO\r\n\r\n'),
(37, 'b688fef7e3f66e554398204ba3747113', 'SHEREMET\r\n\r\n'),
(38, '9570ed161d4419ae5363fce25311ddac', 'ROSTECH 2\r\n\r\n'),
(39, 'd53e2f68cdbaf1c101138b21e60b0442', 'МАРКИРОВКА ОСТАТКОВ, ИВЕНТАРИЗАЦИЯ\r\nПЕРЕД ПОЛУЧЕНИЕМ КОДОВ МАРКИРОВКИ DATAMATRIX, НЕОБХОДИМО ПРОВЕСТИ ИНВЕНТАРИЗАЦИЮ НА СКЛАДЕ\r\n'),
(40, '8734d5dd47ca7cd85924224e0d2c27f2', 'МАРКИРОВКА ОСТАТКОВ, ПОЛУЧЕНИЕ КОДОВ МАРКИРОВКИ\r\nОСТАТКИ НА СКАЛАДЕ ПОСЧИТАНЫ, МОЖНО ФОРМИРОВАТЬ ЗАПРОС В СИСТЕМУ ЧЕСТНЫЙ ЗНАК ДЛЯ ПОЛУЧЕНИЯ КОДОВ МАРКИРОВКИ DATAMATRIX\r\n'),
(41, '525fbb03913b4b47227e1aa91f65d6b3', 'МАРКИРОВКА ОСТАТКОВ, ВВОД В ОБОРОТ\r\nПЕРЕД ПОЛУЧЕНИЕМ КОДОВ МАРКИРОВКИ DATAMATRIX, НЕОБХОДИМО ПРОВЕСТИ ИНВЕНТАРИЗАЦИЮ НА СКЛАДЕ\r\n'),
(42, 'd53e2f68cdbaf1c101138b21e60b0442', 'МАРКИРОВКА ОСТАТКОВ, ИВЕНТАРИЗАЦИЯ\r\nПЕРЕД ПОЛУЧЕНИЕМ КОДОВ МАРКИРОВКИ DATAMATRIX, НЕОБХОДИМО ПРОВЕСТИ ИНВЕНТАРИЗАЦИЮ НА СКЛАДЕ\r\n'),
(43, 'd53e2f68cdbaf1c101138b21e60b0442', 'МАРКИРОВКА ОСТАТКОВ, ИВЕНТАРИЗАЦИЯ\r\nПЕРЕД ПОЛУЧЕНИЕМ КОДОВ МАРКИРОВКИ DATAMATRIX, НЕОБХОДИМО ПРОВЕСТИ ИНВЕНТАРИЗАЦИЮ НА СКЛАДЕ\r\n'),
(44, '6cff3411994e093410b75e370de28fdf', 'W9NZ6U15YIS\r\nРАБОТЫ, ДОПОЛНЕНАЯ РЕАЛЬНОСТЬ И ТСД - ТЕХНОЛОГИИ ДЛЯ БИЗНЕСА. ZEBRA TEHNOLOGIES | КЛЕВЕРЕНС\r\n'),
(45, '6cff3411994e093410b75e370de28fdf', 'W9NZ6U15YIS\r\nРАБОТЫ, ДОПОЛНЕНАЯ РЕАЛЬНОСТЬ И ТСД - ТЕХНОЛОГИИ ДЛЯ БИЗНЕСА. ZEBRA TEHNOLOGIES | КЛЕВЕРЕНС\r\n'),
(46, 'b565bd1ae13bef446bbd88c082214be0', 'УЛУЧШЕНИЕ ПЕЧАТИ - В \"ПРОДАЖИ\" 1.4.9.4\r\nПОЯВИЛАСЬ ПОДДЕРЖКА НОВЫХ ГРУПП МАРКИРОВАННОГО ТОВАРА\r\n'),
(47, '578a7c1c5350352a0d3f363948b5ea63', 'ИНТЕГРИРОВАН SEUIC AUTOLD Q9C\r\nЗАВЕРШЕНА ИНТЕГРАЦИЯ ТЕРМИНА СБОРА ДАННЫХ\r\n'),
(48, 'e8a0d1841da4a0ffe0a35054cf2566ea', 'ИНТЕГРИРОВАН MARTECH ALPHA\r\nЗАВЕРШЕНА ИНТЕГРАЦИЯ МОБИЛЬНОГО ПРИНТЕРА\r\n'),
(49, '47fc701dc59173890ee0e3d6612e3185', 'ПРОДАЖИ\r\nВОЗМОЖНОСТИ\rТАРИФЫ\rКЕЙСЫ\rВОЗМОЖНОСТИ ПРОДУКТА\rАДРЕСНЫЙ СКЛАД\rВСЕ ФУНКЦИИ\rУЖЕ ВНЕДРЕНО\rТАРИФЫ \rVERTER.СКЛАД\rПОДБЕРИТЕ ДЛЯ СЕБЯ САМЫЙ ОПТИМАЛЬНЫЙ ТАРИФ\rСРОК ДЕЙСТВИЯ ЛИЦЕНЗИИ:\nНА 12 МЕСЯЦЕВ\nНА 3 ГОДА\nБЕЗЛИМИТНАЯ\nКОЛИЧЕСТВО ТСД:\nСТАНДАРТ\rДЛЯ ЭФФЕКТИВНОЙ РАБОТЫ НЕБОЛЬШИХ КОМПАНИЙ\n5 ТСД\n89 900 ₽\n2 490 ₽ ЗА 1 ТСД\nКУПИТЬ\rБЕСПЛАТНО\rПРОФИ\rДЛЯ ЭФФЕКТИВНОЙ РАБОТЫ НЕБОЛЬШИХ КОМПАНИЙ\n5 ТСД\n139 900 ₽\n1 990 ₽ ЗА 1 ТСД\nКУПИТЬ\rБЕСПЛАТНО\rКОРП\rДЛЯ ЭФФЕКТИВНОЙ РАБОТЫ НЕБОЛЬШИХ КОМПАНИЙ\n5 ТСД\n189 900 ₽\n1 590 ₽ ЗА 1 ТСД\nКУПИТЬ\rБЕСПЛАТНО\r1\nРАБОТА С ТСД\n1.1\nУПРАВЛЕНИЕ ТОПОЛОГИЕЙ СКЛАДА\n1.1.1\nХРАНЕНИЕ ИНФОРМАЦИИ О СТРУКТУРЕ СКЛАДА (ЗОНЫ, СТЕЛЛАЖИ, ЯЧЕЙКИ)\n1.1.2\nУЧЕТ МУЛЬТИЯЧЕЕК (КОГДА В ОДНОЙ ЯЧЕЙКЕ МОЖЕТ НАХОДИТСЯ ТОВАР С РАЗНЫХ СКЛАДОВ)\n1.1.3\nПРИСВОЕНИЕ АДРЕСОВ И ГЕНЕРАЦИЯ ШТРИХКОДОВ\n1.1.4\nПЕЧАТЬ ЭТИКЕТОК СО ШТРИХКОДОМ ЯЧЕЙКИ\n1.2\nИНВЕНТАРИЗАЦИЯ ТОВАРА\n1.3\nПРИЁМКА ТОВАРА\n1.4\nРАЗМЕЩЕНИЕ В ЗОНЕ ХРАНЕНИЯ\n1.5\nКОМПЛЕКТАЦИЯ ЗАКАЗА\n1.6\nОТГРУЗКА\n1.7\nПЕРЕМЕЩЕНИЕ ТОВАРА МЕЖДУ ЯЧЕЙКАМИ\n2\nWMS\n2.1\nWMS\n2.2\nWMS\n3\nМОДУЛЬ ДЛЯ 1С\n4\nЦЕНТР МОНИТОРНГА\n5\nИНФОМАТ\n6\nЭЛЕКТРОННАЯ ОЧЕРЕДЬ\nГДЕ ВНЕДРЕННО\rВСЕ КЕЙСЫ\rГЕОГРАФИЯ ВНЕДРЕНИЯ ПРОДУКТОВ ОТ VERTER\rВСЕ КЕЙСЫ\rБАЗА ЗНАНИЙ\rВСЕ СТАТЬИ\r\n'),
(50, 'd103712f8f139e22d8732b2ff216f53e', 'ПРОДАЖИ\r\nДЛЯ РЕАЛИЗАЦИИ ПРОДУКЦИИ НА ВЫСТАВКАХ ПО ОБРАЗЦАМ\rVERTER.ПРОДАЖИ\rМОБИЛЬНАЯ АВТОМАТИЗАЦИИ УПРОЩАЕТ РАБОТУ СОТРУДНИКОВ СКЛАДА И УСТРАНЯЕТ ОШИБКИ ПРИ ПРИЁМКЕ, ОТГРУЗКЕ И ИНВЕНТАРИЗАЦИИ ТОВАРА\rПОДРОБНЕЕ\rШОУРУМ\rСИСТЕМА ДЛЯ ВЫВОДА НА ВНЕШНИЕ МОНИТОРЫ СТАТИСТИЧЕСКОЙ И ДИНАМИЧЕСКОЙ ИНФОРМАЦИИ\rПОДРОБНЕЕ\rМАСТЕР ОТГРУЗКИ\rЦЕНТРАЛЬНАЯ БАЗА, КАЖДУЮ СКЛАДСКУЮ ОПЕРАЦИЮ ПО ТОВАРУ, ПОЗВОЛЯЕТ\rПОДРОБНЕЕ\rCRM\rСИСТЕМА ДЛЯ СЕНСОРНЫХ КИОСКОВ ДЛЯ ИНТЕРАКТИВНОГО ОТРАЖЕНИЯ СКЛАДСКИХ ОПЕРАЦИЙ\rПОДРОБНЕЕ\rПЛАНШЕТ МЕНЕДЖЕРА ПО ПРОДАЖАМ\rСИСТЕМА ДЛЯ ВЫВОДА НА ВНЕШНИЕ МОНИТОРЫ СТАТИСТИЧЕСКОЙ И ДИНАМИЧЕСКОЙ ИНФОРМАЦИИ\rПОДРОБНЕЕ\rОБЛАСТИ ПРИМЕНЕНИЯ\rПРОГРАММНОЕ ОБЕСПЕЧЕНИЕ \rVERTER.СКЛАД\rПРИМЕНЯЕТСЯ ДЛЯ УЧЁТА РАЗЛИЧНЫХ ГРУПП ТОВАРОВ И ПОЗВОЛЯЕТ АДАПТИРОВАТЬ ПО ПОД ЛЮБЫЕ СФЕРЫ БИЗНЕСА\rОДЕЖДА\rОБУВЬ\rИНСТРУМЕНТЫ\rМЕТАЛЛО ПРОДУКЦИЯ\rРТИ\rЭЛЕКТРОНИКА\rСТРОЙМАТЕРИАЛЫ\rТКАНЬ И ФУРНИТУРА\rПРОДУКТЫ ПИТАНИЯ\rЛЕКАРСТВА\rВОЗМОЖНОСТИ\rТАРИФЫ\rКЕЙСЫ\rВОЗМОЖНОСТИ ПРОДУКТА\rАДРЕСНЫЙ СКЛАД\rПРИЁМКА ТОВАРА\rКОМПЛЕКТАЦИЯ ЗАКАЗА\rЭЛЕКТРОННАЯ ОЧЕРЕДЬ\rОТГРУЗКА\rПЕРЕМЕЩЕНИЕ ТОВАРОВ\rАГРЕГАЦИЯ ТОВАРОВ\rВОЗВРАТ ТОВАРОВ\rИНВЕНТАРИЗАЦИЯ ТОВАРА\rПЕРЕДАЧА В КЛАДОВУЮ ЦЕХА\rАДРЕСНЫЙ СКЛАД\rУПРАВЛЕНИЕ ТОПОЛОГИЕЙ СКЛАДА\rУПРАВЛЕНИЕ ТОПОЛОГИЕЙ СКЛАДА\rС ПОМОЩЬЮ ВНЕДРЕНИЯ СИСТЕМЫ АДРЕСНОГО ХРАНЕНИЯ, МОЖНО АВТОМАТИЗИРОВАТЬ БОЛЬШУЮ ЧАСТЬ ОПЕРАЦИЙ\rПОДРОБНЕЕ\rРАЗМЕЩЕНИЕ ТОВАРА В ЯЧЕЙКЕ\rРАЗМЕЩЕНИЕ ТОВАРА В ЯЧЕЙКЕ\rLOREM IPSUM DOLOR SIT AMET, CONSECTETUR ADIPISCING ELIT, SED DO EIUSMOD TEMPOR INCIDIDUNT UT LABORE ET DOLORE MAGNA ALIQUA.\rПОДРОБНЕЕ\rМАРКИРОВКА АДРЕСНЫХ ЯЧЕЕК\rМАРКИРОВКА АДРЕСНЫХ ЯЧЕЕК\rLOREM IPSUM DOLOR SIT AMET, CONSECTETUR ADIPISCING ELIT, SED DO EIUSMOD TEMPOR INCIDIDUNT UT LABORE ET DOLORE MAGNA ALIQUA.\rПОДРОБНЕЕ\rОТБОР ТОВАРА ИЗ ЯЧЕЙКИ\rОТБОР ТОВАРА ИЗ ЯЧЕЙКИ\rLOREM IPSUM DOLOR SIT AMET, CONSECTETUR ADIPISCING ELIT, SED DO EIUSMOD TEMPOR INCIDIDUNT UT LABORE ET DOLORE MAGNA ALIQUA.\rПОДРОБНЕЕ\rПОСТРОЕНИЕ МАРШРУТА КОМПЛЕКТАЦИИ ЗАКАЗА\rПОСТРОЕНИЕ МАРШРУТА КОМПЛЕКТАЦИИ ЗАКАЗА\rLOREM IPSUM DOLOR SIT AMET, CONSECTETUR ADIPISCING ELIT, SED DO EIUSMOD TEMPOR INCIDIDUNT UT LABORE ET DOLORE MAGNA ALIQUA.\rПОДРОБНЕЕ\rМУЛЬТИЯЧЕЙКА\rМУЛЬТИЯЧЕЙКА\rLOREM IPSUM DOLOR SIT AMET, CONSECTETUR ADIPISCING ELIT, SED DO EIUSMOD TEMPOR INCIDIDUNT UT LABORE ET DOLORE MAGNA ALIQUA.\rПОДРОБНЕЕ\rИНВЕНТАРИЗАЦИЯ ПО ЯЧЕЙКАМ\rИНВЕНТАРИЗАЦИЯ ПО ЯЧЕЙКАМ\rLOREM IPSUM DOLOR SIT AMET, CONSECTETUR ADIPISCING ELIT, SED DO EIUSMOD TEMPOR INCIDIDUNT UT LABORE ET DOLORE MAGNA ALIQUA.\rПОДРОБНЕЕ\rСТАТИСТИКА ОБОРОТА ПО ЯЧЕЙКАМ\rСТАТИСТИКА ОБОРОТА ПО ЯЧЕЙКАМ\rLOREM IPSUM DOLOR SIT AMET, CONSECTETUR ADIPISCING ELIT, SED DO EIUSMOD TEMPOR INCIDIDUNT UT LABORE ET DOLORE MAGNA ALIQUA.\rПОДРОБНЕЕ\rВСЕ ФУНКЦИИ\rКОМПАНИИ, С ВНЕДРЕННОЙ АДРЕСНОЙ СКЛАДСКОЙ СИСТЕМОЙ ХРАНЕНИЯ ТОВАРА, ИМЕЮТ ВЕСОМОЕ ПРЕИМУЩЕСТВО ПЕРЕД КОНКУРЕНТАМИ.\rВСЕ ИЗДЕЛИЯ ПРОМАРКИРОВАНЫ, ЗАПИСАНЫ И УЧТЕНЫ В ПРОГРАММЕ. ЭТО СУЩЕСТВЕННО ПОВЫШАЕТ ПРИБЫЛЬ И ПРОИЗВОДИТЕЛЬНОСТЬ ПРЕДПРИЯТИЯ. И ЧЕМ КРУПНЕЕ КОМПАНИЯ, ТЕМ ВЫГОДНЕЕ ПОДОБНАЯ ОПТИМИЗАЦИЯ. \rПЛЮСЫ\nВНЕДРЕНИЯ\nАДРЕСНОГО\nСКЛАДА\rТОЧНАЯ ИНФОРМАЦИЯ О МЕСТОПОЛОЖЕНИИ ТОВАРА И ЕГО ОСТАТКАХ\rСОКРАЩЕНИЕ ВРЕМЕНИ НА ПРОВЕДЕНИЕ СКЛАДСКИХ ОПЕРАЦИЙ\rСНИЖЕНИЕ КОЛИЧЕСТВА ОШИБОК ПРИ СБОРЕ ЗАКАЗА\rКОНТРОЛЬ ОСТАТКОВ И СРОКОВ ГОДНОСТИ, ИЗБЕЖАНИЕ ТОВАРНЫХ ПОТЕРЬ\rИНТЕГРАЦИЯ СКЛАДА ДЛЯ РАБОТЫ С МАРКЕТПЛЕЙСАМИ\rБЫСТРОЕ ОБУЧАЕМОСТЬ ПРОГРАММЕ\rУЖЕ ВНЕДРЕНО\rАВТОМАТИЗАЦИЯ АГРЕГАЦИИ КОДОВ НА ФАБРИКАХ\rВ СРОК ВСЕГО 2 МЕСЯЦА НАМИ БЫЛ РЕАЛИЗОВАН ПРОЕКТ ПО МАРКИРОВКЕ ОДЕЖДЫ УНИКАЛЬНЫМИ КОДАМИ ПРИ ПОМОЩИ ТСД. ЭТО ПРИВЕЛО К УСКОРЕНИЮ ПРИЕМА И ОТГРУЗКИ НА 40%, А ТАКЖЕ ИСКЛЮЧЕНИЮ ОШИБОК ПРИ РАБОТЕ С МАРКИРОВАННЫМ ТОВАРОМ.\r2 МЕСЯЦА\rРЕАЛИЗАЦИЯ РАБОТЫ\r>40%\rCКОРОСТЬ РАБОТЫ\rПОДРОБНЕЕ\rЗАПУСК И ВНЕДРЕНИЕ ERP\rКОМПАНИЕЙ В КРАТЧАЙШИЕ СРОКИ БЫЛ РЕАЛИЗОВАН ПРОЕКТ ПО ВНЕДРЕНИЮ СИСТЕМЫ ДЛЯ УПРАВЛЕНИЯ БИЗНЕС-ПРОЦЕССАМИ И РЕСУРСАМИ ОБУВНОЙ ФАБРИКИ НА ОСНОВЕ ЕДИНОЙ БАЗЫ ДАННЫХ. ERP СОЗДАЕТ ЕДИНУЮ УНИФИЦИРОВАННУЮ СИСТЕМУ ОТЧЕТНОСТИ ДЛЯ ВСЕХ ПРОЦЕССОВ. БОЛЬШАЯ ПРОИЗВОДИТЕЛЬНОСТЬ ЗА МЕНЬШИЙ СРОК.\r2 МЕСЯЦА\rРЕАЛИЗАЦИЯ РАБОТЫ\r>40%\rCКОРОСТЬ РАБОТЫ\rПОДРОБНЕЕ\rАВТОМАТИЗАЦИЯ АГРЕГАЦИИ КОДОВ НА ФАБРИКАХ\rВ СРОК ВСЕГО 2 МЕСЯЦА НАМИ БЫЛ РЕАЛИЗОВАН ПРОЕКТ ПО МАРКИРОВКЕ ОДЕЖДЫ УНИКАЛЬНЫМИ КОДАМИ ПРИ ПОМОЩИ ТСД. ЭТО ПРИВЕЛО К УСКОРЕНИЮ ПРИЕМА И ОТГРУЗКИ НА 40%, А ТАКЖЕ ИСКЛЮЧЕНИЮ ОШИБОК ПРИ РАБОТЕ С МАРКИРОВАННЫМ ТОВАРОМ.\r2 МЕСЯЦА\rРЕАЛИЗАЦИЯ РАБОТЫ\r>40%\rCКОРОСТЬ РАБОТЫ\rПОДРОБНЕЕ\rЗАПУСК И ВНЕДРЕНИЕ ERP\rКОМПАНИЕЙ В КРАТЧАЙШИЕ СРОКИ БЫЛ РЕАЛИЗОВАН ПРОЕКТ ПО ВНЕДРЕНИЮ СИСТЕМЫ ДЛЯ УПРАВЛЕНИЯ БИЗНЕС-ПРОЦЕССАМИ И РЕСУРСАМИ ОБУВНОЙ ФАБРИКИ НА ОСНОВЕ ЕДИНОЙ БАЗЫ ДАННЫХ. ERP СОЗДАЕТ ЕДИНУЮ УНИФИЦИРОВАННУЮ СИСТЕМУ ОТЧЕТНОСТИ ДЛЯ ВСЕХ ПРОЦЕССОВ. БОЛЬШАЯ ПРОИЗВОДИТЕЛЬНОСТЬ ЗА МЕНЬШИЙ СРОК.\r2 МЕСЯЦА\rРЕАЛИЗАЦИЯ РАБОТЫ\r>40%\rCКОРОСТЬ РАБОТЫ\rПОДРОБНЕЕ\rВОЗНИКЛИ ВОПРОСЫ ПО АДРЕСНОМУ СКЛАДУ?\rНАШ МЕНЕДЖЕР СВЯЖЕТСЯ С ВАМИ, И РАССКАЖЕТ О ФУНКЦИОНАЛЕ АДРЕСНЫЙ СКЛАД ВСЕ ИЛИ О ВСЕ ВАРИАНТАХ И ВОЗМОЖНОСТЯХ И ИНТЕГРАЦИИ\rОТПРАВИТЬ\rЯ СОГЛАСЕН НА ОБРАБОТКУ ПЕРСОНАЛЬНЫХ ДАННЫХ И ПОЛУЧЕНИЕ ИНФОРМАЦИОННЫХ СООБЩЕНИЙ\rТАРИФЫ \rVERTER.СКЛАД\rПОДБЕРИТЕ ДЛЯ СЕБЯ САМЫЙ ОПТИМАЛЬНЫЙ ТАРИФ\rСРОК ДЕЙСТВИЯ ЛИЦЕНЗИИ:\rНА 12 МЕСЯЦЕВ\rНА 3 ГОДА\rБЕЗЛИМИТНАЯ\rКОЛИЧЕСТВО ТСД:\rСТАНДАРТ\rДЛЯ ЭФФЕКТИВНОЙ РАБОТЫ НЕБОЛЬШИХ КОМПАНИЙ\r5 ТСД\r89 900 ₽\r2 490 ₽ ЗА 1 ТСД\rКУПИТЬ\rБЕСПЛАТНО\rПРОФИ\rДЛЯ ЭФФЕКТИВНОЙ РАБОТЫ НЕБОЛЬШИХ КОМПАНИЙ\r5 ТСД\r139 900 ₽\r1 990 ₽ ЗА 1 ТСД\rКУПИТЬ\rБЕСПЛАТНО\rКОРП\rДЛЯ ЭФФЕКТИВНОЙ РАБОТЫ НЕБОЛЬШИХ КОМПАНИЙ\r5 ТСД\r189 900 ₽\r1 590 ₽ ЗА 1 ТСД\rКУПИТЬ\rБЕСПЛАТНО\r1\rРАБОТА С ТСД\n1.1\rУПРАВЛЕНИЕ ТОПОЛОГИЕЙ СКЛАДА\n1.1.1\rХРАНЕНИЕ ИНФОРМАЦИИ О СТРУКТУРЕ СКЛАДА (ЗОНЫ, СТЕЛЛАЖИ, ЯЧЕЙКИ)\n1.1.2\rУЧЕТ МУЛЬТИЯЧЕЕК (КОГДА В ОДНОЙ ЯЧЕЙКЕ МОЖЕТ НАХОДИТСЯ ТОВАР С РАЗНЫХ СКЛАДОВ)\n1.1.3\rПРИСВОЕНИЕ АДРЕСОВ И ГЕНЕРАЦИЯ ШТРИХКОДОВ \n1.1.4\rПЕЧАТЬ ЭТИКЕТОК СО ШТРИХКОДОМ ЯЧЕЙКИ\n1.2\rИНВЕНТАРИЗАЦИЯ ТОВАРА\n1.3\rПРИЁМКА ТОВАРА\n1.4\rРАЗМЕЩЕНИЕ В ЗОНЕ ХРАНЕНИЯ\n1.5\rКОМПЛЕКТАЦИЯ ЗАКАЗА\n1.6\rОТГРУЗКА\n1.7\rПЕРЕМЕЩЕНИЕ ТОВАРА МЕЖДУ ЯЧЕЙКАМИ\n2\rWMS\n2.1\rWMS\n2.2\rWMS\n3\rМОДУЛЬ ДЛЯ 1С\r4\rЦЕНТР МОНИТОРНГА\r5\rИНФОМАТ\r6\rЭЛЕКТРОННАЯ ОЧЕРЕДЬ\rГДЕ ВНЕДРЕННО\rАДРЕСНЫЙ СКЛАД\rПРИЁМКА ТОВАРА\rКОМПЛЕКТАЦИЯ ЗАКАЗА\rЭЛЕКТРОННАЯ ОЧЕРЕДЬ\rОТГРУЗКА\rПЕРЕМЕЩЕНИЕ ТОВАРОВ\rАГРЕГАЦИЯ ТОВАРОВ\rВОЗВРАТ ТОВАРОВ\rИНВЕНТАРИЗАЦИЯ ТОВАРА\rПЕРЕДАЧА В КЛАДОВУЮ ЦЕХА\rВСЕ КЕЙСЫ\rАВТОМАТИЗАЦИЯ АГРЕГАЦИИ КОДОВ НА ФАБРИКАХ\rВ СРОК ВСЕГО 2 МЕСЯЦА НАМИ БЫЛ РЕАЛИЗОВАН ПРОЕКТ ПО МАРКИРОВКЕ ОДЕЖДЫ УНИКАЛЬНЫМИ КОДАМИ ПРИ ПОМОЩИ ТСД. ЭТО ПРИВЕЛО К УСКОРЕНИЮ ПРИЕМА И ОТГРУЗКИ НА 40%, А ТАКЖЕ ИСКЛЮЧЕНИЮ ОШИБОК ПРИ РАБОТЕ С МАРКИРОВАННЫМ ТОВАРОМ.\r2 МЕСЯЦА\rРЕАЛИЗАЦИЯ РАБОТЫ\r>40%\rCКОРОСТЬ РАБОТЫ\rПОДРОБНЕЕ\rЗАПУСК И ВНЕДРЕНИЕ ERP\rКОМПАНИЕЙ В КРАТЧАЙШИЕ СРОКИ БЫЛ РЕАЛИЗОВАН ПРОЕКТ ПО ВНЕДРЕНИЮ СИСТЕМЫ ДЛЯ УПРАВЛЕНИЯ БИЗНЕС-ПРОЦЕССАМИ И РЕСУРСАМИ ОБУВНОЙ ФАБРИКИ НА ОСНОВЕ ЕДИНОЙ БАЗЫ ДАННЫХ. ERP СОЗДАЕТ ЕДИНУЮ УНИФИЦИРОВАННУЮ СИСТЕМУ ОТЧЕТНОСТИ ДЛЯ ВСЕХ ПРОЦЕССОВ. БОЛЬШАЯ ПРОИЗВОДИТЕЛЬНОСТЬ ЗА МЕНЬШИЙ СРОК.\rПОДРОБНЕЕ\rЗАПУСК И ВНЕДРЕНИЕ ERP\rКОМПАНИЕЙ В КРАТЧАЙШИЕ СРОКИ БЫЛ РЕАЛИЗОВАН ПРОЕКТ ПО ВНЕДРЕНИЮ СИСТЕМЫ ДЛЯ УПРАВЛЕНИЯ БИЗНЕС-ПРОЦЕССАМИ И РЕСУРСАМИ ОБУВНОЙ ФАБРИКИ НА ОСНОВЕ ЕДИНОЙ БАЗЫ ДАННЫХ. ERP СОЗДАЕТ ЕДИНУЮ УНИФИЦИРОВАННУЮ СИСТЕМУ ОТЧЕТНОСТИ ДЛЯ ВСЕХ ПРОЦЕССОВ. БОЛЬШАЯ ПРОИЗВОДИТЕЛЬНОСТЬ ЗА МЕНЬШИЙ СРОК.\rПОДРОБНЕЕ\rАВТОМАТИЗАЦИЯ АГРЕГАЦИИ КОДОВ НА ФАБРИКАХ\rВ СРОК ВСЕГО 2 МЕСЯЦА НАМИ БЫЛ РЕАЛИЗОВАН ПРОЕКТ ПО МАРКИРОВКЕ ОДЕЖДЫ УНИКАЛЬНЫМИ КОДАМИ ПРИ ПОМОЩИ ТСД. ЭТО ПРИВЕЛО К УСКОРЕНИЮ ПРИЕМА И ОТГРУЗКИ НА 40%, А ТАКЖЕ ИСКЛЮЧЕНИЮ ОШИБОК ПРИ РАБОТЕ С МАРКИРОВАННЫМ ТОВАРОМ.\r2 МЕСЯЦА\rРЕАЛИЗАЦИЯ РАБОТЫ\r>40%\rCКОРОСТЬ РАБОТЫ\rПОДРОБНЕЕ\rЗАПУСК И ВНЕДРЕНИЕ ERP\rКОМПАНИЕЙ В КРАТЧАЙШИЕ СРОКИ БЫЛ РЕАЛИЗОВАН ПРОЕКТ ПО ВНЕДРЕНИЮ СИСТЕМЫ ДЛЯ УПРАВЛЕНИЯ БИЗНЕС-ПРОЦЕССАМИ И РЕСУРСАМИ ОБУВНОЙ ФАБРИКИ НА ОСНОВЕ ЕДИНОЙ БАЗЫ ДАННЫХ. ERP СОЗДАЕТ ЕДИНУЮ УНИФИЦИРОВАННУЮ СИСТЕМУ ОТЧЕТНОСТИ ДЛЯ ВСЕХ ПРОЦЕССОВ. БОЛЬШАЯ ПРОИЗВОДИТЕЛЬНОСТЬ ЗА МЕНЬШИЙ СРОК.\rПОДРОБНЕЕ\rЗАПУСК И ВНЕДРЕНИЕ ERP\rКОМПАНИЕЙ В КРАТЧАЙШИЕ СРОКИ БЫЛ РЕАЛИЗОВАН ПРОЕКТ ПО ВНЕДРЕНИЮ СИСТЕМЫ ДЛЯ УПРАВЛЕНИЯ БИЗНЕС-ПРОЦЕССАМИ И РЕСУРСАМИ ОБУВНОЙ ФАБРИКИ НА ОСНОВЕ ЕДИНОЙ БАЗЫ ДАННЫХ. ERP СОЗДАЕТ ЕДИНУЮ УНИФИЦИРОВАННУЮ СИСТЕМУ ОТЧЕТНОСТИ ДЛЯ ВСЕХ ПРОЦЕССОВ. БОЛЬШАЯ ПРОИЗВОДИТЕЛЬНОСТЬ ЗА МЕНЬШИЙ СРОК.\rПОДРОБНЕЕ\rЗАПУСК И ВНЕДРЕНИЕ ERP\rКОМПАНИЕЙ В КРАТЧАЙШИЕ СРОКИ БЫЛ РЕАЛИЗОВАН ПРОЕКТ ПО ВНЕДРЕНИЮ СИСТЕМЫ ДЛЯ УПРАВЛЕНИЯ БИЗНЕС-ПРОЦЕССАМИ И РЕСУРСАМИ ОБУВНОЙ ФАБРИКИ НА ОСНОВЕ ЕДИНОЙ БАЗЫ ДАННЫХ. ERP СОЗДАЕТ ЕДИНУЮ УНИФИЦИРОВАННУЮ СИСТЕМУ ОТЧЕТНОСТИ ДЛЯ ВСЕХ ПРОЦЕССОВ. БОЛЬШАЯ ПРОИЗВОДИТЕЛЬНОСТЬ ЗА МЕНЬШИЙ СРОК.\rПОДРОБНЕЕ\rЗАПУСК И ВНЕДРЕНИЕ ERP\rКОМПАНИЕЙ В КРАТЧАЙШИЕ СРОКИ БЫЛ РЕАЛИЗОВАН ПРОЕКТ ПО ВНЕДРЕНИЮ СИСТЕМЫ ДЛЯ УПРАВЛЕНИЯ БИЗНЕС-ПРОЦЕССАМИ И РЕСУРСАМИ ОБУВНОЙ ФАБРИКИ НА ОСНОВЕ ЕДИНОЙ БАЗЫ ДАННЫХ. ERP СОЗДАЕТ ЕДИНУЮ УНИФИЦИРОВАННУЮ СИСТЕМУ ОТЧЕТНОСТИ ДЛЯ ВСЕХ ПРОЦЕССОВ. БОЛЬШАЯ ПРОИЗВОДИТЕЛЬНОСТЬ ЗА МЕНЬШИЙ СРОК.\rПОДРОБНЕЕ\rГЕОГРАФИЯ ВНЕДРЕНИЯ ПРОДУКТОВ ОТ VERTER\rВСЕ КЕЙСЫ\rВОЗНИКЛИ ВОПРОСЫ ПО АГРЕГАЦИИ ТОВАРОВ?\rНАШ МЕНЕДЖЕР СВЯЖЕТСЯ С ВАМИ, И РАССКАЖЕТ О ФУНКЦИОНАЛЕ АДРЕСНЫЙ СКЛАД ВСЕ ИЛИ О ВСЕ ВАРИАНТАХ И ВОЗМОЖНОСТЯХ И ИНТЕГРАЦИИ\rОТПРАВИТЬ\rЯ СОГЛАСЕН НА ОБРАБОТКУ ПЕРСОНАЛЬНЫХ ДАННЫХ И ПОЛУЧЕНИЕ ИНФОРМАЦИОННЫХ СООБЩЕНИЙ\rБАЗА ЗНАНИЙ\rВИДЫ АДРЕСНОГО ХРАНЕНИЯ\rСТАТИЧЕСКОЕ\rLOREM IPSUM DOLOR SIT AMET, CONSECTETUR ADIPISCING ELIT, SED DO EIUSMOD TEMPOR INCIDIDUNT UT LABORE ET DOLORE MAGNA ALIQUA. UT ENIM AD MINIM VENIAM, QUIS NOSTRUD EXERCITATION ULLAMCO LABORIS NISI UT ALIQUIP EX EA COMMODO CONSEQUAT. DUIS AUTE IRURE DOLOR IN REPREHENDERIT \rДИНАМИЧЕСКОЕ\rLOREM IPSUM DOLOR SIT AMET, CONSECTETUR ADIPISCING ELIT, SED DO EIUSMOD TEMPOR INCIDIDUNT UT LABORE ET DOLORE MAGNA ALIQUA. UT ENIM AD MINIM VENIAM, QUIS NOSTRUD EXERCITATION ULLAMCO LABORIS NISI UT ALIQUIP EX EA COMMODO CONSEQUAT. \rПОДРОБНЕЕ\rВИДЫ АДРЕСНОГО ХРАНЕНИЯ\rСТАТИЧЕСКОЕ\rLOREM IPSUM DOLOR SIT AMET, CONSECTETUR ADIPISCING ELIT, SED DO EIUSMOD TEMPOR INCIDIDUNT UT LABORE ET DOLORE MAGNA ALIQUA. UT ENIM AD MINIM VENIAM, QUIS NOSTRUD EXERCITATION ULLAMCO LABORIS NISI UT ALIQUIP EX EA COMMODO CONSEQUAT. DUIS AUTE IRURE DOLOR IN REPREHENDERIT \rДИНАМИЧЕСКОЕ\rLOREM IPSUM DOLOR SIT AMET, CONSECTETUR ADIPISCING ELIT, SED DO EIUSMOD TEMPOR INCIDIDUNT UT LABORE ET DOLORE MAGNA ALIQUA. UT ENIM AD MINIM VENIAM, QUIS NOSTRUD EXERCITATION ULLAMCO LABORIS NISI UT ALIQUIP EX EA COMMODO CONSEQUAT. \rПОДРОБНЕЕ\rВИДЫ АДРЕСНОГО ХРАНЕНИЯ\rСТАТИЧЕСКОЕ\rLOREM IPSUM DOLOR SIT AMET, CONSECTETUR ADIPISCING ELIT, SED DO EIUSMOD TEMPOR INCIDIDUNT UT LABORE ET DOLORE MAGNA ALIQUA. UT ENIM AD MINIM VENIAM, QUIS NOSTRUD EXERCITATION ULLAMCO LABORIS NISI UT ALIQUIP EX EA COMMODO CONSEQUAT. DUIS AUTE IRURE DOLOR IN REPREHENDERIT \rДИНАМИЧЕСКОЕ\rLOREM IPSUM DOLOR SIT AMET, CONSECTETUR ADIPISCING ELIT, SED DO EIUSMOD TEMPOR INCIDIDUNT UT LABORE ET DOLORE MAGNA ALIQUA. UT ENIM AD MINIM VENIAM, QUIS NOSTRUD EXERCITATION ULLAMCO LABORIS NISI UT ALIQUIP EX EA COMMODO CONSEQUAT. \rПОДРОБНЕЕ\rВИДЫ АДРЕСНОГО ХРАНЕНИЯ\rСТАТИЧЕСКОЕ\rLOREM IPSUM DOLOR SIT AMET, CONSECTETUR ADIPISCING ELIT, SED DO EIUSMOD TEMPOR INCIDIDUNT UT LABORE ET DOLORE MAGNA ALIQUA. UT ENIM AD MINIM VENIAM, QUIS NOSTRUD EXERCITATION ULLAMCO LABORIS NISI UT ALIQUIP EX EA COMMODO CONSEQUAT. DUIS AUTE IRURE DOLOR IN REPREHENDERIT \rДИНАМИЧЕСКОЕ\rLOREM IPSUM DOLOR SIT AMET, CONSECTETUR ADIPISCING ELIT, SED DO EIUSMOD TEMPOR INCIDIDUNT UT LABORE ET DOLORE MAGNA ALIQUA. UT ENIM AD MINIM VENIAM, QUIS NOSTRUD EXERCITATION ULLAMCO LABORIS NISI UT ALIQUIP EX EA COMMODO CONSEQUAT. \rПОДРОБНЕЕ\rВСЕ СТАТЬИ\r+7 495 018 41 05\rРАБОЧИЕ ДНИ С ПН - ПТ / 10:00 - 18:00\r\n'),
(51, '5f183a9cc882e472756c52a185719157', 'ГЛАВНАЯ СТРАНИЦА\r\nСКЛАД\rПОДРОБНЕЕ\rПРОДАЖИ\rПОДРОБНЕЕ\rПРОИЗВОДСТВО\rПОДРОБНЕЕ\rСКЛАД\rПРОДАЖИ\rПРОИЗВОДСТВО\rРЕАЛИЗОВАННЫЕ ПРОЕКТЫ\rВСЕ ПРОЕКТЫ\rДОВЕРИЕ\rА ТАКЖЕ ДРУГИЕ БРЕНДЫ И ОРГАНИЗАЦИИ ПО ВСЕЙ РОССИИ\rБАЗА ЗНАНИЙ\rБАЗА ЗНАНИЙ\rСМОТРЕТЬ ВСЕ\rВИДЕО\rВИДЕО\rСМОТРЕТЬ ВСЕ\rНОВОСТИ\rСМОТРЕТЬ ВСЕ\r\n'),
(57, '4de1362bfa31d6e7ddea9ffb698d5181', 'ПРОИЗВОДСТО\r\nTEXT HERE....\r\n'),
(58, '4de1362bfa31d6e7ddea9ffb698d5181', 'ПРОИЗВОДСТО\r\nTEXT HERE....\r\n'),
(59, '8f20fa6cf945744a3ae5abf9f7ed13ec', 'КЕЙС\r\nTEXT HERE....\r\n'),
(60, 'e692dcec669538c864cc52b18a1edbf5', 'СКЛАД\r\nTEXT HERE....\r\n'),
(61, '386196ca66822da01f6bdba277f85cfd', 'ДЛЯ РЕАЛИЗАЦИИ ПРОДУКЦИИ НА ВЫСТАВКАХ ПО ОБРАЗЦАМ\r\nМОБИЛЬНАЯ АВТОМАТИЗАЦИИ УПРОЩАЕТ РАБОТУ СОТРУДНИКОВ СКЛАДА И УСТРАНЯЕТ ОШИБКИ ПРИ ПРИЁМКЕ, ОТГРУЗКЕ И ИНВЕНТАРИЗАЦИИ ТОВАРА\r\n'),
(62, 'a04367b7258729d65162a864c1954a3c', 'УПРАВЛЕНИЕ ТОПОЛОГИЕЙ СКЛАДА\r\nС ПОМОЩЬЮ ВНЕДРЕНИЯ СИСТЕМЫ АДРЕСНОГО ХРАНЕНИЯ, МОЖНО АВТОМАТИЗИРОВАТЬ\r\n'),
(63, '5b59c101f714b4e4c7aa752a3180db8a', 'РАЗМЕЩЕНИЕ ТОВАРА В ЯЧЕЙКЕ\r\nLOREM IPSUM DOLOR SIT AMET, CONSECTETUR ADIPISCING ELIT, SED DO EIUSMOD TEMPOR INCIDIDUNT UT LABORE ET DOLORE MAGNA\r\n'),
(64, '8001608d1d916680962d68404e28fe7f', 'НОВАЯ СТРАНИЦА\r\n\r\n'),
(65, '65df0a91adb7460034b3104a7e908d8c', 'АВТОМАТИЗАЦИЯ АГРЕГАЦИИ КОДОВ НА ФАБРИКАХ\r\nВ СРОК ВСЕГО 2 МЕСЯЦА НАМИ БЫЛ РЕАЛИЗОВАН ПРОЕКТ ПО МАРКИРОВКЕ ОДЕЖДЫ УНИКАЛЬНЫМИ КОДАМИ ПРИ ПОМОЩИ ТСД. ЭТО ПРИВЕЛО К УСКОРЕНИЮ ПРИЕМА И ОТГРУЗКИ НА 40%, А ТАКЖЕ ИСКЛЮЧЕНИЮ ОШИБОК ПРИ РАБОТЕ С МАРКИРОВАННЫМ ТОВАРОМ.\r\n'),
(66, 'aa88a0baa302ea66cc7dcb6b4653878f', 'ЗАПУСК И ВНЕДРЕНИЕ ERP\r\nКОМПАНИЕЙ В КРАТЧАЙШИЕ СРОКИ БЫЛ РЕАЛИЗОВАН ПРОЕКТ ПО ВНЕДРЕНИЮ СИСТЕМЫ ДЛЯ УПРАВЛЕНИЯ БИЗНЕС-ПРОЦЕССАМИ И РЕСУРСАМИ ОБУВНОЙ ФАБРИКИ НА ОСНОВЕ ЕДИНОЙ БАЗЫ ДАННЫХ. ERP СОЗДАЕТ ЕДИНУЮ УНИФИЦИРОВАННУЮ СИСТЕМУ ОТЧЕТНОСТИ ДЛЯ ВСЕХ ПРОЦЕССОВ. БОЛЬШАЯ ПРОИЗВОДИТЕЛЬНОСТЬ ЗА МЕНЬШИЙ СРОК.\r\n'),
(67, 'aa88a0baa302ea66cc7dcb6b4653878f', 'ЗАПУСК И ВНЕДРЕНИЕ ERP\r\nКОМПАНИЕЙ В КРАТЧАЙШИЕ СРОКИ БЫЛ РЕАЛИЗОВАН ПРОЕКТ ПО ВНЕДРЕНИЮ СИСТЕМЫ ДЛЯ УПРАВЛЕНИЯ БИЗНЕС-ПРОЦЕССАМИ И РЕСУРСАМИ ОБУВНОЙ ФАБРИКИ НА ОСНОВЕ ЕДИНОЙ БАЗЫ ДАННЫХ. ERP СОЗДАЕТ ЕДИНУЮ УНИФИЦИРОВАННУЮ СИСТЕМУ ОТЧЕТНОСТИ ДЛЯ ВСЕХ ПРОЦЕССОВ. БОЛЬШАЯ ПРОИЗВОДИТЕЛЬНОСТЬ ЗА МЕНЬШИЙ СРОК.\r\n'),
(68, '65df0a91adb7460034b3104a7e908d8c', 'АВТОМАТИЗАЦИЯ АГРЕГАЦИИ КОДОВ НА ФАБРИКАХ\r\nВ СРОК ВСЕГО 2 МЕСЯЦА НАМИ БЫЛ РЕАЛИЗОВАН ПРОЕКТ ПО МАРКИРОВКЕ ОДЕЖДЫ УНИКАЛЬНЫМИ КОДАМИ ПРИ ПОМОЩИ ТСД. ЭТО ПРИВЕЛО К УСКОРЕНИЮ ПРИЕМА И ОТГРУЗКИ НА 40%, А ТАКЖЕ ИСКЛЮЧЕНИЮ ОШИБОК ПРИ РАБОТЕ С МАРКИРОВАННЫМ ТОВАРОМ.\r\n'),
(69, 'aa88a0baa302ea66cc7dcb6b4653878f', 'ЗАПУСК И ВНЕДРЕНИЕ ERP\r\nКОМПАНИЕЙ В КРАТЧАЙШИЕ СРОКИ БЫЛ РЕАЛИЗОВАН ПРОЕКТ ПО ВНЕДРЕНИЮ СИСТЕМЫ ДЛЯ УПРАВЛЕНИЯ БИЗНЕС-ПРОЦЕССАМИ И РЕСУРСАМИ ОБУВНОЙ ФАБРИКИ НА ОСНОВЕ ЕДИНОЙ БАЗЫ ДАННЫХ. ERP СОЗДАЕТ ЕДИНУЮ УНИФИЦИРОВАННУЮ СИСТЕМУ ОТЧЕТНОСТИ ДЛЯ ВСЕХ ПРОЦЕССОВ. БОЛЬШАЯ ПРОИЗВОДИТЕЛЬНОСТЬ ЗА МЕНЬШИЙ СРОК.\r\n'),
(70, 'aa88a0baa302ea66cc7dcb6b4653878f', 'ЗАПУСК И ВНЕДРЕНИЕ ERP\r\nКОМПАНИЕЙ В КРАТЧАЙШИЕ СРОКИ БЫЛ РЕАЛИЗОВАН ПРОЕКТ ПО ВНЕДРЕНИЮ СИСТЕМЫ ДЛЯ УПРАВЛЕНИЯ БИЗНЕС-ПРОЦЕССАМИ И РЕСУРСАМИ ОБУВНОЙ ФАБРИКИ НА ОСНОВЕ ЕДИНОЙ БАЗЫ ДАННЫХ. ERP СОЗДАЕТ ЕДИНУЮ УНИФИЦИРОВАННУЮ СИСТЕМУ ОТЧЕТНОСТИ ДЛЯ ВСЕХ ПРОЦЕССОВ. БОЛЬШАЯ ПРОИЗВОДИТЕЛЬНОСТЬ ЗА МЕНЬШИЙ СРОК.\r\n'),
(73, 'b642c4b4f9d9c3c0c73d9bdb38b9c450', 'ВИДЫ АДРЕСНОГО ХРАНЕНИЯ\r\n\r\n'),
(74, '14063d989a4c1ce02e9da96e981b50b4', 'ВИДЫ АДРЕСНОГО ХРАНЕНИЯ 2\r\n\r\n'),
(75, '6cb2ef2d774dfbbf4dbbb23f1ae0212a', 'КОМПАНИИ, С ВНЕДРЕННОЙ АДРЕСНОЙ СКЛАДСКОЙ СИСТЕМОЙ ХРАНЕНИЯ ТОВАРА, ИМЕЮТ ВЕСОМОЕ ПРЕИМУЩЕСТВО ПЕРЕД КОНКУРЕНТАМИ.\r\nВСЕ ИЗДЕЛИЯ ПРОМАРКИРОВАНЫ, ЗАПИСАНЫ И УЧТЕНЫ В ПРОГРАММЕ. ЭТО СУЩЕСТВЕННО ПОВЫШАЕТ ПРИБЫЛЬ И ПРОИЗВОДИТЕЛЬНОСТЬ ПРЕДПРИЯТИЯ. И ЧЕМ КРУПНЕЕ КОМПАНИЯ, ТЕМ ВЫГОДНЕЕ ПОДОБНАЯ ОПТИМИЗАЦИЯ.\r\n'),
(76, 'b10452f630cea770c0bdb83d46703fb8', 'МАРКИРОВКА АДРЕСНЫХ ЯЧЕЕК\r\nLOREM IPSUM DOLOR SIT AMET, CONSECTETUR ADIPISCING ELIT, SED DO EIUSMOD TEMPOR INCIDIDUN\r\n'),
(77, '02c3126adc8500d6aa7242d5098c5ee1', 'ОТБОР ТОВАРА ИЗ ЯЧЕЙК\r\nLOREM IPSUM DOLOR SIT AMET, CONSECTETUR ADIPISCING ELIT, SED DO EIUSMOD TEMPOR INCIDIDUNT\r\n'),
(78, '4b98849b3be5b56c8fdd7cd058a25462', 'ПОСТРОЕНИЕ МАРШРУТА КОМПЛЕКТАЦИИ ЗАКАЗА\r\nLOREM IPSUM DOLOR SIT AMET, CONSECTETUR ADIPISCING ELIT, SED DO EIUSMOD TEMPOR INCIDIDUN\r\n'),
(79, '8aacd8d80b1df690ff9e5579b8661c1d', 'ИНВЕНТАРИЗАЦИЯ ПО ЯЧЕЙКАМ\r\nLOREM IPSUM DOLOR SIT AMET, CONSECTETUR ADIPISCING ELIT, SED DO EIUSMOD TEMPOR INCIDIDUNT\r\n'),
(80, '84d7e90bd212046c54c733dbdd89acf2', 'СТАТИСТИКА ОБОРОТА ПО ЯЧЕЙКАМ\r\nLOREM IPSUM DOLOR SIT AMET, CONSECTETUR ADIPISCING ELIT, SED DO EIUSMOD TEMPOR INCIDIDUNT\r\n'),
(81, 'd55746e876ba6a0602c61421f420e3f8', 'МУЛЬТИЯЧЕЙКА\r\n\r\n'),
(82, '6b85e434733b03533b32cb1511721d34', 'ДЛЯ УПРАВЛЕНИЯ И ОПТИМИЗАЦИИ ПРОЦЕССОВ ОПТОВЫХ СКЛАДОВ\r\nМОБИЛЬНАЯ АВТОМАТИЗАЦИИ УПРОЩАЕТ РАБОТУ СОТРУДНИКОВ СКЛАДА И УСТРАНЯЕТ ОШИБКИ ПРИ ПРИЁМКЕ, ОТГРУЗКЕ И ИНВЕНТАРИЗАЦИИ ТОВАРА\r\n'),
(83, '7b709f1794791e0e116427dfe94e9824', 'ДЛЯ ОПТИМИЗАЦИИ ПРОЦЕССОВ ВНУТРИЦЕХОВОГО УЧЕТА\r\nСИСТЕМА УПРАВЛЕНИЯ ПРОИЗВОДСТВЕННЫМИ ПРОЦЕССАМИ, ПОЗВОЛЯЮЩАЯ ПЛАНИРОВАТЬ И ОПЕРАТИВНО УПРАВЛЯТЬ ЦИКЛОМ ПРОИЗВОДСТВА\r\nСИСТЕМА УПРАВЛЕНИЯ ПРОИЗВОДСТВЕННЫМИ ПРОЦЕССАМИ, ПОЗВОЛЯЮЩАЯ ПЛАНИРОВАТЬ И ОПЕРАТИВНО УПРАВЛЯТЬ ЦИКЛОМ ПРОИЗВОДСТВА\r\n'),
(84, '48c01f6ccb3d97ca73d6dffa79ecfcbd', 'MES\r\nСИСТЕМА ДЛЯ ВЫВОДА НА ВНЕШНИЕ МОНИТОРЫ СТАТИСТИЧЕСКОЙ И ДИНАМИЧЕСКОЙ ИНФОРМАЦИИ\r\n'),
(85, '31c28f57d87023f5fa1f410667a7fc67', 'УПРАВЛЕНИЕ СКЛАДОМ МЕТАЛЛА\r\nЦЕНТРАЛЬНАЯ БАЗА, КОНТРОЛИРУЮЩАЯ КАЖДУЮ СКЛАДСКУЮ ОПЕРАЦИЮ ПО ТОВАРУ, ПОЗВОЛЯЕТ ВЕСТИ УЧЕТ МАРКИРОВАННОГО ТОВАРА\r\n'),
(86, '070398a72ce680dc52f265bcf66e0bb2', 'ТОИР\r\nСИСТЕМА ДЛЯ СЕНСОРНЫХ КИОСКОВ ДЛЯ ИНТЕРАКТИВНОГО ОТРАЖЕНИЯ СКЛАДСКИХ ОПЕРАЦИЙ\r\n'),
(87, '656349701920761af7bfb06f5c1f9aaa', 'УПРАВЛЕНИЕ IT-АКТИВАМИ\r\nСИСТЕМА ДЛЯ ВЫВОДА НА ВНЕШНИЕ МОНИТОРЫ СТАТИСТИЧЕСКОЙ И ДИНАМИЧЕСКОЙ ИНФОРМАЦИИ\r\n'),
(88, '49e346297be2faf87cc78b441cc8f01d', 'ТЕХНОЛОГ ОГТ\r\nСИСТЕМА ДЛЯ СЕНСОРНЫХ КИОСКОВ ДЛЯ ИНТЕРАКТИВНОГО ОТРАЖЕНИЯ СКЛАДСКИХ ОПЕРАЦИЙ\r\n'),
(89, '2396f252e55f407fac2ef2f07c165d5b', 'УЧЕТ ИНСТРУМЕНТА И СПЕЦОСНАСТКИ\r\n\r\n'),
(90, '76849d8c227cb92421faff941e2f2035', 'АВТОМАТИЗАЦИЯ ОПТОВЫХ СКЛАДОВ\r\n\r\n'),
(91, '05f1904955f50757fbd56e49478ed039', 'КЕЙС 1\r\n\r\n');

-- --------------------------------------------------------

--
-- Структура таблицы `b_search_content_title`
--

CREATE TABLE `b_search_content_title` (
  `SEARCH_CONTENT_ID` int(11) NOT NULL,
  `SITE_ID` char(2) COLLATE utf8_unicode_ci NOT NULL,
  `POS` int(11) NOT NULL,
  `WORD` varchar(100) COLLATE utf8_unicode_ci NOT NULL
) ENGINE=InnoDB DEFAULT CHARSET=utf8 COLLATE=utf8_unicode_ci DELAY_KEY_WRITE=1;

--
-- Дамп данных таблицы `b_search_content_title`
--

INSERT INTO `b_search_content_title` (`SEARCH_CONTENT_ID`, `SITE_ID`, `POS`, `WORD`) VALUES
(1, 's1', 7, '018'),
(1, 's1', 14, '05'),
(1, 's1', 11, '41'),
(1, 's1', 3, '495'),
(1, 's1', 1, '7'),
(2, 's1', 0, 'БАННЕР'),
(3, 's1', 0, 'ПРОИЗВОДСТВО'),
(4, 's1', 0, 'ПРОДАЖИ'),
(5, 's1', 0, 'СКЛАД'),
(6, 's1', 0, 'ОДЕЖДА'),
(7, 's1', 0, 'ОБУВЬ'),
(8, 's1', 0, 'ИНСТРУМЕНТЫ'),
(9, 's1', 0, 'МЕТАЛЛО'),
(9, 's1', 8, 'ПРОДУКЦИЯ'),
(10, 's1', 0, 'РТИ'),
(11, 's1', 0, 'ЭЛЕКТРОНИКА'),
(12, 's1', 6, '-'),
(12, 's1', 8, 'МАТЕРИАЛЫ'),
(12, 's1', 0, 'СТРОЙ'),
(13, 's1', 6, 'И'),
(13, 's1', 0, 'ТКАНЬ'),
(13, 's1', 8, 'ФУРНИТУРА'),
(14, 's1', 9, 'ПИТАНИЯ'),
(14, 's1', 0, 'ПРОДУКТЫ'),
(15, 's1', 0, 'ЛЕКАРСТВА'),
(16, 's1', 0, 'WMS'),
(16, 's1', 6, 'ТСД'),
(17, 's1', 6, 'МОНИТОРИНГА'),
(17, 's1', 0, 'ЦЕНТР'),
(18, 's1', 0, 'ИНФОМАТ'),
(19, 's1', 0, 'МАРКИРОВКА'),
(20, 's1', 12, 'ОЧЕРЕДЬ'),
(20, 's1', 0, 'ЭЛЕКТРОННАЯ'),
(21, 's1', 11, '1С'),
(21, 's1', 7, 'ДЛЯ'),
(21, 's1', 0, 'МОДУЛЬ'),
(22, 's1', 0, 'ШОУРУМ'),
(23, 's1', 0, 'МАСТЕР'),
(23, 's1', 7, 'ОТГРУЗКИ'),
(24, 's1', 0, 'CRM'),
(25, 's1', 8, 'МЕНЕДЖЕРА'),
(25, 's1', 0, 'ПЛАНШЕТ'),
(25, 's1', 18, 'ПО'),
(25, 's1', 21, 'ПРОДАЖАМ'),
(26, 's1', 0, 'MES'),
(27, 's1', 19, 'МЕТАЛЛА'),
(27, 's1', 11, 'СКЛАДОМ'),
(27, 's1', 0, 'УПРАВЛЕНИЕ'),
(28, 's1', 0, 'ТОИР'),
(29, 's1', 11, 'IT-АКТИВАМИ'),
(29, 's1', 0, 'УПРАВЛЕНИЕ'),
(30, 's1', 9, 'ОГТ'),
(30, 's1', 0, 'ТЕХНОЛОГ'),
(31, 's1', 5, 'И'),
(31, 's1', 5, 'ИНСТРУМЕНТА'),
(31, 's1', 19, 'СПЕЦОСНАСТКИ'),
(31, 's1', 0, 'УЧЕТ'),
(32, 's1', 0, 'АВТОМАТИЗАЦИЯ'),
(32, 's1', 14, 'АГРЕГАЦИИ'),
(32, 's1', 24, 'КОДОВ'),
(32, 's1', 30, 'НА'),
(32, 's1', 33, 'ФАБРИКАХ'),
(33, 's1', 42, '2'),
(33, 's1', 0, 'АВТОМАТИЗАЦИЯ'),
(33, 's1', 14, 'АГРЕГАЦИИ'),
(33, 's1', 24, 'КОДОВ'),
(33, 's1', 30, 'НА'),
(33, 's1', 33, 'ФАБРИКАХ'),
(34, 's1', 0, 'ROSTECH'),
(35, 's1', 0, 'GAZPROM'),
(36, 's1', 0, 'TEHNO'),
(37, 's1', 0, 'SHEREMET'),
(38, 's1', 8, '2'),
(38, 's1', 0, 'ROSTECH'),
(39, 's1', 21, 'ИВЕНТАРИЗАЦИЯ'),
(39, 's1', 0, 'МАРКИРОВКА'),
(39, 's1', 11, 'ОСТАТКОВ'),
(40, 's1', 31, 'КОДОВ'),
(40, 's1', 0, 'МАРКИРОВКА'),
(40, 's1', 37, 'МАРКИРОВКИ'),
(40, 's1', 11, 'ОСТАТКОВ'),
(40, 's1', 21, 'ПОЛУЧЕНИЕ'),
(41, 's1', 7, 'В'),
(41, 's1', 21, 'ВВОД'),
(41, 's1', 0, 'МАРКИРОВКА'),
(41, 's1', 28, 'ОБОРОТ'),
(41, 's1', 11, 'ОСТАТКОВ'),
(42, 's1', 21, 'ИВЕНТАРИЗАЦИЯ'),
(42, 's1', 0, 'МАРКИРОВКА'),
(42, 's1', 11, 'ОСТАТКОВ'),
(43, 's1', 21, 'ИВЕНТАРИЗАЦИЯ'),
(43, 's1', 0, 'МАРКИРОВКА'),
(43, 's1', 11, 'ОСТАТКОВ'),
(44, 's1', 0, 'W9NZ6U15YIS'),
(45, 's1', 0, 'W9NZ6U15YIS'),
(46, 's1', 17, '-'),
(46, 's1', 31, '1'),
(46, 's1', 33, '4'),
(46, 's1', 35, '9'),
(46, 's1', 19, 'В'),
(46, 's1', 10, 'ПЕЧАТИ'),
(46, 's1', 22, 'ПРОДАЖИ'),
(46, 's1', 0, 'УЛУЧШЕНИЕ'),
(47, 's1', 19, 'AUTOLD'),
(47, 's1', 26, 'Q9C'),
(47, 's1', 13, 'SEUIC'),
(47, 's1', 0, 'ИНТЕГРИРОВАН'),
(48, 's1', 21, 'ALPHA'),
(48, 's1', 13, 'MARTECH'),
(48, 's1', 0, 'ИНТЕГРИРОВАН'),
(49, 's1', 0, 'ПРОДАЖИ'),
(50, 's1', 0, 'ПРОДАЖИ'),
(51, 's1', 0, 'ГЛАВНАЯ'),
(51, 's1', 8, 'СТРАНИЦА'),
(57, 's1', 0, 'ПРОИЗВОДСТО'),
(58, 's1', 0, 'ПРОИЗВОДСТО'),
(59, 's1', 0, 'КЕЙС'),
(60, 's1', 0, 'СКЛАД'),
(61, 's1', 28, 'ВЫСТАВКАХ'),
(61, 's1', 0, 'ДЛЯ'),
(61, 's1', 25, 'НА'),
(61, 's1', 41, 'ОБРАЗЦАМ'),
(61, 's1', 38, 'ПО'),
(61, 's1', 15, 'ПРОДУКЦИИ'),
(61, 's1', 4, 'РЕАЛИЗАЦИИ'),
(62, 's1', 22, 'СКЛАДА'),
(62, 's1', 11, 'ТОПОЛОГИЕЙ'),
(62, 's1', 0, 'УПРАВЛЕНИЕ'),
(63, 's1', 13, 'В'),
(63, 's1', 0, 'РАЗМЕЩЕНИЕ'),
(63, 's1', 11, 'ТОВАРА'),
(63, 's1', 20, 'ЯЧЕЙКЕ'),
(64, 's1', 0, 'НОВАЯ'),
(64, 's1', 6, 'СТРАНИЦА'),
(65, 's1', 0, 'АВТОМАТИЗАЦИЯ'),
(65, 's1', 14, 'АГРЕГАЦИИ'),
(65, 's1', 24, 'КОДОВ'),
(65, 's1', 30, 'НА'),
(65, 's1', 33, 'ФАБРИКАХ'),
(66, 's1', 19, 'ERP'),
(66, 's1', 9, 'ВНЕДРЕНИЕ'),
(66, 's1', 0, 'ЗАПУСК'),
(66, 's1', 7, 'И'),
(67, 's1', 19, 'ERP'),
(67, 's1', 9, 'ВНЕДРЕНИЕ'),
(67, 's1', 0, 'ЗАПУСК'),
(67, 's1', 7, 'И'),
(68, 's1', 0, 'АВТОМАТИЗАЦИЯ'),
(68, 's1', 14, 'АГРЕГАЦИИ'),
(68, 's1', 24, 'КОДОВ'),
(68, 's1', 30, 'НА'),
(68, 's1', 33, 'ФАБРИКАХ'),
(69, 's1', 19, 'ERP'),
(69, 's1', 9, 'ВНЕДРЕНИЕ'),
(69, 's1', 0, 'ЗАПУСК'),
(69, 's1', 7, 'И'),
(70, 's1', 19, 'ERP'),
(70, 's1', 9, 'ВНЕДРЕНИЕ'),
(70, 's1', 0, 'ЗАПУСК'),
(70, 's1', 7, 'И'),
(73, 's1', 5, 'АДРЕСНОГО'),
(73, 's1', 0, 'ВИДЫ'),
(73, 's1', 15, 'ХРАНЕНИЯ'),
(74, 's1', 24, '2'),
(74, 's1', 5, 'АДРЕСНОГО'),
(74, 's1', 0, 'ВИДЫ'),
(74, 's1', 15, 'ХРАНЕНИЯ'),
(75, 's1', 23, 'АДРЕСНОЙ'),
(75, 's1', 74, 'ВЕСОМОЕ'),
(75, 's1', 12, 'ВНЕДРЕННОЙ'),
(75, 's1', 68, 'ИМЕЮТ'),
(75, 's1', 0, 'КОМПАНИИ'),
(75, 's1', 101, 'КОНКУРЕНТАМИ'),
(75, 's1', 95, 'ПЕРЕД'),
(75, 's1', 82, 'ПРЕИМУЩЕСТВО'),
(75, 's1', 10, 'С'),
(75, 's1', 42, 'СИСТЕМОЙ'),
(75, 's1', 32, 'СКЛАДСКОЙ'),
(75, 's1', 60, 'ТОВАРА'),
(75, 's1', 51, 'ХРАНЕНИЯ'),
(76, 's1', 11, 'АДРЕСНЫХ'),
(76, 's1', 0, 'МАРКИРОВКА'),
(76, 's1', 20, 'ЯЧЕЕК'),
(77, 's1', 13, 'ИЗ'),
(77, 's1', 0, 'ОТБОР'),
(77, 's1', 6, 'ТОВАРА'),
(77, 's1', 16, 'ЯЧЕЙК'),
(78, 's1', 33, 'ЗАКАЗА'),
(78, 's1', 20, 'КОМПЛЕКТАЦИИ'),
(78, 's1', 11, 'МАРШРУТА'),
(78, 's1', 0, 'ПОСТРОЕНИЕ'),
(79, 's1', 0, 'ИНВЕНТАРИЗАЦИЯ'),
(79, 's1', 15, 'ПО'),
(79, 's1', 18, 'ЯЧЕЙКАМ'),
(80, 's1', 11, 'ОБОРОТА'),
(80, 's1', 19, 'ПО'),
(80, 's1', 0, 'СТАТИСТИКА'),
(80, 's1', 22, 'ЯЧЕЙКАМ'),
(81, 's1', 0, 'МУЛЬТИЯЧЕЙКА'),
(82, 's1', 0, 'ДЛЯ'),
(82, 's1', 12, 'И'),
(82, 's1', 17, 'ОПТИМИЗАЦИИ'),
(82, 's1', 39, 'ОПТОВЫХ'),
(82, 's1', 29, 'ПРОЦЕССОВ'),
(82, 's1', 47, 'СКЛАДОВ'),
(82, 's1', 4, 'УПРАВЛЕНИЯ'),
(83, 's1', 26, 'ВНУТРИЦЕХОВОГО'),
(83, 's1', 0, 'ДЛЯ'),
(83, 's1', 4, 'ОПТИМИЗАЦИИ'),
(83, 's1', 16, 'ПРОЦЕССОВ'),
(83, 's1', 41, 'УЧЕТА'),
(84, 's1', 0, 'MES'),
(85, 's1', 19, 'МЕТАЛЛА'),
(85, 's1', 11, 'СКЛАДОМ'),
(85, 's1', 0, 'УПРАВЛЕНИЕ'),
(86, 's1', 0, 'ТОИР'),
(87, 's1', 11, 'IT-АКТИВАМИ'),
(87, 's1', 0, 'УПРАВЛЕНИЕ'),
(88, 's1', 9, 'ОГТ'),
(88, 's1', 0, 'ТЕХНОЛОГ'),
(89, 's1', 5, 'И'),
(89, 's1', 5, 'ИНСТРУМЕНТА'),
(89, 's1', 19, 'СПЕЦОСНАСТКИ'),
(89, 's1', 0, 'УЧЕТ'),
(90, 's1', 0, 'АВТОМАТИЗАЦИЯ'),
(90, 's1', 14, 'ОПТОВЫХ'),
(90, 's1', 22, 'СКЛАДОВ'),
(91, 's1', 5, '1'),
(91, 's1', 0, 'КЕЙС');

-- --------------------------------------------------------

--
-- Структура таблицы `b_search_custom_rank`
--

CREATE TABLE `b_search_custom_rank` (
  `ID` int(11) NOT NULL,
  `APPLIED` char(1) COLLATE utf8_unicode_ci NOT NULL DEFAULT 'N',
  `RANK` int(11) NOT NULL DEFAULT '0',
  `SITE_ID` char(2) COLLATE utf8_unicode_ci NOT NULL,
  `MODULE_ID` varchar(200) COLLATE utf8_unicode_ci NOT NULL,
  `PARAM1` text COLLATE utf8_unicode_ci,
  `PARAM2` text COLLATE utf8_unicode_ci,
  `ITEM_ID` varchar(255) COLLATE utf8_unicode_ci DEFAULT NULL
) ENGINE=InnoDB DEFAULT CHARSET=utf8 COLLATE=utf8_unicode_ci;

-- --------------------------------------------------------

--
-- Структура таблицы `b_search_phrase`
--

CREATE TABLE `b_search_phrase` (
  `ID` int(18) NOT NULL,
  `TIMESTAMP_X` datetime NOT NULL,
  `SITE_ID` char(2) COLLATE utf8_unicode_ci NOT NULL,
  `RESULT_COUNT` int(11) NOT NULL,
  `PAGES` int(11) NOT NULL,
  `SESSION_ID` varchar(32) COLLATE utf8_unicode_ci NOT NULL,
  `PHRASE` varchar(250) COLLATE utf8_unicode_ci DEFAULT NULL,
  `TAGS` varchar(250) COLLATE utf8_unicode_ci DEFAULT NULL,
  `URL_TO` text COLLATE utf8_unicode_ci,
  `URL_TO_404` char(1) COLLATE utf8_unicode_ci DEFAULT NULL,
  `URL_TO_SITE_ID` char(2) COLLATE utf8_unicode_ci DEFAULT NULL,
  `STAT_SESS_ID` int(18) DEFAULT NULL,
  `EVENT1` varchar(50) COLLATE utf8_unicode_ci DEFAULT NULL
) ENGINE=InnoDB DEFAULT CHARSET=utf8 COLLATE=utf8_unicode_ci;

-- --------------------------------------------------------

--
-- Структура таблицы `b_search_stem`
--

CREATE TABLE `b_search_stem` (
  `ID` int(11) NOT NULL,
  `STEM` varchar(50) CHARACTER SET utf8 COLLATE utf8_bin NOT NULL
) ENGINE=InnoDB DEFAULT CHARSET=utf8 COLLATE=utf8_unicode_ci;

--
-- Дамп данных таблицы `b_search_stem`
--

INSERT INTO `b_search_stem` (`ID`, `STEM`) VALUES
(10, '00'),
(2, '018'),
(4, '05'),
(12, '06'),
(9, '10'),
(309, '12'),
(322, '139'),
(11, '18'),
(325, '189'),
(83, '1С'),
(120, '40'),
(3, '41'),
(318, '490'),
(1, '495'),
(326, '590'),
(316, '89'),
(317, '900'),
(323, '990'),
(352, 'AD'),
(217, 'ADIPISCING'),
(229, 'ALIQUA'),
(361, 'ALIQUIP'),
(168, 'ALPHA'),
(215, 'AMET'),
(367, 'AUTE'),
(162, 'AUTOLD'),
(364, 'COMMODO'),
(216, 'CONSECTETUR'),
(365, 'CONSEQUAT'),
(93, 'CRM'),
(275, 'CКОРОСТ'),
(135, 'DATAMATRIX'),
(220, 'DO'),
(213, 'DOLOR'),
(227, 'DOLORE'),
(366, 'DUIS'),
(363, 'EA'),
(221, 'EIUSMOD'),
(218, 'ELIT'),
(351, 'ENIM'),
(277, 'ERP'),
(226, 'ET'),
(362, 'EX'),
(357, 'EXERCITATION'),
(127, 'GAZPROM'),
(172, 'HERE'),
(369, 'IN'),
(385, 'INCIDIDUN'),
(223, 'INCIDIDUNT'),
(212, 'IPSUM'),
(368, 'IRURE'),
(14, 'IT'),
(100, 'IT-АКТИВ'),
(225, 'LABORE'),
(359, 'LABORIS'),
(211, 'LOREM'),
(228, 'MAGNA'),
(167, 'MARTECH'),
(96, 'MES'),
(353, 'MINIM'),
(360, 'NISI'),
(356, 'NOSTRUD'),
(163, 'Q9C'),
(355, 'QUIS'),
(370, 'REPREHENDERIT'),
(126, 'ROSTECH'),
(219, 'SED'),
(161, 'SEUIC'),
(129, 'SHEREMET'),
(214, 'SIT'),
(128, 'TEHNO'),
(152, 'TEHNOLOGIES'),
(222, 'TEMPOR'),
(171, 'TEXT'),
(170, 'TITLE'),
(358, 'ULLAMCO'),
(224, 'UT'),
(354, 'VENIAM'),
(176, 'VERTER'),
(147, 'W9NZ6U15YIS'),
(39, 'WMS'),
(151, 'ZEBRA'),
(104, 'АВТОМАТИЗАЦ'),
(206, 'АВТОМАТИЗИРОВА'),
(105, 'АГРЕГАЦ'),
(190, 'АДАПТИРОВА'),
(338, 'АДРЕС'),
(197, 'АДРЕСН'),
(337, 'АДРЕСОВ'),
(85, 'АРМ-'),
(91, 'БАЗ'),
(13, 'БАННЕР'),
(312, 'БЕЗЛИМИТН'),
(320, 'БЕСПЛАТН'),
(150, 'БИЗНЕС'),
(279, 'БИЗНЕС-ПРОЦЕСС'),
(207, 'БОЛЬШ'),
(376, 'БРЕНД'),
(272, 'БЫСТР'),
(298, 'ВАРИАНТ'),
(145, 'ВВОД'),
(239, 'ВЕСОМ'),
(98, 'ВЕСТ'),
(349, 'ВИД'),
(380, 'ВИДЕ'),
(274, 'ВНЕДР'),
(204, 'ВНЕДРЕН'),
(55, 'ВНЕШН'),
(387, 'ВНУТРИЦЕХОВ'),
(199, 'ВОЗВРАТ'),
(194, 'ВОЗМОЖН'),
(292, 'ВОЗНИКЛ'),
(293, 'ВОПРОС'),
(261, 'ВРЕМЕН'),
(110, 'ВСЕГ'),
(49, 'ВСЕГД'),
(288, 'ВСЕХ'),
(54, 'ВЫВОД'),
(254, 'ВЫГОДН'),
(174, 'ВЫСТАВК'),
(339, 'ГЕНЕРАЦ'),
(346, 'ГЕОГРАФ'),
(372, 'ГЛАВН'),
(311, 'ГОД'),
(267, 'ГОДНОСТ'),
(19, 'ГОТОВ'),
(159, 'ГРУПП'),
(46, 'ДАН'),
(307, 'ДЕЙСТВ'),
(58, 'ДИНАМИЧЕСК'),
(6, 'ДНИ'),
(374, 'ДОВЕР'),
(148, 'ДОПОЛНЕН'),
(375, 'ДРУГ'),
(284, 'ЕДИН'),
(164, 'ЗАВЕРШ'),
(78, 'ЗАКАЗ'),
(77, 'ЗАКАЗОВ'),
(244, 'ЗАПИСА'),
(143, 'ЗАПРОС'),
(276, 'ЗАПУСК'),
(73, 'ЗНАК'),
(348, 'ЗНАН'),
(328, 'ЗОН'),
(132, 'ИВЕНТАРИЗАЦ'),
(268, 'ИЗБЕЖАН'),
(242, 'ИЗДЕЛ'),
(238, 'ИМЕЮТ'),
(138, 'ИНВЕНТАРИЗАЦ'),
(27, 'ИНСТРУМЕНТ'),
(165, 'ИНТЕГРАЦ'),
(160, 'ИНТЕГРИРОВА'),
(64, 'ИНТЕРАКТИВН'),
(60, 'ИНФОМАТ'),
(59, 'ИНФОРМАЦ'),
(303, 'ИНФОРМАЦИОН'),
(122, 'ИСКЛЮЧЕН'),
(92, 'КАЖД'),
(196, 'КЕЙС'),
(63, 'КИОСК'),
(62, 'КИОСКОВ'),
(201, 'КЛАДОВ'),
(48, 'КЛАДОВЩИК'),
(153, 'КЛЕВЕРЕНС'),
(107, 'КОД'),
(106, 'КОДОВ'),
(264, 'КОЛИЧЕСТВ'),
(237, 'КОМПАН'),
(80, 'КОМПЛЕКТАЦ'),
(241, 'КОНКУРЕНТ'),
(265, 'КОНТРОЛ'),
(97, 'КОНТРОЛИР'),
(324, 'КОРП'),
(278, 'КРАТЧАЙШ'),
(252, 'КРУПН'),
(319, 'КУП'),
(38, 'ЛЕКАРСТВ'),
(308, 'ЛИЦЕНЗ'),
(22, 'ЛОГИСТИК'),
(191, 'ЛЮБ'),
(271, 'МАРКЕТПЛЕЙС'),
(69, 'МАРКИРОВА'),
(125, 'МАРКИРОВАННЫ'),
(67, 'МАРКИРОВК'),
(233, 'МАРШРУТ'),
(89, 'МАСТЕР'),
(33, 'МАТЕРИАЛ'),
(87, 'МЕЖД'),
(95, 'МЕНЕДЖЕР'),
(291, 'МЕНЬШ'),
(259, 'МЕСТОПОЛОЖЕН'),
(111, 'МЕСЯЦ'),
(310, 'МЕСЯЦЕВ'),
(28, 'МЕТАЛЛ'),
(41, 'МОБИЛЬН'),
(82, 'МОДУЛ'),
(332, 'МОЖЕТ'),
(141, 'МОЖН'),
(56, 'МОНИТОР'),
(52, 'МОНИТОРИНГ'),
(345, 'МОНИТОРНГ'),
(330, 'МУЛЬТИЯЧЕЕК'),
(234, 'МУЛЬТИЯЧЕЙК'),
(112, 'НАМ'),
(333, 'НАХОД'),
(294, 'НАШ'),
(315, 'НЕБОЛЬШ'),
(136, 'НЕОБХОДИМ'),
(158, 'НОВ'),
(381, 'НОВОСТ'),
(186, 'ОБЕСПЕЧЕН'),
(183, 'ОБЛАСТ'),
(146, 'ОБОРОТ'),
(301, 'ОБРАБОТК'),
(175, 'ОБРАЗЦ'),
(26, 'ОБУВ'),
(281, 'ОБУВН'),
(273, 'ОБУЧАЕМ'),
(102, 'ОГТ'),
(25, 'ОДЕЖД'),
(331, 'ОДН'),
(389, 'ОПЕРАТИВН'),
(66, 'ОПЕРАЦ'),
(306, 'ОПТИМАЛЬН'),
(256, 'ОПТИМИЗАЦ'),
(386, 'ОПТОВ'),
(377, 'ОРГАНИЗАЦ'),
(283, 'ОСН'),
(282, 'ОСНОВ'),
(131, 'ОСТАТК'),
(130, 'ОСТАТКОВ'),
(231, 'ОТБОР'),
(81, 'ОТГРУЗК'),
(299, 'ОТПРАВ'),
(65, 'ОТРАЖЕН'),
(287, 'ОТЧЕТН'),
(75, 'ОЧЕРЕД'),
(181, 'ОШИБК'),
(123, 'ОШИБОК'),
(133, 'ПЕРЕД'),
(200, 'ПЕРЕДАЧ'),
(198, 'ПЕРЕМЕЩЕН'),
(302, 'ПЕРСОНАЛЬН'),
(342, 'ПЕЧА'),
(155, 'ПЕЧАТ'),
(37, 'ПИТАН'),
(388, 'ПЛАНИРОВА'),
(94, 'ПЛАНШЕТ'),
(257, 'ПЛЮС'),
(7, 'ПН'),
(248, 'ПОВЫША'),
(305, 'ПОДБЕР'),
(157, 'ПОДДЕРЖК'),
(255, 'ПОДОБН'),
(182, 'ПОДРОБН'),
(47, 'ПОЗВОЛЯ'),
(134, 'ПОЛУЧЕН'),
(116, 'ПОМОЩ'),
(232, 'ПОСТРОЕН'),
(140, 'ПОСЧИТА'),
(270, 'ПОТЕР'),
(156, 'ПОЯВ'),
(251, 'ПРЕДПРИЯТ'),
(240, 'ПРЕИМУЩЕСТВ'),
(249, 'ПРИБЫЛ'),
(117, 'ПРИВЕЛ'),
(119, 'ПРИЕМ'),
(79, 'ПРИЕМК'),
(42, 'ПРИЛОЖЕН'),
(184, 'ПРИМЕНЕН'),
(187, 'ПРИМЕНЯ'),
(169, 'ПРИНТЕР'),
(336, 'ПРИСВОЕН'),
(262, 'ПРОВЕДЕН'),
(137, 'ПРОВЕСТ'),
(246, 'ПРОГРАММ'),
(185, 'ПРОГРАММН'),
(24, 'ПРОДАЖ'),
(36, 'ПРОДУКТ'),
(347, 'ПРОДУКТОВ'),
(29, 'ПРОДУКЦ'),
(114, 'ПРОЕКТ'),
(250, 'ПРОИЗВОДИТЕЛЬН'),
(382, 'ПРОИЗВОДСТ'),
(17, 'ПРОИЗВОДСТВ'),
(23, 'ПРОИЗВОДСТВА1'),
(21, 'ПРОИЗВОДСТВЕН'),
(243, 'ПРОМАРКИРОВА'),
(321, 'ПРОФ'),
(290, 'ПРОЦЕСС'),
(289, 'ПРОЦЕССОВ'),
(8, 'ПТ'),
(124, 'РАБОТ'),
(5, 'РАБОЧ'),
(188, 'РАЗЛИЧН'),
(209, 'РАЗМЕЩЕН'),
(334, 'РАЗН'),
(18, 'РАЗРАБАТЫВА'),
(86, 'РАСПРЕДЕЛЕН'),
(296, 'РАССКАЖЕТ'),
(173, 'РЕАЛИЗАЦ'),
(113, 'РЕАЛИЗОВА'),
(149, 'РЕАЛЬНОСТ'),
(280, 'РЕСУРС'),
(15, 'РЕШЕН'),
(378, 'РОСС'),
(30, 'РТИ'),
(45, 'СБОР'),
(295, 'СВЯЖЕТ'),
(50, 'СВЯЗ'),
(61, 'СЕНСОРН'),
(144, 'СИСТ'),
(53, 'СИСТЕМ'),
(139, 'СКАЛАД'),
(16, 'СКЛАД'),
(335, 'СКЛАДОВ'),
(20, 'СКЛАДСК'),
(379, 'СМОТРЕТ'),
(263, 'СНИЖЕН'),
(344, 'СО'),
(300, 'СОГЛАС'),
(285, 'СОЗДА'),
(260, 'СОКРАЩЕН'),
(304, 'СООБЩЕН'),
(179, 'СОТРУДНИК'),
(178, 'СОТРУДНИКОВ'),
(84, 'СПЕЦИАЛИЗИРОВА'),
(103, 'СПЕЦОСНАСТК'),
(109, 'СРОК'),
(266, 'СРОКОВ'),
(313, 'СТАНДАРТ'),
(371, 'СТАТ'),
(235, 'СТАТИСТИК'),
(57, 'СТАТИСТИЧЕСК'),
(350, 'СТАТИЧЕСК'),
(329, 'СТЕЛЛАЖ'),
(373, 'СТРАНИЦ'),
(32, 'СТРО'),
(193, 'СТРОЙМАТЕРИАЛ'),
(327, 'СТРУКТУР'),
(247, 'СУЩЕСТВЕН'),
(192, 'СФЕР'),
(121, 'ТАКЖ'),
(195, 'ТАРИФ'),
(253, 'ТЕМ'),
(166, 'ТЕРМИН'),
(44, 'ТЕРМИНАЛ'),
(43, 'ТЕРМИНАЛОВ'),
(383, 'ТЕСТ'),
(384, 'ТЕСТ2'),
(101, 'ТЕХНОЛОГ'),
(34, 'ТКАН'),
(70, 'ТОВАР'),
(269, 'ТОВАРН'),
(189, 'ТОВАРОВ'),
(99, 'ТОИР'),
(203, 'ТОПОЛОГ'),
(258, 'ТОЧН'),
(71, 'ТРЕБОВАН'),
(40, 'ТСД'),
(154, 'УЛУЧШЕН'),
(115, 'УНИКАЛЬН'),
(286, 'УНИФИЦИРОВА'),
(76, 'УПРАВЛЕН'),
(390, 'УПРАВЛЯ'),
(177, 'УПРОЩА'),
(118, 'УСКОРЕН'),
(180, 'УСТРАНЯ'),
(68, 'УЧЕТ'),
(245, 'УЧТ'),
(108, 'ФАБРИК'),
(142, 'ФОРМИРОВА'),
(236, 'ФУНКЦ'),
(297, 'ФУНКЦИОНАЛ'),
(35, 'ФУРНИТУР'),
(205, 'ХРАНЕН'),
(51, 'ЦЕНТР'),
(90, 'ЦЕНТРАЛЬН'),
(202, 'ЦЕХ'),
(391, 'ЦИКЛ'),
(208, 'ЧАСТ'),
(72, 'ЧЕСТН'),
(88, 'ШОУРУМ'),
(341, 'ШТРИХКОД'),
(340, 'ШТРИХКОДОВ'),
(74, 'ЭЛЕКТРОН'),
(31, 'ЭЛЕКТРОНИК'),
(343, 'ЭТИКЕТОК'),
(314, 'ЭФФЕКТИВН'),
(230, 'ЯЧЕЕК'),
(210, 'ЯЧЕЙК');

-- --------------------------------------------------------

--
-- Структура таблицы `b_search_suggest`
--

CREATE TABLE `b_search_suggest` (
  `ID` int(11) NOT NULL,
  `SITE_ID` char(2) COLLATE utf8_unicode_ci NOT NULL,
  `FILTER_MD5` varchar(32) COLLATE utf8_unicode_ci NOT NULL,
  `PHRASE` varchar(250) COLLATE utf8_unicode_ci NOT NULL,
  `RATE` float NOT NULL,
  `TIMESTAMP_X` datetime NOT NULL,
  `RESULT_COUNT` int(11) NOT NULL
) ENGINE=InnoDB DEFAULT CHARSET=utf8 COLLATE=utf8_unicode_ci;

-- --------------------------------------------------------

--
-- Структура таблицы `b_search_tags`
--

CREATE TABLE `b_search_tags` (
  `SEARCH_CONTENT_ID` int(11) NOT NULL,
  `SITE_ID` char(2) COLLATE utf8_unicode_ci NOT NULL,
  `NAME` varchar(255) CHARACTER SET utf8 COLLATE utf8_bin NOT NULL
) ENGINE=InnoDB DEFAULT CHARSET=utf8 COLLATE=utf8_unicode_ci DELAY_KEY_WRITE=1;

-- --------------------------------------------------------

--
-- Структура таблицы `b_search_user_right`
--

CREATE TABLE `b_search_user_right` (
  `USER_ID` int(11) NOT NULL,
  `GROUP_CODE` varchar(100) COLLATE utf8_unicode_ci NOT NULL
) ENGINE=InnoDB DEFAULT CHARSET=utf8 COLLATE=utf8_unicode_ci;

-- --------------------------------------------------------

--
-- Структура таблицы `b_security_sitecheck`
--

CREATE TABLE `b_security_sitecheck` (
  `ID` int(11) NOT NULL,
  `TEST_DATE` datetime DEFAULT NULL,
  `RESULTS` longtext COLLATE utf8_unicode_ci
) ENGINE=InnoDB DEFAULT CHARSET=utf8 COLLATE=utf8_unicode_ci;

-- --------------------------------------------------------

--
-- Структура таблицы `b_sec_filter_mask`
--

CREATE TABLE `b_sec_filter_mask` (
  `ID` int(11) NOT NULL,
  `SORT` int(11) NOT NULL DEFAULT '10',
  `SITE_ID` char(2) COLLATE utf8_unicode_ci DEFAULT NULL,
  `FILTER_MASK` varchar(250) COLLATE utf8_unicode_ci DEFAULT NULL,
  `LIKE_MASK` varchar(250) COLLATE utf8_unicode_ci DEFAULT NULL,
  `PREG_MASK` varchar(250) COLLATE utf8_unicode_ci DEFAULT NULL
) ENGINE=InnoDB DEFAULT CHARSET=utf8 COLLATE=utf8_unicode_ci;

-- --------------------------------------------------------

--
-- Структура таблицы `b_sec_frame_mask`
--

CREATE TABLE `b_sec_frame_mask` (
  `ID` int(11) NOT NULL,
  `SORT` int(11) NOT NULL DEFAULT '10',
  `SITE_ID` char(2) COLLATE utf8_unicode_ci DEFAULT NULL,
  `FRAME_MASK` varchar(250) COLLATE utf8_unicode_ci DEFAULT NULL,
  `LIKE_MASK` varchar(250) COLLATE utf8_unicode_ci DEFAULT NULL,
  `PREG_MASK` varchar(250) COLLATE utf8_unicode_ci DEFAULT NULL
) ENGINE=InnoDB DEFAULT CHARSET=utf8 COLLATE=utf8_unicode_ci;

-- --------------------------------------------------------

--
-- Структура таблицы `b_sec_iprule`
--

CREATE TABLE `b_sec_iprule` (
  `ID` int(11) NOT NULL,
  `RULE_TYPE` char(1) COLLATE utf8_unicode_ci NOT NULL DEFAULT 'M',
  `ACTIVE` char(1) COLLATE utf8_unicode_ci NOT NULL DEFAULT 'Y',
  `ADMIN_SECTION` char(1) COLLATE utf8_unicode_ci NOT NULL DEFAULT 'Y',
  `SITE_ID` char(2) COLLATE utf8_unicode_ci DEFAULT NULL,
  `SORT` int(11) NOT NULL DEFAULT '500',
  `ACTIVE_FROM` datetime DEFAULT NULL,
  `ACTIVE_FROM_TIMESTAMP` int(11) DEFAULT NULL,
  `ACTIVE_TO` datetime DEFAULT NULL,
  `ACTIVE_TO_TIMESTAMP` int(11) DEFAULT NULL,
  `NAME` varchar(250) COLLATE utf8_unicode_ci DEFAULT NULL
) ENGINE=InnoDB DEFAULT CHARSET=utf8 COLLATE=utf8_unicode_ci;

-- --------------------------------------------------------

--
-- Структура таблицы `b_sec_iprule_excl_ip`
--

CREATE TABLE `b_sec_iprule_excl_ip` (
  `IPRULE_ID` int(11) NOT NULL,
  `RULE_IP` varchar(50) COLLATE utf8_unicode_ci NOT NULL,
  `SORT` int(11) NOT NULL DEFAULT '500',
  `IP_START` bigint(18) DEFAULT NULL,
  `IP_END` bigint(18) DEFAULT NULL
) ENGINE=InnoDB DEFAULT CHARSET=utf8 COLLATE=utf8_unicode_ci;

-- --------------------------------------------------------

--
-- Структура таблицы `b_sec_iprule_excl_mask`
--

CREATE TABLE `b_sec_iprule_excl_mask` (
  `IPRULE_ID` int(11) NOT NULL,
  `RULE_MASK` varchar(250) COLLATE utf8_unicode_ci NOT NULL,
  `SORT` int(11) NOT NULL DEFAULT '500',
  `LIKE_MASK` varchar(250) COLLATE utf8_unicode_ci DEFAULT NULL,
  `PREG_MASK` varchar(250) COLLATE utf8_unicode_ci DEFAULT NULL
) ENGINE=InnoDB DEFAULT CHARSET=utf8 COLLATE=utf8_unicode_ci;

-- --------------------------------------------------------

--
-- Структура таблицы `b_sec_iprule_incl_ip`
--

CREATE TABLE `b_sec_iprule_incl_ip` (
  `IPRULE_ID` int(11) NOT NULL,
  `RULE_IP` varchar(50) COLLATE utf8_unicode_ci NOT NULL,
  `SORT` int(11) NOT NULL DEFAULT '500',
  `IP_START` bigint(18) DEFAULT NULL,
  `IP_END` bigint(18) DEFAULT NULL
) ENGINE=InnoDB DEFAULT CHARSET=utf8 COLLATE=utf8_unicode_ci;

-- --------------------------------------------------------

--
-- Структура таблицы `b_sec_iprule_incl_mask`
--

CREATE TABLE `b_sec_iprule_incl_mask` (
  `IPRULE_ID` int(11) NOT NULL,
  `RULE_MASK` varchar(250) COLLATE utf8_unicode_ci NOT NULL,
  `SORT` int(11) NOT NULL DEFAULT '500',
  `LIKE_MASK` varchar(250) COLLATE utf8_unicode_ci DEFAULT NULL,
  `PREG_MASK` varchar(250) COLLATE utf8_unicode_ci DEFAULT NULL
) ENGINE=InnoDB DEFAULT CHARSET=utf8 COLLATE=utf8_unicode_ci;

-- --------------------------------------------------------

--
-- Структура таблицы `b_sec_recovery_codes`
--

CREATE TABLE `b_sec_recovery_codes` (
  `ID` int(11) NOT NULL,
  `USER_ID` int(11) NOT NULL,
  `CODE` varchar(255) COLLATE utf8_unicode_ci NOT NULL,
  `USED` varchar(1) COLLATE utf8_unicode_ci NOT NULL DEFAULT 'N',
  `USING_DATE` datetime DEFAULT NULL,
  `USING_IP` varchar(255) COLLATE utf8_unicode_ci DEFAULT NULL
) ENGINE=InnoDB DEFAULT CHARSET=utf8 COLLATE=utf8_unicode_ci;

-- --------------------------------------------------------

--
-- Структура таблицы `b_sec_redirect_url`
--

CREATE TABLE `b_sec_redirect_url` (
  `IS_SYSTEM` char(1) COLLATE utf8_unicode_ci NOT NULL DEFAULT 'Y',
  `SORT` int(11) NOT NULL DEFAULT '500',
  `URL` varchar(250) COLLATE utf8_unicode_ci NOT NULL,
  `PARAMETER_NAME` varchar(250) COLLATE utf8_unicode_ci NOT NULL
) ENGINE=InnoDB DEFAULT CHARSET=utf8 COLLATE=utf8_unicode_ci;

-- --------------------------------------------------------

--
-- Структура таблицы `b_sec_session`
--

CREATE TABLE `b_sec_session` (
  `SESSION_ID` varchar(250) COLLATE utf8_unicode_ci NOT NULL,
  `TIMESTAMP_X` timestamp NOT NULL,
  `SESSION_DATA` longtext COLLATE utf8_unicode_ci
) ENGINE=InnoDB DEFAULT CHARSET=utf8 COLLATE=utf8_unicode_ci;

-- --------------------------------------------------------

--
-- Структура таблицы `b_sec_user`
--

CREATE TABLE `b_sec_user` (
  `USER_ID` int(11) NOT NULL,
  `ACTIVE` char(1) COLLATE utf8_unicode_ci NOT NULL DEFAULT 'N',
  `SECRET` varchar(64) COLLATE utf8_unicode_ci DEFAULT NULL,
  `TYPE` varchar(16) COLLATE utf8_unicode_ci NOT NULL,
  `PARAMS` text COLLATE utf8_unicode_ci,
  `ATTEMPTS` int(18) DEFAULT NULL,
  `INITIAL_DATE` datetime DEFAULT NULL,
  `SKIP_MANDATORY` char(1) COLLATE utf8_unicode_ci NOT NULL DEFAULT 'N',
  `DEACTIVATE_UNTIL` datetime DEFAULT NULL
) ENGINE=InnoDB DEFAULT CHARSET=utf8 COLLATE=utf8_unicode_ci;

-- --------------------------------------------------------

--
-- Структура таблицы `b_sec_virus`
--

CREATE TABLE `b_sec_virus` (
  `ID` varchar(32) COLLATE utf8_unicode_ci NOT NULL,
  `TIMESTAMP_X` datetime NOT NULL,
  `SITE_ID` char(2) COLLATE utf8_unicode_ci DEFAULT NULL,
  `SENT` char(1) COLLATE utf8_unicode_ci NOT NULL DEFAULT 'N',
  `INFO` longtext COLLATE utf8_unicode_ci NOT NULL
) ENGINE=InnoDB DEFAULT CHARSET=utf8 COLLATE=utf8_unicode_ci;

-- --------------------------------------------------------

--
-- Структура таблицы `b_sec_white_list`
--

CREATE TABLE `b_sec_white_list` (
  `ID` int(11) NOT NULL,
  `WHITE_SUBSTR` varchar(250) COLLATE utf8_unicode_ci NOT NULL
) ENGINE=InnoDB DEFAULT CHARSET=utf8 COLLATE=utf8_unicode_ci;

-- --------------------------------------------------------

--
-- Структура таблицы `b_seo_adv_autolog`
--

CREATE TABLE `b_seo_adv_autolog` (
  `ID` int(11) NOT NULL,
  `ENGINE_ID` int(11) NOT NULL,
  `TIMESTAMP_X` timestamp NOT NULL,
  `CAMPAIGN_ID` int(11) NOT NULL,
  `CAMPAIGN_XML_ID` varchar(255) COLLATE utf8_unicode_ci NOT NULL,
  `BANNER_ID` int(11) NOT NULL,
  `BANNER_XML_ID` varchar(255) COLLATE utf8_unicode_ci NOT NULL,
  `CAUSE_CODE` int(11) DEFAULT '0',
  `SUCCESS` char(1) COLLATE utf8_unicode_ci DEFAULT 'Y'
) ENGINE=InnoDB DEFAULT CHARSET=utf8 COLLATE=utf8_unicode_ci;

-- --------------------------------------------------------

--
-- Структура таблицы `b_seo_adv_banner`
--

CREATE TABLE `b_seo_adv_banner` (
  `ID` int(11) NOT NULL,
  `ENGINE_ID` int(11) NOT NULL,
  `OWNER_ID` varchar(255) COLLATE utf8_unicode_ci NOT NULL,
  `OWNER_NAME` varchar(255) COLLATE utf8_unicode_ci NOT NULL,
  `ACTIVE` char(1) COLLATE utf8_unicode_ci DEFAULT 'Y',
  `XML_ID` varchar(255) COLLATE utf8_unicode_ci NOT NULL,
  `LAST_UPDATE` timestamp NULL DEFAULT NULL,
  `NAME` varchar(255) COLLATE utf8_unicode_ci NOT NULL,
  `SETTINGS` mediumtext COLLATE utf8_unicode_ci,
  `CAMPAIGN_ID` int(11) NOT NULL,
  `GROUP_ID` int(11) DEFAULT NULL,
  `AUTO_QUANTITY_OFF` char(1) COLLATE utf8_unicode_ci DEFAULT 'N',
  `AUTO_QUANTITY_ON` char(1) COLLATE utf8_unicode_ci DEFAULT 'N'
) ENGINE=InnoDB DEFAULT CHARSET=utf8 COLLATE=utf8_unicode_ci;

-- --------------------------------------------------------

--
-- Структура таблицы `b_seo_adv_campaign`
--

CREATE TABLE `b_seo_adv_campaign` (
  `ID` int(11) NOT NULL,
  `ENGINE_ID` int(11) NOT NULL,
  `ACTIVE` char(1) COLLATE utf8_unicode_ci NOT NULL DEFAULT 'Y',
  `OWNER_ID` varchar(255) COLLATE utf8_unicode_ci NOT NULL,
  `OWNER_NAME` varchar(255) COLLATE utf8_unicode_ci NOT NULL,
  `XML_ID` varchar(255) COLLATE utf8_unicode_ci NOT NULL,
  `NAME` varchar(255) COLLATE utf8_unicode_ci NOT NULL,
  `LAST_UPDATE` timestamp NULL DEFAULT NULL,
  `SETTINGS` mediumtext COLLATE utf8_unicode_ci
) ENGINE=InnoDB DEFAULT CHARSET=utf8 COLLATE=utf8_unicode_ci;

-- --------------------------------------------------------

--
-- Структура таблицы `b_seo_adv_group`
--

CREATE TABLE `b_seo_adv_group` (
  `ID` int(11) NOT NULL,
  `ENGINE_ID` int(11) NOT NULL,
  `OWNER_ID` varchar(255) COLLATE utf8_unicode_ci NOT NULL,
  `OWNER_NAME` varchar(255) COLLATE utf8_unicode_ci NOT NULL,
  `ACTIVE` char(1) COLLATE utf8_unicode_ci DEFAULT 'Y',
  `XML_ID` varchar(255) COLLATE utf8_unicode_ci NOT NULL,
  `LAST_UPDATE` timestamp NULL DEFAULT NULL,
  `NAME` varchar(255) COLLATE utf8_unicode_ci NOT NULL,
  `SETTINGS` text COLLATE utf8_unicode_ci,
  `CAMPAIGN_ID` int(11) NOT NULL
) ENGINE=InnoDB DEFAULT CHARSET=utf8 COLLATE=utf8_unicode_ci;

-- --------------------------------------------------------

--
-- Структура таблицы `b_seo_adv_link`
--

CREATE TABLE `b_seo_adv_link` (
  `LINK_TYPE` char(1) COLLATE utf8_unicode_ci NOT NULL,
  `LINK_ID` int(18) NOT NULL,
  `BANNER_ID` int(11) NOT NULL
) ENGINE=InnoDB DEFAULT CHARSET=utf8 COLLATE=utf8_unicode_ci;

-- --------------------------------------------------------

--
-- Структура таблицы `b_seo_adv_log`
--

CREATE TABLE `b_seo_adv_log` (
  `ID` int(11) NOT NULL,
  `ENGINE_ID` int(11) NOT NULL,
  `TIMESTAMP_X` timestamp NOT NULL,
  `REQUEST_URI` varchar(100) COLLATE utf8_unicode_ci NOT NULL,
  `REQUEST_DATA` text COLLATE utf8_unicode_ci,
  `RESPONSE_TIME` float NOT NULL,
  `RESPONSE_STATUS` int(5) DEFAULT NULL,
  `RESPONSE_DATA` text COLLATE utf8_unicode_ci
) ENGINE=InnoDB DEFAULT CHARSET=utf8 COLLATE=utf8_unicode_ci;

-- --------------------------------------------------------

--
-- Структура таблицы `b_seo_adv_order`
--

CREATE TABLE `b_seo_adv_order` (
  `ID` int(11) NOT NULL,
  `ENGINE_ID` int(11) NOT NULL,
  `TIMESTAMP_X` timestamp NOT NULL,
  `CAMPAIGN_ID` int(11) NOT NULL,
  `BANNER_ID` int(11) NOT NULL,
  `ORDER_ID` int(11) NOT NULL,
  `SUM` float DEFAULT '0',
  `PROCESSED` char(1) COLLATE utf8_unicode_ci DEFAULT 'N'
) ENGINE=InnoDB DEFAULT CHARSET=utf8 COLLATE=utf8_unicode_ci;

-- --------------------------------------------------------

--
-- Структура таблицы `b_seo_adv_region`
--

CREATE TABLE `b_seo_adv_region` (
  `ID` int(11) NOT NULL,
  `ENGINE_ID` int(11) NOT NULL,
  `OWNER_ID` varchar(255) COLLATE utf8_unicode_ci NOT NULL,
  `OWNER_NAME` varchar(255) COLLATE utf8_unicode_ci NOT NULL,
  `ACTIVE` char(1) COLLATE utf8_unicode_ci DEFAULT 'Y',
  `XML_ID` varchar(255) COLLATE utf8_unicode_ci NOT NULL,
  `LAST_UPDATE` timestamp NULL DEFAULT NULL,
  `NAME` varchar(255) COLLATE utf8_unicode_ci NOT NULL,
  `SETTINGS` text COLLATE utf8_unicode_ci,
  `PARENT_ID` int(11) NOT NULL
) ENGINE=InnoDB DEFAULT CHARSET=utf8 COLLATE=utf8_unicode_ci;

-- --------------------------------------------------------

--
-- Структура таблицы `b_seo_keywords`
--

CREATE TABLE `b_seo_keywords` (
  `ID` int(11) NOT NULL,
  `SITE_ID` char(2) COLLATE utf8_unicode_ci NOT NULL,
  `URL` varchar(255) COLLATE utf8_unicode_ci DEFAULT NULL,
  `KEYWORDS` text COLLATE utf8_unicode_ci
) ENGINE=InnoDB DEFAULT CHARSET=utf8 COLLATE=utf8_unicode_ci;

-- --------------------------------------------------------

--
-- Структура таблицы `b_seo_search_engine`
--

CREATE TABLE `b_seo_search_engine` (
  `ID` int(11) NOT NULL,
  `CODE` varchar(50) COLLATE utf8_unicode_ci NOT NULL,
  `ACTIVE` char(1) COLLATE utf8_unicode_ci DEFAULT 'Y',
  `SORT` int(5) DEFAULT '100',
  `NAME` varchar(255) COLLATE utf8_unicode_ci NOT NULL,
  `CLIENT_ID` varchar(255) COLLATE utf8_unicode_ci DEFAULT NULL,
  `CLIENT_SECRET` varchar(255) COLLATE utf8_unicode_ci DEFAULT NULL,
  `REDIRECT_URI` varchar(255) COLLATE utf8_unicode_ci DEFAULT NULL,
  `SETTINGS` text COLLATE utf8_unicode_ci
) ENGINE=InnoDB DEFAULT CHARSET=utf8 COLLATE=utf8_unicode_ci;

--
-- Дамп данных таблицы `b_seo_search_engine`
--

INSERT INTO `b_seo_search_engine` (`ID`, `CODE`, `ACTIVE`, `SORT`, `NAME`, `CLIENT_ID`, `CLIENT_SECRET`, `REDIRECT_URI`, `SETTINGS`) VALUES
(1, 'google', 'Y', 200, 'Google', '868942902147-qrrd6ce1ajfkpse8ieq4gkpdeanvtnno.apps.googleusercontent.com', 'EItMlJpZLC2WRPKB6QsA5bV9', 'urn:ietf:wg:oauth:2.0:oob', NULL),
(2, 'yandex', 'Y', 300, 'Yandex', 'f848c7bfc1d34a94ba6d05439f81bbd7', 'da0e73b2d9cc4e809f3170e49cb9df01', 'https://oauth.yandex.ru/verification_code', NULL),
(3, 'yandex_direct', 'Y', 400, 'Yandex.Direct', '', '', 'https://oauth.yandex.ru/verification_code', NULL);

-- --------------------------------------------------------

--
-- Структура таблицы `b_seo_service_log`
--

CREATE TABLE `b_seo_service_log` (
  `ID` int(11) NOT NULL,
  `DATE_INSERT` datetime NOT NULL,
  `TYPE` varchar(20) COLLATE utf8_unicode_ci NOT NULL,
  `CODE` varchar(20) COLLATE utf8_unicode_ci DEFAULT NULL,
  `MESSAGE` varchar(1000) COLLATE utf8_unicode_ci NOT NULL,
  `GROUP_ID` varchar(20) COLLATE utf8_unicode_ci NOT NULL
) ENGINE=InnoDB DEFAULT CHARSET=utf8 COLLATE=utf8_unicode_ci;

-- --------------------------------------------------------

--
-- Структура таблицы `b_seo_service_queue`
--

CREATE TABLE `b_seo_service_queue` (
  `ID` int(11) NOT NULL,
  `TYPE` varchar(20) COLLATE utf8_unicode_ci NOT NULL,
  `SERVICE_TYPE` varchar(20) COLLATE utf8_unicode_ci NOT NULL,
  `CLIENT_ID` int(11) NOT NULL,
  `SORT` int(11) NOT NULL DEFAULT '100'
) ENGINE=InnoDB DEFAULT CHARSET=utf8 COLLATE=utf8_unicode_ci;

-- --------------------------------------------------------

--
-- Структура таблицы `b_seo_service_rtg_queue`
--

CREATE TABLE `b_seo_service_rtg_queue` (
  `ID` int(11) NOT NULL,
  `DATE_INSERT` datetime DEFAULT NULL,
  `TYPE` varchar(20) COLLATE utf8_unicode_ci NOT NULL,
  `CLIENT_ID` varchar(50) COLLATE utf8_unicode_ci DEFAULT NULL,
  `ACCOUNT_ID` varchar(50) COLLATE utf8_unicode_ci DEFAULT NULL,
  `AUDIENCE_ID` varchar(50) COLLATE utf8_unicode_ci NOT NULL,
  `PARENT_ID` varchar(100) COLLATE utf8_unicode_ci DEFAULT NULL,
  `CONTACT_TYPE` varchar(15) COLLATE utf8_unicode_ci NOT NULL,
  `VALUE` varchar(255) COLLATE utf8_unicode_ci NOT NULL,
  `ACTION` char(3) COLLATE utf8_unicode_ci NOT NULL,
  `DATE_AUTO_REMOVE` datetime DEFAULT NULL
) ENGINE=InnoDB DEFAULT CHARSET=utf8 COLLATE=utf8_unicode_ci;

-- --------------------------------------------------------

--
-- Структура таблицы `b_seo_service_subscription`
--

CREATE TABLE `b_seo_service_subscription` (
  `ID` int(11) NOT NULL,
  `DATE_INSERT` datetime DEFAULT NULL,
  `TYPE` varchar(20) COLLATE utf8_unicode_ci NOT NULL,
  `GROUP_ID` varchar(50) COLLATE utf8_unicode_ci NOT NULL,
  `CALLBACK_SERVER_ID` varchar(50) COLLATE utf8_unicode_ci DEFAULT NULL,
  `HAS_AUTH` char(1) COLLATE utf8_unicode_ci NOT NULL DEFAULT 'N'
) ENGINE=InnoDB DEFAULT CHARSET=utf8 COLLATE=utf8_unicode_ci;

-- --------------------------------------------------------

--
-- Структура таблицы `b_seo_service_webhook`
--

CREATE TABLE `b_seo_service_webhook` (
  `ID` int(11) NOT NULL,
  `DATE_INSERT` datetime DEFAULT NULL,
  `TYPE` varchar(20) COLLATE utf8_unicode_ci NOT NULL,
  `EXTERNAL_ID` varchar(50) COLLATE utf8_unicode_ci NOT NULL,
  `SECURITY_CODE` varchar(32) COLLATE utf8_unicode_ci NOT NULL
) ENGINE=InnoDB DEFAULT CHARSET=utf8 COLLATE=utf8_unicode_ci;

-- --------------------------------------------------------

--
-- Структура таблицы `b_seo_sitemap`
--

CREATE TABLE `b_seo_sitemap` (
  `ID` int(11) NOT NULL,
  `TIMESTAMP_X` timestamp NULL DEFAULT NULL,
  `SITE_ID` char(2) COLLATE utf8_unicode_ci NOT NULL,
  `ACTIVE` char(1) COLLATE utf8_unicode_ci DEFAULT 'Y',
  `NAME` varchar(255) COLLATE utf8_unicode_ci DEFAULT '',
  `DATE_RUN` datetime DEFAULT NULL,
  `SETTINGS` longtext COLLATE utf8_unicode_ci
) ENGINE=InnoDB DEFAULT CHARSET=utf8 COLLATE=utf8_unicode_ci;

-- --------------------------------------------------------

--
-- Структура таблицы `b_seo_sitemap_entity`
--

CREATE TABLE `b_seo_sitemap_entity` (
  `ID` int(11) NOT NULL,
  `ENTITY_TYPE` varchar(255) COLLATE utf8_unicode_ci NOT NULL,
  `ENTITY_ID` int(11) NOT NULL,
  `SITEMAP_ID` int(11) NOT NULL
) ENGINE=InnoDB DEFAULT CHARSET=utf8 COLLATE=utf8_unicode_ci;

-- --------------------------------------------------------

--
-- Структура таблицы `b_seo_sitemap_iblock`
--

CREATE TABLE `b_seo_sitemap_iblock` (
  `ID` int(11) NOT NULL,
  `IBLOCK_ID` int(11) NOT NULL,
  `SITEMAP_ID` int(11) NOT NULL
) ENGINE=InnoDB DEFAULT CHARSET=utf8 COLLATE=utf8_unicode_ci;

-- --------------------------------------------------------

--
-- Структура таблицы `b_seo_sitemap_runtime`
--

CREATE TABLE `b_seo_sitemap_runtime` (
  `ID` int(11) NOT NULL,
  `PID` int(11) NOT NULL,
  `PROCESSED` char(1) COLLATE utf8_unicode_ci NOT NULL DEFAULT 'N',
  `ITEM_PATH` varchar(700) COLLATE utf8_unicode_ci DEFAULT NULL,
  `ITEM_ID` int(11) DEFAULT NULL,
  `ITEM_TYPE` char(1) COLLATE utf8_unicode_ci NOT NULL DEFAULT 'D',
  `ACTIVE` char(1) COLLATE utf8_unicode_ci DEFAULT 'Y',
  `ACTIVE_ELEMENT` char(1) COLLATE utf8_unicode_ci DEFAULT 'Y'
) ENGINE=InnoDB DEFAULT CHARSET=utf8 COLLATE=utf8_unicode_ci;

-- --------------------------------------------------------

--
-- Структура таблицы `b_seo_yandex_direct_stat`
--

CREATE TABLE `b_seo_yandex_direct_stat` (
  `ID` int(18) NOT NULL,
  `CAMPAIGN_ID` int(11) NOT NULL,
  `BANNER_ID` int(11) NOT NULL,
  `DATE_DAY` date NOT NULL,
  `CURRENCY` char(3) COLLATE utf8_unicode_ci DEFAULT NULL,
  `SUM` float DEFAULT '0',
  `SUM_SEARCH` float DEFAULT '0',
  `SUM_CONTEXT` float DEFAULT '0',
  `CLICKS` int(7) DEFAULT '0',
  `CLICKS_SEARCH` int(7) DEFAULT '0',
  `CLICKS_CONTEXT` int(7) DEFAULT '0',
  `SHOWS` int(7) DEFAULT '0',
  `SHOWS_SEARCH` int(7) DEFAULT '0',
  `SHOWS_CONTEXT` int(7) DEFAULT '0'
) ENGINE=InnoDB DEFAULT CHARSET=utf8 COLLATE=utf8_unicode_ci;

-- --------------------------------------------------------

--
-- Структура таблицы `b_short_uri`
--

CREATE TABLE `b_short_uri` (
  `ID` int(11) NOT NULL,
  `URI` varchar(2000) COLLATE utf8_unicode_ci NOT NULL,
  `URI_CRC` int(11) NOT NULL,
  `SHORT_URI` varbinary(250) NOT NULL,
  `SHORT_URI_CRC` int(11) NOT NULL,
  `STATUS` int(11) NOT NULL DEFAULT '301',
  `MODIFIED` datetime NOT NULL,
  `LAST_USED` datetime DEFAULT NULL,
  `NUMBER_USED` int(11) NOT NULL DEFAULT '0'
) ENGINE=InnoDB DEFAULT CHARSET=utf8 COLLATE=utf8_unicode_ci;

-- --------------------------------------------------------

--
-- Структура таблицы `b_site_template`
--

CREATE TABLE `b_site_template` (
  `ID` int(11) NOT NULL,
  `SITE_ID` char(2) COLLATE utf8_unicode_ci NOT NULL,
  `CONDITION` varchar(255) COLLATE utf8_unicode_ci DEFAULT NULL,
  `SORT` int(11) NOT NULL DEFAULT '500',
  `TEMPLATE` varchar(255) COLLATE utf8_unicode_ci NOT NULL
) ENGINE=InnoDB DEFAULT CHARSET=utf8 COLLATE=utf8_unicode_ci;

--
-- Дамп данных таблицы `b_site_template`
--

INSERT INTO `b_site_template` (`ID`, `SITE_ID`, `CONDITION`, `SORT`, `TEMPLATE`) VALUES
(2, 's1', '', 150, 'verter');

-- --------------------------------------------------------

--
-- Структура таблицы `b_smile`
--

CREATE TABLE `b_smile` (
  `ID` int(11) NOT NULL,
  `TYPE` char(1) COLLATE utf8_unicode_ci NOT NULL DEFAULT 'S',
  `SET_ID` int(11) NOT NULL DEFAULT '0',
  `SORT` int(11) NOT NULL DEFAULT '150',
  `TYPING` varchar(100) COLLATE utf8_unicode_ci DEFAULT NULL,
  `CLICKABLE` char(1) COLLATE utf8_unicode_ci NOT NULL DEFAULT 'Y',
  `HIDDEN` char(1) COLLATE utf8_unicode_ci NOT NULL DEFAULT 'N',
  `IMAGE` varchar(255) COLLATE utf8_unicode_ci NOT NULL,
  `IMAGE_DEFINITION` varchar(10) COLLATE utf8_unicode_ci NOT NULL DEFAULT 'SD',
  `IMAGE_WIDTH` int(11) NOT NULL DEFAULT '0',
  `IMAGE_HEIGHT` int(11) NOT NULL DEFAULT '0'
) ENGINE=InnoDB DEFAULT CHARSET=utf8 COLLATE=utf8_unicode_ci;

--
-- Дамп данных таблицы `b_smile`
--

INSERT INTO `b_smile` (`ID`, `TYPE`, `SET_ID`, `SORT`, `TYPING`, `CLICKABLE`, `HIDDEN`, `IMAGE`, `IMAGE_DEFINITION`, `IMAGE_WIDTH`, `IMAGE_HEIGHT`) VALUES
(1, 'S', 2, 100, ':) :-)', 'Y', 'N', 'bx_smile_smile.png', 'UHD', 20, 20),
(2, 'S', 2, 105, ';) ;-)', 'Y', 'N', 'bx_smile_wink.png', 'UHD', 20, 20),
(3, 'S', 2, 110, ':D :-D', 'Y', 'N', 'bx_smile_biggrin.png', 'UHD', 20, 20),
(4, 'S', 2, 115, '8-)', 'Y', 'N', 'bx_smile_cool.png', 'UHD', 20, 20),
(5, 'S', 2, 120, ':facepalm:', 'Y', 'N', 'bx_smile_facepalm.png', 'UHD', 20, 20),
(6, 'S', 2, 125, ':{} :-{}', 'Y', 'N', 'bx_smile_kiss.png', 'UHD', 20, 20),
(7, 'S', 2, 130, ':( :-(', 'Y', 'N', 'bx_smile_sad.png', 'UHD', 20, 20),
(8, 'S', 2, 135, ':| :-|', 'Y', 'N', 'bx_smile_neutral.png', 'UHD', 20, 20),
(9, 'S', 2, 140, ':oops:', 'Y', 'N', 'bx_smile_redface.png', 'UHD', 20, 20),
(10, 'S', 2, 145, ':cry: :~(', 'Y', 'N', 'bx_smile_cry.png', 'UHD', 20, 20),
(11, 'S', 2, 150, ':evil: >:-<', 'Y', 'N', 'bx_smile_evil.png', 'UHD', 20, 20),
(12, 'S', 2, 155, ':o :-o :shock:', 'Y', 'N', 'bx_smile_eek.png', 'UHD', 20, 20),
(13, 'S', 2, 160, ':/ :-/', 'Y', 'N', 'bx_smile_confuse.png', 'UHD', 20, 20),
(14, 'S', 2, 165, ':idea:', 'Y', 'N', 'bx_smile_idea.png', 'UHD', 20, 20),
(15, 'S', 2, 170, ':?:', 'Y', 'N', 'bx_smile_question.png', 'UHD', 20, 20),
(16, 'S', 2, 175, ':!:', 'Y', 'N', 'bx_smile_exclaim.png', 'UHD', 20, 20),
(17, 'S', 2, 180, ':like:', 'Y', 'N', 'bx_smile_like.png', 'UHD', 20, 20),
(18, 'I', 2, 175, 'ICON_NOTE', 'Y', 'N', 'bx_icon_1.gif', 'SD', 15, 15),
(19, 'I', 2, 180, 'ICON_DIRRECTION', 'Y', 'N', 'bx_icon_2.gif', 'SD', 15, 15),
(20, 'I', 2, 185, 'ICON_IDEA', 'Y', 'N', 'bx_icon_3.gif', 'SD', 15, 15),
(21, 'I', 2, 190, 'ICON_ATTANSION', 'Y', 'N', 'bx_icon_4.gif', 'SD', 15, 15),
(22, 'I', 2, 195, 'ICON_QUESTION', 'Y', 'N', 'bx_icon_5.gif', 'SD', 15, 15),
(23, 'I', 2, 200, 'ICON_BAD', 'Y', 'N', 'bx_icon_6.gif', 'SD', 15, 15),
(24, 'I', 2, 205, 'ICON_GOOD', 'Y', 'N', 'bx_icon_7.gif', 'SD', 15, 15);

-- --------------------------------------------------------

--
-- Структура таблицы `b_smile_lang`
--

CREATE TABLE `b_smile_lang` (
  `ID` int(11) NOT NULL,
  `TYPE` char(1) COLLATE utf8_unicode_ci NOT NULL DEFAULT 'S',
  `SID` int(11) NOT NULL,
  `LID` char(2) COLLATE utf8_unicode_ci NOT NULL,
  `NAME` varchar(255) COLLATE utf8_unicode_ci NOT NULL
) ENGINE=InnoDB DEFAULT CHARSET=utf8 COLLATE=utf8_unicode_ci;

--
-- Дамп данных таблицы `b_smile_lang`
--

INSERT INTO `b_smile_lang` (`ID`, `TYPE`, `SID`, `LID`, `NAME`) VALUES
(1, 'P', 1, 'ru', 'Стандартная галерея'),
(2, 'P', 1, 'en', 'Standard gallery'),
(3, 'G', 2, 'ru', 'Основной набор'),
(4, 'G', 2, 'en', 'Default pack'),
(5, 'S', 1, 'ru', 'С улыбкой'),
(6, 'S', 1, 'en', 'Smile'),
(7, 'S', 2, 'ru', 'Шутливо'),
(8, 'S', 2, 'en', 'Wink'),
(9, 'S', 3, 'ru', 'Широкая улыбка'),
(10, 'S', 3, 'en', 'Big grin'),
(11, 'S', 4, 'ru', 'Здорово'),
(12, 'S', 4, 'en', 'Cool'),
(13, 'S', 5, 'ru', 'Разочарование'),
(14, 'S', 5, 'en', 'Facepalm'),
(15, 'S', 6, 'ru', 'Поцелуй'),
(16, 'S', 6, 'en', 'Kiss'),
(17, 'S', 7, 'ru', 'Печально'),
(18, 'S', 7, 'en', 'Sad'),
(19, 'S', 8, 'ru', 'Скептически'),
(20, 'S', 8, 'en', 'Skeptic'),
(21, 'S', 9, 'ru', 'Смущенный'),
(22, 'S', 9, 'en', 'Embarrassed'),
(23, 'S', 10, 'ru', 'Очень грустно'),
(24, 'S', 10, 'en', 'Crying'),
(25, 'S', 11, 'ru', 'Со злостью'),
(26, 'S', 11, 'en', 'Angry'),
(27, 'S', 12, 'ru', 'Удивленно'),
(28, 'S', 12, 'en', 'Surprised'),
(29, 'S', 13, 'ru', 'Смущенно'),
(30, 'S', 13, 'en', 'Confused'),
(31, 'S', 14, 'ru', 'Идея'),
(32, 'S', 14, 'en', 'Idea'),
(33, 'S', 15, 'ru', 'Вопрос'),
(34, 'S', 15, 'en', 'Question'),
(35, 'S', 16, 'ru', 'Восклицание'),
(36, 'S', 16, 'en', 'Exclamation'),
(37, 'S', 17, 'ru', 'Нравится'),
(38, 'S', 17, 'en', 'Like');

-- --------------------------------------------------------

--
-- Структура таблицы `b_smile_set`
--

CREATE TABLE `b_smile_set` (
  `ID` int(11) NOT NULL,
  `TYPE` char(1) COLLATE utf8_unicode_ci NOT NULL DEFAULT 'G',
  `PARENT_ID` int(11) NOT NULL DEFAULT '0',
  `STRING_ID` varchar(255) COLLATE utf8_unicode_ci DEFAULT NULL,
  `SORT` int(11) NOT NULL DEFAULT '150'
) ENGINE=InnoDB DEFAULT CHARSET=utf8 COLLATE=utf8_unicode_ci;

--
-- Дамп данных таблицы `b_smile_set`
--

INSERT INTO `b_smile_set` (`ID`, `TYPE`, `PARENT_ID`, `STRING_ID`, `SORT`) VALUES
(1, 'P', 0, 'bitrix', 150),
(2, 'G', 1, 'bitrix_main', 150);

-- --------------------------------------------------------

--
-- Структура таблицы `b_sms_template`
--

CREATE TABLE `b_sms_template` (
  `ID` int(11) NOT NULL,
  `EVENT_NAME` varchar(255) COLLATE utf8_unicode_ci NOT NULL,
  `ACTIVE` char(1) COLLATE utf8_unicode_ci NOT NULL DEFAULT 'Y',
  `SENDER` varchar(50) COLLATE utf8_unicode_ci DEFAULT NULL,
  `RECEIVER` varchar(50) COLLATE utf8_unicode_ci DEFAULT NULL,
  `MESSAGE` text COLLATE utf8_unicode_ci,
  `LANGUAGE_ID` char(2) COLLATE utf8_unicode_ci DEFAULT NULL
) ENGINE=InnoDB DEFAULT CHARSET=utf8 COLLATE=utf8_unicode_ci;

--
-- Дамп данных таблицы `b_sms_template`
--

INSERT INTO `b_sms_template` (`ID`, `EVENT_NAME`, `ACTIVE`, `SENDER`, `RECEIVER`, `MESSAGE`, `LANGUAGE_ID`) VALUES
(1, 'SMS_USER_CONFIRM_NUMBER', 'Y', '#DEFAULT_SENDER#', '#USER_PHONE#', 'Код подтверждения #CODE#', NULL),
(2, 'SMS_USER_RESTORE_PASSWORD', 'Y', '#DEFAULT_SENDER#', '#USER_PHONE#', 'Код для восстановления пароля #CODE#', NULL),
(3, 'SMS_EVENT_LOG_NOTIFICATION', 'Y', '#DEFAULT_SENDER#', '#PHONE_NUMBER#', '#NAME#: #ADDITIONAL_TEXT# (событий: #EVENT_COUNT#)', NULL);

-- --------------------------------------------------------

--
-- Структура таблицы `b_sms_template_site`
--

CREATE TABLE `b_sms_template_site` (
  `TEMPLATE_ID` int(11) NOT NULL,
  `SITE_ID` char(2) COLLATE utf8_unicode_ci NOT NULL
) ENGINE=InnoDB DEFAULT CHARSET=utf8 COLLATE=utf8_unicode_ci;

--
-- Дамп данных таблицы `b_sms_template_site`
--

INSERT INTO `b_sms_template_site` (`TEMPLATE_ID`, `SITE_ID`) VALUES
(1, 's1'),
(2, 's1'),
(3, 's1');

-- --------------------------------------------------------

--
-- Структура таблицы `b_sm_version_history`
--

CREATE TABLE `b_sm_version_history` (
  `ID` int(11) NOT NULL,
  `DATE_INSERT` datetime DEFAULT NULL,
  `VERSIONS` text COLLATE utf8_unicode_ci
) ENGINE=InnoDB DEFAULT CHARSET=utf8 COLLATE=utf8_unicode_ci;

-- --------------------------------------------------------

--
-- Структура таблицы `b_socialservices_ap`
--

CREATE TABLE `b_socialservices_ap` (
  `ID` int(11) NOT NULL,
  `TIMESTAMP_X` timestamp NULL DEFAULT CURRENT_TIMESTAMP,
  `USER_ID` int(11) NOT NULL,
  `DOMAIN` varchar(255) COLLATE utf8_unicode_ci NOT NULL,
  `ENDPOINT` varchar(255) COLLATE utf8_unicode_ci DEFAULT NULL,
  `LOGIN` varchar(50) COLLATE utf8_unicode_ci DEFAULT NULL,
  `PASSWORD` varchar(50) COLLATE utf8_unicode_ci DEFAULT NULL,
  `LAST_AUTHORIZE` datetime DEFAULT NULL,
  `SETTINGS` varchar(1000) COLLATE utf8_unicode_ci DEFAULT NULL
) ENGINE=InnoDB DEFAULT CHARSET=utf8 COLLATE=utf8_unicode_ci;

-- --------------------------------------------------------

--
-- Структура таблицы `b_socialservices_contact`
--

CREATE TABLE `b_socialservices_contact` (
  `ID` int(11) NOT NULL,
  `TIMESTAMP_X` timestamp NULL DEFAULT CURRENT_TIMESTAMP,
  `USER_ID` int(11) NOT NULL,
  `CONTACT_USER_ID` int(11) DEFAULT NULL,
  `CONTACT_XML_ID` int(11) DEFAULT NULL,
  `CONTACT_NAME` varchar(255) COLLATE utf8_unicode_ci DEFAULT NULL,
  `CONTACT_LAST_NAME` varchar(255) COLLATE utf8_unicode_ci DEFAULT NULL,
  `CONTACT_PHOTO` varchar(255) COLLATE utf8_unicode_ci DEFAULT NULL,
  `LAST_AUTHORIZE` datetime DEFAULT NULL,
  `NOTIFY` char(1) COLLATE utf8_unicode_ci DEFAULT 'N'
) ENGINE=InnoDB DEFAULT CHARSET=utf8 COLLATE=utf8_unicode_ci;

-- --------------------------------------------------------

--
-- Структура таблицы `b_socialservices_contact_connect`
--

CREATE TABLE `b_socialservices_contact_connect` (
  `ID` int(11) NOT NULL,
  `TIMESTAMP_X` timestamp NULL DEFAULT CURRENT_TIMESTAMP,
  `CONTACT_ID` int(11) DEFAULT NULL,
  `LINK_ID` int(11) DEFAULT NULL,
  `CONTACT_PROFILE_ID` int(11) NOT NULL,
  `CONTACT_PORTAL` varchar(255) COLLATE utf8_unicode_ci NOT NULL,
  `CONNECT_TYPE` char(1) COLLATE utf8_unicode_ci DEFAULT 'P',
  `LAST_AUTHORIZE` datetime DEFAULT NULL
) ENGINE=InnoDB DEFAULT CHARSET=utf8 COLLATE=utf8_unicode_ci;

-- --------------------------------------------------------

--
-- Структура таблицы `b_socialservices_message`
--

CREATE TABLE `b_socialservices_message` (
  `ID` int(11) NOT NULL,
  `USER_ID` int(11) NOT NULL,
  `SOCSERV_USER_ID` int(11) NOT NULL,
  `PROVIDER` varchar(100) COLLATE utf8_unicode_ci NOT NULL,
  `MESSAGE` varchar(1000) COLLATE utf8_unicode_ci DEFAULT NULL,
  `INSERT_DATE` datetime DEFAULT NULL,
  `SUCCES_SENT` char(1) COLLATE utf8_unicode_ci NOT NULL DEFAULT 'N'
) ENGINE=InnoDB DEFAULT CHARSET=utf8 COLLATE=utf8_unicode_ci;

-- --------------------------------------------------------

--
-- Структура таблицы `b_socialservices_user`
--

CREATE TABLE `b_socialservices_user` (
  `ID` int(11) NOT NULL,
  `LOGIN` varchar(100) COLLATE utf8_unicode_ci NOT NULL,
  `NAME` varchar(100) COLLATE utf8_unicode_ci DEFAULT NULL,
  `LAST_NAME` varchar(100) COLLATE utf8_unicode_ci DEFAULT NULL,
  `EMAIL` varchar(100) COLLATE utf8_unicode_ci DEFAULT NULL,
  `PERSONAL_PHOTO` int(11) DEFAULT NULL,
  `EXTERNAL_AUTH_ID` varchar(100) COLLATE utf8_unicode_ci NOT NULL,
  `USER_ID` int(11) NOT NULL,
  `XML_ID` varchar(100) COLLATE utf8_unicode_ci NOT NULL,
  `CAN_DELETE` char(1) COLLATE utf8_unicode_ci NOT NULL DEFAULT 'Y',
  `PERSONAL_WWW` varchar(100) COLLATE utf8_unicode_ci DEFAULT NULL,
  `PERMISSIONS` varchar(555) COLLATE utf8_unicode_ci DEFAULT NULL,
  `OATOKEN` text COLLATE utf8_unicode_ci,
  `OATOKEN_EXPIRES` int(11) DEFAULT NULL,
  `OASECRET` text COLLATE utf8_unicode_ci,
  `REFRESH_TOKEN` text COLLATE utf8_unicode_ci,
  `SEND_ACTIVITY` char(1) COLLATE utf8_unicode_ci DEFAULT 'Y',
  `SITE_ID` varchar(50) COLLATE utf8_unicode_ci DEFAULT NULL,
  `INITIALIZED` char(1) COLLATE utf8_unicode_ci DEFAULT 'N'
) ENGINE=InnoDB DEFAULT CHARSET=utf8 COLLATE=utf8_unicode_ci;

-- --------------------------------------------------------

--
-- Структура таблицы `b_socialservices_user_link`
--

CREATE TABLE `b_socialservices_user_link` (
  `ID` int(11) NOT NULL,
  `USER_ID` int(11) NOT NULL,
  `SOCSERV_USER_ID` int(11) NOT NULL,
  `LINK_USER_ID` int(11) DEFAULT NULL,
  `LINK_UID` varchar(100) COLLATE utf8_unicode_ci NOT NULL,
  `LINK_NAME` varchar(255) COLLATE utf8_unicode_ci DEFAULT NULL,
  `LINK_LAST_NAME` varchar(255) COLLATE utf8_unicode_ci DEFAULT NULL,
  `LINK_PICTURE` varchar(255) COLLATE utf8_unicode_ci DEFAULT NULL,
  `LINK_EMAIL` varchar(255) COLLATE utf8_unicode_ci DEFAULT NULL,
  `TIMESTAMP_X` timestamp NULL DEFAULT NULL
) ENGINE=InnoDB DEFAULT CHARSET=utf8 COLLATE=utf8_unicode_ci;

-- --------------------------------------------------------

--
-- Структура таблицы `b_socialservices_zoom_meeting`
--

CREATE TABLE `b_socialservices_zoom_meeting` (
  `ID` int(11) NOT NULL,
  `ENTITY_TYPE_ID` varchar(10) COLLATE utf8_unicode_ci NOT NULL,
  `ENTITY_ID` int(11) NOT NULL,
  `CONFERENCE_URL` varchar(255) COLLATE utf8_unicode_ci NOT NULL,
  `CONFERENCE_EXTERNAL_ID` bigint(20) UNSIGNED NOT NULL,
  `CONFERENCE_PASSWORD` text COLLATE utf8_unicode_ci,
  `JOINED` char(1) COLLATE utf8_unicode_ci DEFAULT NULL,
  `CONFERENCE_CREATED` datetime DEFAULT NULL,
  `CONFERENCE_STARTED` datetime DEFAULT NULL,
  `CONFERENCE_ENDED` datetime DEFAULT NULL,
  `DURATION` int(11) DEFAULT NULL,
  `TITLE` text COLLATE utf8_unicode_ci,
  `SHORT_LINK` varchar(255) COLLATE utf8_unicode_ci DEFAULT NULL,
  `HAS_RECORDING` char(1) COLLATE utf8_unicode_ci DEFAULT NULL
) ENGINE=InnoDB DEFAULT CHARSET=utf8 COLLATE=utf8_unicode_ci;

-- --------------------------------------------------------

--
-- Структура таблицы `b_socialservices_zoom_meeting_recording`
--

CREATE TABLE `b_socialservices_zoom_meeting_recording` (
  `ID` int(11) NOT NULL,
  `EXTERNAL_ID` varchar(64) COLLATE utf8_unicode_ci NOT NULL,
  `MEETING_ID` int(11) NOT NULL,
  `START_DATE` datetime NOT NULL,
  `END_DATE` datetime NOT NULL,
  `FILE_TYPE` varchar(16) COLLATE utf8_unicode_ci NOT NULL,
  `FILE_SIZE` int(11) NOT NULL,
  `PLAY_URL` varchar(500) COLLATE utf8_unicode_ci DEFAULT NULL,
  `DOWNLOAD_URL` varchar(500) COLLATE utf8_unicode_ci DEFAULT NULL,
  `RECORDING_TYPE` varchar(64) COLLATE utf8_unicode_ci NOT NULL,
  `DOWNLOAD_TOKEN` text COLLATE utf8_unicode_ci,
  `PASSWORD` text COLLATE utf8_unicode_ci,
  `FILE_ID` int(11) DEFAULT NULL
) ENGINE=InnoDB DEFAULT CHARSET=utf8 COLLATE=utf8_unicode_ci;

-- --------------------------------------------------------

--
-- Структура таблицы `b_sticker`
--

CREATE TABLE `b_sticker` (
  `ID` int(11) NOT NULL,
  `SITE_ID` char(2) COLLATE utf8_unicode_ci DEFAULT NULL,
  `PAGE_URL` varchar(255) COLLATE utf8_unicode_ci NOT NULL,
  `PAGE_TITLE` varchar(255) COLLATE utf8_unicode_ci NOT NULL,
  `DATE_CREATE` datetime NOT NULL,
  `DATE_UPDATE` datetime NOT NULL,
  `MODIFIED_BY` int(18) NOT NULL,
  `CREATED_BY` int(18) NOT NULL,
  `PERSONAL` char(1) COLLATE utf8_unicode_ci NOT NULL DEFAULT 'N',
  `CONTENT` text COLLATE utf8_unicode_ci,
  `POS_TOP` int(11) DEFAULT NULL,
  `POS_LEFT` int(11) DEFAULT NULL,
  `WIDTH` int(11) DEFAULT NULL,
  `HEIGHT` int(11) DEFAULT NULL,
  `COLOR` int(11) DEFAULT NULL,
  `COLLAPSED` char(1) COLLATE utf8_unicode_ci NOT NULL DEFAULT 'N',
  `COMPLETED` char(1) COLLATE utf8_unicode_ci NOT NULL DEFAULT 'N',
  `CLOSED` char(1) COLLATE utf8_unicode_ci NOT NULL DEFAULT 'N',
  `DELETED` char(1) COLLATE utf8_unicode_ci NOT NULL DEFAULT 'N',
  `MARKER_TOP` int(11) DEFAULT NULL,
  `MARKER_LEFT` int(11) DEFAULT NULL,
  `MARKER_WIDTH` int(11) DEFAULT NULL,
  `MARKER_HEIGHT` int(11) DEFAULT NULL,
  `MARKER_ADJUST` text COLLATE utf8_unicode_ci
) ENGINE=InnoDB DEFAULT CHARSET=utf8 COLLATE=utf8_unicode_ci;

-- --------------------------------------------------------

--
-- Структура таблицы `b_sticker_group_task`
--

CREATE TABLE `b_sticker_group_task` (
  `GROUP_ID` int(11) NOT NULL,
  `TASK_ID` int(11) NOT NULL
) ENGINE=InnoDB DEFAULT CHARSET=utf8 COLLATE=utf8_unicode_ci;

-- --------------------------------------------------------

--
-- Структура таблицы `b_subscription`
--

CREATE TABLE `b_subscription` (
  `ID` int(11) NOT NULL,
  `DATE_INSERT` datetime NOT NULL,
  `DATE_UPDATE` datetime DEFAULT NULL,
  `USER_ID` int(11) DEFAULT NULL,
  `ACTIVE` char(1) COLLATE utf8_unicode_ci NOT NULL DEFAULT 'Y',
  `EMAIL` varchar(255) COLLATE utf8_unicode_ci NOT NULL,
  `FORMAT` varchar(4) COLLATE utf8_unicode_ci NOT NULL DEFAULT 'text',
  `CONFIRM_CODE` varchar(8) COLLATE utf8_unicode_ci DEFAULT NULL,
  `CONFIRMED` char(1) COLLATE utf8_unicode_ci NOT NULL DEFAULT 'N',
  `DATE_CONFIRM` datetime NOT NULL
) ENGINE=InnoDB DEFAULT CHARSET=utf8 COLLATE=utf8_unicode_ci;

-- --------------------------------------------------------

--
-- Структура таблицы `b_subscription_rubric`
--

CREATE TABLE `b_subscription_rubric` (
  `SUBSCRIPTION_ID` int(11) NOT NULL,
  `LIST_RUBRIC_ID` int(11) NOT NULL
) ENGINE=InnoDB DEFAULT CHARSET=utf8 COLLATE=utf8_unicode_ci;

-- --------------------------------------------------------

--
-- Структура таблицы `b_task`
--

CREATE TABLE `b_task` (
  `ID` int(11) NOT NULL,
  `NAME` varchar(100) COLLATE utf8_unicode_ci NOT NULL,
  `LETTER` char(1) COLLATE utf8_unicode_ci DEFAULT NULL,
  `MODULE_ID` varchar(50) COLLATE utf8_unicode_ci NOT NULL,
  `SYS` char(1) COLLATE utf8_unicode_ci NOT NULL,
  `DESCRIPTION` varchar(255) COLLATE utf8_unicode_ci DEFAULT NULL,
  `BINDING` varchar(50) COLLATE utf8_unicode_ci DEFAULT 'module'
) ENGINE=InnoDB DEFAULT CHARSET=utf8 COLLATE=utf8_unicode_ci;

--
-- Дамп данных таблицы `b_task`
--

INSERT INTO `b_task` (`ID`, `NAME`, `LETTER`, `MODULE_ID`, `SYS`, `DESCRIPTION`, `BINDING`) VALUES
(1, 'main_denied', 'D', 'main', 'Y', NULL, 'module'),
(2, 'main_change_profile', 'P', 'main', 'Y', NULL, 'module'),
(3, 'main_view_all_settings', 'R', 'main', 'Y', NULL, 'module'),
(4, 'main_view_all_settings_change_profile', 'T', 'main', 'Y', NULL, 'module'),
(5, 'main_edit_subordinate_users', 'V', 'main', 'Y', NULL, 'module'),
(6, 'main_full_access', 'W', 'main', 'Y', NULL, 'module'),
(7, 'fm_folder_access_denied', 'D', 'main', 'Y', NULL, 'file'),
(8, 'fm_folder_access_read', 'R', 'main', 'Y', NULL, 'file'),
(9, 'fm_folder_access_write', 'W', 'main', 'Y', NULL, 'file'),
(10, 'fm_folder_access_full', 'X', 'main', 'Y', NULL, 'file'),
(11, 'fm_folder_access_workflow', 'U', 'main', 'Y', NULL, 'file'),
(12, 'bitrixcloud_deny', 'D', 'bitrixcloud', 'Y', NULL, 'module'),
(13, 'bitrixcloud_control', 'W', 'bitrixcloud', 'Y', NULL, 'module'),
(14, 'clouds_denied', 'D', 'clouds', 'Y', NULL, 'module'),
(15, 'clouds_browse', 'F', 'clouds', 'Y', NULL, 'module'),
(16, 'clouds_upload', 'U', 'clouds', 'Y', NULL, 'module'),
(17, 'clouds_full_access', 'W', 'clouds', 'Y', NULL, 'module'),
(18, 'fileman_denied', 'D', 'fileman', 'Y', '', 'module'),
(19, 'fileman_allowed_folders', 'F', 'fileman', 'Y', '', 'module'),
(20, 'fileman_full_access', 'W', 'fileman', 'Y', '', 'module'),
(21, 'medialib_denied', 'D', 'fileman', 'Y', '', 'medialib'),
(22, 'medialib_view', 'F', 'fileman', 'Y', '', 'medialib'),
(23, 'medialib_only_new', 'R', 'fileman', 'Y', '', 'medialib'),
(24, 'medialib_edit_items', 'V', 'fileman', 'Y', '', 'medialib'),
(25, 'medialib_editor', 'W', 'fileman', 'Y', '', 'medialib'),
(26, 'medialib_full', 'X', 'fileman', 'Y', '', 'medialib'),
(27, 'stickers_denied', 'D', 'fileman', 'Y', '', 'stickers'),
(28, 'stickers_read', 'R', 'fileman', 'Y', '', 'stickers'),
(29, 'stickers_edit', 'W', 'fileman', 'Y', '', 'stickers'),
(30, 'hblock_denied', 'D', 'highloadblock', 'Y', NULL, 'module'),
(31, 'hblock_read', 'R', 'highloadblock', 'Y', NULL, 'module'),
(32, 'hblock_write', 'W', 'highloadblock', 'Y', NULL, 'module'),
(33, 'iblock_deny', 'D', 'iblock', 'Y', NULL, 'iblock'),
(34, 'iblock_read', 'R', 'iblock', 'Y', NULL, 'iblock'),
(35, 'iblock_element_add', 'E', 'iblock', 'Y', NULL, 'iblock'),
(36, 'iblock_admin_read', 'S', 'iblock', 'Y', NULL, 'iblock'),
(37, 'iblock_admin_add', 'T', 'iblock', 'Y', NULL, 'iblock'),
(38, 'iblock_limited_edit', 'U', 'iblock', 'Y', NULL, 'iblock'),
(39, 'iblock_full_edit', 'W', 'iblock', 'Y', NULL, 'iblock'),
(40, 'iblock_full', 'X', 'iblock', 'Y', NULL, 'iblock'),
(41, 'landing_right_denied', 'D', 'landing', 'Y', NULL, 'module'),
(42, 'landing_right_read', 'R', 'landing', 'Y', NULL, 'module'),
(43, 'landing_right_edit', 'U', 'landing', 'Y', NULL, 'module'),
(44, 'landing_right_sett', 'V', 'landing', 'Y', NULL, 'module'),
(45, 'landing_right_public', 'W', 'landing', 'Y', NULL, 'module'),
(46, 'landing_right_delete', 'X', 'landing', 'Y', NULL, 'module'),
(47, 'security_denied', 'D', 'security', 'Y', NULL, 'module'),
(48, 'security_filter', 'F', 'security', 'Y', NULL, 'module'),
(49, 'security_otp', 'S', 'security', 'Y', NULL, 'module'),
(50, 'security_view_all_settings', 'T', 'security', 'Y', NULL, 'module'),
(51, 'security_full_access', 'W', 'security', 'Y', NULL, 'module'),
(52, 'seo_denied', 'D', 'seo', 'Y', '', 'module'),
(53, 'seo_edit', 'F', 'seo', 'Y', '', 'module'),
(54, 'seo_full_access', 'W', 'seo', 'Y', '', 'module');

-- --------------------------------------------------------

--
-- Структура таблицы `b_task_operation`
--

CREATE TABLE `b_task_operation` (
  `TASK_ID` int(11) NOT NULL,
  `OPERATION_ID` int(11) NOT NULL
) ENGINE=InnoDB DEFAULT CHARSET=utf8 COLLATE=utf8_unicode_ci;

--
-- Дамп данных таблицы `b_task_operation`
--

INSERT INTO `b_task_operation` (`TASK_ID`, `OPERATION_ID`) VALUES
(2, 2),
(2, 3),
(3, 2),
(3, 4),
(3, 5),
(3, 6),
(3, 7),
(4, 2),
(4, 3),
(4, 4),
(4, 5),
(4, 6),
(4, 7),
(5, 2),
(5, 3),
(5, 5),
(5, 6),
(5, 7),
(5, 8),
(5, 9),
(6, 2),
(6, 3),
(6, 4),
(6, 5),
(6, 6),
(6, 7),
(6, 10),
(6, 11),
(6, 12),
(6, 13),
(6, 14),
(6, 15),
(6, 16),
(6, 17),
(6, 18),
(8, 19),
(8, 20),
(8, 21),
(9, 19),
(9, 20),
(9, 21),
(9, 22),
(9, 23),
(9, 24),
(9, 25),
(9, 26),
(9, 27),
(9, 28),
(9, 29),
(9, 30),
(9, 31),
(9, 32),
(9, 33),
(9, 34),
(10, 19),
(10, 20),
(10, 21),
(10, 22),
(10, 23),
(10, 24),
(10, 25),
(10, 26),
(10, 27),
(10, 28),
(10, 29),
(10, 30),
(10, 31),
(10, 32),
(10, 33),
(10, 34),
(10, 35),
(11, 19),
(11, 20),
(11, 21),
(11, 24),
(11, 28),
(13, 36),
(13, 37),
(13, 38),
(15, 39),
(16, 39),
(16, 40),
(17, 39),
(17, 40),
(17, 41),
(19, 44),
(19, 45),
(19, 46),
(19, 47),
(19, 48),
(19, 49),
(19, 50),
(19, 52),
(19, 53),
(20, 42),
(20, 43),
(20, 44),
(20, 45),
(20, 46),
(20, 47),
(20, 48),
(20, 49),
(20, 50),
(20, 51),
(20, 52),
(20, 53),
(20, 54),
(22, 55),
(23, 55),
(23, 56),
(23, 60),
(24, 55),
(24, 60),
(24, 61),
(24, 62),
(25, 55),
(25, 56),
(25, 57),
(25, 58),
(25, 60),
(25, 61),
(25, 62),
(26, 55),
(26, 56),
(26, 57),
(26, 58),
(26, 59),
(26, 60),
(26, 61),
(26, 62),
(28, 63),
(29, 63),
(29, 64),
(29, 65),
(29, 66),
(31, 67),
(32, 68),
(32, 69),
(34, 70),
(34, 71),
(35, 72),
(36, 70),
(36, 71),
(36, 73),
(37, 70),
(37, 71),
(37, 72),
(37, 73),
(38, 70),
(38, 71),
(38, 72),
(38, 73),
(38, 74),
(38, 75),
(38, 76),
(38, 77),
(39, 70),
(39, 71),
(39, 72),
(39, 73),
(39, 74),
(39, 75),
(39, 76),
(39, 77),
(39, 78),
(39, 79),
(39, 80),
(39, 81),
(40, 70),
(40, 71),
(40, 72),
(40, 73),
(40, 74),
(40, 75),
(40, 76),
(40, 77),
(40, 78),
(40, 79),
(40, 80),
(40, 81),
(40, 82),
(40, 83),
(40, 84),
(40, 85),
(40, 86),
(40, 87),
(42, 88),
(43, 89),
(44, 90),
(45, 91),
(46, 92),
(48, 93),
(49, 94),
(50, 95),
(50, 96),
(50, 97),
(50, 98),
(50, 99),
(50, 100),
(50, 101),
(50, 102),
(50, 103),
(50, 104),
(50, 105),
(51, 93),
(51, 94),
(51, 95),
(51, 96),
(51, 97),
(51, 98),
(51, 99),
(51, 100),
(51, 101),
(51, 102),
(51, 103),
(51, 104),
(51, 105),
(51, 106),
(51, 107),
(51, 108),
(51, 109),
(51, 110),
(51, 111),
(51, 112),
(51, 113),
(51, 114),
(51, 115),
(51, 116),
(51, 117),
(51, 118),
(53, 120),
(54, 119),
(54, 120);

-- --------------------------------------------------------

--
-- Структура таблицы `b_translate_diff`
--

CREATE TABLE `b_translate_diff` (
  `ID` int(18) NOT NULL,
  `FILE_ID` int(18) NOT NULL,
  `PATH_ID` int(18) NOT NULL,
  `LANG_ID` char(2) COLLATE utf8_unicode_ci NOT NULL,
  `AGAINST_LANG_ID` char(2) COLLATE utf8_unicode_ci NOT NULL,
  `EXCESS_COUNT` int(18) NOT NULL DEFAULT '0',
  `DEFICIENCY_COUNT` int(18) DEFAULT '0'
) ENGINE=InnoDB DEFAULT CHARSET=utf8 COLLATE=utf8_unicode_ci;

-- --------------------------------------------------------

--
-- Структура таблицы `b_translate_file`
--

CREATE TABLE `b_translate_file` (
  `ID` int(18) NOT NULL,
  `PATH_ID` int(18) NOT NULL,
  `LANG_ID` char(2) COLLATE utf8_unicode_ci NOT NULL,
  `FULL_PATH` varchar(500) COLLATE utf8_unicode_ci NOT NULL,
  `PHRASE_COUNT` int(18) NOT NULL DEFAULT '0',
  `INDEXED` enum('Y','N') COLLATE utf8_unicode_ci NOT NULL DEFAULT 'N',
  `INDEXED_TIME` datetime DEFAULT NULL
) ENGINE=InnoDB DEFAULT CHARSET=utf8 COLLATE=utf8_unicode_ci;

-- --------------------------------------------------------

--
-- Структура таблицы `b_translate_path`
--

CREATE TABLE `b_translate_path` (
  `ID` int(18) NOT NULL,
  `PARENT_ID` int(18) NOT NULL DEFAULT '0',
  `DEPTH_LEVEL` int(18) NOT NULL DEFAULT '0',
  `SORT` int(18) NOT NULL DEFAULT '0',
  `PATH` varchar(500) COLLATE utf8_unicode_ci NOT NULL,
  `NAME` varchar(255) CHARACTER SET utf8 COLLATE utf8_bin NOT NULL,
  `IS_LANG` enum('Y','N') COLLATE utf8_unicode_ci NOT NULL DEFAULT 'N',
  `IS_DIR` enum('Y','N') COLLATE utf8_unicode_ci NOT NULL DEFAULT 'N',
  `OBLIGATORY_LANGS` char(50) COLLATE utf8_unicode_ci DEFAULT NULL,
  `INDEXED` enum('Y','N') COLLATE utf8_unicode_ci NOT NULL DEFAULT 'N',
  `INDEXED_TIME` datetime DEFAULT NULL,
  `MODULE_ID` varchar(50) COLLATE utf8_unicode_ci DEFAULT NULL,
  `ASSIGNMENT` varchar(50) COLLATE utf8_unicode_ci DEFAULT NULL
) ENGINE=InnoDB DEFAULT CHARSET=utf8 COLLATE=utf8_unicode_ci;

-- --------------------------------------------------------

--
-- Структура таблицы `b_translate_path_lang`
--

CREATE TABLE `b_translate_path_lang` (
  `ID` int(18) NOT NULL,
  `PATH` varchar(500) COLLATE utf8_unicode_ci NOT NULL
) ENGINE=InnoDB DEFAULT CHARSET=utf8 COLLATE=utf8_unicode_ci;

-- --------------------------------------------------------

--
-- Структура таблицы `b_translate_path_tree`
--

CREATE TABLE `b_translate_path_tree` (
  `ID` int(18) NOT NULL,
  `PARENT_ID` int(18) NOT NULL,
  `PATH_ID` int(18) NOT NULL,
  `DEPTH_LEVEL` int(18) DEFAULT NULL
) ENGINE=InnoDB DEFAULT CHARSET=utf8 COLLATE=utf8_unicode_ci;

-- --------------------------------------------------------

--
-- Структура таблицы `b_translate_phrase`
--

CREATE TABLE `b_translate_phrase` (
  `ID` int(18) NOT NULL,
  `FILE_ID` int(18) NOT NULL,
  `PATH_ID` int(18) NOT NULL,
  `LANG_ID` char(2) COLLATE utf8_unicode_ci NOT NULL,
  `CODE` varchar(255) CHARACTER SET utf8 COLLATE utf8_bin NOT NULL,
  `PHRASE` text COLLATE utf8_unicode_ci
) ENGINE=InnoDB DEFAULT CHARSET=utf8 COLLATE=utf8_unicode_ci DELAY_KEY_WRITE=1;

-- --------------------------------------------------------

--
-- Структура таблицы `b_ui_entity_editor_config`
--

CREATE TABLE `b_ui_entity_editor_config` (
  `ID` int(10) UNSIGNED NOT NULL,
  `CATEGORY` varchar(20) COLLATE utf8_unicode_ci NOT NULL,
  `ENTITY_TYPE_ID` varchar(60) COLLATE utf8_unicode_ci NOT NULL,
  `NAME` varchar(100) COLLATE utf8_unicode_ci NOT NULL,
  `CONFIG` text COLLATE utf8_unicode_ci NOT NULL,
  `COMMON` varchar(1) COLLATE utf8_unicode_ci NOT NULL
) ENGINE=InnoDB DEFAULT CHARSET=utf8 COLLATE=utf8_unicode_ci;

-- --------------------------------------------------------

--
-- Структура таблицы `b_ui_entity_editor_config_ac`
--

CREATE TABLE `b_ui_entity_editor_config_ac` (
  `ID` int(10) UNSIGNED NOT NULL,
  `ACCESS_CODE` varchar(10) COLLATE utf8_unicode_ci NOT NULL,
  `CONFIG_ID` int(10) NOT NULL
) ENGINE=InnoDB DEFAULT CHARSET=utf8 COLLATE=utf8_unicode_ci;

-- --------------------------------------------------------

--
-- Структура таблицы `b_undo`
--

CREATE TABLE `b_undo` (
  `ID` varchar(255) COLLATE utf8_unicode_ci NOT NULL,
  `MODULE_ID` varchar(50) COLLATE utf8_unicode_ci DEFAULT NULL,
  `UNDO_TYPE` varchar(50) COLLATE utf8_unicode_ci DEFAULT NULL,
  `UNDO_HANDLER` varchar(255) COLLATE utf8_unicode_ci DEFAULT NULL,
  `CONTENT` mediumtext COLLATE utf8_unicode_ci,
  `USER_ID` int(11) DEFAULT NULL,
  `TIMESTAMP_X` int(11) DEFAULT NULL
) ENGINE=InnoDB DEFAULT CHARSET=utf8 COLLATE=utf8_unicode_ci;

--
-- Дамп данных таблицы `b_undo`
--

INSERT INTO `b_undo` (`ID`, `MODULE_ID`, `UNDO_TYPE`, `UNDO_HANDLER`, `CONTENT`, `USER_ID`, `TIMESTAMP_X`) VALUES
('157f58a12fbdc2fa31ee5e431559a1943', 'fileman', 'edit_menu', 'CFileman::UndoEditFile', 'a:2:{s:7:\"absPath\";s:32:\"W:/domains/vert.ru/.top.menu.php\";s:7:\"content\";s:413:\"<?\n$aMenuLinks = Array(\n	Array(\n		\"Продукты\", \n		\"/#products\", \n		Array(), \n		Array(), \n		\"\" \n	),\n	Array(\n		\"Техподдержка\", \n		\"#\", \n		Array(), \n		Array(), \n		\"\" \n	),\n	Array(\n		\"Функции\", \n		\"#\", \n		Array(), \n		Array(), \n		\"\" \n	),\n	Array(\n		\"База знаний\", \n		\"#\", \n		Array(), \n		Array(), \n		\"\" \n	),\n	Array(\n		\"Контакты\", \n		\"#\", \n		Array(), \n		Array(), \n		\"\" \n	)\n);\n?>\";}', 1, 1671036611),
('15df411f315fc870a492e7883aa98bbec', 'fileman', 'edit_menu', 'CFileman::UndoEditFile', 'a:2:{s:7:\"absPath\";s:32:\"W:/domains/vert.ru/.top.menu.php\";s:7:\"content\";s:412:\"<?\n$aMenuLinks = Array(\n	Array(\n		\"Продукты\", \n		\"showroom/\", \n		Array(), \n		Array(), \n		\"\" \n	),\n	Array(\n		\"Техподдержка\", \n		\"#\", \n		Array(), \n		Array(), \n		\"\" \n	),\n	Array(\n		\"Функции\", \n		\"#\", \n		Array(), \n		Array(), \n		\"\" \n	),\n	Array(\n		\"База знаний\", \n		\"#\", \n		Array(), \n		Array(), \n		\"\" \n	),\n	Array(\n		\"Контакты\", \n		\"#\", \n		Array(), \n		Array(), \n		\"\" \n	)\n);\n?>\";}', 1, 1671036068),
('19a8cda8dce9bf9201abbe901ac476872', 'fileman', 'edit_menu', 'CFileman::UndoEditFile', 'a:2:{s:7:\"absPath\";s:32:\"W:/domains/vert.ru/.top.menu.php\";s:7:\"content\";s:409:\"<?\n$aMenuLinks = Array(\n	Array(\n		\"Продукты\", \n		\"/#prod\", \n		Array(), \n		Array(), \n		\"\" \n	),\n	Array(\n		\"Техподдержка\", \n		\"#\", \n		Array(), \n		Array(), \n		\"\" \n	),\n	Array(\n		\"Функции\", \n		\"#\", \n		Array(), \n		Array(), \n		\"\" \n	),\n	Array(\n		\"База знаний\", \n		\"#\", \n		Array(), \n		Array(), \n		\"\" \n	),\n	Array(\n		\"Контакты\", \n		\"#\", \n		Array(), \n		Array(), \n		\"\" \n	)\n);\n?>\";}', 1, 1671036821),
('19d09fa6f3cf59298c65c66a5116bf7e6', 'fileman', 'edit_file', 'CFileman::UndoEditFile', 'a:2:{s:7:\"absPath\";s:27:\"W:/domains/vert.ru/test.php\";s:7:\"content\";s:1779:\"<?\nrequire($_SERVER[\"DOCUMENT_ROOT\"].\"/bitrix/header.php\");\n$APPLICATION->SetTitle(\"\");\n?><br>\n <br>\n <br>\n <br>\n <?$APPLICATION->IncludeComponent(\n	\"bitrix:news.list\",\n	\"products_el\",\n	Array(\n		\"ACTIVE_DATE_FORMAT\" => \"d.m.Y\",\n		\"ADD_SECTIONS_CHAIN\" => \"Y\",\n		\"AJAX_MODE\" => \"N\",\n		\"AJAX_OPTION_ADDITIONAL\" => \"\",\n		\"AJAX_OPTION_HISTORY\" => \"N\",\n		\"AJAX_OPTION_JUMP\" => \"N\",\n		\"AJAX_OPTION_STYLE\" => \"Y\",\n		\"CACHE_FILTER\" => \"N\",\n		\"CACHE_GROUPS\" => \"Y\",\n		\"CACHE_TIME\" => \"36000000\",\n		\"CACHE_TYPE\" => \"N\",\n		\"CHECK_DATES\" => \"Y\",\n		\"DETAIL_URL\" => \"\",\n		\"DISPLAY_BOTTOM_PAGER\" => \"Y\",\n		\"DISPLAY_DATE\" => \"Y\",\n		\"DISPLAY_NAME\" => \"Y\",\n		\"DISPLAY_PICTURE\" => \"Y\",\n		\"DISPLAY_PREVIEW_TEXT\" => \"Y\",\n		\"DISPLAY_TOP_PAGER\" => \"N\",\n		\"FIELD_CODE\" => array(\"\",\"\"),\n		\"FILTER_NAME\" => \"\",\n		\"HIDE_LINK_WHEN_NO_DETAIL\" => \"N\",\n		\"IBLOCK_ID\" => \"20\",\n		\"IBLOCK_TYPE\" => \"products\",\n		\"INCLUDE_IBLOCK_INTO_CHAIN\" => \"Y\",\n		\"INCLUDE_SUBSECTIONS\" => \"Y\",\n		\"MESSAGE_404\" => \"\",\n		\"NEWS_COUNT\" => \"20\",\n		\"PAGER_BASE_LINK_ENABLE\" => \"N\",\n		\"PAGER_DESC_NUMBERING\" => \"N\",\n		\"PAGER_DESC_NUMBERING_CACHE_TIME\" => \"36000\",\n		\"PAGER_SHOW_ALL\" => \"N\",\n		\"PAGER_SHOW_ALWAYS\" => \"N\",\n		\"PAGER_TEMPLATE\" => \".default\",\n		\"PAGER_TITLE\" => \"Новости\",\n		\"PARENT_SECTION\" => \"\",\n		\"PARENT_SECTION_CODE\" => \"\",\n		\"PREVIEW_TRUNCATE_LEN\" => \"\",\n		\"PROPERTY_CODE\" => array(\"link\",\"\",\"\"),\n		\"SET_BROWSER_TITLE\" => \"N\",\n		\"SET_LAST_MODIFIED\" => \"N\",\n		\"SET_META_DESCRIPTION\" => \"N\",\n		\"SET_META_KEYWORDS\" => \"N\",\n		\"SET_STATUS_404\" => \"N\",\n		\"SET_TITLE\" => \"N\",\n		\"SHOW_404\" => \"N\",\n		\"SORT_BY1\" => \"ACTIVE_FROM\",\n		\"SORT_BY2\" => \"SORT\",\n		\"SORT_ORDER1\" => \"DESC\",\n		\"SORT_ORDER2\" => \"ASC\",\n		\"STRICT_SECTION_CHECK\" => \"N\"\n	)\n);?><br>\n <br><?  require($_SERVER[\"DOCUMENT_ROOT\"].\"/bitrix/footer.php\");?>\";}', 1, 1670911256);

-- --------------------------------------------------------

--
-- Структура таблицы `b_urlpreview_metadata`
--

CREATE TABLE `b_urlpreview_metadata` (
  `ID` int(11) NOT NULL,
  `URL` varchar(2000) COLLATE utf8_unicode_ci NOT NULL,
  `TYPE` char(1) COLLATE utf8_unicode_ci NOT NULL DEFAULT 'S',
  `DATE_INSERT` datetime NOT NULL,
  `DATE_EXPIRE` datetime DEFAULT NULL,
  `TITLE` varchar(200) COLLATE utf8_unicode_ci DEFAULT NULL,
  `DESCRIPTION` text COLLATE utf8_unicode_ci,
  `IMAGE_ID` int(11) DEFAULT NULL,
  `IMAGE` varchar(2000) COLLATE utf8_unicode_ci DEFAULT NULL,
  `EMBED` mediumtext COLLATE utf8_unicode_ci,
  `EXTRA` text COLLATE utf8_unicode_ci
) ENGINE=InnoDB DEFAULT CHARSET=utf8 COLLATE=utf8_unicode_ci;

-- --------------------------------------------------------

--
-- Структура таблицы `b_urlpreview_route`
--

CREATE TABLE `b_urlpreview_route` (
  `ID` int(11) NOT NULL,
  `ROUTE` varchar(2000) COLLATE utf8_unicode_ci NOT NULL,
  `MODULE` varchar(50) COLLATE utf8_unicode_ci NOT NULL,
  `CLASS` varchar(150) COLLATE utf8_unicode_ci NOT NULL,
  `PARAMETERS` mediumtext COLLATE utf8_unicode_ci
) ENGINE=InnoDB DEFAULT CHARSET=utf8 COLLATE=utf8_unicode_ci;

--
-- Дамп данных таблицы `b_urlpreview_route`
--

INSERT INTO `b_urlpreview_route` (`ID`, `ROUTE`, `MODULE`, `CLASS`, `PARAMETERS`) VALUES
(1, '/knowledge/#knowledgeCode#/', 'landing', '\\Bitrix\\Landing\\Landing\\UrlPreview', 'a:3:{s:13:\"knowledgeCode\";s:14:\"$knowledgeCode\";s:5:\"scope\";s:9:\"knowledge\";s:12:\"allowSlashes\";s:1:\"N\";}'),
(2, '/knowledge/group/#knowledgeCode#/', 'landing', '\\Bitrix\\Landing\\Landing\\UrlPreview', 'a:3:{s:13:\"knowledgeCode\";s:14:\"$knowledgeCode\";s:5:\"scope\";s:5:\"group\";s:12:\"allowSlashes\";s:1:\"N\";}');

-- --------------------------------------------------------

--
-- Структура таблицы `b_user`
--

CREATE TABLE `b_user` (
  `ID` int(11) NOT NULL,
  `TIMESTAMP_X` timestamp NULL DEFAULT NULL,
  `LOGIN` varchar(50) COLLATE utf8_unicode_ci NOT NULL,
  `PASSWORD` varchar(255) COLLATE utf8_unicode_ci NOT NULL,
  `CHECKWORD` varchar(255) COLLATE utf8_unicode_ci DEFAULT NULL,
  `ACTIVE` char(1) COLLATE utf8_unicode_ci NOT NULL DEFAULT 'Y',
  `NAME` varchar(50) COLLATE utf8_unicode_ci DEFAULT NULL,
  `LAST_NAME` varchar(50) COLLATE utf8_unicode_ci DEFAULT NULL,
  `EMAIL` varchar(255) COLLATE utf8_unicode_ci DEFAULT NULL,
  `LAST_LOGIN` datetime DEFAULT NULL,
  `DATE_REGISTER` datetime NOT NULL,
  `LID` char(2) COLLATE utf8_unicode_ci DEFAULT NULL,
  `PERSONAL_PROFESSION` varchar(255) COLLATE utf8_unicode_ci DEFAULT NULL,
  `PERSONAL_WWW` varchar(255) COLLATE utf8_unicode_ci DEFAULT NULL,
  `PERSONAL_ICQ` varchar(255) COLLATE utf8_unicode_ci DEFAULT NULL,
  `PERSONAL_GENDER` char(1) COLLATE utf8_unicode_ci DEFAULT NULL,
  `PERSONAL_BIRTHDATE` varchar(50) COLLATE utf8_unicode_ci DEFAULT NULL,
  `PERSONAL_PHOTO` int(11) DEFAULT NULL,
  `PERSONAL_PHONE` varchar(255) COLLATE utf8_unicode_ci DEFAULT NULL,
  `PERSONAL_FAX` varchar(255) COLLATE utf8_unicode_ci DEFAULT NULL,
  `PERSONAL_MOBILE` varchar(255) COLLATE utf8_unicode_ci DEFAULT NULL,
  `PERSONAL_PAGER` varchar(255) COLLATE utf8_unicode_ci DEFAULT NULL,
  `PERSONAL_STREET` text COLLATE utf8_unicode_ci,
  `PERSONAL_MAILBOX` varchar(255) COLLATE utf8_unicode_ci DEFAULT NULL,
  `PERSONAL_CITY` varchar(255) COLLATE utf8_unicode_ci DEFAULT NULL,
  `PERSONAL_STATE` varchar(255) COLLATE utf8_unicode_ci DEFAULT NULL,
  `PERSONAL_ZIP` varchar(255) COLLATE utf8_unicode_ci DEFAULT NULL,
  `PERSONAL_COUNTRY` varchar(255) COLLATE utf8_unicode_ci DEFAULT NULL,
  `PERSONAL_NOTES` text COLLATE utf8_unicode_ci,
  `WORK_COMPANY` varchar(255) COLLATE utf8_unicode_ci DEFAULT NULL,
  `WORK_DEPARTMENT` varchar(255) COLLATE utf8_unicode_ci DEFAULT NULL,
  `WORK_POSITION` varchar(255) COLLATE utf8_unicode_ci DEFAULT NULL,
  `WORK_WWW` varchar(255) COLLATE utf8_unicode_ci DEFAULT NULL,
  `WORK_PHONE` varchar(255) COLLATE utf8_unicode_ci DEFAULT NULL,
  `WORK_FAX` varchar(255) COLLATE utf8_unicode_ci DEFAULT NULL,
  `WORK_PAGER` varchar(255) COLLATE utf8_unicode_ci DEFAULT NULL,
  `WORK_STREET` text COLLATE utf8_unicode_ci,
  `WORK_MAILBOX` varchar(255) COLLATE utf8_unicode_ci DEFAULT NULL,
  `WORK_CITY` varchar(255) COLLATE utf8_unicode_ci DEFAULT NULL,
  `WORK_STATE` varchar(255) COLLATE utf8_unicode_ci DEFAULT NULL,
  `WORK_ZIP` varchar(255) COLLATE utf8_unicode_ci DEFAULT NULL,
  `WORK_COUNTRY` varchar(255) COLLATE utf8_unicode_ci DEFAULT NULL,
  `WORK_PROFILE` text COLLATE utf8_unicode_ci,
  `WORK_LOGO` int(11) DEFAULT NULL,
  `WORK_NOTES` text COLLATE utf8_unicode_ci,
  `ADMIN_NOTES` text COLLATE utf8_unicode_ci,
  `STORED_HASH` varchar(32) COLLATE utf8_unicode_ci DEFAULT NULL,
  `XML_ID` varchar(255) COLLATE utf8_unicode_ci DEFAULT NULL,
  `PERSONAL_BIRTHDAY` date DEFAULT NULL,
  `EXTERNAL_AUTH_ID` varchar(255) COLLATE utf8_unicode_ci DEFAULT NULL,
  `CHECKWORD_TIME` datetime DEFAULT NULL,
  `SECOND_NAME` varchar(50) COLLATE utf8_unicode_ci DEFAULT NULL,
  `CONFIRM_CODE` varchar(8) COLLATE utf8_unicode_ci DEFAULT NULL,
  `LOGIN_ATTEMPTS` int(11) DEFAULT NULL,
  `LAST_ACTIVITY_DATE` datetime DEFAULT NULL,
  `AUTO_TIME_ZONE` char(1) COLLATE utf8_unicode_ci DEFAULT NULL,
  `TIME_ZONE` varchar(50) COLLATE utf8_unicode_ci DEFAULT NULL,
  `TIME_ZONE_OFFSET` int(11) DEFAULT NULL,
  `TITLE` varchar(255) COLLATE utf8_unicode_ci DEFAULT NULL,
  `BX_USER_ID` varchar(32) COLLATE utf8_unicode_ci DEFAULT NULL,
  `LANGUAGE_ID` char(2) COLLATE utf8_unicode_ci DEFAULT NULL,
  `BLOCKED` char(1) COLLATE utf8_unicode_ci NOT NULL DEFAULT 'N',
  `PASSWORD_EXPIRED` char(1) COLLATE utf8_unicode_ci NOT NULL DEFAULT 'N'
) ENGINE=InnoDB DEFAULT CHARSET=utf8 COLLATE=utf8_unicode_ci;

--
-- Дамп данных таблицы `b_user`
--

INSERT INTO `b_user` (`ID`, `TIMESTAMP_X`, `LOGIN`, `PASSWORD`, `CHECKWORD`, `ACTIVE`, `NAME`, `LAST_NAME`, `EMAIL`, `LAST_LOGIN`, `DATE_REGISTER`, `LID`, `PERSONAL_PROFESSION`, `PERSONAL_WWW`, `PERSONAL_ICQ`, `PERSONAL_GENDER`, `PERSONAL_BIRTHDATE`, `PERSONAL_PHOTO`, `PERSONAL_PHONE`, `PERSONAL_FAX`, `PERSONAL_MOBILE`, `PERSONAL_PAGER`, `PERSONAL_STREET`, `PERSONAL_MAILBOX`, `PERSONAL_CITY`, `PERSONAL_STATE`, `PERSONAL_ZIP`, `PERSONAL_COUNTRY`, `PERSONAL_NOTES`, `WORK_COMPANY`, `WORK_DEPARTMENT`, `WORK_POSITION`, `WORK_WWW`, `WORK_PHONE`, `WORK_FAX`, `WORK_PAGER`, `WORK_STREET`, `WORK_MAILBOX`, `WORK_CITY`, `WORK_STATE`, `WORK_ZIP`, `WORK_COUNTRY`, `WORK_PROFILE`, `WORK_LOGO`, `WORK_NOTES`, `ADMIN_NOTES`, `STORED_HASH`, `XML_ID`, `PERSONAL_BIRTHDAY`, `EXTERNAL_AUTH_ID`, `CHECKWORD_TIME`, `SECOND_NAME`, `CONFIRM_CODE`, `LOGIN_ATTEMPTS`, `LAST_ACTIVITY_DATE`, `AUTO_TIME_ZONE`, `TIME_ZONE`, `TIME_ZONE_OFFSET`, `TITLE`, `BX_USER_ID`, `LANGUAGE_ID`, `BLOCKED`, `PASSWORD_EXPIRED`) VALUES
(1, '2022-11-19 08:48:24', 'admin', '$6$3rTI2hk0Dv4njaPd$e5M2YLSjiS7fQGNu4YME4xnhcLFurWgw9Sh/Z7vfUDDjhPLqLQp9OlRDuEwGZb7GNHxuOOHBr63UCS3sn22Z7/', '$6$43de0fuXMg6Y2Zwp$e62hOk4B.gy8ynQBGCT.uIeKVHVTHKerSUHmodusjUSTdk1/lqXQaNRPu4RcP1V9/Yc3//PSEMUlrDdfXNkl61', 'Y', '', '', 'test@test.ru', '2022-12-14 18:50:10', '2022-11-19 11:47:52', NULL, NULL, NULL, NULL, '', NULL, NULL, NULL, NULL, NULL, NULL, NULL, NULL, NULL, NULL, NULL, NULL, NULL, NULL, NULL, NULL, NULL, NULL, NULL, NULL, NULL, NULL, NULL, NULL, NULL, NULL, NULL, NULL, NULL, NULL, NULL, NULL, NULL, NULL, '2022-11-19 11:47:52', NULL, NULL, 0, NULL, NULL, NULL, NULL, NULL, NULL, NULL, 'N', 'N');

-- --------------------------------------------------------

--
-- Структура таблицы `b_user_access`
--

CREATE TABLE `b_user_access` (
  `ID` bigint(20) UNSIGNED NOT NULL,
  `USER_ID` int(11) DEFAULT NULL,
  `PROVIDER_ID` varchar(50) COLLATE utf8_unicode_ci DEFAULT NULL,
  `ACCESS_CODE` varchar(100) COLLATE utf8_unicode_ci DEFAULT NULL
) ENGINE=InnoDB DEFAULT CHARSET=utf8 COLLATE=utf8_unicode_ci;

--
-- Дамп данных таблицы `b_user_access`
--

INSERT INTO `b_user_access` (`ID`, `USER_ID`, `PROVIDER_ID`, `ACCESS_CODE`) VALUES
(1, 0, 'group', 'G2'),
(2, 1, 'group', 'G1'),
(3, 1, 'group', 'G3'),
(4, 1, 'group', 'G4'),
(5, 1, 'group', 'G2'),
(9, 1, 'user', 'U1');

-- --------------------------------------------------------

--
-- Структура таблицы `b_user_access_check`
--

CREATE TABLE `b_user_access_check` (
  `USER_ID` int(11) DEFAULT NULL,
  `PROVIDER_ID` varchar(50) COLLATE utf8_unicode_ci DEFAULT NULL
) ENGINE=InnoDB DEFAULT CHARSET=utf8 COLLATE=utf8_unicode_ci;

-- --------------------------------------------------------

--
-- Структура таблицы `b_user_auth_action`
--

CREATE TABLE `b_user_auth_action` (
  `ID` int(11) NOT NULL,
  `USER_ID` int(11) NOT NULL,
  `PRIORITY` int(11) NOT NULL DEFAULT '100',
  `ACTION` varchar(20) COLLATE utf8_unicode_ci DEFAULT NULL,
  `ACTION_DATE` datetime NOT NULL,
  `APPLICATION_ID` varchar(255) COLLATE utf8_unicode_ci DEFAULT NULL
) ENGINE=InnoDB DEFAULT CHARSET=utf8 COLLATE=utf8_unicode_ci;

-- --------------------------------------------------------

--
-- Структура таблицы `b_user_auth_code`
--

CREATE TABLE `b_user_auth_code` (
  `USER_ID` int(11) NOT NULL,
  `CODE_TYPE` varchar(20) COLLATE utf8_unicode_ci NOT NULL DEFAULT 'email',
  `OTP_SECRET` text COLLATE utf8_unicode_ci,
  `ATTEMPTS` int(11) DEFAULT '0',
  `DATE_SENT` datetime DEFAULT NULL,
  `DATE_RESENT` datetime DEFAULT NULL
) ENGINE=InnoDB DEFAULT CHARSET=utf8 COLLATE=utf8_unicode_ci;

-- --------------------------------------------------------

--
-- Структура таблицы `b_user_counter`
--

CREATE TABLE `b_user_counter` (
  `USER_ID` int(11) NOT NULL,
  `SITE_ID` char(2) COLLATE utf8_unicode_ci NOT NULL DEFAULT '**',
  `CODE` varchar(50) COLLATE utf8_unicode_ci NOT NULL,
  `CNT` int(11) NOT NULL DEFAULT '0',
  `LAST_DATE` datetime DEFAULT NULL,
  `TIMESTAMP_X` datetime NOT NULL DEFAULT '3000-01-01 00:00:00',
  `TAG` varchar(255) COLLATE utf8_unicode_ci DEFAULT NULL,
  `PARAMS` text COLLATE utf8_unicode_ci,
  `SENT` char(1) COLLATE utf8_unicode_ci DEFAULT '0'
) ENGINE=InnoDB DEFAULT CHARSET=utf8 COLLATE=utf8_unicode_ci;

-- --------------------------------------------------------

--
-- Структура таблицы `b_user_digest`
--

CREATE TABLE `b_user_digest` (
  `USER_ID` int(11) NOT NULL,
  `DIGEST_HA1` varchar(32) COLLATE utf8_unicode_ci NOT NULL
) ENGINE=InnoDB DEFAULT CHARSET=utf8 COLLATE=utf8_unicode_ci;

-- --------------------------------------------------------

--
-- Структура таблицы `b_user_field`
--

CREATE TABLE `b_user_field` (
  `ID` int(11) NOT NULL,
  `ENTITY_ID` varchar(50) COLLATE utf8_unicode_ci DEFAULT NULL,
  `FIELD_NAME` varchar(50) COLLATE utf8_unicode_ci DEFAULT NULL,
  `USER_TYPE_ID` varchar(50) COLLATE utf8_unicode_ci DEFAULT NULL,
  `XML_ID` varchar(255) COLLATE utf8_unicode_ci DEFAULT NULL,
  `SORT` int(11) DEFAULT NULL,
  `MULTIPLE` char(1) COLLATE utf8_unicode_ci NOT NULL DEFAULT 'N',
  `MANDATORY` char(1) COLLATE utf8_unicode_ci NOT NULL DEFAULT 'N',
  `SHOW_FILTER` char(1) COLLATE utf8_unicode_ci NOT NULL DEFAULT 'N',
  `SHOW_IN_LIST` char(1) COLLATE utf8_unicode_ci NOT NULL DEFAULT 'Y',
  `EDIT_IN_LIST` char(1) COLLATE utf8_unicode_ci NOT NULL DEFAULT 'Y',
  `IS_SEARCHABLE` char(1) COLLATE utf8_unicode_ci NOT NULL DEFAULT 'N',
  `SETTINGS` text COLLATE utf8_unicode_ci
) ENGINE=InnoDB DEFAULT CHARSET=utf8 COLLATE=utf8_unicode_ci;

--
-- Дамп данных таблицы `b_user_field`
--

INSERT INTO `b_user_field` (`ID`, `ENTITY_ID`, `FIELD_NAME`, `USER_TYPE_ID`, `XML_ID`, `SORT`, `MULTIPLE`, `MANDATORY`, `SHOW_FILTER`, `SHOW_IN_LIST`, `EDIT_IN_LIST`, `IS_SEARCHABLE`, `SETTINGS`) VALUES
(1, 'BLOG_POST', 'UF_BLOG_POST_DOC', 'file', 'UF_BLOG_POST_DOC', 100, 'Y', 'N', 'N', 'N', 'Y', 'Y', 'a:0:{}'),
(2, 'BLOG_COMMENT', 'UF_BLOG_COMMENT_DOC', 'file', 'UF_BLOG_COMMENT_DOC', 100, 'Y', 'N', 'N', 'N', 'Y', 'Y', 'a:0:{}'),
(3, 'BLOG_POST', 'UF_BLOG_POST_URL_PRV', 'url_preview', 'UF_BLOG_POST_URL_PRV', 100, 'N', 'N', 'N', 'N', 'Y', 'Y', 'a:0:{}'),
(4, 'BLOG_COMMENT', 'UF_BLOG_COMM_URL_PRV', 'url_preview', 'UF_BLOG_COMM_URL_PRV', 100, 'N', 'N', 'N', 'N', 'Y', 'Y', 'a:0:{}'),
(5, 'BLOG_POST', 'UF_GRATITUDE', 'integer', 'UF_GRATITUDE', 100, 'N', 'N', 'N', 'N', 'Y', 'N', 'a:0:{}'),
(6, 'FORUM_MESSAGE', 'UF_FORUM_MES_URL_PRV', 'url_preview', 'UF_FORUM_MES_URL_PRV', 100, 'N', 'N', 'N', 'N', 'Y', 'N', 'a:0:{}'),
(7, 'FORUM_MESSAGE', 'UF_TASK_COMMENT_TYPE', 'integer', 'UF_TASK_COMMENT_TYPE', 100, 'N', 'N', 'N', 'N', 'Y', 'N', 'a:0:{}'),
(8, 'IBLOCK_3_SECTION', 'UF_CLASS_IMG', 'string', '', 100, 'N', 'N', 'N', 'Y', 'Y', 'N', 'a:6:{s:4:\"SIZE\";i:20;s:4:\"ROWS\";i:1;s:6:\"REGEXP\";s:0:\"\";s:10:\"MIN_LENGTH\";i:0;s:10:\"MAX_LENGTH\";i:0;s:13:\"DEFAULT_VALUE\";s:0:\"\";}'),
(17, 'HLBLOCK_2', 'UF_NAME', 'string', '', 200, 'N', 'Y', 'N', 'Y', 'Y', 'N', 'a:6:{s:4:\"SIZE\";i:20;s:4:\"ROWS\";i:1;s:6:\"REGEXP\";s:0:\"\";s:10:\"MIN_LENGTH\";i:0;s:10:\"MAX_LENGTH\";i:0;s:13:\"DEFAULT_VALUE\";N;}'),
(18, 'HLBLOCK_2', 'UF_SORT', 'integer', '', 300, 'N', 'N', 'N', 'Y', 'Y', 'N', 'a:4:{s:4:\"SIZE\";i:20;s:9:\"MIN_VALUE\";i:0;s:9:\"MAX_VALUE\";i:0;s:13:\"DEFAULT_VALUE\";i:0;}'),
(19, 'HLBLOCK_2', 'UF_XML_ID', 'string', '', 400, 'N', 'Y', 'N', 'Y', 'Y', 'N', 'a:6:{s:4:\"SIZE\";i:20;s:4:\"ROWS\";i:1;s:6:\"REGEXP\";s:0:\"\";s:10:\"MIN_LENGTH\";i:0;s:10:\"MAX_LENGTH\";i:0;s:13:\"DEFAULT_VALUE\";N;}'),
(20, 'HLBLOCK_2', 'UF_LINK', 'string', '', 500, 'N', 'N', 'N', 'Y', 'Y', 'N', 'a:6:{s:4:\"SIZE\";i:20;s:4:\"ROWS\";i:1;s:6:\"REGEXP\";s:0:\"\";s:10:\"MIN_LENGTH\";i:0;s:10:\"MAX_LENGTH\";i:0;s:13:\"DEFAULT_VALUE\";N;}'),
(21, 'HLBLOCK_2', 'UF_DESCRIPTION', 'string', '', 600, 'N', 'N', 'N', 'Y', 'Y', 'N', 'a:6:{s:4:\"SIZE\";i:20;s:4:\"ROWS\";i:1;s:6:\"REGEXP\";s:0:\"\";s:10:\"MIN_LENGTH\";i:0;s:10:\"MAX_LENGTH\";i:0;s:13:\"DEFAULT_VALUE\";N;}'),
(22, 'HLBLOCK_2', 'UF_FULL_DESCRIPTION', 'string', '', 700, 'N', 'N', 'N', 'Y', 'Y', 'N', 'a:6:{s:4:\"SIZE\";i:20;s:4:\"ROWS\";i:1;s:6:\"REGEXP\";s:0:\"\";s:10:\"MIN_LENGTH\";i:0;s:10:\"MAX_LENGTH\";i:0;s:13:\"DEFAULT_VALUE\";N;}'),
(23, 'HLBLOCK_2', 'UF_DEF', 'boolean', '', 800, 'N', 'N', 'N', 'Y', 'Y', 'N', 'a:4:{s:13:\"DEFAULT_VALUE\";i:0;s:7:\"DISPLAY\";s:8:\"CHECKBOX\";s:5:\"LABEL\";a:2:{i:0;N;i:1;N;}s:14:\"LABEL_CHECKBOX\";N;}'),
(24, 'HLBLOCK_2', 'UF_FILE', 'file', '', 900, 'N', 'N', 'N', 'Y', 'Y', 'N', 'a:7:{s:4:\"SIZE\";i:20;s:10:\"LIST_WIDTH\";i:0;s:11:\"LIST_HEIGHT\";i:0;s:13:\"MAX_SHOW_SIZE\";i:0;s:16:\"MAX_ALLOWED_SIZE\";i:0;s:10:\"EXTENSIONS\";a:0:{}s:12:\"TARGET_BLANK\";s:1:\"Y\";}'),
(25, 'HLBLOCK_3', 'UF_NAME', 'string', '', 200, 'N', 'Y', 'N', 'Y', 'Y', 'N', 'a:6:{s:4:\"SIZE\";i:20;s:4:\"ROWS\";i:1;s:6:\"REGEXP\";s:0:\"\";s:10:\"MIN_LENGTH\";i:0;s:10:\"MAX_LENGTH\";i:0;s:13:\"DEFAULT_VALUE\";N;}'),
(26, 'HLBLOCK_3', 'UF_SORT', 'integer', '', 300, 'N', 'N', 'N', 'Y', 'Y', 'N', 'a:4:{s:4:\"SIZE\";i:20;s:9:\"MIN_VALUE\";i:0;s:9:\"MAX_VALUE\";i:0;s:13:\"DEFAULT_VALUE\";i:0;}'),
(27, 'HLBLOCK_3', 'UF_XML_ID', 'string', '', 400, 'N', 'Y', 'N', 'Y', 'Y', 'N', 'a:6:{s:4:\"SIZE\";i:20;s:4:\"ROWS\";i:1;s:6:\"REGEXP\";s:0:\"\";s:10:\"MIN_LENGTH\";i:0;s:10:\"MAX_LENGTH\";i:0;s:13:\"DEFAULT_VALUE\";N;}'),
(28, 'HLBLOCK_3', 'UF_LINK', 'string', '', 500, 'N', 'N', 'N', 'Y', 'Y', 'N', 'a:6:{s:4:\"SIZE\";i:20;s:4:\"ROWS\";i:1;s:6:\"REGEXP\";s:0:\"\";s:10:\"MIN_LENGTH\";i:0;s:10:\"MAX_LENGTH\";i:0;s:13:\"DEFAULT_VALUE\";N;}'),
(29, 'HLBLOCK_3', 'UF_DESCRIPTION', 'string', '', 600, 'N', 'N', 'N', 'Y', 'Y', 'N', 'a:6:{s:4:\"SIZE\";i:20;s:4:\"ROWS\";i:1;s:6:\"REGEXP\";s:0:\"\";s:10:\"MIN_LENGTH\";i:0;s:10:\"MAX_LENGTH\";i:0;s:13:\"DEFAULT_VALUE\";N;}'),
(30, 'HLBLOCK_3', 'UF_FULL_DESCRIPTION', 'string', '', 700, 'N', 'N', 'N', 'Y', 'Y', 'N', 'a:6:{s:4:\"SIZE\";i:20;s:4:\"ROWS\";i:1;s:6:\"REGEXP\";s:0:\"\";s:10:\"MIN_LENGTH\";i:0;s:10:\"MAX_LENGTH\";i:0;s:13:\"DEFAULT_VALUE\";N;}'),
(31, 'HLBLOCK_3', 'UF_DEF', 'boolean', '', 800, 'N', 'N', 'N', 'Y', 'Y', 'N', 'a:4:{s:13:\"DEFAULT_VALUE\";i:0;s:7:\"DISPLAY\";s:8:\"CHECKBOX\";s:5:\"LABEL\";a:2:{i:0;N;i:1;N;}s:14:\"LABEL_CHECKBOX\";N;}'),
(32, 'HLBLOCK_3', 'UF_FILE', 'file', '', 900, 'N', 'N', 'N', 'Y', 'Y', 'N', 'a:7:{s:4:\"SIZE\";i:20;s:10:\"LIST_WIDTH\";i:0;s:11:\"LIST_HEIGHT\";i:0;s:13:\"MAX_SHOW_SIZE\";i:0;s:16:\"MAX_ALLOWED_SIZE\";i:0;s:10:\"EXTENSIONS\";a:0:{}s:12:\"TARGET_BLANK\";s:1:\"Y\";}');

-- --------------------------------------------------------

--
-- Структура таблицы `b_user_field_confirm`
--

CREATE TABLE `b_user_field_confirm` (
  `ID` int(11) NOT NULL,
  `USER_ID` int(11) NOT NULL,
  `DATE_CHANGE` timestamp NULL DEFAULT NULL,
  `FIELD` varchar(255) COLLATE utf8_unicode_ci NOT NULL,
  `FIELD_VALUE` varchar(255) COLLATE utf8_unicode_ci NOT NULL,
  `CONFIRM_CODE` varchar(32) COLLATE utf8_unicode_ci NOT NULL,
  `ATTEMPTS` int(11) DEFAULT '0'
) ENGINE=InnoDB DEFAULT CHARSET=utf8 COLLATE=utf8_unicode_ci;

-- --------------------------------------------------------

--
-- Структура таблицы `b_user_field_enum`
--

CREATE TABLE `b_user_field_enum` (
  `ID` int(11) NOT NULL,
  `USER_FIELD_ID` int(11) DEFAULT NULL,
  `VALUE` varchar(255) COLLATE utf8_unicode_ci NOT NULL,
  `DEF` char(1) COLLATE utf8_unicode_ci NOT NULL DEFAULT 'N',
  `SORT` int(11) NOT NULL DEFAULT '500',
  `XML_ID` varchar(255) COLLATE utf8_unicode_ci NOT NULL
) ENGINE=InnoDB DEFAULT CHARSET=utf8 COLLATE=utf8_unicode_ci;

-- --------------------------------------------------------

--
-- Структура таблицы `b_user_field_lang`
--

CREATE TABLE `b_user_field_lang` (
  `USER_FIELD_ID` int(11) NOT NULL,
  `LANGUAGE_ID` char(2) COLLATE utf8_unicode_ci NOT NULL,
  `EDIT_FORM_LABEL` varchar(255) COLLATE utf8_unicode_ci DEFAULT NULL,
  `LIST_COLUMN_LABEL` varchar(255) COLLATE utf8_unicode_ci DEFAULT NULL,
  `LIST_FILTER_LABEL` varchar(255) COLLATE utf8_unicode_ci DEFAULT NULL,
  `ERROR_MESSAGE` varchar(255) COLLATE utf8_unicode_ci DEFAULT NULL,
  `HELP_MESSAGE` varchar(255) COLLATE utf8_unicode_ci DEFAULT NULL
) ENGINE=InnoDB DEFAULT CHARSET=utf8 COLLATE=utf8_unicode_ci;

--
-- Дамп данных таблицы `b_user_field_lang`
--

INSERT INTO `b_user_field_lang` (`USER_FIELD_ID`, `LANGUAGE_ID`, `EDIT_FORM_LABEL`, `LIST_COLUMN_LABEL`, `LIST_FILTER_LABEL`, `ERROR_MESSAGE`, `HELP_MESSAGE`) VALUES
(8, 'en', '', '', '', '', ''),
(8, 'ru', 'Класс для дива', '', '', '', ''),
(17, 'ru', 'Название', 'Название', 'Название', NULL, NULL),
(18, 'ru', 'Сортировка', 'Сортировка', 'Сортировка', NULL, NULL),
(19, 'ru', 'Внешний код', 'Внешний код', 'Внешний код', NULL, NULL),
(20, 'ru', 'Ссылка', 'Ссылка', 'Ссылка', NULL, NULL),
(21, 'ru', 'Описание', 'Описание', 'Описание', NULL, NULL),
(22, 'ru', 'Полное описание', 'Полное описание', 'Полное описание', NULL, NULL),
(23, 'ru', 'По умолчанию', 'По умолчанию', 'По умолчанию', NULL, NULL),
(24, 'ru', 'Изображение', 'Изображение', 'Изображение', NULL, NULL),
(25, 'ru', 'Название', 'Название', 'Название', NULL, NULL),
(26, 'ru', 'Сортировка', 'Сортировка', 'Сортировка', NULL, NULL),
(27, 'ru', 'Внешний код', 'Внешний код', 'Внешний код', NULL, NULL),
(28, 'ru', 'Ссылка', 'Ссылка', 'Ссылка', NULL, NULL),
(29, 'ru', 'Описание', 'Описание', 'Описание', NULL, NULL),
(30, 'ru', 'Полное описание', 'Полное описание', 'Полное описание', NULL, NULL),
(31, 'ru', 'По умолчанию', 'По умолчанию', 'По умолчанию', NULL, NULL),
(32, 'ru', 'Изображение', 'Изображение', 'Изображение', NULL, NULL);

-- --------------------------------------------------------

--
-- Структура таблицы `b_user_field_permission`
--

CREATE TABLE `b_user_field_permission` (
  `ID` int(10) UNSIGNED NOT NULL,
  `ENTITY_TYPE_ID` tinyint(3) UNSIGNED NOT NULL,
  `USER_FIELD_ID` int(10) UNSIGNED NOT NULL,
  `ACCESS_CODE` varchar(8) COLLATE utf8_unicode_ci NOT NULL,
  `PERMISSION_ID` varchar(32) COLLATE utf8_unicode_ci NOT NULL,
  `VALUE` tinyint(3) UNSIGNED NOT NULL
) ENGINE=InnoDB DEFAULT CHARSET=utf8 COLLATE=utf8_unicode_ci;

-- --------------------------------------------------------

--
-- Структура таблицы `b_user_group`
--

CREATE TABLE `b_user_group` (
  `USER_ID` int(11) NOT NULL,
  `GROUP_ID` int(11) NOT NULL,
  `DATE_ACTIVE_FROM` datetime DEFAULT NULL,
  `DATE_ACTIVE_TO` datetime DEFAULT NULL
) ENGINE=InnoDB DEFAULT CHARSET=utf8 COLLATE=utf8_unicode_ci;

--
-- Дамп данных таблицы `b_user_group`
--

INSERT INTO `b_user_group` (`USER_ID`, `GROUP_ID`, `DATE_ACTIVE_FROM`, `DATE_ACTIVE_TO`) VALUES
(1, 1, NULL, NULL),
(1, 3, NULL, NULL),
(1, 4, NULL, NULL);

-- --------------------------------------------------------

--
-- Структура таблицы `b_user_hit_auth`
--

CREATE TABLE `b_user_hit_auth` (
  `ID` int(11) NOT NULL,
  `USER_ID` int(11) NOT NULL,
  `HASH` varchar(32) COLLATE utf8_unicode_ci NOT NULL,
  `URL` varchar(255) COLLATE utf8_unicode_ci NOT NULL,
  `SITE_ID` char(2) COLLATE utf8_unicode_ci DEFAULT NULL,
  `TIMESTAMP_X` timestamp NULL DEFAULT NULL,
  `VALID_UNTIL` datetime DEFAULT NULL
) ENGINE=InnoDB DEFAULT CHARSET=utf8 COLLATE=utf8_unicode_ci;

-- --------------------------------------------------------

--
-- Структура таблицы `b_user_index`
--

CREATE TABLE `b_user_index` (
  `USER_ID` int(11) NOT NULL,
  `SEARCH_USER_CONTENT` text COLLATE utf8_unicode_ci,
  `SEARCH_DEPARTMENT_CONTENT` text COLLATE utf8_unicode_ci,
  `SEARCH_ADMIN_CONTENT` text COLLATE utf8_unicode_ci,
  `NAME` varchar(50) COLLATE utf8_unicode_ci DEFAULT NULL,
  `LAST_NAME` varchar(50) COLLATE utf8_unicode_ci DEFAULT NULL,
  `SECOND_NAME` varchar(50) COLLATE utf8_unicode_ci DEFAULT NULL,
  `WORK_POSITION` varchar(255) COLLATE utf8_unicode_ci DEFAULT NULL,
  `UF_DEPARTMENT_NAME` varchar(255) COLLATE utf8_unicode_ci DEFAULT NULL
) ENGINE=InnoDB DEFAULT CHARSET=utf8 COLLATE=utf8_unicode_ci;

--
-- Дамп данных таблицы `b_user_index`
--

INSERT INTO `b_user_index` (`USER_ID`, `SEARCH_USER_CONTENT`, `SEARCH_DEPARTMENT_CONTENT`, `SEARCH_ADMIN_CONTENT`, `NAME`, `LAST_NAME`, `SECOND_NAME`, `WORK_POSITION`, `UF_DEPARTMENT_NAME`) VALUES
(1, '001', '', '001 grfg grfg@grfg.eh nqzva', '', '', '', '', '');

-- --------------------------------------------------------

--
-- Структура таблицы `b_user_option`
--

CREATE TABLE `b_user_option` (
  `ID` int(11) NOT NULL,
  `USER_ID` int(11) NOT NULL,
  `CATEGORY` varchar(50) COLLATE utf8_unicode_ci NOT NULL,
  `NAME` varchar(255) COLLATE utf8_unicode_ci NOT NULL,
  `VALUE` mediumtext COLLATE utf8_unicode_ci,
  `COMMON` char(1) COLLATE utf8_unicode_ci NOT NULL DEFAULT 'N'
) ENGINE=InnoDB DEFAULT CHARSET=utf8 COLLATE=utf8_unicode_ci;

--
-- Дамп данных таблицы `b_user_option`
--

INSERT INTO `b_user_option` (`ID`, `USER_ID`, `CATEGORY`, `NAME`, `VALUE`, `COMMON`) VALUES
(1, 0, 'intranet', '~gadgets_admin_index', 'a:1:{i:0;a:1:{s:7:\"GADGETS\";a:8:{s:20:\"ADMIN_INFO@333333333\";a:3:{s:6:\"COLUMN\";i:0;s:3:\"ROW\";i:0;s:4:\"HIDE\";s:1:\"N\";}s:19:\"HTML_AREA@444444444\";a:5:{s:6:\"COLUMN\";i:0;s:3:\"ROW\";i:1;s:4:\"HIDE\";s:1:\"N\";s:8:\"USERDATA\";a:1:{s:7:\"content\";s:797:\"<table class=\"bx-gadgets-info-site-table\" cellspacing=\"0\"><tr>	<td class=\"bx-gadget-gray\">Создатель сайта:</td>	<td>Группа компаний &laquo;1С-Битрикс&raquo;.</td>	<td class=\"bx-gadgets-info-site-logo\" rowspan=\"5\"><img src=\"/bitrix/components/bitrix/desktop/templates/admin/images/site_logo.png\"></td></tr><tr>	<td class=\"bx-gadget-gray\">Адрес сайта:</td>	<td><a href=\"http://www.1c-bitrix.ru\">www.1c-bitrix.ru</a></td></tr><tr>	<td class=\"bx-gadget-gray\">Сайт сдан:</td>	<td>12 декабря 2010 г.</td></tr><tr>	<td class=\"bx-gadget-gray\">Ответственное лицо:</td>	<td>Иван Иванов</td></tr><tr>	<td class=\"bx-gadget-gray\">E-mail:</td>	<td><a href=\"mailto:info@1c-bitrix.ru\">info@1c-bitrix.ru</a></td></tr></table>\";}s:8:\"SETTINGS\";a:1:{s:9:\"TITLE_STD\";s:34:\"Информация о сайте\";}}s:25:\"ADMIN_CHECKLIST@777888999\";a:3:{s:6:\"COLUMN\";i:0;s:3:\"ROW\";i:2;s:4:\"HIDE\";s:1:\"N\";}s:19:\"RSSREADER@777777777\";a:4:{s:6:\"COLUMN\";i:1;s:3:\"ROW\";i:3;s:4:\"HIDE\";s:1:\"N\";s:8:\"SETTINGS\";a:3:{s:9:\"TITLE_STD\";s:33:\"Новости 1С-Битрикс\";s:3:\"CNT\";i:10;s:7:\"RSS_URL\";s:45:\"https://www.1c-bitrix.ru/about/life/news/rss/\";}}s:24:\"ADMIN_SECURITY@555555555\";a:3:{s:6:\"COLUMN\";i:1;s:3:\"ROW\";i:0;s:4:\"HIDE\";s:1:\"N\";}s:25:\"ADMIN_SITESPEED@666666777\";a:3:{s:6:\"COLUMN\";i:1;s:3:\"ROW\";i:1;s:4:\"HIDE\";s:1:\"N\";}s:23:\"ADMIN_PERFMON@666666666\";a:3:{s:6:\"COLUMN\";i:1;s:3:\"ROW\";i:2;s:4:\"HIDE\";s:1:\"N\";}s:23:\"ADMIN_MARKETPALCE@22549\";a:3:{s:6:\"COLUMN\";i:1;s:3:\"ROW\";i:3;s:4:\"HIDE\";s:1:\"N\";}}}}', 'Y'),
(2, 0, 'global', 'settings', 'a:2:{s:18:\"start_menu_preload\";s:1:\"Y\";s:16:\"start_menu_title\";s:1:\"N\";}', 'Y'),
(3, 0, 'intranet', '~gadgets_holder1', 'a:1:{s:7:\"GADGETS\";a:5:{s:15:\"RSSREADER@12333\";a:5:{s:6:\"COLUMN\";i:0;s:3:\"ROW\";i:0;s:8:\"USERDATA\";N;s:4:\"HIDE\";s:1:\"N\";s:8:\"SETTINGS\";a:2:{s:3:\"CNT\";s:2:\"10\";s:7:\"RSS_URL\";s:44:\"http://www.1c-bitrix.ru/about/life/news/rss/\";}}s:15:\"HTML_AREA@24648\";a:4:{s:6:\"COLUMN\";i:1;s:3:\"ROW\";i:0;s:8:\"USERDATA\";N;s:4:\"HIDE\";s:1:\"N\";}s:15:\"FAVORITES@20837\";a:4:{s:6:\"COLUMN\";i:1;s:3:\"ROW\";i:1;s:8:\"USERDATA\";a:1:{s:5:\"LINKS\";a:1:{i:0;a:2:{s:4:\"NAME\";s:0:\"\";s:3:\"URL\";s:24:\"http://www.1c-bitrix.ru/\";}}}s:4:\"HIDE\";s:1:\"N\";}s:12:\"PROBKI@28450\";a:4:{s:6:\"COLUMN\";i:2;s:3:\"ROW\";i:0;s:8:\"USERDATA\";N;s:4:\"HIDE\";s:1:\"N\";}s:13:\"WEATHER@23987\";a:4:{s:6:\"COLUMN\";i:2;s:3:\"ROW\";i:1;s:8:\"USERDATA\";N;s:4:\"HIDE\";s:1:\"N\";}}}', 'Y'),
(4, 1, 'admin_panel', 'settings', 'a:2:{s:4:\"edit\";s:3:\"off\";s:9:\"collapsed\";s:2:\"on\";}', 'N'),
(5, 1, 'hot_keys', 'user_defined', 'b:1;', 'N'),
(7, 1, 'favorite', 'favorite_menu', 'a:1:{s:5:\"stick\";s:1:\"N\";}', 'N'),
(9, 1, 'admin_menu', 'pos', 'a:3:{s:8:\"sections\";s:568:\"menu_system,menu_site,menu_iblock_%2Fverter%2F1,menu_util,menu_iblock_%2Fverter%2F8,menu_iblock_%2Fverter%2F9,menu_fileman_site_s1_,menu_iblock_%2Fverter%2F4,menu_iblock_%2Fverter%2F5,menu_iblock_%2Fverter%2F6,diag,iblock_admin,menu_iblock,menu_highloadblock,iblock_redirect,menu_iblock_/showroom,menu_iblock_/verter,menu_fileman,menu_iblock_/products,interface,menu_templates,menu_perfmon,menu_perfmon_index_list,menu_iblock_%2Fproducts%2F13,menu_iblock_%2Fproducts%2F12,menu_iblock_%2Fverter%2F2,menu_module_settings,menu_iblock_%2Fproducts%2F15,urlrewrite,menu_lang\";s:3:\"ver\";s:2:\"on\";s:5:\"width\";s:3:\"403\";}', 'N'),
(10, 1, 'fileman', 'code_editor', 'a:1:{s:5:\"theme\";s:5:\"light\";}', 'N'),
(13, 1, 'main.interface.grid', 'tbl_iblock_admin_33ac2135d915e9ab65e64f2972b61fb1', 'a:3:{s:5:\"views\";a:1:{s:7:\"default\";a:3:{s:7:\"columns\";s:0:\"\";s:13:\"columns_sizes\";a:2:{s:6:\"expand\";i:1;s:7:\"columns\";a:0:{}}s:15:\"sticked_columns\";a:0:{}}}s:7:\"filters\";a:0:{}s:12:\"current_view\";s:7:\"default\";}', 'N'),
(14, 1, 'main.interface.grid', 'tbl_iblock_33ac2135d915e9ab65e64f2972b61fb1', 'a:3:{s:5:\"views\";a:1:{s:7:\"default\";a:3:{s:7:\"columns\";s:0:\"\";s:13:\"columns_sizes\";a:2:{s:6:\"expand\";i:1;s:7:\"columns\";a:0:{}}s:15:\"sticked_columns\";a:0:{}}}s:7:\"filters\";a:0:{}s:12:\"current_view\";s:7:\"default\";}', 'N'),
(15, 1, 'main.ui.filter', 'tbl_iblock_section_493b24e1daada578d1e7536a96906ca8', 'a:6:{s:14:\"use_pin_preset\";b:1;s:15:\"deleted_presets\";a:0:{}s:15:\"default_presets\";a:0:{}s:7:\"default\";s:14:\"default_filter\";s:6:\"filter\";s:14:\"default_filter\";s:7:\"filters\";a:1:{s:10:\"tmp_filter\";a:2:{s:6:\"fields\";a:1:{s:10:\"SECTION_ID\";s:1:\"0\";}s:11:\"filter_rows\";s:10:\"SECTION_ID\";}}}', 'N'),
(21, 1, 'main.interface.grid', 'tbl_iblock_section_493b24e1daada578d1e7536a96906ca8', 'a:3:{s:5:\"views\";a:1:{s:7:\"default\";a:3:{s:7:\"columns\";s:0:\"\";s:13:\"columns_sizes\";a:2:{s:6:\"expand\";i:1;s:7:\"columns\";a:0:{}}s:15:\"sticked_columns\";a:0:{}}}s:7:\"filters\";a:0:{}s:12:\"current_view\";s:7:\"default\";}', 'N'),
(22, 1, 'main.ui.filter', 'tbl_iblock_element_493b24e1daada578d1e7536a96906ca8', 'a:6:{s:14:\"use_pin_preset\";b:1;s:15:\"deleted_presets\";a:0:{}s:15:\"default_presets\";a:0:{}s:7:\"default\";s:14:\"default_filter\";s:6:\"filter\";s:14:\"default_filter\";s:7:\"filters\";a:1:{s:14:\"default_filter\";a:0:{}}}', 'N'),
(27, 1, 'main.interface.grid', 'tbl_iblock_element_493b24e1daada578d1e7536a96906ca8', 'a:3:{s:5:\"views\";a:1:{s:7:\"default\";a:3:{s:7:\"columns\";s:0:\"\";s:13:\"columns_sizes\";a:2:{s:6:\"expand\";i:1;s:7:\"columns\";a:0:{}}s:15:\"sticked_columns\";a:0:{}}}s:7:\"filters\";a:0:{}s:12:\"current_view\";s:7:\"default\";}', 'N'),
(28, 1, 'form', 'form_element_1', 'a:1:{s:4:\"tabs\";s:326:\"edit1--#--Элемент--,--ID--#--ID--,--ACTIVE--#--Активность--,--NAME--#--*Название--,--IBLOCK_ELEMENT_PROP_VALUE--#----Значения свойств--,--PROPERTY_2--#--ВК--,--PROPERTY_1--#--Дзен--,--PROPERTY_3--#--Телеграмм--,--PREVIEW_TEXT--#--Описание для анонса--;--\";}', 'N'),
(29, 0, 'form', 'form_element_1', 'a:1:{s:4:\"tabs\";s:326:\"edit1--#--Элемент--,--ID--#--ID--,--ACTIVE--#--Активность--,--NAME--#--*Название--,--IBLOCK_ELEMENT_PROP_VALUE--#----Значения свойств--,--PROPERTY_2--#--ВК--,--PROPERTY_1--#--Дзен--,--PROPERTY_3--#--Телеграмм--,--PREVIEW_TEXT--#--Описание для анонса--;--\";}', 'Y'),
(44, 1, 'html_editor', 'user_settings_', 'a:2:{s:13:\"taskbar_shown\";s:1:\"0\";s:13:\"taskbar_width\";s:2:\"20\";}', 'N'),
(48, 1, 'main.ui.filter', 'tbl_iblock_section_bb38463d4a03f275ece6b9246f24cb57', 'a:6:{s:14:\"use_pin_preset\";b:1;s:15:\"deleted_presets\";a:0:{}s:15:\"default_presets\";a:0:{}s:7:\"default\";s:14:\"default_filter\";s:6:\"filter\";s:14:\"default_filter\";s:7:\"filters\";a:1:{s:10:\"tmp_filter\";a:2:{s:6:\"fields\";a:1:{s:10:\"SECTION_ID\";s:1:\"0\";}s:11:\"filter_rows\";s:10:\"SECTION_ID\";}}}', 'N'),
(54, 1, 'main.interface.grid', 'tbl_iblock_section_bb38463d4a03f275ece6b9246f24cb57', 'a:3:{s:5:\"views\";a:1:{s:7:\"default\";a:3:{s:7:\"columns\";s:0:\"\";s:13:\"columns_sizes\";a:2:{s:6:\"expand\";i:1;s:7:\"columns\";a:0:{}}s:15:\"sticked_columns\";a:0:{}}}s:7:\"filters\";a:0:{}s:12:\"current_view\";s:7:\"default\";}', 'N'),
(55, 1, 'main.ui.filter', 'tbl_iblock_element_bb38463d4a03f275ece6b9246f24cb57', 'a:6:{s:14:\"use_pin_preset\";b:1;s:15:\"deleted_presets\";a:0:{}s:15:\"default_presets\";a:0:{}s:7:\"default\";s:14:\"default_filter\";s:6:\"filter\";s:14:\"default_filter\";s:7:\"filters\";a:1:{s:14:\"default_filter\";a:0:{}}}', 'N'),
(60, 1, 'main.interface.grid', 'tbl_iblock_element_bb38463d4a03f275ece6b9246f24cb57', 'a:3:{s:5:\"views\";a:1:{s:7:\"default\";a:3:{s:7:\"columns\";s:0:\"\";s:13:\"columns_sizes\";a:2:{s:6:\"expand\";i:1;s:7:\"columns\";a:0:{}}s:15:\"sticked_columns\";a:0:{}}}s:7:\"filters\";a:0:{}s:12:\"current_view\";s:7:\"default\";}', 'N'),
(61, 1, 'html_editor', 'type_selector_PREVIEW_TEXT2', 'a:1:{s:4:\"type\";s:6:\"editor\";}', 'N'),
(62, 1, 'html_editor', 'type_selector_DETAIL_TEXT2', 'a:1:{s:4:\"type\";s:6:\"editor\";}', 'N'),
(63, 1, 'main.ui.filter', 'tbl_iblock_section_c3fc1a313761760d4b37b5d9a09baf47', 'a:6:{s:14:\"use_pin_preset\";b:1;s:15:\"deleted_presets\";a:0:{}s:15:\"default_presets\";a:0:{}s:7:\"default\";s:14:\"default_filter\";s:6:\"filter\";s:14:\"default_filter\";s:7:\"filters\";a:1:{s:10:\"tmp_filter\";a:2:{s:6:\"fields\";a:1:{s:10:\"SECTION_ID\";s:1:\"0\";}s:11:\"filter_rows\";s:10:\"SECTION_ID\";}}}', 'N'),
(69, 1, 'main.interface.grid', 'tbl_iblock_section_c3fc1a313761760d4b37b5d9a09baf47', 'a:3:{s:5:\"views\";a:1:{s:7:\"default\";a:3:{s:7:\"columns\";s:0:\"\";s:13:\"columns_sizes\";a:2:{s:6:\"expand\";i:1;s:7:\"columns\";a:0:{}}s:15:\"sticked_columns\";a:0:{}}}s:7:\"filters\";a:0:{}s:12:\"current_view\";s:7:\"default\";}', 'N'),
(134, 1, 'main.ui.filter', 'tbl_iblock_section_ba23b1bec52d7768cfbcad99718a7ab9', 'a:6:{s:14:\"use_pin_preset\";b:1;s:15:\"deleted_presets\";a:0:{}s:15:\"default_presets\";a:0:{}s:7:\"default\";s:14:\"default_filter\";s:6:\"filter\";s:14:\"default_filter\";s:7:\"filters\";a:1:{s:10:\"tmp_filter\";a:2:{s:6:\"fields\";a:1:{s:10:\"SECTION_ID\";s:1:\"0\";}s:11:\"filter_rows\";s:10:\"SECTION_ID\";}}}', 'N'),
(140, 1, 'main.interface.grid', 'tbl_iblock_section_ba23b1bec52d7768cfbcad99718a7ab9', 'a:3:{s:5:\"views\";a:1:{s:7:\"default\";a:3:{s:7:\"columns\";s:0:\"\";s:13:\"columns_sizes\";a:2:{s:6:\"expand\";i:1;s:7:\"columns\";a:0:{}}s:15:\"sticked_columns\";a:0:{}}}s:7:\"filters\";a:0:{}s:12:\"current_view\";s:7:\"default\";}', 'N'),
(141, 1, 'main.ui.filter', 'tbl_iblock_element_ba23b1bec52d7768cfbcad99718a7ab9', 'a:6:{s:14:\"use_pin_preset\";b:1;s:15:\"deleted_presets\";a:0:{}s:15:\"default_presets\";a:0:{}s:7:\"default\";s:14:\"default_filter\";s:6:\"filter\";s:14:\"default_filter\";s:7:\"filters\";a:1:{s:14:\"default_filter\";a:0:{}}}', 'N'),
(146, 1, 'main.interface.grid', 'tbl_iblock_element_ba23b1bec52d7768cfbcad99718a7ab9', 'a:3:{s:5:\"views\";a:1:{s:7:\"default\";a:3:{s:7:\"columns\";s:0:\"\";s:13:\"columns_sizes\";a:2:{s:6:\"expand\";i:1;s:7:\"columns\";a:0:{}}s:15:\"sticked_columns\";a:0:{}}}s:7:\"filters\";a:0:{}s:12:\"current_view\";s:7:\"default\";}', 'N'),
(147, 1, 'form', 'form_element_4', 'a:1:{s:4:\"tabs\";s:205:\"edit1--#--Элемент--,--ID--#--ID--,--SORT--#--Сортировка--,--ACTIVE--#--Активность--,--NAME--#--*Название--,--PREVIEW_PICTURE--#--Картинка для анонса--;--\";}', 'N'),
(148, 0, 'form', 'form_element_4', 'a:1:{s:4:\"tabs\";s:205:\"edit1--#--Элемент--,--ID--#--ID--,--SORT--#--Сортировка--,--ACTIVE--#--Активность--,--NAME--#--*Название--,--PREVIEW_PICTURE--#--Картинка для анонса--;--\";}', 'Y'),
(181, 1, 'main.ui.filter', 'tbl_iblock_element_c3fc1a313761760d4b37b5d9a09baf47', 'a:6:{s:14:\"use_pin_preset\";b:1;s:15:\"deleted_presets\";a:0:{}s:15:\"default_presets\";a:0:{}s:7:\"default\";s:14:\"default_filter\";s:6:\"filter\";s:14:\"default_filter\";s:7:\"filters\";a:2:{s:10:\"tmp_filter\";a:2:{s:6:\"fields\";a:1:{s:10:\"SECTION_ID\";s:1:\"3\";}s:11:\"filter_rows\";s:10:\"SECTION_ID\";}s:14:\"default_filter\";a:0:{}}}', 'N'),
(186, 1, 'main.interface.grid', 'tbl_iblock_element_c3fc1a313761760d4b37b5d9a09baf47', 'a:3:{s:5:\"views\";a:1:{s:7:\"default\";a:5:{s:7:\"columns\";s:0:\"\";s:13:\"columns_sizes\";a:2:{s:6:\"expand\";i:1;s:7:\"columns\";a:0:{}}s:15:\"sticked_columns\";a:0:{}s:12:\"last_sort_by\";s:4:\"sort\";s:15:\"last_sort_order\";s:3:\"asc\";}}s:7:\"filters\";a:0:{}s:12:\"current_view\";s:7:\"default\";}', 'N'),
(222, 1, 'form', 'form_element_3', 'a:1:{s:4:\"tabs\";s:364:\"edit1--#--Элемент--,--ID--#--ID--,--ACTIVE--#--Активность--,--SORT--#--Сортировка--,--NAME--#--*Название--,--CODE--#--*Символьный код--,--PREVIEW_TEXT--#--Описание для анонса--,--PREVIEW_PICTURE--#--Картинка для анонса--,--DETAIL_PICTURE--#--Детальная картинка--;--\";}', 'N'),
(223, 0, 'form', 'form_element_3', 'a:1:{s:4:\"tabs\";s:364:\"edit1--#--Элемент--,--ID--#--ID--,--ACTIVE--#--Активность--,--SORT--#--Сортировка--,--NAME--#--*Название--,--CODE--#--*Символьный код--,--PREVIEW_TEXT--#--Описание для анонса--,--PREVIEW_PICTURE--#--Картинка для анонса--,--DETAIL_PICTURE--#--Детальная картинка--;--\";}', 'Y'),
(237, 1, 'main.ui.filter', 'tbl_iblock_section_fabe18cca336f770d661b3996b665428', 'a:6:{s:14:\"use_pin_preset\";b:1;s:15:\"deleted_presets\";a:0:{}s:15:\"default_presets\";a:0:{}s:7:\"default\";s:14:\"default_filter\";s:6:\"filter\";s:14:\"default_filter\";s:7:\"filters\";a:1:{s:10:\"tmp_filter\";a:2:{s:6:\"fields\";a:1:{s:10:\"SECTION_ID\";s:1:\"0\";}s:11:\"filter_rows\";s:10:\"SECTION_ID\";}}}', 'N'),
(243, 1, 'main.interface.grid', 'tbl_iblock_section_fabe18cca336f770d661b3996b665428', 'a:3:{s:5:\"views\";a:1:{s:7:\"default\";a:3:{s:7:\"columns\";s:0:\"\";s:13:\"columns_sizes\";a:2:{s:6:\"expand\";i:1;s:7:\"columns\";a:0:{}}s:15:\"sticked_columns\";a:0:{}}}s:7:\"filters\";a:0:{}s:12:\"current_view\";s:7:\"default\";}', 'N'),
(244, 1, 'main.ui.filter', 'tbl_iblock_element_fabe18cca336f770d661b3996b665428', 'a:6:{s:14:\"use_pin_preset\";b:1;s:15:\"deleted_presets\";a:0:{}s:15:\"default_presets\";a:0:{}s:7:\"default\";s:14:\"default_filter\";s:6:\"filter\";s:14:\"default_filter\";s:7:\"filters\";a:1:{s:14:\"default_filter\";a:0:{}}}', 'N'),
(249, 1, 'main.interface.grid', 'tbl_iblock_element_fabe18cca336f770d661b3996b665428', 'a:3:{s:5:\"views\";a:1:{s:7:\"default\";a:3:{s:7:\"columns\";s:0:\"\";s:13:\"columns_sizes\";a:2:{s:6:\"expand\";i:1;s:7:\"columns\";a:0:{}}s:15:\"sticked_columns\";a:0:{}}}s:7:\"filters\";a:0:{}s:12:\"current_view\";s:7:\"default\";}', 'N'),
(250, 1, 'form', 'form_element_5', 'a:1:{s:4:\"tabs\";s:503:\"edit1--#--Элемент--,--ID--#--ID--,--ACTIVE--#--Активность--,--NAME--#--*Название--,--CODE--#--*Символьный код--,--SORT--#--Сортировка--,--IBLOCK_ELEMENT_PROP_VALUE--#----Значения свойств--,--PREVIEW_PICTURE--#--Картинка для анонса--,--PREVIEW_TEXT--#--Описание для анонса--,--PROPERTY_7--#--Лого--,--PROPERTY_5--#--Реализация работы--,--PROPERTY_6--#--Скорость работы--;--\";}', 'N'),
(251, 0, 'form', 'form_element_5', 'a:1:{s:4:\"tabs\";s:503:\"edit1--#--Элемент--,--ID--#--ID--,--ACTIVE--#--Активность--,--NAME--#--*Название--,--CODE--#--*Символьный код--,--SORT--#--Сортировка--,--IBLOCK_ELEMENT_PROP_VALUE--#----Значения свойств--,--PREVIEW_PICTURE--#--Картинка для анонса--,--PREVIEW_TEXT--#--Описание для анонса--,--PROPERTY_7--#--Лого--,--PROPERTY_5--#--Реализация работы--,--PROPERTY_6--#--Скорость работы--;--\";}', 'Y'),
(252, 1, 'main.ui.filter', 'tbl_iblock_section_bdb29326a117e08237d51941e8dd2074', 'a:6:{s:14:\"use_pin_preset\";b:1;s:15:\"deleted_presets\";a:0:{}s:15:\"default_presets\";a:0:{}s:7:\"default\";s:14:\"default_filter\";s:6:\"filter\";s:14:\"default_filter\";s:7:\"filters\";a:1:{s:10:\"tmp_filter\";a:2:{s:6:\"fields\";a:1:{s:10:\"SECTION_ID\";s:1:\"0\";}s:11:\"filter_rows\";s:10:\"SECTION_ID\";}}}', 'N'),
(258, 1, 'main.interface.grid', 'tbl_iblock_section_bdb29326a117e08237d51941e8dd2074', 'a:3:{s:5:\"views\";a:1:{s:7:\"default\";a:3:{s:7:\"columns\";s:0:\"\";s:13:\"columns_sizes\";a:2:{s:6:\"expand\";i:1;s:7:\"columns\";a:0:{}}s:15:\"sticked_columns\";a:0:{}}}s:7:\"filters\";a:0:{}s:12:\"current_view\";s:7:\"default\";}', 'N'),
(259, 1, 'main.ui.filter', 'tbl_iblock_element_bdb29326a117e08237d51941e8dd2074', 'a:6:{s:14:\"use_pin_preset\";b:1;s:15:\"deleted_presets\";a:0:{}s:15:\"default_presets\";a:0:{}s:7:\"default\";s:14:\"default_filter\";s:6:\"filter\";s:14:\"default_filter\";s:7:\"filters\";a:1:{s:14:\"default_filter\";a:0:{}}}', 'N'),
(264, 1, 'main.interface.grid', 'tbl_iblock_element_bdb29326a117e08237d51941e8dd2074', 'a:3:{s:5:\"views\";a:1:{s:7:\"default\";a:3:{s:7:\"columns\";s:0:\"\";s:13:\"columns_sizes\";a:2:{s:6:\"expand\";i:1;s:7:\"columns\";a:0:{}}s:15:\"sticked_columns\";a:0:{}}}s:7:\"filters\";a:0:{}s:12:\"current_view\";s:7:\"default\";}', 'N'),
(276, 1, 'form', 'form_element_6', 'a:1:{s:4:\"tabs\";s:172:\"edit1--#--Элемент--,--ID--#--ID--,--ACTIVE--#--Активность--,--NAME--#--*Название--,--SORT--#--Сортировка--,--PROPERTY_8--#--Лого--;--\";}', 'N'),
(277, 0, 'form', 'form_element_6', 'a:1:{s:4:\"tabs\";s:172:\"edit1--#--Элемент--,--ID--#--ID--,--ACTIVE--#--Активность--,--NAME--#--*Название--,--SORT--#--Сортировка--,--PROPERTY_8--#--Лого--;--\";}', 'Y'),
(295, 1, 'main.ui.filter', 'tbl_iblock_section_9bbcb4205f37ad7b117fe6562101ba2d', 'a:6:{s:14:\"use_pin_preset\";b:1;s:15:\"deleted_presets\";a:0:{}s:15:\"default_presets\";a:0:{}s:7:\"default\";s:14:\"default_filter\";s:6:\"filter\";s:14:\"default_filter\";s:7:\"filters\";a:1:{s:10:\"tmp_filter\";a:2:{s:6:\"fields\";a:1:{s:10:\"SECTION_ID\";s:1:\"0\";}s:11:\"filter_rows\";s:10:\"SECTION_ID\";}}}', 'N'),
(301, 1, 'main.interface.grid', 'tbl_iblock_section_9bbcb4205f37ad7b117fe6562101ba2d', 'a:3:{s:5:\"views\";a:1:{s:7:\"default\";a:5:{s:7:\"columns\";s:0:\"\";s:13:\"columns_sizes\";a:2:{s:6:\"expand\";i:1;s:7:\"columns\";a:0:{}}s:15:\"sticked_columns\";a:0:{}s:12:\"last_sort_by\";s:6:\"active\";s:15:\"last_sort_order\";s:3:\"asc\";}}s:7:\"filters\";a:0:{}s:12:\"current_view\";s:7:\"default\";}', 'N'),
(302, 1, 'main.ui.filter', 'tbl_iblock_element_9bbcb4205f37ad7b117fe6562101ba2d', 'a:6:{s:14:\"use_pin_preset\";b:1;s:15:\"deleted_presets\";a:0:{}s:15:\"default_presets\";a:0:{}s:7:\"default\";s:14:\"default_filter\";s:6:\"filter\";s:14:\"default_filter\";s:7:\"filters\";a:1:{s:14:\"default_filter\";a:0:{}}}', 'N'),
(307, 1, 'main.interface.grid', 'tbl_iblock_element_9bbcb4205f37ad7b117fe6562101ba2d', 'a:3:{s:5:\"views\";a:1:{s:7:\"default\";a:5:{s:7:\"columns\";s:0:\"\";s:13:\"columns_sizes\";a:2:{s:6:\"expand\";i:1;s:7:\"columns\";a:0:{}}s:15:\"sticked_columns\";a:0:{}s:12:\"last_sort_by\";s:4:\"sort\";s:15:\"last_sort_order\";s:3:\"asc\";}}s:7:\"filters\";a:0:{}s:12:\"current_view\";s:7:\"default\";}', 'N'),
(308, 1, 'form', 'form_element_7', 'a:1:{s:4:\"tabs\";s:364:\"edit1--#--Элемент--,--ID--#--ID--,--ACTIVE--#--Активность--,--SORT--#--Сортировка--,--NAME--#--*Название--,--CODE--#--*Символьный код--,--PREVIEW_TEXT--#--Описание для анонса--,--PREVIEW_PICTURE--#--Картинка для анонса--,--DETAIL_PICTURE--#--Детальная картинка--;--\";}', 'N'),
(309, 0, 'form', 'form_element_7', 'a:1:{s:4:\"tabs\";s:364:\"edit1--#--Элемент--,--ID--#--ID--,--ACTIVE--#--Активность--,--SORT--#--Сортировка--,--NAME--#--*Название--,--CODE--#--*Символьный код--,--PREVIEW_TEXT--#--Описание для анонса--,--PREVIEW_PICTURE--#--Картинка для анонса--,--DETAIL_PICTURE--#--Детальная картинка--;--\";}', 'Y'),
(313, 1, 'main.ui.filter', 'tbl_iblock_element_31e5370f9830cb9a755c297f0c7bf148', 'a:6:{s:14:\"use_pin_preset\";b:1;s:15:\"deleted_presets\";a:0:{}s:15:\"default_presets\";a:0:{}s:7:\"default\";s:14:\"default_filter\";s:6:\"filter\";s:14:\"default_filter\";s:7:\"filters\";a:1:{s:14:\"default_filter\";a:0:{}}}', 'N'),
(318, 1, 'main.interface.grid', 'tbl_iblock_element_31e5370f9830cb9a755c297f0c7bf148', 'a:3:{s:5:\"views\";a:1:{s:7:\"default\";a:3:{s:7:\"columns\";s:0:\"\";s:13:\"columns_sizes\";a:2:{s:6:\"expand\";i:1;s:7:\"columns\";a:0:{}}s:15:\"sticked_columns\";a:0:{}}}s:7:\"filters\";a:0:{}s:12:\"current_view\";s:7:\"default\";}', 'N'),
(319, 1, 'form', 'form_element_8', 'a:1:{s:4:\"tabs\";s:202:\"edit1--#--Элемент--,--ID--#--ID--,--ACTIVE--#--Активность--,--NAME--#--*Название--,--SORT--#--Сортировка--,--PREVIEW_TEXT--#--Описание для анонса--;--\";}', 'N'),
(320, 0, 'form', 'form_element_8', 'a:1:{s:4:\"tabs\";s:202:\"edit1--#--Элемент--,--ID--#--ID--,--ACTIVE--#--Активность--,--NAME--#--*Название--,--SORT--#--Сортировка--,--PREVIEW_TEXT--#--Описание для анонса--;--\";}', 'Y'),
(336, 1, 'main.ui.filter', 'tbl_iblock_element_bb78428759dff3494047f1cdf9cff9fc', 'a:6:{s:14:\"use_pin_preset\";b:1;s:15:\"deleted_presets\";a:0:{}s:15:\"default_presets\";a:0:{}s:7:\"default\";s:14:\"default_filter\";s:6:\"filter\";s:14:\"default_filter\";s:7:\"filters\";a:1:{s:14:\"default_filter\";a:0:{}}}', 'N'),
(341, 1, 'main.interface.grid', 'tbl_iblock_element_bb78428759dff3494047f1cdf9cff9fc', 'a:3:{s:5:\"views\";a:1:{s:7:\"default\";a:3:{s:7:\"columns\";s:0:\"\";s:13:\"columns_sizes\";a:2:{s:6:\"expand\";i:1;s:7:\"columns\";a:0:{}}s:15:\"sticked_columns\";a:0:{}}}s:7:\"filters\";a:0:{}s:12:\"current_view\";s:7:\"default\";}', 'N'),
(363, 1, 'main.ui.filter', 'tbl_iblock_section_bb78428759dff3494047f1cdf9cff9fc', 'a:6:{s:14:\"use_pin_preset\";b:1;s:15:\"deleted_presets\";a:0:{}s:15:\"default_presets\";a:0:{}s:7:\"default\";s:14:\"default_filter\";s:6:\"filter\";s:14:\"default_filter\";s:7:\"filters\";a:1:{s:10:\"tmp_filter\";a:2:{s:6:\"fields\";a:1:{s:10:\"SECTION_ID\";s:1:\"0\";}s:11:\"filter_rows\";s:10:\"SECTION_ID\";}}}', 'N'),
(369, 1, 'main.interface.grid', 'tbl_iblock_section_bb78428759dff3494047f1cdf9cff9fc', 'a:3:{s:5:\"views\";a:1:{s:7:\"default\";a:3:{s:7:\"columns\";s:0:\"\";s:13:\"columns_sizes\";a:2:{s:6:\"expand\";i:1;s:7:\"columns\";a:0:{}}s:15:\"sticked_columns\";a:0:{}}}s:7:\"filters\";a:0:{}s:12:\"current_view\";s:7:\"default\";}', 'N'),
(381, 1, 'fileman', 'last_pathes', 's:172:\"a:8:{i:0;s:6:\"/cases\";i:1;s:12:\"/proizvodsto\";i:2;s:9:\"/showroom\";i:3;s:5:\"/auth\";i:4;s:7:\"/bitrix\";i:5;s:21:\"/bitrix/php_interface\";i:6;s:9:\"/personal\";i:7;s:7:\"/search\";}\";', 'N'),
(384, 1, 'checklist', 'autotest_start', 's:1:\"Y\";', 'N'),
(386, 0, 'checklist', 'autotest_start', 's:1:\"Y\";', 'Y'),
(388, 1, 'intranet', '~gadgets_admin_index', 'a:1:{i:0;a:1:{s:7:\"GADGETS\";a:6:{s:20:\"ADMIN_INFO@333333333\";a:3:{s:6:\"COLUMN\";i:0;s:3:\"ROW\";i:0;s:4:\"HIDE\";s:1:\"N\";}s:19:\"HTML_AREA@444444444\";a:5:{s:6:\"COLUMN\";i:0;s:3:\"ROW\";i:1;s:4:\"HIDE\";s:1:\"N\";s:8:\"USERDATA\";a:1:{s:7:\"content\";s:797:\"<table class=\"bx-gadgets-info-site-table\" cellspacing=\"0\"><tr>	<td class=\"bx-gadget-gray\">Создатель сайта:</td>	<td>Группа компаний &laquo;1С-Битрикс&raquo;.</td>	<td class=\"bx-gadgets-info-site-logo\" rowspan=\"5\"><img src=\"/bitrix/components/bitrix/desktop/templates/admin/images/site_logo.png\"></td></tr><tr>	<td class=\"bx-gadget-gray\">Адрес сайта:</td>	<td><a href=\"http://www.1c-bitrix.ru\">www.1c-bitrix.ru</a></td></tr><tr>	<td class=\"bx-gadget-gray\">Сайт сдан:</td>	<td>12 декабря 2010 г.</td></tr><tr>	<td class=\"bx-gadget-gray\">Ответственное лицо:</td>	<td>Иван Иванов</td></tr><tr>	<td class=\"bx-gadget-gray\">E-mail:</td>	<td><a href=\"mailto:info@1c-bitrix.ru\">info@1c-bitrix.ru</a></td></tr></table>\";}s:8:\"SETTINGS\";a:1:{s:9:\"TITLE_STD\";s:34:\"Информация о сайте\";}}s:24:\"ADMIN_SECURITY@555555555\";a:3:{s:6:\"COLUMN\";i:1;s:3:\"ROW\";i:0;s:4:\"HIDE\";s:1:\"N\";}s:23:\"ADMIN_PERFMON@666666666\";a:3:{s:6:\"COLUMN\";i:1;s:3:\"ROW\";i:1;s:4:\"HIDE\";s:1:\"N\";}s:19:\"RSSREADER@777777777\";a:4:{s:6:\"COLUMN\";i:1;s:3:\"ROW\";i:2;s:4:\"HIDE\";s:1:\"N\";s:8:\"SETTINGS\";a:3:{s:9:\"TITLE_STD\";s:33:\"Новости 1С-Битрикс\";s:3:\"CNT\";i:10;s:7:\"RSS_URL\";s:45:\"https://www.1c-bitrix.ru/about/life/news/rss/\";}}s:23:\"ADMIN_MARKETPALCE@22549\";a:3:{s:6:\"COLUMN\";i:1;s:3:\"ROW\";i:3;s:4:\"HIDE\";s:1:\"N\";}}}}', 'N'),
(481, 1, 'main.interface.grid', 'tbl_iblock_admin_c3a59f2cb9b5b5ef18984f23ea69239c', 'a:3:{s:5:\"views\";a:1:{s:7:\"default\";a:3:{s:7:\"columns\";s:0:\"\";s:13:\"columns_sizes\";a:2:{s:6:\"expand\";i:1;s:7:\"columns\";a:0:{}}s:15:\"sticked_columns\";a:0:{}}}s:7:\"filters\";a:0:{}s:12:\"current_view\";s:7:\"default\";}', 'N'),
(561, 1, 'filter', 'element_redirect_filter', 'a:1:{s:4:\"rows\";s:1:\"0\";}', 'N'),
(577, 1, 'main.ui.filter', 'tbl_iblock_list_7ce2219dcd414fe1f525839906068c9f', 'a:6:{s:14:\"use_pin_preset\";b:1;s:15:\"deleted_presets\";a:0:{}s:15:\"default_presets\";a:0:{}s:7:\"default\";s:14:\"default_filter\";s:6:\"filter\";s:14:\"default_filter\";s:7:\"filters\";a:1:{s:10:\"tmp_filter\";a:2:{s:6:\"fields\";a:1:{s:10:\"SECTION_ID\";s:1:\"0\";}s:11:\"filter_rows\";s:10:\"SECTION_ID\";}}}', 'N'),
(582, 1, 'main.interface.grid', 'tbl_iblock_list_7ce2219dcd414fe1f525839906068c9f', 'a:3:{s:5:\"views\";a:1:{s:7:\"default\";a:3:{s:7:\"columns\";s:0:\"\";s:13:\"columns_sizes\";a:2:{s:6:\"expand\";i:1;s:7:\"columns\";a:0:{}}s:15:\"sticked_columns\";a:0:{}}}s:7:\"filters\";a:0:{}s:12:\"current_view\";s:7:\"default\";}', 'N'),
(600, 1, 'bx.windowmanager.9.5', 'options_undefined', 'a:4:{s:3:\"pin\";s:9:\"undefined\";s:3:\"top\";s:5:\"false\";s:4:\"left\";s:5:\"false\";s:9:\"transform\";s:5:\"false\";}', 'N'),
(638, 1, 'main.interface.grid', 'tbl_iblock_c3a59f2cb9b5b5ef18984f23ea69239c', 'a:3:{s:5:\"views\";a:1:{s:7:\"default\";a:3:{s:7:\"columns\";s:0:\"\";s:13:\"columns_sizes\";a:2:{s:6:\"expand\";i:1;s:7:\"columns\";a:0:{}}s:15:\"sticked_columns\";a:0:{}}}s:7:\"filters\";a:0:{}s:12:\"current_view\";s:7:\"default\";}', 'N'),
(641, 1, 'main.ui.filter', 'tbl_iblock_list_2182a068fde06347f0be739fc93203c1', 'a:6:{s:14:\"use_pin_preset\";b:1;s:15:\"deleted_presets\";a:0:{}s:15:\"default_presets\";a:0:{}s:7:\"default\";s:14:\"default_filter\";s:6:\"filter\";s:14:\"default_filter\";s:7:\"filters\";a:1:{s:10:\"tmp_filter\";a:2:{s:6:\"fields\";a:1:{s:10:\"SECTION_ID\";s:1:\"0\";}s:11:\"filter_rows\";s:10:\"SECTION_ID\";}}}', 'N'),
(646, 1, 'main.interface.grid', 'tbl_iblock_list_2182a068fde06347f0be739fc93203c1', 'a:3:{s:5:\"views\";a:1:{s:7:\"default\";a:3:{s:7:\"columns\";s:0:\"\";s:13:\"columns_sizes\";a:2:{s:6:\"expand\";i:1;s:7:\"columns\";a:0:{}}s:15:\"sticked_columns\";a:0:{}}}s:7:\"filters\";a:0:{}s:12:\"current_view\";s:7:\"default\";}', 'N'),
(729, 1, 'bx.windowmanager.9.5', 'options_ad1da99ea99b89fa1a7e6af60b9d87e0', 'a:4:{s:3:\"pin\";s:5:\"false\";s:9:\"transform\";s:5:\"false\";s:3:\"top\";s:5:\"false\";s:4:\"left\";s:5:\"false\";}', 'N'),
(756, 1, 'main.interface.grid', 'tbl_iblock_admin_86024cad1e83101d97359d7351051156', 'a:3:{s:5:\"views\";a:1:{s:7:\"default\";a:3:{s:7:\"columns\";s:0:\"\";s:13:\"columns_sizes\";a:2:{s:6:\"expand\";i:1;s:7:\"columns\";a:0:{}}s:15:\"sticked_columns\";a:0:{}}}s:7:\"filters\";a:0:{}s:12:\"current_view\";s:7:\"default\";}', 'N'),
(759, 1, 'main.ui.filter', 'tbl_iblock_list_65f3ab8c0e2c6f739b48eaf2516b595e', 'a:6:{s:14:\"use_pin_preset\";b:1;s:15:\"deleted_presets\";a:0:{}s:15:\"default_presets\";a:0:{}s:7:\"default\";s:14:\"default_filter\";s:6:\"filter\";s:14:\"default_filter\";s:7:\"filters\";a:1:{s:10:\"tmp_filter\";a:2:{s:6:\"fields\";a:1:{s:10:\"SECTION_ID\";s:1:\"0\";}s:11:\"filter_rows\";s:10:\"SECTION_ID\";}}}', 'N'),
(764, 1, 'main.interface.grid', 'tbl_iblock_list_65f3ab8c0e2c6f739b48eaf2516b595e', 'a:3:{s:5:\"views\";a:1:{s:7:\"default\";a:3:{s:7:\"columns\";s:0:\"\";s:13:\"columns_sizes\";a:2:{s:6:\"expand\";i:1;s:7:\"columns\";a:0:{}}s:15:\"sticked_columns\";a:0:{}}}s:7:\"filters\";a:0:{}s:12:\"current_view\";s:7:\"default\";}', 'N'),
(803, 1, 'main.ui.filter', 'tbl_iblock_section_6fab154ecdc0367bbdf95fa38ff3945d', 'a:6:{s:14:\"use_pin_preset\";b:1;s:15:\"deleted_presets\";a:0:{}s:15:\"default_presets\";a:0:{}s:7:\"default\";s:14:\"default_filter\";s:6:\"filter\";s:14:\"default_filter\";s:7:\"filters\";a:1:{s:10:\"tmp_filter\";a:2:{s:6:\"fields\";a:1:{s:10:\"SECTION_ID\";s:1:\"0\";}s:11:\"filter_rows\";s:10:\"SECTION_ID\";}}}', 'N'),
(809, 1, 'main.interface.grid', 'tbl_iblock_section_6fab154ecdc0367bbdf95fa38ff3945d', 'a:3:{s:5:\"views\";a:1:{s:7:\"default\";a:3:{s:7:\"columns\";s:0:\"\";s:13:\"columns_sizes\";a:2:{s:6:\"expand\";i:1;s:7:\"columns\";a:0:{}}s:15:\"sticked_columns\";a:0:{}}}s:7:\"filters\";a:0:{}s:12:\"current_view\";s:7:\"default\";}', 'N'),
(810, 1, 'main.ui.filter', 'tbl_iblock_element_6fab154ecdc0367bbdf95fa38ff3945d', 'a:6:{s:14:\"use_pin_preset\";b:1;s:15:\"deleted_presets\";a:0:{}s:15:\"default_presets\";a:0:{}s:7:\"default\";s:14:\"default_filter\";s:6:\"filter\";s:14:\"default_filter\";s:7:\"filters\";a:1:{s:14:\"default_filter\";a:0:{}}}', 'N'),
(815, 1, 'main.interface.grid', 'tbl_iblock_element_6fab154ecdc0367bbdf95fa38ff3945d', 'a:3:{s:5:\"views\";a:1:{s:7:\"default\";a:3:{s:7:\"columns\";s:0:\"\";s:13:\"columns_sizes\";a:2:{s:6:\"expand\";i:1;s:7:\"columns\";a:0:{}}s:15:\"sticked_columns\";a:0:{}}}s:7:\"filters\";a:0:{}s:12:\"current_view\";s:7:\"default\";}', 'N'),
(924, 1, 'bx.windowmanager.9.5', 'size_bx_component_properties_res', 'a:2:{s:5:\"width\";s:3:\"803\";s:6:\"height\";s:3:\"514\";}', 'N'),
(925, 1, 'main.ui.filter', 'tbl_iblock_list_6fab154ecdc0367bbdf95fa38ff3945d', 'a:6:{s:14:\"use_pin_preset\";b:1;s:15:\"deleted_presets\";a:0:{}s:15:\"default_presets\";a:0:{}s:7:\"default\";s:14:\"default_filter\";s:6:\"filter\";s:14:\"default_filter\";s:7:\"filters\";a:1:{s:10:\"tmp_filter\";a:2:{s:6:\"fields\";a:1:{s:10:\"SECTION_ID\";s:1:\"0\";}s:11:\"filter_rows\";s:10:\"SECTION_ID\";}}}', 'N'),
(930, 1, 'main.interface.grid', 'tbl_iblock_list_6fab154ecdc0367bbdf95fa38ff3945d', 'a:3:{s:5:\"views\";a:1:{s:7:\"default\";a:4:{s:7:\"columns\";s:43:\"NAME,ACTIVE,SORT,TIMESTAMP_X,ID,PROPERTY_14\";s:13:\"columns_sizes\";a:2:{s:6:\"expand\";i:1;s:7:\"columns\";a:0:{}}s:15:\"sticked_columns\";a:0:{}s:12:\"custom_names\";N;}}s:7:\"filters\";a:0:{}s:12:\"current_view\";s:7:\"default\";}', 'N'),
(1031, 1, 'filter', 'tbl_hk_codes_filter', 'a:1:{s:4:\"rows\";s:1:\"0\";}', 'N'),
(1100, 1, 'filter', 'tbl_b_hlbd_tegifiltra_filter_id', 'a:1:{s:4:\"rows\";s:1:\"0\";}', 'N'),
(1101, 1, 'filter', 'tbl_b_hlbd_tegivozmozhnostey_filter_id', 'a:1:{s:4:\"rows\";s:1:\"0\";}', 'N'),
(1151, 1, 'main.ui.filter', 'tbl_iblock_list_8c444d9b22eb616e99e64ca84bcf28e7', 'a:6:{s:14:\"use_pin_preset\";b:1;s:15:\"deleted_presets\";a:0:{}s:15:\"default_presets\";a:0:{}s:7:\"default\";s:14:\"default_filter\";s:6:\"filter\";s:14:\"default_filter\";s:7:\"filters\";a:1:{s:10:\"tmp_filter\";a:2:{s:6:\"fields\";a:1:{s:10:\"SECTION_ID\";s:1:\"0\";}s:11:\"filter_rows\";s:10:\"SECTION_ID\";}}}', 'N'),
(1156, 1, 'main.interface.grid', 'tbl_iblock_list_8c444d9b22eb616e99e64ca84bcf28e7', 'a:3:{s:5:\"views\";a:1:{s:7:\"default\";a:4:{s:7:\"columns\";s:48:\"NAME,SORT,TIMESTAMP_X,ID,PROPERTY_17,PROPERTY_19\";s:13:\"columns_sizes\";a:2:{s:6:\"expand\";i:1;s:7:\"columns\";a:0:{}}s:15:\"sticked_columns\";a:0:{}s:12:\"custom_names\";N;}}s:7:\"filters\";a:0:{}s:12:\"current_view\";s:7:\"default\";}', 'N'),
(1181, 1, 'filter', 'tbl_b_hlbd_tegicases_filter_id', 'a:1:{s:4:\"rows\";s:1:\"0\";}', 'N'),
(1243, 1, 'main', 'fileinput', 'a:2:{s:4:\"mode\";s:9:\"mode-pict\";s:10:\"frameFiles\";s:1:\"Y\";}', 'N'),
(1320, 1, 'main.ui.filter', 'tbl_iblock_list_ebd091cad9b5c99acf60a132fc36736c', 'a:6:{s:14:\"use_pin_preset\";b:1;s:15:\"deleted_presets\";a:0:{}s:15:\"default_presets\";a:0:{}s:7:\"default\";s:14:\"default_filter\";s:6:\"filter\";s:14:\"default_filter\";s:7:\"filters\";a:1:{s:10:\"tmp_filter\";a:2:{s:6:\"fields\";a:1:{s:10:\"SECTION_ID\";s:1:\"0\";}s:11:\"filter_rows\";s:10:\"SECTION_ID\";}}}', 'N'),
(1325, 1, 'main.interface.grid', 'tbl_iblock_list_ebd091cad9b5c99acf60a132fc36736c', 'a:3:{s:5:\"views\";a:1:{s:7:\"default\";a:3:{s:7:\"columns\";s:0:\"\";s:13:\"columns_sizes\";a:2:{s:6:\"expand\";i:1;s:7:\"columns\";a:0:{}}s:15:\"sticked_columns\";a:0:{}}}s:7:\"filters\";a:0:{}s:12:\"current_view\";s:7:\"default\";}', 'N'),
(1348, 1, 'main.ui.filter', 'tbl_iblock_list_1dd466d6202d31279c72a06d5bcd6b26', 'a:6:{s:14:\"use_pin_preset\";b:1;s:15:\"deleted_presets\";a:0:{}s:15:\"default_presets\";a:0:{}s:7:\"default\";s:14:\"default_filter\";s:6:\"filter\";s:14:\"default_filter\";s:7:\"filters\";a:1:{s:10:\"tmp_filter\";a:2:{s:6:\"fields\";a:1:{s:10:\"SECTION_ID\";s:1:\"0\";}s:11:\"filter_rows\";s:10:\"SECTION_ID\";}}}', 'N'),
(1353, 1, 'main.interface.grid', 'tbl_iblock_list_1dd466d6202d31279c72a06d5bcd6b26', 'a:3:{s:5:\"views\";a:1:{s:7:\"default\";a:3:{s:7:\"columns\";s:0:\"\";s:13:\"columns_sizes\";a:2:{s:6:\"expand\";i:1;s:7:\"columns\";a:0:{}}s:15:\"sticked_columns\";a:0:{}}}s:7:\"filters\";a:0:{}s:12:\"current_view\";s:7:\"default\";}', 'N'),
(1384, 1, 'main.ui.filter', 'tbl_iblock_list_8115ee2daceaffe9baa48f155cbb498c', 'a:6:{s:14:\"use_pin_preset\";b:1;s:15:\"deleted_presets\";a:0:{}s:15:\"default_presets\";a:0:{}s:7:\"default\";s:14:\"default_filter\";s:6:\"filter\";s:14:\"default_filter\";s:7:\"filters\";a:1:{s:10:\"tmp_filter\";a:2:{s:6:\"fields\";a:1:{s:10:\"SECTION_ID\";s:1:\"0\";}s:11:\"filter_rows\";s:10:\"SECTION_ID\";}}}', 'N'),
(1389, 1, 'main.interface.grid', 'tbl_iblock_list_8115ee2daceaffe9baa48f155cbb498c', 'a:3:{s:5:\"views\";a:1:{s:7:\"default\";a:3:{s:7:\"columns\";s:0:\"\";s:13:\"columns_sizes\";a:2:{s:6:\"expand\";i:1;s:7:\"columns\";a:0:{}}s:15:\"sticked_columns\";a:0:{}}}s:7:\"filters\";a:0:{}s:12:\"current_view\";s:7:\"default\";}', 'N'),
(1396, 1, 'html_editor', 'type_selector_PROP_30__n0__VALUE__TEXT_', 'a:1:{s:4:\"type\";s:4:\"text\";}', 'N'),
(1397, 1, 'html_editor', 'type_selector_PROP_27__n0__VALUE__TEXT_', 'a:1:{s:4:\"type\";s:4:\"text\";}', 'N'),
(1410, 1, 'main.ui.filter', 'tbl_iblock_list_bbf8ce59ac6c896dc024e15f0ad2d89b', 'a:6:{s:14:\"use_pin_preset\";b:1;s:15:\"deleted_presets\";a:0:{}s:15:\"default_presets\";a:0:{}s:7:\"default\";s:14:\"default_filter\";s:6:\"filter\";s:14:\"default_filter\";s:7:\"filters\";a:1:{s:10:\"tmp_filter\";a:2:{s:6:\"fields\";a:1:{s:10:\"SECTION_ID\";s:1:\"0\";}s:11:\"filter_rows\";s:10:\"SECTION_ID\";}}}', 'N'),
(1415, 1, 'main.interface.grid', 'tbl_iblock_list_bbf8ce59ac6c896dc024e15f0ad2d89b', 'a:3:{s:5:\"views\";a:1:{s:7:\"default\";a:3:{s:7:\"columns\";s:0:\"\";s:13:\"columns_sizes\";a:2:{s:6:\"expand\";i:1;s:7:\"columns\";a:0:{}}s:15:\"sticked_columns\";a:0:{}}}s:7:\"filters\";a:0:{}s:12:\"current_view\";s:7:\"default\";}', 'N'),
(1448, 1, 'main.ui.filter', 'tbl_iblock_section_1efd7d5b9229cd5bfc71c97640710ea8', 'a:6:{s:14:\"use_pin_preset\";b:1;s:15:\"deleted_presets\";a:0:{}s:15:\"default_presets\";a:0:{}s:7:\"default\";s:14:\"default_filter\";s:6:\"filter\";s:14:\"default_filter\";s:7:\"filters\";a:1:{s:10:\"tmp_filter\";a:2:{s:6:\"fields\";a:1:{s:10:\"SECTION_ID\";s:1:\"0\";}s:11:\"filter_rows\";s:10:\"SECTION_ID\";}}}', 'N'),
(1454, 1, 'main.interface.grid', 'tbl_iblock_section_1efd7d5b9229cd5bfc71c97640710ea8', 'a:3:{s:5:\"views\";a:1:{s:7:\"default\";a:3:{s:7:\"columns\";s:0:\"\";s:13:\"columns_sizes\";a:2:{s:6:\"expand\";i:1;s:7:\"columns\";a:0:{}}s:15:\"sticked_columns\";a:0:{}}}s:7:\"filters\";a:0:{}s:12:\"current_view\";s:7:\"default\";}', 'N'),
(1474, 1, 'main.ui.filter', 'tbl_iblock_element_1efd7d5b9229cd5bfc71c97640710ea8', 'a:6:{s:14:\"use_pin_preset\";b:1;s:15:\"deleted_presets\";a:0:{}s:15:\"default_presets\";a:0:{}s:7:\"default\";s:14:\"default_filter\";s:6:\"filter\";s:14:\"default_filter\";s:7:\"filters\";a:1:{s:14:\"default_filter\";a:0:{}}}', 'N'),
(1479, 1, 'main.interface.grid', 'tbl_iblock_element_1efd7d5b9229cd5bfc71c97640710ea8', 'a:3:{s:5:\"views\";a:1:{s:7:\"default\";a:3:{s:7:\"columns\";s:0:\"\";s:13:\"columns_sizes\";a:2:{s:6:\"expand\";i:1;s:7:\"columns\";a:0:{}}s:15:\"sticked_columns\";a:0:{}}}s:7:\"filters\";a:0:{}s:12:\"current_view\";s:7:\"default\";}', 'N'),
(1482, 1, 'main.interface.grid', 'tbl_iblock_list_1efd7d5b9229cd5bfc71c97640710ea8', 'a:3:{s:5:\"views\";a:1:{s:7:\"default\";a:3:{s:7:\"columns\";s:0:\"\";s:13:\"columns_sizes\";a:2:{s:6:\"expand\";i:1;s:7:\"columns\";a:0:{}}s:15:\"sticked_columns\";a:0:{}}}s:7:\"filters\";a:0:{}s:12:\"current_view\";s:7:\"default\";}', 'N'),
(1492, 1, 'main.ui.filter', 'tbl_iblock_list_1efd7d5b9229cd5bfc71c97640710ea8', 'a:6:{s:14:\"use_pin_preset\";b:1;s:15:\"deleted_presets\";a:0:{}s:15:\"default_presets\";a:0:{}s:7:\"default\";s:14:\"default_filter\";s:6:\"filter\";s:14:\"default_filter\";s:7:\"filters\";a:1:{s:10:\"tmp_filter\";a:2:{s:6:\"fields\";a:1:{s:10:\"SECTION_ID\";s:1:\"0\";}s:11:\"filter_rows\";s:10:\"SECTION_ID\";}}}', 'N'),
(1513, 1, 'main.ui.filter', 'tbl_iblock_list_a89e05a557f660bb0aa3a26082db4c1f', 'a:6:{s:14:\"use_pin_preset\";b:1;s:15:\"deleted_presets\";a:0:{}s:15:\"default_presets\";a:0:{}s:7:\"default\";s:14:\"default_filter\";s:6:\"filter\";s:14:\"default_filter\";s:7:\"filters\";a:1:{s:10:\"tmp_filter\";a:2:{s:6:\"fields\";a:1:{s:10:\"SECTION_ID\";s:1:\"0\";}s:11:\"filter_rows\";s:10:\"SECTION_ID\";}}}', 'N'),
(1518, 1, 'main.interface.grid', 'tbl_iblock_list_a89e05a557f660bb0aa3a26082db4c1f', 'a:3:{s:5:\"views\";a:1:{s:7:\"default\";a:3:{s:7:\"columns\";s:0:\"\";s:13:\"columns_sizes\";a:2:{s:6:\"expand\";i:1;s:7:\"columns\";a:0:{}}s:15:\"sticked_columns\";a:0:{}}}s:7:\"filters\";a:0:{}s:12:\"current_view\";s:7:\"default\";}', 'N'),
(1527, 1, 'main.interface.grid', 'tbl_iblock_86024cad1e83101d97359d7351051156', 'a:3:{s:5:\"views\";a:1:{s:7:\"default\";a:3:{s:7:\"columns\";s:0:\"\";s:13:\"columns_sizes\";a:2:{s:6:\"expand\";i:1;s:7:\"columns\";a:0:{}}s:15:\"sticked_columns\";a:0:{}}}s:7:\"filters\";a:0:{}s:12:\"current_view\";s:7:\"default\";}', 'N'),
(1533, 1, 'main.ui.filter', 'tbl_iblock_section_1f9763538331851abe33f16f65a61bd0', 'a:6:{s:14:\"use_pin_preset\";b:1;s:15:\"deleted_presets\";a:0:{}s:15:\"default_presets\";a:0:{}s:7:\"default\";s:14:\"default_filter\";s:6:\"filter\";s:14:\"default_filter\";s:7:\"filters\";a:1:{s:10:\"tmp_filter\";a:2:{s:6:\"fields\";a:1:{s:10:\"SECTION_ID\";s:1:\"0\";}s:11:\"filter_rows\";s:10:\"SECTION_ID\";}}}', 'N'),
(1539, 1, 'main.interface.grid', 'tbl_iblock_section_1f9763538331851abe33f16f65a61bd0', 'a:3:{s:5:\"views\";a:1:{s:7:\"default\";a:3:{s:7:\"columns\";s:0:\"\";s:13:\"columns_sizes\";a:2:{s:6:\"expand\";i:1;s:7:\"columns\";a:0:{}}s:15:\"sticked_columns\";a:0:{}}}s:7:\"filters\";a:0:{}s:12:\"current_view\";s:7:\"default\";}', 'N'),
(1541, 1, 'main.ui.filter', 'tbl_iblock_list_1f9763538331851abe33f16f65a61bd0', 'a:6:{s:14:\"use_pin_preset\";b:1;s:15:\"deleted_presets\";a:0:{}s:15:\"default_presets\";a:0:{}s:7:\"default\";s:14:\"default_filter\";s:6:\"filter\";s:14:\"default_filter\";s:7:\"filters\";a:1:{s:10:\"tmp_filter\";a:2:{s:6:\"fields\";a:1:{s:10:\"SECTION_ID\";s:1:\"0\";}s:11:\"filter_rows\";s:10:\"SECTION_ID\";}}}', 'N'),
(1546, 1, 'main.interface.grid', 'tbl_iblock_list_1f9763538331851abe33f16f65a61bd0', 'a:3:{s:5:\"views\";a:1:{s:7:\"default\";a:3:{s:7:\"columns\";s:0:\"\";s:13:\"columns_sizes\";a:2:{s:6:\"expand\";i:1;s:7:\"columns\";a:0:{}}s:15:\"sticked_columns\";a:0:{}}}s:7:\"filters\";a:0:{}s:12:\"current_view\";s:7:\"default\";}', 'N'),
(1602, 1, 'html_editor', 'type_selector_PREVIEW_TEXT20', 'a:1:{s:4:\"type\";s:4:\"text\";}', 'N'),
(1610, 1, 'html_editor', 'type_selector_DETAIL_TEXT15', 'a:1:{s:4:\"type\";s:6:\"editor\";}', 'N'),
(1637, 1, 'html_editor', 'type_selector_PROP_48__n0__VALUE__TEXT_', 'a:1:{s:4:\"type\";s:6:\"editor\";}', 'N'),
(1655, 1, 'main.ui.filter', 'tbl_iblock_section_c0a067a97c7272b9dff634b06dc081a5', 'a:6:{s:14:\"use_pin_preset\";b:1;s:15:\"deleted_presets\";a:0:{}s:15:\"default_presets\";a:0:{}s:7:\"default\";s:14:\"default_filter\";s:6:\"filter\";s:14:\"default_filter\";s:7:\"filters\";a:1:{s:10:\"tmp_filter\";a:2:{s:6:\"fields\";a:1:{s:10:\"SECTION_ID\";s:1:\"0\";}s:11:\"filter_rows\";s:10:\"SECTION_ID\";}}}', 'N'),
(1661, 1, 'main.interface.grid', 'tbl_iblock_section_c0a067a97c7272b9dff634b06dc081a5', 'a:3:{s:5:\"views\";a:1:{s:7:\"default\";a:3:{s:7:\"columns\";s:0:\"\";s:13:\"columns_sizes\";a:2:{s:6:\"expand\";i:1;s:7:\"columns\";a:0:{}}s:15:\"sticked_columns\";a:0:{}}}s:7:\"filters\";a:0:{}s:12:\"current_view\";s:7:\"default\";}', 'N'),
(1682, 1, 'main.ui.filter', 'tbl_iblock_list_c0a067a97c7272b9dff634b06dc081a5', 'a:6:{s:14:\"use_pin_preset\";b:1;s:15:\"deleted_presets\";a:0:{}s:15:\"default_presets\";a:0:{}s:7:\"default\";s:14:\"default_filter\";s:6:\"filter\";s:14:\"default_filter\";s:7:\"filters\";a:1:{s:10:\"tmp_filter\";a:2:{s:6:\"fields\";a:1:{s:10:\"SECTION_ID\";s:1:\"0\";}s:11:\"filter_rows\";s:10:\"SECTION_ID\";}}}', 'N'),
(1687, 1, 'main.interface.grid', 'tbl_iblock_list_c0a067a97c7272b9dff634b06dc081a5', 'a:3:{s:5:\"views\";a:1:{s:7:\"default\";a:3:{s:7:\"columns\";s:0:\"\";s:13:\"columns_sizes\";a:2:{s:6:\"expand\";i:1;s:7:\"columns\";a:0:{}}s:15:\"sticked_columns\";a:0:{}}}s:7:\"filters\";a:0:{}s:12:\"current_view\";s:7:\"default\";}', 'N'),
(1695, 1, 'html_editor', 'type_selector_PROP_53__101__VALUE__TEXT_', 'a:1:{s:4:\"type\";s:6:\"editor\";}', 'N'),
(1697, 1, 'html_editor', 'type_selector_PROP_51__99__VALUE__TEXT_', 'a:1:{s:4:\"type\";s:4:\"html\";}', 'N'),
(1702, 1, 'html_editor', 'type_selector_PROP_48__97__VALUE__TEXT_', 'a:1:{s:4:\"type\";s:6:\"editor\";}', 'N'),
(1707, 1, 'html_editor', 'type_selector_PROP_56__n0__VALUE__TEXT_', 'a:1:{s:4:\"type\";s:6:\"editor\";}', 'N'),
(1708, 1, 'html_editor', 'type_selector_PROP_57__n0__VALUE__TEXT_', 'a:1:{s:4:\"type\";s:6:\"editor\";}', 'N'),
(1709, 1, 'html_editor', 'type_selector_PROP_59__n0__VALUE__TEXT_', 'a:1:{s:4:\"type\";s:6:\"editor\";}', 'N'),
(1710, 1, 'html_editor', 'type_selector_PROP_60__n0__VALUE__TEXT_', 'a:1:{s:4:\"type\";s:6:\"editor\";}', 'N'),
(1723, 1, 'html_editor', 'type_selector_PROP_53__n0__VALUE__TEXT_', 'a:1:{s:4:\"type\";s:6:\"editor\";}', 'N'),
(1724, 1, 'html_editor', 'type_selector_PROP_51__n0__VALUE__TEXT_', 'a:1:{s:4:\"type\";s:6:\"editor\";}', 'N'),
(1725, 1, 'html_editor', 'type_selector_PROP_112__n0__VALUE__TEXT_', 'a:1:{s:4:\"type\";s:6:\"editor\";}', 'N'),
(1727, 1, 'html_editor', 'type_selector_PROP_53__75_53__VALUE__TEXT_', 'a:1:{s:4:\"type\";s:6:\"editor\";}', 'N'),
(1729, 1, 'html_editor', 'type_selector_PROP_116__n0__VALUE__TEXT_', 'a:1:{s:4:\"type\";s:6:\"editor\";}', 'N'),
(1732, 1, 'fileman', 'medialib_def_type', 's:1:\"1\";', 'N'),
(1734, 1, 'fileman', 'medialib_user_set', 's:9:\"600,450,1\";', 'N'),
(1735, 1, 'html_editor', 'type_selector_PROP_116__75_116__VALUE__TEXT_', 'a:1:{s:4:\"type\";s:6:\"editor\";}', 'N'),
(1736, 1, 'html_editor', 'type_selector_PROP_114__75_114__VALUE__TEXT_', 'a:1:{s:4:\"type\";s:6:\"editor\";}', 'N'),
(1753, 1, 'main.ui.filter', 'tbl_iblock_section_6f9ff879b106a727a686f2949953abfa', 'a:6:{s:14:\"use_pin_preset\";b:1;s:15:\"deleted_presets\";a:0:{}s:15:\"default_presets\";a:0:{}s:7:\"default\";s:14:\"default_filter\";s:6:\"filter\";s:14:\"default_filter\";s:7:\"filters\";a:1:{s:10:\"tmp_filter\";a:2:{s:6:\"fields\";a:1:{s:10:\"SECTION_ID\";s:1:\"0\";}s:11:\"filter_rows\";s:10:\"SECTION_ID\";}}}', 'N'),
(1759, 1, 'main.interface.grid', 'tbl_iblock_section_6f9ff879b106a727a686f2949953abfa', 'a:3:{s:5:\"views\";a:1:{s:7:\"default\";a:3:{s:7:\"columns\";s:0:\"\";s:13:\"columns_sizes\";a:2:{s:6:\"expand\";i:1;s:7:\"columns\";a:0:{}}s:15:\"sticked_columns\";a:0:{}}}s:7:\"filters\";a:0:{}s:12:\"current_view\";s:7:\"default\";}', 'N'),
(1767, 1, 'main.ui.filter', 'tbl_iblock_list_6f9ff879b106a727a686f2949953abfa', 'a:6:{s:14:\"use_pin_preset\";b:1;s:15:\"deleted_presets\";a:0:{}s:15:\"default_presets\";a:0:{}s:7:\"default\";s:14:\"default_filter\";s:6:\"filter\";s:14:\"default_filter\";s:7:\"filters\";a:1:{s:10:\"tmp_filter\";a:2:{s:6:\"fields\";a:1:{s:10:\"SECTION_ID\";s:1:\"0\";}s:11:\"filter_rows\";s:10:\"SECTION_ID\";}}}', 'N'),
(1772, 1, 'main.interface.grid', 'tbl_iblock_list_6f9ff879b106a727a686f2949953abfa', 'a:3:{s:5:\"views\";a:1:{s:7:\"default\";a:3:{s:7:\"columns\";s:0:\"\";s:13:\"columns_sizes\";a:2:{s:6:\"expand\";i:1;s:7:\"columns\";a:0:{}}s:15:\"sticked_columns\";a:0:{}}}s:7:\"filters\";a:0:{}s:12:\"current_view\";s:7:\"default\";}', 'N'),
(1816, 1, 'filter', 'tbl_iblock_el_searcha888c70eed78521a92a86dda1cf0f50f_filter', 'a:1:{s:4:\"rows\";s:2:\"id\";}', 'N'),
(1878, 1, 'html_editor', 'type_selector_PROP_128__n0__VALUE__TEXT_', 'a:1:{s:4:\"type\";s:6:\"editor\";}', 'N'),
(1879, 1, 'html_editor', 'type_selector_PROP_130__n0__VALUE__TEXT_', 'a:1:{s:4:\"type\";s:6:\"editor\";}', 'N'),
(1880, 1, 'html_editor', 'type_selector_PROP_132__n0__VALUE__TEXT_', 'a:1:{s:4:\"type\";s:6:\"editor\";}', 'N'),
(1881, 1, 'html_editor', 'type_selector_PROP_134__n0__VALUE__TEXT_', 'a:1:{s:4:\"type\";s:6:\"editor\";}', 'N'),
(1885, 1, 'html_editor', 'type_selector_PROP_51__75_51__VALUE__TEXT_', 'a:1:{s:4:\"type\";s:6:\"editor\";}', 'N'),
(1887, 1, 'html_editor', 'type_selector_PROP_130__75_130__VALUE__TEXT_', 'a:1:{s:4:\"type\";s:6:\"editor\";}', 'N'),
(1888, 1, 'html_editor', 'type_selector_PROP_128__75_128__VALUE__TEXT_', 'a:1:{s:4:\"type\";s:6:\"editor\";}', 'N'),
(1941, 1, 'html_editor', 'type_selector_PROP_137__n0__VALUE__TEXT_', 'a:1:{s:4:\"type\";s:6:\"editor\";}', 'N'),
(1949, 1, 'html_editor', 'type_selector_PROP_155__n0__VALUE__TEXT_', 'a:1:{s:4:\"type\";s:6:\"editor\";}', 'N'),
(1951, 1, 'html_editor', 'type_selector_PROP_163__n0__VALUE__TEXT_', 'a:1:{s:4:\"type\";s:4:\"text\";}', 'N'),
(1952, 1, 'html_editor', 'type_selector_PROP_163__75_163__VALUE__TEXT_', 'a:1:{s:4:\"type\";s:6:\"editor\";}', 'N'),
(1954, 1, 'html_editor', 'type_selector_PROP_157__75_157__VALUE__TEXT_', 'a:1:{s:4:\"type\";s:6:\"editor\";}', 'N'),
(1961, 1, 'html_editor', 'type_selector_PROP_57__75_57__VALUE__TEXT_', 'a:1:{s:4:\"type\";s:4:\"html\";}', 'N'),
(1972, 1, 'html_editor', 'type_selector_PROP_60__75_60__VALUE__TEXT_', 'a:1:{s:4:\"type\";s:6:\"editor\";}', 'N'),
(2056, 1, 'filter', 'tbl_iblock_el_search4064c703097485d69e8a309a1650689c_filter', 'a:1:{s:4:\"rows\";s:2:\"id\";}', 'N'),
(2057, 1, 'filter', 'tbl_iblock_el_search7903dae6d4b1d0b994570cd6ccec40da_filter', 'a:1:{s:4:\"rows\";s:2:\"id\";}', 'N');

-- --------------------------------------------------------

--
-- Структура таблицы `b_user_password`
--

CREATE TABLE `b_user_password` (
  `ID` bigint(20) NOT NULL,
  `USER_ID` bigint(20) NOT NULL,
  `PASSWORD` varchar(255) COLLATE utf8_unicode_ci NOT NULL,
  `DATE_CHANGE` datetime NOT NULL
) ENGINE=InnoDB DEFAULT CHARSET=utf8 COLLATE=utf8_unicode_ci;

--
-- Дамп данных таблицы `b_user_password`
--

INSERT INTO `b_user_password` (`ID`, `USER_ID`, `PASSWORD`, `DATE_CHANGE`) VALUES
(1, 1, '$6$3rTI2hk0Dv4njaPd$e5M2YLSjiS7fQGNu4YME4xnhcLFurWgw9Sh/Z7vfUDDjhPLqLQp9OlRDuEwGZb7GNHxuOOHBr63UCS3sn22Z7/', '2022-11-19 11:47:52');

-- --------------------------------------------------------

--
-- Структура таблицы `b_user_phone_auth`
--

CREATE TABLE `b_user_phone_auth` (
  `USER_ID` int(11) NOT NULL,
  `PHONE_NUMBER` varchar(25) COLLATE utf8_unicode_ci NOT NULL,
  `OTP_SECRET` text COLLATE utf8_unicode_ci,
  `ATTEMPTS` int(11) DEFAULT '0',
  `CONFIRMED` char(1) COLLATE utf8_unicode_ci DEFAULT 'N',
  `DATE_SENT` datetime DEFAULT NULL
) ENGINE=InnoDB DEFAULT CHARSET=utf8 COLLATE=utf8_unicode_ci;

-- --------------------------------------------------------

--
-- Структура таблицы `b_user_profile_history`
--

CREATE TABLE `b_user_profile_history` (
  `ID` int(11) NOT NULL,
  `USER_ID` int(11) NOT NULL,
  `EVENT_TYPE` int(11) DEFAULT NULL,
  `DATE_INSERT` datetime DEFAULT NULL,
  `REMOTE_ADDR` varchar(40) COLLATE utf8_unicode_ci DEFAULT NULL,
  `USER_AGENT` text COLLATE utf8_unicode_ci,
  `REQUEST_URI` text COLLATE utf8_unicode_ci,
  `UPDATED_BY_ID` int(11) DEFAULT NULL
) ENGINE=InnoDB DEFAULT CHARSET=utf8 COLLATE=utf8_unicode_ci;

-- --------------------------------------------------------

--
-- Структура таблицы `b_user_profile_record`
--

CREATE TABLE `b_user_profile_record` (
  `ID` int(11) NOT NULL,
  `HISTORY_ID` int(11) NOT NULL,
  `FIELD` varchar(40) COLLATE utf8_unicode_ci DEFAULT NULL,
  `DATA` mediumtext COLLATE utf8_unicode_ci
) ENGINE=InnoDB DEFAULT CHARSET=utf8 COLLATE=utf8_unicode_ci;

-- --------------------------------------------------------

--
-- Структура таблицы `b_user_session`
--

CREATE TABLE `b_user_session` (
  `SESSION_ID` varchar(250) COLLATE utf8_unicode_ci NOT NULL,
  `TIMESTAMP_X` timestamp NOT NULL,
  `SESSION_DATA` longtext COLLATE utf8_unicode_ci
) ENGINE=InnoDB DEFAULT CHARSET=utf8 COLLATE=utf8_unicode_ci;

-- --------------------------------------------------------

--
-- Структура таблицы `b_user_stored_auth`
--

CREATE TABLE `b_user_stored_auth` (
  `ID` int(11) NOT NULL,
  `USER_ID` int(11) NOT NULL,
  `DATE_REG` datetime NOT NULL,
  `LAST_AUTH` datetime NOT NULL,
  `STORED_HASH` varchar(32) COLLATE utf8_unicode_ci NOT NULL,
  `TEMP_HASH` char(1) COLLATE utf8_unicode_ci NOT NULL DEFAULT 'N',
  `IP_ADDR` int(10) UNSIGNED NOT NULL
) ENGINE=InnoDB DEFAULT CHARSET=utf8 COLLATE=utf8_unicode_ci;

--
-- Дамп данных таблицы `b_user_stored_auth`
--

INSERT INTO `b_user_stored_auth` (`ID`, `USER_ID`, `DATE_REG`, `LAST_AUTH`, `STORED_HASH`, `TEMP_HASH`, `IP_ADDR`) VALUES
(1, 1, '2022-12-10 15:57:06', '2022-12-14 18:50:10', '761724c896bc385b5bfa901ab574a344', 'N', 2130706433);

-- --------------------------------------------------------

--
-- Структура таблицы `b_utm_blog_comment`
--

CREATE TABLE `b_utm_blog_comment` (
  `ID` int(11) NOT NULL,
  `VALUE_ID` int(11) NOT NULL,
  `FIELD_ID` int(11) NOT NULL,
  `VALUE` text COLLATE utf8_unicode_ci,
  `VALUE_INT` int(11) DEFAULT NULL,
  `VALUE_DOUBLE` float DEFAULT NULL,
  `VALUE_DATE` datetime DEFAULT NULL
) ENGINE=InnoDB DEFAULT CHARSET=utf8 COLLATE=utf8_unicode_ci;

-- --------------------------------------------------------

--
-- Структура таблицы `b_utm_blog_post`
--

CREATE TABLE `b_utm_blog_post` (
  `ID` int(11) NOT NULL,
  `VALUE_ID` int(11) NOT NULL,
  `FIELD_ID` int(11) NOT NULL,
  `VALUE` text COLLATE utf8_unicode_ci,
  `VALUE_INT` int(11) DEFAULT NULL,
  `VALUE_DOUBLE` float DEFAULT NULL,
  `VALUE_DATE` datetime DEFAULT NULL
) ENGINE=InnoDB DEFAULT CHARSET=utf8 COLLATE=utf8_unicode_ci;

-- --------------------------------------------------------

--
-- Структура таблицы `b_utm_forum_message`
--

CREATE TABLE `b_utm_forum_message` (
  `ID` int(11) NOT NULL,
  `VALUE_ID` int(11) NOT NULL,
  `FIELD_ID` int(11) NOT NULL,
  `VALUE` text COLLATE utf8_unicode_ci,
  `VALUE_INT` int(11) DEFAULT NULL,
  `VALUE_DOUBLE` float DEFAULT NULL,
  `VALUE_DATE` datetime DEFAULT NULL
) ENGINE=InnoDB DEFAULT CHARSET=utf8 COLLATE=utf8_unicode_ci;

-- --------------------------------------------------------

--
-- Структура таблицы `b_utm_iblock_3_section`
--

CREATE TABLE `b_utm_iblock_3_section` (
  `ID` int(11) NOT NULL,
  `VALUE_ID` int(11) NOT NULL,
  `FIELD_ID` int(11) NOT NULL,
  `VALUE` text COLLATE utf8_unicode_ci,
  `VALUE_INT` int(11) DEFAULT NULL,
  `VALUE_DOUBLE` float DEFAULT NULL,
  `VALUE_DATE` datetime DEFAULT NULL
) ENGINE=InnoDB DEFAULT CHARSET=utf8 COLLATE=utf8_unicode_ci;

-- --------------------------------------------------------

--
-- Структура таблицы `b_uts_blog_comment`
--

CREATE TABLE `b_uts_blog_comment` (
  `VALUE_ID` int(11) NOT NULL,
  `UF_BLOG_COMMENT_DOC` text COLLATE utf8_unicode_ci,
  `UF_BLOG_COMM_URL_PRV` int(11) DEFAULT NULL
) ENGINE=InnoDB DEFAULT CHARSET=utf8 COLLATE=utf8_unicode_ci;

-- --------------------------------------------------------

--
-- Структура таблицы `b_uts_blog_post`
--

CREATE TABLE `b_uts_blog_post` (
  `VALUE_ID` int(11) NOT NULL,
  `UF_BLOG_POST_DOC` text COLLATE utf8_unicode_ci,
  `UF_BLOG_POST_URL_PRV` int(11) DEFAULT NULL,
  `UF_GRATITUDE` int(18) DEFAULT NULL
) ENGINE=InnoDB DEFAULT CHARSET=utf8 COLLATE=utf8_unicode_ci;

-- --------------------------------------------------------

--
-- Структура таблицы `b_uts_forum_message`
--

CREATE TABLE `b_uts_forum_message` (
  `VALUE_ID` int(11) NOT NULL,
  `UF_FORUM_MES_URL_PRV` int(11) DEFAULT NULL,
  `UF_TASK_COMMENT_TYPE` int(18) DEFAULT NULL
) ENGINE=InnoDB DEFAULT CHARSET=utf8 COLLATE=utf8_unicode_ci;

-- --------------------------------------------------------

--
-- Структура таблицы `b_uts_iblock_3_section`
--

CREATE TABLE `b_uts_iblock_3_section` (
  `VALUE_ID` int(11) NOT NULL,
  `UF_CLASS_IMG` text COLLATE utf8_unicode_ci
) ENGINE=InnoDB DEFAULT CHARSET=utf8 COLLATE=utf8_unicode_ci;

--
-- Дамп данных таблицы `b_uts_iblock_3_section`
--

INSERT INTO `b_uts_iblock_3_section` (`VALUE_ID`, `UF_CLASS_IMG`) VALUES
(1, 'img-hat verter-b'),
(2, 'img-shirt verter-b'),
(3, 'img-box  verter-b');

-- --------------------------------------------------------

--
-- Структура таблицы `b_vote`
--

CREATE TABLE `b_vote` (
  `ID` int(18) NOT NULL,
  `CHANNEL_ID` int(18) NOT NULL DEFAULT '0',
  `C_SORT` int(18) DEFAULT '100',
  `ACTIVE` char(1) COLLATE utf8_unicode_ci NOT NULL DEFAULT 'Y',
  `ANONYMITY` int(11) NOT NULL DEFAULT '0',
  `NOTIFY` char(1) COLLATE utf8_unicode_ci NOT NULL DEFAULT 'N',
  `AUTHOR_ID` int(18) DEFAULT NULL,
  `TIMESTAMP_X` datetime NOT NULL,
  `DATE_START` datetime NOT NULL,
  `DATE_END` datetime NOT NULL,
  `URL` varchar(255) COLLATE utf8_unicode_ci DEFAULT NULL,
  `COUNTER` int(11) NOT NULL DEFAULT '0',
  `TITLE` varchar(255) COLLATE utf8_unicode_ci DEFAULT NULL,
  `DESCRIPTION` text COLLATE utf8_unicode_ci,
  `DESCRIPTION_TYPE` varchar(4) COLLATE utf8_unicode_ci NOT NULL DEFAULT 'html',
  `IMAGE_ID` int(18) DEFAULT NULL,
  `EVENT1` varchar(255) COLLATE utf8_unicode_ci DEFAULT NULL,
  `EVENT2` varchar(255) COLLATE utf8_unicode_ci DEFAULT NULL,
  `EVENT3` varchar(255) COLLATE utf8_unicode_ci DEFAULT NULL,
  `UNIQUE_TYPE` int(18) NOT NULL DEFAULT '2',
  `KEEP_IP_SEC` int(18) DEFAULT NULL,
  `OPTIONS` int(18) DEFAULT '1',
  `TEMPLATE` varchar(255) COLLATE utf8_unicode_ci DEFAULT NULL,
  `RESULT_TEMPLATE` varchar(255) COLLATE utf8_unicode_ci DEFAULT NULL
) ENGINE=InnoDB DEFAULT CHARSET=utf8 COLLATE=utf8_unicode_ci;

-- --------------------------------------------------------

--
-- Структура таблицы `b_vote_answer`
--

CREATE TABLE `b_vote_answer` (
  `ID` int(18) NOT NULL,
  `ACTIVE` char(1) COLLATE utf8_unicode_ci NOT NULL DEFAULT 'Y',
  `TIMESTAMP_X` datetime NOT NULL,
  `QUESTION_ID` int(18) NOT NULL DEFAULT '0',
  `C_SORT` int(18) DEFAULT '100',
  `IMAGE_ID` int(18) DEFAULT NULL,
  `MESSAGE` text COLLATE utf8_unicode_ci,
  `MESSAGE_TYPE` varchar(4) COLLATE utf8_unicode_ci NOT NULL DEFAULT 'html',
  `COUNTER` int(18) NOT NULL DEFAULT '0',
  `FIELD_TYPE` int(5) NOT NULL DEFAULT '0',
  `FIELD_WIDTH` int(18) DEFAULT NULL,
  `FIELD_HEIGHT` int(18) DEFAULT NULL,
  `FIELD_PARAM` varchar(255) COLLATE utf8_unicode_ci DEFAULT NULL,
  `COLOR` varchar(7) COLLATE utf8_unicode_ci DEFAULT NULL
) ENGINE=InnoDB DEFAULT CHARSET=utf8 COLLATE=utf8_unicode_ci;

-- --------------------------------------------------------

--
-- Структура таблицы `b_vote_attached_object`
--

CREATE TABLE `b_vote_attached_object` (
  `ID` int(11) NOT NULL,
  `OBJECT_ID` int(11) NOT NULL,
  `MODULE_ID` varchar(32) COLLATE utf8_unicode_ci NOT NULL,
  `ENTITY_TYPE` varchar(100) COLLATE utf8_unicode_ci NOT NULL,
  `ENTITY_ID` int(11) NOT NULL,
  `CREATE_TIME` datetime NOT NULL,
  `CREATED_BY` int(11) DEFAULT NULL
) ENGINE=InnoDB DEFAULT CHARSET=utf8 COLLATE=utf8_unicode_ci;

-- --------------------------------------------------------

--
-- Структура таблицы `b_vote_channel`
--

CREATE TABLE `b_vote_channel` (
  `ID` int(18) NOT NULL,
  `SYMBOLIC_NAME` varchar(255) COLLATE utf8_unicode_ci NOT NULL,
  `C_SORT` int(18) DEFAULT '100',
  `FIRST_SITE_ID` char(2) COLLATE utf8_unicode_ci DEFAULT NULL,
  `ACTIVE` char(1) COLLATE utf8_unicode_ci NOT NULL DEFAULT 'Y',
  `HIDDEN` char(1) COLLATE utf8_unicode_ci NOT NULL DEFAULT 'N',
  `TIMESTAMP_X` datetime NOT NULL,
  `TITLE` varchar(255) COLLATE utf8_unicode_ci NOT NULL,
  `VOTE_SINGLE` char(1) COLLATE utf8_unicode_ci NOT NULL DEFAULT 'Y',
  `USE_CAPTCHA` char(1) COLLATE utf8_unicode_ci NOT NULL DEFAULT 'N'
) ENGINE=InnoDB DEFAULT CHARSET=utf8 COLLATE=utf8_unicode_ci;

-- --------------------------------------------------------

--
-- Структура таблицы `b_vote_channel_2_group`
--

CREATE TABLE `b_vote_channel_2_group` (
  `ID` int(18) NOT NULL,
  `CHANNEL_ID` int(18) NOT NULL DEFAULT '0',
  `GROUP_ID` int(18) NOT NULL DEFAULT '0',
  `PERMISSION` int(18) NOT NULL DEFAULT '0'
) ENGINE=InnoDB DEFAULT CHARSET=utf8 COLLATE=utf8_unicode_ci;

-- --------------------------------------------------------

--
-- Структура таблицы `b_vote_channel_2_site`
--

CREATE TABLE `b_vote_channel_2_site` (
  `CHANNEL_ID` int(18) NOT NULL DEFAULT '0',
  `SITE_ID` char(2) COLLATE utf8_unicode_ci NOT NULL
) ENGINE=InnoDB DEFAULT CHARSET=utf8 COLLATE=utf8_unicode_ci;

-- --------------------------------------------------------

--
-- Структура таблицы `b_vote_event`
--

CREATE TABLE `b_vote_event` (
  `ID` int(18) NOT NULL,
  `VOTE_ID` int(18) NOT NULL DEFAULT '0',
  `VOTE_USER_ID` int(18) NOT NULL DEFAULT '0',
  `DATE_VOTE` datetime NOT NULL,
  `STAT_SESSION_ID` int(18) DEFAULT NULL,
  `IP` varchar(15) COLLATE utf8_unicode_ci DEFAULT NULL,
  `VALID` char(1) COLLATE utf8_unicode_ci NOT NULL DEFAULT 'Y',
  `VISIBLE` char(1) COLLATE utf8_unicode_ci NOT NULL DEFAULT 'Y'
) ENGINE=InnoDB DEFAULT CHARSET=utf8 COLLATE=utf8_unicode_ci;

-- --------------------------------------------------------

--
-- Структура таблицы `b_vote_event_answer`
--

CREATE TABLE `b_vote_event_answer` (
  `ID` int(18) NOT NULL,
  `EVENT_QUESTION_ID` int(18) NOT NULL DEFAULT '0',
  `ANSWER_ID` int(18) NOT NULL DEFAULT '0',
  `MESSAGE` text COLLATE utf8_unicode_ci
) ENGINE=InnoDB DEFAULT CHARSET=utf8 COLLATE=utf8_unicode_ci;

-- --------------------------------------------------------

--
-- Структура таблицы `b_vote_event_question`
--

CREATE TABLE `b_vote_event_question` (
  `ID` int(18) NOT NULL,
  `EVENT_ID` int(18) NOT NULL DEFAULT '0',
  `QUESTION_ID` int(18) NOT NULL DEFAULT '0'
) ENGINE=InnoDB DEFAULT CHARSET=utf8 COLLATE=utf8_unicode_ci;

-- --------------------------------------------------------

--
-- Структура таблицы `b_vote_question`
--

CREATE TABLE `b_vote_question` (
  `ID` int(18) NOT NULL,
  `ACTIVE` char(1) COLLATE utf8_unicode_ci NOT NULL DEFAULT 'Y',
  `TIMESTAMP_X` datetime NOT NULL,
  `VOTE_ID` int(18) NOT NULL DEFAULT '0',
  `C_SORT` int(18) DEFAULT '100',
  `IMAGE_ID` int(18) DEFAULT NULL,
  `QUESTION` text COLLATE utf8_unicode_ci NOT NULL,
  `QUESTION_TYPE` varchar(4) COLLATE utf8_unicode_ci NOT NULL DEFAULT 'html',
  `FIELD_TYPE` int(5) NOT NULL DEFAULT '0',
  `REQUIRED` char(1) COLLATE utf8_unicode_ci NOT NULL DEFAULT 'N',
  `COUNTER` int(11) NOT NULL DEFAULT '0',
  `DIAGRAM` char(1) COLLATE utf8_unicode_ci NOT NULL DEFAULT 'Y',
  `DIAGRAM_TYPE` varchar(10) COLLATE utf8_unicode_ci NOT NULL DEFAULT 'histogram',
  `TEMPLATE` varchar(255) COLLATE utf8_unicode_ci DEFAULT NULL,
  `TEMPLATE_NEW` varchar(255) COLLATE utf8_unicode_ci DEFAULT NULL
) ENGINE=InnoDB DEFAULT CHARSET=utf8 COLLATE=utf8_unicode_ci;

-- --------------------------------------------------------

--
-- Структура таблицы `b_vote_user`
--

CREATE TABLE `b_vote_user` (
  `ID` int(18) NOT NULL,
  `COOKIE_ID` int(18) NOT NULL,
  `AUTH_USER_ID` int(18) DEFAULT NULL,
  `COUNTER` int(18) NOT NULL DEFAULT '0',
  `DATE_FIRST` datetime NOT NULL,
  `DATE_LAST` datetime NOT NULL,
  `LAST_IP` varchar(15) COLLATE utf8_unicode_ci DEFAULT NULL,
  `STAT_GUEST_ID` int(18) DEFAULT NULL
) ENGINE=InnoDB DEFAULT CHARSET=utf8 COLLATE=utf8_unicode_ci;

--
-- Индексы сохранённых таблиц
--

--
-- Индексы таблицы `b_admin_notify`
--
ALTER TABLE `b_admin_notify`
  ADD PRIMARY KEY (`ID`),
  ADD KEY `IX_AD_TAG` (`TAG`);

--
-- Индексы таблицы `b_admin_notify_lang`
--
ALTER TABLE `b_admin_notify_lang`
  ADD PRIMARY KEY (`ID`),
  ADD UNIQUE KEY `IX_ADM_NTFY_LANG` (`NOTIFY_ID`,`LID`),
  ADD KEY `IX_ADM_NTFY_LID` (`LID`);

--
-- Индексы таблицы `b_agent`
--
ALTER TABLE `b_agent`
  ADD PRIMARY KEY (`ID`),
  ADD KEY `ix_act_next_exec` (`ACTIVE`,`NEXT_EXEC`),
  ADD KEY `ix_agent_user_id` (`USER_ID`),
  ADD KEY `ix_agent_name` (`NAME`(100));

--
-- Индексы таблицы `b_app_password`
--
ALTER TABLE `b_app_password`
  ADD PRIMARY KEY (`ID`),
  ADD KEY `ix_app_password_user` (`USER_ID`);

--
-- Индексы таблицы `b_b24connector_buttons`
--
ALTER TABLE `b_b24connector_buttons`
  ADD PRIMARY KEY (`ID`);

--
-- Индексы таблицы `b_b24connector_button_site`
--
ALTER TABLE `b_b24connector_button_site`
  ADD PRIMARY KEY (`ID`),
  ADD KEY `IX_BUTTON_ID` (`BUTTON_ID`);

--
-- Индексы таблицы `b_bitrixcloud_option`
--
ALTER TABLE `b_bitrixcloud_option`
  ADD PRIMARY KEY (`ID`),
  ADD KEY `ix_b_bitrixcloud_option_1` (`NAME`);

--
-- Индексы таблицы `b_blog`
--
ALTER TABLE `b_blog`
  ADD PRIMARY KEY (`ID`),
  ADD UNIQUE KEY `IX_BLOG_BLOG_4` (`URL`),
  ADD KEY `IX_BLOG_BLOG_1` (`GROUP_ID`,`ACTIVE`),
  ADD KEY `IX_BLOG_BLOG_2` (`OWNER_ID`),
  ADD KEY `IX_BLOG_BLOG_5` (`LAST_POST_DATE`),
  ADD KEY `IX_BLOG_BLOG_6` (`SOCNET_GROUP_ID`);

--
-- Индексы таблицы `b_blog_category`
--
ALTER TABLE `b_blog_category`
  ADD PRIMARY KEY (`ID`),
  ADD UNIQUE KEY `IX_BLOG_CAT_1` (`BLOG_ID`,`NAME`);

--
-- Индексы таблицы `b_blog_comment`
--
ALTER TABLE `b_blog_comment`
  ADD PRIMARY KEY (`ID`),
  ADD KEY `IX_BLOG_COMM_1` (`BLOG_ID`,`POST_ID`),
  ADD KEY `IX_BLOG_COMM_2` (`AUTHOR_ID`),
  ADD KEY `IX_BLOG_COMM_3` (`DATE_CREATE`,`AUTHOR_ID`),
  ADD KEY `IX_BLOG_COMM_4` (`POST_ID`);

--
-- Индексы таблицы `b_blog_group`
--
ALTER TABLE `b_blog_group`
  ADD PRIMARY KEY (`ID`),
  ADD KEY `IX_BLOG_GROUP_1` (`SITE_ID`);

--
-- Индексы таблицы `b_blog_image`
--
ALTER TABLE `b_blog_image`
  ADD PRIMARY KEY (`ID`),
  ADD KEY `IX_BLOG_IMAGE_1` (`POST_ID`,`BLOG_ID`);

--
-- Индексы таблицы `b_blog_post`
--
ALTER TABLE `b_blog_post`
  ADD PRIMARY KEY (`ID`),
  ADD KEY `IX_BLOG_POST_1` (`BLOG_ID`,`PUBLISH_STATUS`,`DATE_PUBLISH`),
  ADD KEY `IX_BLOG_POST_2` (`BLOG_ID`,`DATE_PUBLISH`,`PUBLISH_STATUS`),
  ADD KEY `IX_BLOG_POST_3` (`BLOG_ID`,`CATEGORY_ID`),
  ADD KEY `IX_BLOG_POST_4` (`PUBLISH_STATUS`,`DATE_PUBLISH`),
  ADD KEY `IX_BLOG_POST_5` (`DATE_PUBLISH`,`AUTHOR_ID`),
  ADD KEY `IX_BLOG_POST_CODE` (`BLOG_ID`,`CODE`),
  ADD KEY `IX_BLOG_POST_6` (`CODE`);

--
-- Индексы таблицы `b_blog_post_category`
--
ALTER TABLE `b_blog_post_category`
  ADD PRIMARY KEY (`ID`),
  ADD UNIQUE KEY `IX_BLOG_POST_CATEGORY` (`POST_ID`,`CATEGORY_ID`),
  ADD KEY `IX_BLOG_POST_CATEGORY_CAT_ID` (`CATEGORY_ID`);

--
-- Индексы таблицы `b_blog_post_param`
--
ALTER TABLE `b_blog_post_param`
  ADD PRIMARY KEY (`ID`),
  ADD KEY `IX_BLOG_PP_1` (`POST_ID`,`USER_ID`),
  ADD KEY `IX_BLOG_PP_2` (`USER_ID`);

--
-- Индексы таблицы `b_blog_site_path`
--
ALTER TABLE `b_blog_site_path`
  ADD PRIMARY KEY (`ID`),
  ADD UNIQUE KEY `IX_BLOG_SITE_PATH_2` (`SITE_ID`,`TYPE`);

--
-- Индексы таблицы `b_blog_socnet`
--
ALTER TABLE `b_blog_socnet`
  ADD PRIMARY KEY (`ID`),
  ADD UNIQUE KEY `IX_BLOG_SOCNET` (`BLOG_ID`);

--
-- Индексы таблицы `b_blog_socnet_rights`
--
ALTER TABLE `b_blog_socnet_rights`
  ADD PRIMARY KEY (`ID`),
  ADD KEY `IX_BLOG_SR_1` (`POST_ID`),
  ADD KEY `IX_BLOG_SR_2` (`ENTITY`);

--
-- Индексы таблицы `b_blog_trackback`
--
ALTER TABLE `b_blog_trackback`
  ADD PRIMARY KEY (`ID`),
  ADD KEY `IX_BLOG_TRBK_1` (`BLOG_ID`,`POST_ID`),
  ADD KEY `IX_BLOG_TRBK_2` (`POST_ID`);

--
-- Индексы таблицы `b_blog_user`
--
ALTER TABLE `b_blog_user`
  ADD PRIMARY KEY (`ID`),
  ADD UNIQUE KEY `IX_BLOG_USER_1` (`USER_ID`),
  ADD KEY `IX_BLOG_USER_2` (`ALIAS`);

--
-- Индексы таблицы `b_blog_user2blog`
--
ALTER TABLE `b_blog_user2blog`
  ADD PRIMARY KEY (`ID`),
  ADD UNIQUE KEY `IX_BLOG_USER2GROUP_1` (`BLOG_ID`,`USER_ID`);

--
-- Индексы таблицы `b_blog_user2user_group`
--
ALTER TABLE `b_blog_user2user_group`
  ADD PRIMARY KEY (`ID`),
  ADD UNIQUE KEY `IX_BLOG_USER2GROUP_1` (`USER_ID`,`BLOG_ID`,`USER_GROUP_ID`);

--
-- Индексы таблицы `b_blog_user_group`
--
ALTER TABLE `b_blog_user_group`
  ADD PRIMARY KEY (`ID`),
  ADD KEY `IX_BLOG_USER_GROUP_1` (`BLOG_ID`);

--
-- Индексы таблицы `b_blog_user_group_perms`
--
ALTER TABLE `b_blog_user_group_perms`
  ADD PRIMARY KEY (`ID`),
  ADD UNIQUE KEY `IX_BLOG_UG_PERMS_1` (`BLOG_ID`,`USER_GROUP_ID`,`PERMS_TYPE`,`POST_ID`),
  ADD KEY `IX_BLOG_UG_PERMS_2` (`USER_GROUP_ID`,`PERMS_TYPE`,`POST_ID`),
  ADD KEY `IX_BLOG_UG_PERMS_3` (`POST_ID`,`USER_GROUP_ID`,`PERMS_TYPE`);

--
-- Индексы таблицы `b_cache_tag`
--
ALTER TABLE `b_cache_tag`
  ADD PRIMARY KEY (`ID`),
  ADD KEY `ix_b_cache_tag_0` (`SITE_ID`,`CACHE_SALT`,`RELATIVE_PATH`(50)),
  ADD KEY `ix_b_cache_tag_1` (`TAG`);

--
-- Индексы таблицы `b_captcha`
--
ALTER TABLE `b_captcha`
  ADD UNIQUE KEY `UX_B_CAPTCHA` (`ID`);

--
-- Индексы таблицы `b_checklist`
--
ALTER TABLE `b_checklist`
  ADD PRIMARY KEY (`ID`);

--
-- Индексы таблицы `b_clouds_copy_queue`
--
ALTER TABLE `b_clouds_copy_queue`
  ADD PRIMARY KEY (`ID`);

--
-- Индексы таблицы `b_clouds_delete_queue`
--
ALTER TABLE `b_clouds_delete_queue`
  ADD PRIMARY KEY (`ID`),
  ADD KEY `ix_b_clouds_delete_queue_1` (`BUCKET_ID`,`FILE_PATH`(100));

--
-- Индексы таблицы `b_clouds_file_bucket`
--
ALTER TABLE `b_clouds_file_bucket`
  ADD PRIMARY KEY (`ID`);

--
-- Индексы таблицы `b_clouds_file_hash`
--
ALTER TABLE `b_clouds_file_hash`
  ADD PRIMARY KEY (`ID`),
  ADD KEY `ix_b_clouds_file_hash` (`BUCKET_ID`,`FILE_PATH`(190));

--
-- Индексы таблицы `b_clouds_file_resize`
--
ALTER TABLE `b_clouds_file_resize`
  ADD PRIMARY KEY (`ID`),
  ADD KEY `ix_b_file_resize_ts` (`TIMESTAMP_X`),
  ADD KEY `ix_b_file_resize_path` (`TO_PATH`(100)),
  ADD KEY `ix_b_file_resize_file` (`FILE_ID`);

--
-- Индексы таблицы `b_clouds_file_save`
--
ALTER TABLE `b_clouds_file_save`
  ADD PRIMARY KEY (`ID`),
  ADD KEY `IX_EXTERNAL_ID` (`EXTERNAL_ID`);

--
-- Индексы таблицы `b_clouds_file_upload`
--
ALTER TABLE `b_clouds_file_upload`
  ADD PRIMARY KEY (`ID`);

--
-- Индексы таблицы `b_component_params`
--
ALTER TABLE `b_component_params`
  ADD PRIMARY KEY (`ID`),
  ADD KEY `ix_comp_params_name` (`COMPONENT_NAME`),
  ADD KEY `ix_comp_params_path` (`SITE_ID`,`REAL_PATH`),
  ADD KEY `ix_comp_params_sname` (`SITE_ID`,`COMPONENT_NAME`);

--
-- Индексы таблицы `b_composite_log`
--
ALTER TABLE `b_composite_log`
  ADD PRIMARY KEY (`ID`),
  ADD KEY `IX_B_COMPOSITE_LOG_PAGE_ID` (`PAGE_ID`),
  ADD KEY `IX_B_COMPOSITE_LOG_HOST` (`HOST`),
  ADD KEY `IX_B_COMPOSITE_LOG_TYPE` (`TYPE`);

--
-- Индексы таблицы `b_composite_page`
--
ALTER TABLE `b_composite_page`
  ADD PRIMARY KEY (`ID`),
  ADD KEY `IX_B_COMPOSITE_PAGE_CACHE_KEY` (`CACHE_KEY`(100)),
  ADD KEY `IX_B_COMPOSITE_PAGE_VIEWED` (`LAST_VIEWED`),
  ADD KEY `IX_B_COMPOSITE_PAGE_HOST` (`HOST`);

--
-- Индексы таблицы `b_consent_agreement`
--
ALTER TABLE `b_consent_agreement`
  ADD PRIMARY KEY (`ID`),
  ADD KEY `IX_B_CONSENT_AGREEMENT_CODE` (`CODE`);

--
-- Индексы таблицы `b_consent_field`
--
ALTER TABLE `b_consent_field`
  ADD PRIMARY KEY (`ID`),
  ADD KEY `IX_B_CONSENT_FIELD_AG_ID` (`AGREEMENT_ID`);

--
-- Индексы таблицы `b_consent_user_consent`
--
ALTER TABLE `b_consent_user_consent`
  ADD PRIMARY KEY (`ID`),
  ADD KEY `IX_B_CONSENT_USER_CONSENT` (`AGREEMENT_ID`),
  ADD KEY `IX_CONSENT_USER_CONSENT_USER_ORIGIN` (`USER_ID`,`ORIGIN_ID`);

--
-- Индексы таблицы `b_consent_user_consent_item`
--
ALTER TABLE `b_consent_user_consent_item`
  ADD PRIMARY KEY (`ID`),
  ADD KEY `IX_B_CONSENT_USER_ITEM_AG_ID` (`USER_CONSENT_ID`);

--
-- Индексы таблицы `b_counter_data`
--
ALTER TABLE `b_counter_data`
  ADD PRIMARY KEY (`ID`);

--
-- Индексы таблицы `b_culture`
--
ALTER TABLE `b_culture`
  ADD PRIMARY KEY (`ID`);

--
-- Индексы таблицы `b_entity_usage`
--
ALTER TABLE `b_entity_usage`
  ADD PRIMARY KEY (`USER_ID`,`CONTEXT`,`ENTITY_ID`,`ITEM_ID`),
  ADD KEY `IX_ENTITY_USAGE_ITEM_ID_INT` (`ITEM_ID_INT`),
  ADD KEY `IX_ENTITY_USAGE_LAST_USE_DATE` (`LAST_USE_DATE`);

--
-- Индексы таблицы `b_event`
--
ALTER TABLE `b_event`
  ADD PRIMARY KEY (`ID`),
  ADD KEY `ix_success` (`SUCCESS_EXEC`),
  ADD KEY `ix_b_event_date_exec` (`DATE_EXEC`);

--
-- Индексы таблицы `b_event_attachment`
--
ALTER TABLE `b_event_attachment`
  ADD PRIMARY KEY (`EVENT_ID`,`FILE_ID`);

--
-- Индексы таблицы `b_event_log`
--
ALTER TABLE `b_event_log`
  ADD PRIMARY KEY (`ID`),
  ADD KEY `ix_b_event_log_time` (`TIMESTAMP_X`),
  ADD KEY `ix_b_event_log_audit_type_time` (`AUDIT_TYPE_ID`,`TIMESTAMP_X`);

--
-- Индексы таблицы `b_event_message`
--
ALTER TABLE `b_event_message`
  ADD PRIMARY KEY (`ID`),
  ADD KEY `ix_b_event_message_name` (`EVENT_NAME`(50));

--
-- Индексы таблицы `b_event_message_attachment`
--
ALTER TABLE `b_event_message_attachment`
  ADD PRIMARY KEY (`EVENT_MESSAGE_ID`,`FILE_ID`);

--
-- Индексы таблицы `b_event_message_site`
--
ALTER TABLE `b_event_message_site`
  ADD PRIMARY KEY (`EVENT_MESSAGE_ID`,`SITE_ID`);

--
-- Индексы таблицы `b_event_type`
--
ALTER TABLE `b_event_type`
  ADD PRIMARY KEY (`ID`),
  ADD UNIQUE KEY `ux_1` (`EVENT_NAME`,`LID`);

--
-- Индексы таблицы `b_favorite`
--
ALTER TABLE `b_favorite`
  ADD PRIMARY KEY (`ID`);

--
-- Индексы таблицы `b_file`
--
ALTER TABLE `b_file`
  ADD PRIMARY KEY (`ID`),
  ADD KEY `IX_B_FILE_EXTERNAL_ID` (`EXTERNAL_ID`);

--
-- Индексы таблицы `b_file_duplicate`
--
ALTER TABLE `b_file_duplicate`
  ADD PRIMARY KEY (`DUPLICATE_ID`,`ORIGINAL_ID`),
  ADD KEY `ix_file_duplicate_duplicate` (`ORIGINAL_ID`);

--
-- Индексы таблицы `b_file_hash`
--
ALTER TABLE `b_file_hash`
  ADD PRIMARY KEY (`FILE_ID`),
  ADD KEY `ix_file_hash_size_hash` (`FILE_SIZE`,`FILE_HASH`);

--
-- Индексы таблицы `b_file_preview`
--
ALTER TABLE `b_file_preview`
  ADD PRIMARY KEY (`ID`),
  ADD KEY `IX_B_FILE_PL_TOUCH` (`TOUCHED_AT`),
  ADD KEY `IX_B_FILE_PL_FILE` (`FILE_ID`);

--
-- Индексы таблицы `b_file_search`
--
ALTER TABLE `b_file_search`
  ADD PRIMARY KEY (`ID`);

--
-- Индексы таблицы `b_filters`
--
ALTER TABLE `b_filters`
  ADD PRIMARY KEY (`ID`);

--
-- Индексы таблицы `b_finder_dest`
--
ALTER TABLE `b_finder_dest`
  ADD PRIMARY KEY (`USER_ID`,`CODE`,`CONTEXT`),
  ADD KEY `IX_FINDER_DEST` (`CODE_TYPE`);

--
-- Индексы таблицы `b_form`
--
ALTER TABLE `b_form`
  ADD PRIMARY KEY (`ID`),
  ADD KEY `IX_SID` (`SID`);

--
-- Индексы таблицы `b_form_2_group`
--
ALTER TABLE `b_form_2_group`
  ADD PRIMARY KEY (`ID`),
  ADD KEY `IX_FORM_ID` (`FORM_ID`);

--
-- Индексы таблицы `b_form_2_mail_template`
--
ALTER TABLE `b_form_2_mail_template`
  ADD PRIMARY KEY (`FORM_ID`,`MAIL_TEMPLATE_ID`);

--
-- Индексы таблицы `b_form_2_site`
--
ALTER TABLE `b_form_2_site`
  ADD PRIMARY KEY (`FORM_ID`,`SITE_ID`);

--
-- Индексы таблицы `b_form_answer`
--
ALTER TABLE `b_form_answer`
  ADD PRIMARY KEY (`ID`),
  ADD KEY `IX_FIELD_ID` (`FIELD_ID`);

--
-- Индексы таблицы `b_form_crm`
--
ALTER TABLE `b_form_crm`
  ADD PRIMARY KEY (`ID`);

--
-- Индексы таблицы `b_form_crm_field`
--
ALTER TABLE `b_form_crm_field`
  ADD PRIMARY KEY (`ID`),
  ADD KEY `ix_b_form_crm_field_1` (`LINK_ID`);

--
-- Индексы таблицы `b_form_crm_link`
--
ALTER TABLE `b_form_crm_link`
  ADD PRIMARY KEY (`ID`),
  ADD UNIQUE KEY `ux_b_form_crm_link_1` (`FORM_ID`,`CRM_ID`);

--
-- Индексы таблицы `b_form_field`
--
ALTER TABLE `b_form_field`
  ADD PRIMARY KEY (`ID`),
  ADD KEY `IX_FORM_ID` (`FORM_ID`),
  ADD KEY `IX_SID` (`SID`);

--
-- Индексы таблицы `b_form_field_filter`
--
ALTER TABLE `b_form_field_filter`
  ADD PRIMARY KEY (`ID`),
  ADD KEY `IX_FIELD_ID` (`FIELD_ID`);

--
-- Индексы таблицы `b_form_field_validator`
--
ALTER TABLE `b_form_field_validator`
  ADD PRIMARY KEY (`ID`),
  ADD KEY `IX_FORM_ID` (`FORM_ID`),
  ADD KEY `IX_FIELD_ID` (`FIELD_ID`);

--
-- Индексы таблицы `b_form_menu`
--
ALTER TABLE `b_form_menu`
  ADD PRIMARY KEY (`ID`),
  ADD KEY `IX_FORM_ID` (`FORM_ID`);

--
-- Индексы таблицы `b_form_result`
--
ALTER TABLE `b_form_result`
  ADD PRIMARY KEY (`ID`),
  ADD KEY `IX_FORM_ID` (`FORM_ID`),
  ADD KEY `IX_STATUS_ID` (`STATUS_ID`),
  ADD KEY `IX_SENT_TO_CRM` (`SENT_TO_CRM`);

--
-- Индексы таблицы `b_form_result_answer`
--
ALTER TABLE `b_form_result_answer`
  ADD PRIMARY KEY (`ID`),
  ADD KEY `IX_RESULT_ID` (`RESULT_ID`),
  ADD KEY `IX_FIELD_ID` (`FIELD_ID`),
  ADD KEY `IX_ANSWER_ID` (`ANSWER_ID`);

--
-- Индексы таблицы `b_form_status`
--
ALTER TABLE `b_form_status`
  ADD PRIMARY KEY (`ID`),
  ADD KEY `IX_FORM_ID` (`FORM_ID`);

--
-- Индексы таблицы `b_form_status_2_group`
--
ALTER TABLE `b_form_status_2_group`
  ADD PRIMARY KEY (`ID`),
  ADD KEY `IX_FORM_STATUS_GROUP` (`STATUS_ID`,`GROUP_ID`);

--
-- Индексы таблицы `b_form_status_2_mail_template`
--
ALTER TABLE `b_form_status_2_mail_template`
  ADD PRIMARY KEY (`STATUS_ID`,`MAIL_TEMPLATE_ID`);

--
-- Индексы таблицы `b_forum`
--
ALTER TABLE `b_forum`
  ADD PRIMARY KEY (`ID`),
  ADD KEY `IX_FORUM_SORT` (`SORT`),
  ADD KEY `IX_FORUM_ACTIVE` (`ACTIVE`),
  ADD KEY `IX_FORUM_GROUP_ID` (`FORUM_GROUP_ID`);

--
-- Индексы таблицы `b_forum2site`
--
ALTER TABLE `b_forum2site`
  ADD PRIMARY KEY (`FORUM_ID`,`SITE_ID`);

--
-- Индексы таблицы `b_forum_dictionary`
--
ALTER TABLE `b_forum_dictionary`
  ADD PRIMARY KEY (`ID`);

--
-- Индексы таблицы `b_forum_email`
--
ALTER TABLE `b_forum_email`
  ADD PRIMARY KEY (`ID`),
  ADD KEY `IX_B_FORUM_EMAIL_FORUM_SOC` (`FORUM_ID`,`SOCNET_GROUP_ID`),
  ADD KEY `IX_B_FORUM_EMAIL_FILTER_ID` (`MAIL_FILTER_ID`);

--
-- Индексы таблицы `b_forum_file`
--
ALTER TABLE `b_forum_file`
  ADD PRIMARY KEY (`ID`),
  ADD KEY `IX_FORUM_FILE_FILE` (`FILE_ID`),
  ADD KEY `IX_FORUM_FILE_FORUM` (`FORUM_ID`),
  ADD KEY `IX_FORUM_FILE_TOPIC` (`TOPIC_ID`),
  ADD KEY `IX_FORUM_FILE_MESSAGE` (`MESSAGE_ID`);

--
-- Индексы таблицы `b_forum_filter`
--
ALTER TABLE `b_forum_filter`
  ADD PRIMARY KEY (`ID`),
  ADD KEY `IX_B_FORUM_FILTER_2` (`USE_IT`),
  ADD KEY `IX_B_FORUM_FILTER_3` (`PATTERN_CREATE`);

--
-- Индексы таблицы `b_forum_group`
--
ALTER TABLE `b_forum_group`
  ADD PRIMARY KEY (`ID`);

--
-- Индексы таблицы `b_forum_group_lang`
--
ALTER TABLE `b_forum_group_lang`
  ADD PRIMARY KEY (`ID`),
  ADD UNIQUE KEY `UX_FORUM_GROUP` (`FORUM_GROUP_ID`,`LID`);

--
-- Индексы таблицы `b_forum_letter`
--
ALTER TABLE `b_forum_letter`
  ADD PRIMARY KEY (`ID`);

--
-- Индексы таблицы `b_forum_message`
--
ALTER TABLE `b_forum_message`
  ADD PRIMARY KEY (`ID`),
  ADD KEY `IX_FORUM_MESSAGE_FORUM` (`FORUM_ID`,`APPROVED`),
  ADD KEY `IX_FORUM_MESSAGE_FORUM_TOPIC` (`FORUM_ID`,`TOPIC_ID`),
  ADD KEY `IX_FORUM_MESSAGE_TOPIC` (`TOPIC_ID`,`APPROVED`),
  ADD KEY `IX_FORUM_MESSAGE_AUTHOR` (`AUTHOR_ID`,`APPROVED`,`FORUM_ID`),
  ADD KEY `IX_FORUM_MESSAGE_APPROVED` (`APPROVED`),
  ADD KEY `IX_FORUM_MESSAGE_PARAM2` (`PARAM2`),
  ADD KEY `IX_FORUM_MESSAGE_XML_ID` (`XML_ID`),
  ADD KEY `IX_FORUM_MESSAGE_DATE_AUTHOR_ID` (`POST_DATE`,`AUTHOR_ID`),
  ADD KEY `IX_FORUM_MESSAGE_AUTHOR_TOPIC_ID` (`AUTHOR_ID`,`TOPIC_ID`),
  ADD KEY `IX_FORUM_MESSAGE_AUTHOR_FORUM_ID` (`AUTHOR_ID`,`FORUM_ID`,`ID`,`APPROVED`,`TOPIC_ID`),
  ADD KEY `IX_FORUM_MESSAGE_SERVICE_TYPE` (`SERVICE_TYPE`);

--
-- Индексы таблицы `b_forum_perms`
--
ALTER TABLE `b_forum_perms`
  ADD PRIMARY KEY (`ID`),
  ADD KEY `IX_FORUM_PERMS_FORUM` (`FORUM_ID`,`GROUP_ID`),
  ADD KEY `IX_FORUM_PERMS_GROUP` (`GROUP_ID`);

--
-- Индексы таблицы `b_forum_pm_folder`
--
ALTER TABLE `b_forum_pm_folder`
  ADD PRIMARY KEY (`ID`),
  ADD KEY `IX_B_FORUM_PM_FOLDER_USER_IST` (`USER_ID`,`ID`,`SORT`,`TITLE`);

--
-- Индексы таблицы `b_forum_points`
--
ALTER TABLE `b_forum_points`
  ADD PRIMARY KEY (`ID`),
  ADD UNIQUE KEY `UX_FORUM_P_MP` (`MIN_POINTS`);

--
-- Индексы таблицы `b_forum_points2post`
--
ALTER TABLE `b_forum_points2post`
  ADD PRIMARY KEY (`ID`),
  ADD UNIQUE KEY `UX_FORUM_P2P_MNP` (`MIN_NUM_POSTS`);

--
-- Индексы таблицы `b_forum_points_lang`
--
ALTER TABLE `b_forum_points_lang`
  ADD PRIMARY KEY (`POINTS_ID`,`LID`);

--
-- Индексы таблицы `b_forum_private_message`
--
ALTER TABLE `b_forum_private_message`
  ADD PRIMARY KEY (`ID`),
  ADD KEY `IX_B_FORUM_PM_AFR` (`AUTHOR_ID`,`FOLDER_ID`,`IS_READ`),
  ADD KEY `IX_B_FORUM_PM_UFP` (`USER_ID`,`FOLDER_ID`,`POST_DATE`),
  ADD KEY `IX_B_FORUM_PM_POST_DATE` (`POST_DATE`);

--
-- Индексы таблицы `b_forum_rank`
--
ALTER TABLE `b_forum_rank`
  ADD PRIMARY KEY (`ID`);

--
-- Индексы таблицы `b_forum_rank_lang`
--
ALTER TABLE `b_forum_rank_lang`
  ADD PRIMARY KEY (`ID`),
  ADD UNIQUE KEY `UX_FORUM_RANK` (`RANK_ID`,`LID`);

--
-- Индексы таблицы `b_forum_service_deleted_message`
--
ALTER TABLE `b_forum_service_deleted_message`
  ADD PRIMARY KEY (`ID`),
  ADD UNIQUE KEY `UX_FORUM_MESSAGE_DELETED_ID` (`MESSAGE_ID`);

--
-- Индексы таблицы `b_forum_service_statistic_queue`
--
ALTER TABLE `b_forum_service_statistic_queue`
  ADD PRIMARY KEY (`ID`),
  ADD UNIQUE KEY `UX_FORUM_SERVICE_STATISTIC` (`ENTITY_TYPE`,`ENTITY_ID`);

--
-- Индексы таблицы `b_forum_stat`
--
ALTER TABLE `b_forum_stat`
  ADD PRIMARY KEY (`ID`),
  ADD KEY `IX_B_FORUM_STAT_SITE_ID` (`SITE_ID`,`LAST_VISIT`),
  ADD KEY `IX_B_FORUM_STAT_TOPIC_ID` (`TOPIC_ID`,`LAST_VISIT`),
  ADD KEY `IX_B_FORUM_STAT_FORUM_ID` (`FORUM_ID`,`LAST_VISIT`),
  ADD KEY `IX_B_FORUM_STAT_PHPSESSID` (`PHPSESSID`);

--
-- Индексы таблицы `b_forum_subscribe`
--
ALTER TABLE `b_forum_subscribe`
  ADD PRIMARY KEY (`ID`),
  ADD UNIQUE KEY `UX_FORUM_SUBSCRIBE_USER` (`USER_ID`,`FORUM_ID`,`TOPIC_ID`,`SOCNET_GROUP_ID`);

--
-- Индексы таблицы `b_forum_topic`
--
ALTER TABLE `b_forum_topic`
  ADD PRIMARY KEY (`ID`),
  ADD KEY `IX_FORUM_TOPIC_FORUM` (`FORUM_ID`,`APPROVED`),
  ADD KEY `IX_FORUM_TOPIC_APPROVED` (`APPROVED`),
  ADD KEY `IX_FORUM_TOPIC_ABS_L_POST_DATE` (`ABS_LAST_POST_DATE`),
  ADD KEY `IX_FORUM_TOPIC_LAST_POST_DATE` (`LAST_POST_DATE`),
  ADD KEY `IX_FORUM_TOPIC_USER_START_ID` (`USER_START_ID`),
  ADD KEY `IX_FORUM_TOPIC_LAST_POSTER_ID` (`LAST_POSTER_ID`),
  ADD KEY `IX_FORUM_TOPIC_DATE_USER_START_ID` (`START_DATE`,`USER_START_ID`),
  ADD KEY `IX_FORUM_TOPIC_XML_ID` (`XML_ID`),
  ADD KEY `IX_FORUM_TOPIC_TITLE_SEO` (`FORUM_ID`,`TITLE_SEO`),
  ADD KEY `IX_FORUM_TOPIC_TITLE_SEO2` (`TITLE_SEO`);

--
-- Индексы таблицы `b_forum_user`
--
ALTER TABLE `b_forum_user`
  ADD PRIMARY KEY (`ID`),
  ADD UNIQUE KEY `IX_FORUM_USER_USER6` (`USER_ID`);

--
-- Индексы таблицы `b_forum_user_forum`
--
ALTER TABLE `b_forum_user_forum`
  ADD PRIMARY KEY (`ID`),
  ADD KEY `IX_B_FORUM_USER_FORUM_ID1` (`USER_ID`,`FORUM_ID`);

--
-- Индексы таблицы `b_forum_user_points`
--
ALTER TABLE `b_forum_user_points`
  ADD PRIMARY KEY (`FROM_USER_ID`,`TO_USER_ID`),
  ADD KEY `IX_B_FORUM_USER_POINTS_TO_USER` (`TO_USER_ID`);

--
-- Индексы таблицы `b_forum_user_topic`
--
ALTER TABLE `b_forum_user_topic`
  ADD PRIMARY KEY (`TOPIC_ID`,`USER_ID`),
  ADD KEY `ID` (`ID`),
  ADD KEY `IX_B_FORUM_USER_FORUM_ID2` (`USER_ID`,`FORUM_ID`,`TOPIC_ID`),
  ADD KEY `IX_B_FORUM_USER_FORUM_ID3` (`FORUM_ID`,`USER_ID`);

--
-- Индексы таблицы `b_geoip_handlers`
--
ALTER TABLE `b_geoip_handlers`
  ADD PRIMARY KEY (`ID`);

--
-- Индексы таблицы `b_group`
--
ALTER TABLE `b_group`
  ADD PRIMARY KEY (`ID`);

--
-- Индексы таблицы `b_group_collection_task`
--
ALTER TABLE `b_group_collection_task`
  ADD PRIMARY KEY (`GROUP_ID`,`TASK_ID`,`COLLECTION_ID`);

--
-- Индексы таблицы `b_group_subordinate`
--
ALTER TABLE `b_group_subordinate`
  ADD PRIMARY KEY (`ID`);

--
-- Индексы таблицы `b_group_task`
--
ALTER TABLE `b_group_task`
  ADD PRIMARY KEY (`GROUP_ID`,`TASK_ID`);

--
-- Индексы таблицы `b_hlbd_tegicases`
--
ALTER TABLE `b_hlbd_tegicases`
  ADD PRIMARY KEY (`ID`);

--
-- Индексы таблицы `b_hlbd_tegifiltra`
--
ALTER TABLE `b_hlbd_tegifiltra`
  ADD PRIMARY KEY (`ID`);

--
-- Индексы таблицы `b_hlblock_entity`
--
ALTER TABLE `b_hlblock_entity`
  ADD PRIMARY KEY (`ID`);

--
-- Индексы таблицы `b_hlblock_entity_rights`
--
ALTER TABLE `b_hlblock_entity_rights`
  ADD PRIMARY KEY (`ID`);

--
-- Индексы таблицы `b_hot_keys`
--
ALTER TABLE `b_hot_keys`
  ADD PRIMARY KEY (`ID`),
  ADD UNIQUE KEY `ix_b_hot_keys_co_u` (`CODE_ID`,`USER_ID`),
  ADD KEY `ix_hot_keys_user` (`USER_ID`);

--
-- Индексы таблицы `b_hot_keys_code`
--
ALTER TABLE `b_hot_keys_code`
  ADD PRIMARY KEY (`ID`),
  ADD KEY `ix_hot_keys_code_cn` (`CLASS_NAME`),
  ADD KEY `ix_hot_keys_code_url` (`URL`);

--
-- Индексы таблицы `b_iblock`
--
ALTER TABLE `b_iblock`
  ADD PRIMARY KEY (`ID`),
  ADD UNIQUE KEY `ix_iblock_api_code` (`API_CODE`),
  ADD KEY `ix_iblock` (`IBLOCK_TYPE_ID`,`LID`,`ACTIVE`);

--
-- Индексы таблицы `b_iblock_12_index`
--
ALTER TABLE `b_iblock_12_index`
  ADD PRIMARY KEY (`SECTION_ID`,`FACET_ID`,`VALUE`,`VALUE_NUM`,`ELEMENT_ID`),
  ADD KEY `IX_b_iblock_12_index_0` (`SECTION_ID`,`FACET_ID`,`VALUE_NUM`,`VALUE`,`ELEMENT_ID`),
  ADD KEY `IX_b_iblock_12_index_1` (`ELEMENT_ID`,`SECTION_ID`,`FACET_ID`);

--
-- Индексы таблицы `b_iblock_12_index_val`
--
ALTER TABLE `b_iblock_12_index_val`
  ADD PRIMARY KEY (`ID`),
  ADD KEY `IX_b_iblock_12_index_val_0` (`VALUE`(200));

--
-- Индексы таблицы `b_iblock_13_index`
--
ALTER TABLE `b_iblock_13_index`
  ADD PRIMARY KEY (`SECTION_ID`,`FACET_ID`,`VALUE`,`VALUE_NUM`,`ELEMENT_ID`),
  ADD KEY `IX_b_iblock_13_index_0` (`SECTION_ID`,`FACET_ID`,`VALUE_NUM`,`VALUE`,`ELEMENT_ID`),
  ADD KEY `IX_b_iblock_13_index_1` (`ELEMENT_ID`,`SECTION_ID`,`FACET_ID`);

--
-- Индексы таблицы `b_iblock_13_index_val`
--
ALTER TABLE `b_iblock_13_index_val`
  ADD PRIMARY KEY (`ID`),
  ADD KEY `IX_b_iblock_13_index_val_0` (`VALUE`(200));

--
-- Индексы таблицы `b_iblock_cache`
--
ALTER TABLE `b_iblock_cache`
  ADD PRIMARY KEY (`CACHE_KEY`);

--
-- Индексы таблицы `b_iblock_element`
--
ALTER TABLE `b_iblock_element`
  ADD PRIMARY KEY (`ID`),
  ADD KEY `ix_iblock_element_1` (`IBLOCK_ID`,`IBLOCK_SECTION_ID`),
  ADD KEY `ix_iblock_element_4` (`IBLOCK_ID`,`XML_ID`,`WF_PARENT_ELEMENT_ID`),
  ADD KEY `ix_iblock_element_3` (`WF_PARENT_ELEMENT_ID`),
  ADD KEY `ix_iblock_element_code` (`IBLOCK_ID`,`CODE`);

--
-- Индексы таблицы `b_iblock_element_iprop`
--
ALTER TABLE `b_iblock_element_iprop`
  ADD PRIMARY KEY (`ELEMENT_ID`,`IPROP_ID`),
  ADD KEY `ix_b_iblock_element_iprop_0` (`IPROP_ID`),
  ADD KEY `ix_b_iblock_element_iprop_1` (`IBLOCK_ID`);

--
-- Индексы таблицы `b_iblock_element_lock`
--
ALTER TABLE `b_iblock_element_lock`
  ADD PRIMARY KEY (`IBLOCK_ELEMENT_ID`);

--
-- Индексы таблицы `b_iblock_element_property`
--
ALTER TABLE `b_iblock_element_property`
  ADD PRIMARY KEY (`ID`),
  ADD KEY `ix_iblock_element_property_1` (`IBLOCK_ELEMENT_ID`,`IBLOCK_PROPERTY_ID`),
  ADD KEY `ix_iblock_element_property_2` (`IBLOCK_PROPERTY_ID`),
  ADD KEY `ix_iblock_element_prop_enum` (`VALUE_ENUM`,`IBLOCK_PROPERTY_ID`),
  ADD KEY `ix_iblock_element_prop_num` (`VALUE_NUM`,`IBLOCK_PROPERTY_ID`),
  ADD KEY `ix_iblock_element_prop_val` (`VALUE`(50),`IBLOCK_PROPERTY_ID`,`IBLOCK_ELEMENT_ID`);

--
-- Индексы таблицы `b_iblock_element_prop_m21`
--
ALTER TABLE `b_iblock_element_prop_m21`
  ADD PRIMARY KEY (`ID`),
  ADD KEY `ix_iblock_elem_prop_m21_1` (`IBLOCK_ELEMENT_ID`,`IBLOCK_PROPERTY_ID`),
  ADD KEY `ix_iblock_elem_prop_m21_2` (`IBLOCK_PROPERTY_ID`),
  ADD KEY `ix_iblock_elem_prop_m21_3` (`VALUE_ENUM`,`IBLOCK_PROPERTY_ID`);

--
-- Индексы таблицы `b_iblock_element_prop_s21`
--
ALTER TABLE `b_iblock_element_prop_s21`
  ADD PRIMARY KEY (`IBLOCK_ELEMENT_ID`);

--
-- Индексы таблицы `b_iblock_element_right`
--
ALTER TABLE `b_iblock_element_right`
  ADD PRIMARY KEY (`RIGHT_ID`,`ELEMENT_ID`,`SECTION_ID`),
  ADD KEY `ix_b_iblock_element_right_1` (`ELEMENT_ID`,`IBLOCK_ID`),
  ADD KEY `ix_b_iblock_element_right_2` (`IBLOCK_ID`,`RIGHT_ID`);

--
-- Индексы таблицы `b_iblock_fields`
--
ALTER TABLE `b_iblock_fields`
  ADD PRIMARY KEY (`IBLOCK_ID`,`FIELD_ID`);

--
-- Индексы таблицы `b_iblock_group`
--
ALTER TABLE `b_iblock_group`
  ADD UNIQUE KEY `ux_iblock_group_1` (`IBLOCK_ID`,`GROUP_ID`);

--
-- Индексы таблицы `b_iblock_iblock_iprop`
--
ALTER TABLE `b_iblock_iblock_iprop`
  ADD PRIMARY KEY (`IBLOCK_ID`,`IPROP_ID`),
  ADD KEY `ix_b_iblock_iblock_iprop_0` (`IPROP_ID`);

--
-- Индексы таблицы `b_iblock_iproperty`
--
ALTER TABLE `b_iblock_iproperty`
  ADD PRIMARY KEY (`ID`),
  ADD KEY `ix_b_iblock_iprop_0` (`IBLOCK_ID`,`ENTITY_TYPE`,`ENTITY_ID`);

--
-- Индексы таблицы `b_iblock_messages`
--
ALTER TABLE `b_iblock_messages`
  ADD PRIMARY KEY (`IBLOCK_ID`,`MESSAGE_ID`);

--
-- Индексы таблицы `b_iblock_offers_tmp`
--
ALTER TABLE `b_iblock_offers_tmp`
  ADD PRIMARY KEY (`ID`);

--
-- Индексы таблицы `b_iblock_property`
--
ALTER TABLE `b_iblock_property`
  ADD PRIMARY KEY (`ID`),
  ADD KEY `ix_iblock_property_1` (`IBLOCK_ID`),
  ADD KEY `ix_iblock_property_3` (`LINK_IBLOCK_ID`),
  ADD KEY `ix_iblock_property_2` (`CODE`);

--
-- Индексы таблицы `b_iblock_property_enum`
--
ALTER TABLE `b_iblock_property_enum`
  ADD PRIMARY KEY (`ID`),
  ADD UNIQUE KEY `ux_iblock_property_enum` (`PROPERTY_ID`,`XML_ID`);

--
-- Индексы таблицы `b_iblock_property_feature`
--
ALTER TABLE `b_iblock_property_feature`
  ADD PRIMARY KEY (`ID`),
  ADD UNIQUE KEY `ix_iblock_property_feature` (`PROPERTY_ID`,`MODULE_ID`,`FEATURE_ID`);

--
-- Индексы таблицы `b_iblock_right`
--
ALTER TABLE `b_iblock_right`
  ADD PRIMARY KEY (`ID`),
  ADD KEY `ix_b_iblock_right_iblock_id` (`IBLOCK_ID`,`ENTITY_TYPE`,`ENTITY_ID`),
  ADD KEY `ix_b_iblock_right_group_code` (`GROUP_CODE`,`IBLOCK_ID`),
  ADD KEY `ix_b_iblock_right_entity` (`ENTITY_ID`,`ENTITY_TYPE`),
  ADD KEY `ix_b_iblock_right_op_eread` (`ID`,`OP_EREAD`,`GROUP_CODE`),
  ADD KEY `ix_b_iblock_right_op_sread` (`ID`,`OP_SREAD`,`GROUP_CODE`),
  ADD KEY `ix_b_iblock_right_task_id` (`TASK_ID`);

--
-- Индексы таблицы `b_iblock_rss`
--
ALTER TABLE `b_iblock_rss`
  ADD PRIMARY KEY (`ID`);

--
-- Индексы таблицы `b_iblock_section`
--
ALTER TABLE `b_iblock_section`
  ADD PRIMARY KEY (`ID`),
  ADD KEY `ix_iblock_section_1` (`IBLOCK_ID`,`IBLOCK_SECTION_ID`),
  ADD KEY `ix_iblock_section_depth_level` (`IBLOCK_ID`,`DEPTH_LEVEL`),
  ADD KEY `ix_iblock_section_code` (`IBLOCK_ID`,`CODE`),
  ADD KEY `ix_iblock_section_left_margin2` (`IBLOCK_ID`,`LEFT_MARGIN`),
  ADD KEY `ix_iblock_section_right_margin2` (`IBLOCK_ID`,`RIGHT_MARGIN`);

--
-- Индексы таблицы `b_iblock_section_element`
--
ALTER TABLE `b_iblock_section_element`
  ADD UNIQUE KEY `ux_iblock_section_element` (`IBLOCK_SECTION_ID`,`IBLOCK_ELEMENT_ID`,`ADDITIONAL_PROPERTY_ID`),
  ADD KEY `UX_IBLOCK_SECTION_ELEMENT2` (`IBLOCK_ELEMENT_ID`);

--
-- Индексы таблицы `b_iblock_section_iprop`
--
ALTER TABLE `b_iblock_section_iprop`
  ADD PRIMARY KEY (`SECTION_ID`,`IPROP_ID`),
  ADD KEY `ix_b_iblock_section_iprop_0` (`IPROP_ID`),
  ADD KEY `ix_b_iblock_section_iprop_1` (`IBLOCK_ID`);

--
-- Индексы таблицы `b_iblock_section_property`
--
ALTER TABLE `b_iblock_section_property`
  ADD PRIMARY KEY (`IBLOCK_ID`,`SECTION_ID`,`PROPERTY_ID`),
  ADD KEY `ix_b_iblock_section_property_1` (`PROPERTY_ID`),
  ADD KEY `ix_b_iblock_section_property_2` (`SECTION_ID`);

--
-- Индексы таблицы `b_iblock_section_right`
--
ALTER TABLE `b_iblock_section_right`
  ADD PRIMARY KEY (`RIGHT_ID`,`SECTION_ID`),
  ADD KEY `ix_b_iblock_section_right_1` (`SECTION_ID`,`IBLOCK_ID`),
  ADD KEY `ix_b_iblock_section_right_2` (`IBLOCK_ID`,`RIGHT_ID`);

--
-- Индексы таблицы `b_iblock_sequence`
--
ALTER TABLE `b_iblock_sequence`
  ADD PRIMARY KEY (`IBLOCK_ID`,`CODE`);

--
-- Индексы таблицы `b_iblock_site`
--
ALTER TABLE `b_iblock_site`
  ADD PRIMARY KEY (`IBLOCK_ID`,`SITE_ID`);

--
-- Индексы таблицы `b_iblock_type`
--
ALTER TABLE `b_iblock_type`
  ADD PRIMARY KEY (`ID`);

--
-- Индексы таблицы `b_landing`
--
ALTER TABLE `b_landing`
  ADD PRIMARY KEY (`ID`),
  ADD KEY `IX_B_LAND_CODE` (`CODE`),
  ADD KEY `IX_B_LAND_ACTIVE` (`ACTIVE`),
  ADD KEY `IX_B_LAND_DELETED` (`DELETED`),
  ADD KEY `IX_B_LAND_SYS` (`SYS`),
  ADD KEY `IX_B_LAND_XML_ID` (`XML_ID`),
  ADD KEY `IX_B_LAND_SITE_ID` (`SITE_ID`),
  ADD KEY `IX_B_LAND_SITEMAP` (`SITEMAP`),
  ADD KEY `IX_B_LAND_FOLDER` (`FOLDER`),
  ADD KEY `IX_B_LAND_FOLDER_ID` (`FOLDER_ID`);
ALTER TABLE `b_landing` ADD FULLTEXT KEY `IX_B_LANDING_SEARCH` (`SEARCH_CONTENT`);

--
-- Индексы таблицы `b_landing_binding`
--
ALTER TABLE `b_landing_binding`
  ADD PRIMARY KEY (`ID`),
  ADD KEY `IX_B_BINDING` (`BINDING_ID`,`BINDING_TYPE`),
  ADD KEY `IX_B_ENTITY` (`ENTITY_ID`,`ENTITY_TYPE`),
  ADD KEY `IX_B_BINDING_TYPE` (`BINDING_TYPE`);

--
-- Индексы таблицы `b_landing_block`
--
ALTER TABLE `b_landing_block`
  ADD PRIMARY KEY (`ID`),
  ADD KEY `IX_B_BLOCK_LID` (`LID`),
  ADD KEY `IX_B_BLOCK_CODE` (`CODE`),
  ADD KEY `IX_B_BLOCK_ACTIVE` (`ACTIVE`),
  ADD KEY `IX_B_BLOCK_PUBLIC` (`PUBLIC`,`DATE_CREATE`),
  ADD KEY `IX_B_BLOCK_DELETED` (`DELETED`);
ALTER TABLE `b_landing_block` ADD FULLTEXT KEY `IX_B_BLOCK_SEARCH` (`SEARCH_CONTENT`);

--
-- Индексы таблицы `b_landing_block_last_used`
--
ALTER TABLE `b_landing_block_last_used`
  ADD PRIMARY KEY (`ID`),
  ADD KEY `IX_B_BLOCK_LU_USER` (`USER_ID`),
  ADD KEY `IX_B_BLOCK_LU_CODE` (`CODE`),
  ADD KEY `IX_B_BLOCK_LU_USER_CODE` (`USER_ID`,`CODE`);

--
-- Индексы таблицы `b_landing_chat`
--
ALTER TABLE `b_landing_chat`
  ADD PRIMARY KEY (`ID`),
  ADD KEY `IX_B_CHAT` (`CHAT_ID`);

--
-- Индексы таблицы `b_landing_chat_binding`
--
ALTER TABLE `b_landing_chat_binding`
  ADD PRIMARY KEY (`ID`),
  ADD KEY `IX_B_CHAT` (`INTERNAL_CHAT_ID`),
  ADD KEY `IX_B_ENTITY` (`ENTITY_ID`,`ENTITY_TYPE`);

--
-- Индексы таблицы `b_landing_cookies_agreement`
--
ALTER TABLE `b_landing_cookies_agreement`
  ADD PRIMARY KEY (`ID`),
  ADD KEY `IX_B_SITE` (`SITE_ID`,`CODE`);

--
-- Индексы таблицы `b_landing_demo`
--
ALTER TABLE `b_landing_demo`
  ADD PRIMARY KEY (`ID`),
  ADD KEY `IX_B_DEMO_ACTIVE` (`ACTIVE`),
  ADD KEY `IX_B_DEMO_SHOW_IN_LIST` (`SHOW_IN_LIST`),
  ADD KEY `IX_B_DEMO_XML_ID` (`XML_ID`),
  ADD KEY `IX_B_DEMO_APP_CODE` (`APP_CODE`),
  ADD KEY `IX_B_DEMO_TEMPLATE_ID` (`SITE_TEMPLATE_ID`);

--
-- Индексы таблицы `b_landing_designer_repo`
--
ALTER TABLE `b_landing_designer_repo`
  ADD PRIMARY KEY (`ID`),
  ADD KEY `IX_B_XML_ID` (`XML_ID`);

--
-- Индексы таблицы `b_landing_domain`
--
ALTER TABLE `b_landing_domain`
  ADD PRIMARY KEY (`ID`),
  ADD KEY `IX_B_DOMAIN_ACTIVE` (`ACTIVE`),
  ADD KEY `IX_B_DOMAIN_DOMAIN` (`DOMAIN`),
  ADD KEY `IX_B_DOMAIN_PROVIDER` (`PROVIDER`),
  ADD KEY `IX_B_DOMAIN_XML_ID` (`XML_ID`);

--
-- Индексы таблицы `b_landing_entity_lock`
--
ALTER TABLE `b_landing_entity_lock`
  ADD PRIMARY KEY (`ID`),
  ADD KEY `IX_ENTITY` (`ENTITY_ID`,`ENTITY_TYPE`),
  ADD KEY `IX_TYPE` (`LOCK_TYPE`);

--
-- Индексы таблицы `b_landing_entity_rights`
--
ALTER TABLE `b_landing_entity_rights`
  ADD PRIMARY KEY (`ID`),
  ADD KEY `IX_ENTITY` (`ENTITY_ID`,`ENTITY_TYPE`),
  ADD KEY `IX_ROLE` (`ROLE_ID`);

--
-- Индексы таблицы `b_landing_file`
--
ALTER TABLE `b_landing_file`
  ADD PRIMARY KEY (`ID`),
  ADD KEY `IX_ENTITY` (`ENTITY_ID`,`ENTITY_TYPE`),
  ADD KEY `IX_FILE` (`FILE_ID`),
  ADD KEY `IX_TEMP` (`TEMP`);

--
-- Индексы таблицы `b_landing_filter_block`
--
ALTER TABLE `b_landing_filter_block`
  ADD PRIMARY KEY (`ID`),
  ADD UNIQUE KEY `IX_B_FILTER_BLOCK` (`FILTER_ID`,`BLOCK_ID`);

--
-- Индексы таблицы `b_landing_filter_entity`
--
ALTER TABLE `b_landing_filter_entity`
  ADD PRIMARY KEY (`ID`),
  ADD UNIQUE KEY `IX_B_FILTER_HASH` (`FILTER_HASH`);

--
-- Индексы таблицы `b_landing_folder`
--
ALTER TABLE `b_landing_folder`
  ADD PRIMARY KEY (`ID`),
  ADD KEY `IX_B_FOLDER_SITE_ID` (`SITE_ID`),
  ADD KEY `IX_B_FOLDER_ACTIVE` (`ACTIVE`),
  ADD KEY `IX_B_FOLDER_DELETED` (`DELETED`);

--
-- Индексы таблицы `b_landing_hook_data`
--
ALTER TABLE `b_landing_hook_data`
  ADD PRIMARY KEY (`ID`),
  ADD KEY `K_ENTITY` (`ENTITY_ID`,`ENTITY_TYPE`),
  ADD KEY `K_HOOK_CODE` (`HOOK`,`CODE`);

--
-- Индексы таблицы `b_landing_placement`
--
ALTER TABLE `b_landing_placement`
  ADD PRIMARY KEY (`ID`);

--
-- Индексы таблицы `b_landing_repo`
--
ALTER TABLE `b_landing_repo`
  ADD PRIMARY KEY (`ID`),
  ADD KEY `IX_B_REPO_ACTIVE` (`ACTIVE`),
  ADD KEY `IX_B_REPO_XML_ID` (`XML_ID`),
  ADD KEY `IX_B_REPO_APP_CODE` (`APP_CODE`),
  ADD KEY `IX_B_REPO_TEMPLATE_ID` (`SITE_TEMPLATE_ID`);

--
-- Индексы таблицы `b_landing_role`
--
ALTER TABLE `b_landing_role`
  ADD PRIMARY KEY (`ID`),
  ADD KEY `IX_B_ROLE_TYPE` (`TYPE`);

--
-- Индексы таблицы `b_landing_site`
--
ALTER TABLE `b_landing_site`
  ADD PRIMARY KEY (`ID`),
  ADD KEY `IX_B_SITE_CODE` (`CODE`),
  ADD KEY `IX_B_SITE_ACTIVE` (`ACTIVE`),
  ADD KEY `IX_B_SITE_DELETED` (`DELETED`),
  ADD KEY `IX_B_SITE_XML_ID` (`XML_ID`),
  ADD KEY `IX_B_SITE_SPECIAL` (`SPECIAL`);

--
-- Индексы таблицы `b_landing_syspage`
--
ALTER TABLE `b_landing_syspage`
  ADD PRIMARY KEY (`ID`),
  ADD KEY `IX_SITE_ID` (`SITE_ID`),
  ADD KEY `IX_LANDING_ID` (`LANDING_ID`);

--
-- Индексы таблицы `b_landing_template`
--
ALTER TABLE `b_landing_template`
  ADD PRIMARY KEY (`ID`);

--
-- Индексы таблицы `b_landing_template_ref`
--
ALTER TABLE `b_landing_template_ref`
  ADD PRIMARY KEY (`ID`),
  ADD KEY `K_LANDING_ID` (`LANDING_ID`),
  ADD KEY `K_ENTITY` (`ENTITY_ID`,`ENTITY_TYPE`);

--
-- Индексы таблицы `b_landing_update_block`
--
ALTER TABLE `b_landing_update_block`
  ADD PRIMARY KEY (`ID`),
  ADD KEY `IX_CODE` (`CODE`);

--
-- Индексы таблицы `b_landing_urlchecker_host`
--
ALTER TABLE `b_landing_urlchecker_host`
  ADD PRIMARY KEY (`ID`),
  ADD KEY `IX_B_CHECKER_STATUS_HOST` (`STATUS_ID`,`HOST`);

--
-- Индексы таблицы `b_landing_urlchecker_status`
--
ALTER TABLE `b_landing_urlchecker_status`
  ADD PRIMARY KEY (`ID`),
  ADD KEY `IX_B_CHECKER_HASH` (`HASH`);

--
-- Индексы таблицы `b_landing_urlchecker_whitelist`
--
ALTER TABLE `b_landing_urlchecker_whitelist`
  ADD PRIMARY KEY (`ID`),
  ADD KEY `IX_B_CHECKER_DOMAIN` (`DOMAIN`);

--
-- Индексы таблицы `b_landing_urlrewrite`
--
ALTER TABLE `b_landing_urlrewrite`
  ADD PRIMARY KEY (`ID`),
  ADD KEY `IX_SITE_RULE` (`SITE_ID`,`RULE`),
  ADD KEY `IX_LANDING_ID` (`LANDING_ID`);

--
-- Индексы таблицы `b_landing_view`
--
ALTER TABLE `b_landing_view`
  ADD PRIMARY KEY (`ID`),
  ADD KEY `IX_B_VIEW_LIDUID` (`LID`,`USER_ID`);

--
-- Индексы таблицы `b_lang`
--
ALTER TABLE `b_lang`
  ADD PRIMARY KEY (`LID`);

--
-- Индексы таблицы `b_language`
--
ALTER TABLE `b_language`
  ADD PRIMARY KEY (`LID`);

--
-- Индексы таблицы `b_lang_domain`
--
ALTER TABLE `b_lang_domain`
  ADD PRIMARY KEY (`LID`,`DOMAIN`);

--
-- Индексы таблицы `b_list_rubric`
--
ALTER TABLE `b_list_rubric`
  ADD PRIMARY KEY (`ID`);

--
-- Индексы таблицы `b_log_notification`
--
ALTER TABLE `b_log_notification`
  ADD PRIMARY KEY (`ID`);

--
-- Индексы таблицы `b_log_notification_action`
--
ALTER TABLE `b_log_notification_action`
  ADD PRIMARY KEY (`ID`),
  ADD KEY `ix_log_notification_action_notification_id` (`NOTIFICATION_ID`);

--
-- Индексы таблицы `b_main_mail_blacklist`
--
ALTER TABLE `b_main_mail_blacklist`
  ADD PRIMARY KEY (`ID`),
  ADD UNIQUE KEY `UK_B_MAIN_MAIL_BLACKLIST_CODE` (`CODE`);

--
-- Индексы таблицы `b_main_mail_sender`
--
ALTER TABLE `b_main_mail_sender`
  ADD PRIMARY KEY (`ID`),
  ADD KEY `IX_B_MAIN_MAIL_SENDER_USER_ID` (`USER_ID`,`IS_CONFIRMED`,`IS_PUBLIC`);

--
-- Индексы таблицы `b_main_mail_sender_send_counter`
--
ALTER TABLE `b_main_mail_sender_send_counter`
  ADD PRIMARY KEY (`DATE_STAT`,`EMAIL`);

--
-- Индексы таблицы `b_medialib_collection`
--
ALTER TABLE `b_medialib_collection`
  ADD PRIMARY KEY (`ID`);

--
-- Индексы таблицы `b_medialib_collection_item`
--
ALTER TABLE `b_medialib_collection_item`
  ADD PRIMARY KEY (`ITEM_ID`,`COLLECTION_ID`);

--
-- Индексы таблицы `b_medialib_item`
--
ALTER TABLE `b_medialib_item`
  ADD PRIMARY KEY (`ID`);

--
-- Индексы таблицы `b_medialib_type`
--
ALTER TABLE `b_medialib_type`
  ADD PRIMARY KEY (`ID`);

--
-- Индексы таблицы `b_messageservice_message`
--
ALTER TABLE `b_messageservice_message`
  ADD PRIMARY KEY (`ID`),
  ADD KEY `B_MESSAGESERVICE_MESSAGE_1` (`DATE_EXEC`),
  ADD KEY `B_MESSAGESERVICE_MESSAGE_2` (`SUCCESS_EXEC`),
  ADD KEY `B_MESSAGESERVICE_MESSAGE_3` (`SENDER_ID`,`EXTERNAL_ID`);

--
-- Индексы таблицы `b_messageservice_rest_app`
--
ALTER TABLE `b_messageservice_rest_app`
  ADD PRIMARY KEY (`ID`),
  ADD UNIQUE KEY `B_MESSAGESERVICE_REST_APP_1` (`APP_ID`,`CODE`);

--
-- Индексы таблицы `b_messageservice_rest_app_lang`
--
ALTER TABLE `b_messageservice_rest_app_lang`
  ADD PRIMARY KEY (`ID`);

--
-- Индексы таблицы `b_mobileapp_app`
--
ALTER TABLE `b_mobileapp_app`
  ADD PRIMARY KEY (`CODE`);

--
-- Индексы таблицы `b_mobileapp_config`
--
ALTER TABLE `b_mobileapp_config`
  ADD PRIMARY KEY (`APP_CODE`,`PLATFORM`);

--
-- Индексы таблицы `b_module`
--
ALTER TABLE `b_module`
  ADD PRIMARY KEY (`ID`);

--
-- Индексы таблицы `b_module_group`
--
ALTER TABLE `b_module_group`
  ADD PRIMARY KEY (`ID`),
  ADD UNIQUE KEY `UK_GROUP_MODULE` (`MODULE_ID`,`GROUP_ID`,`SITE_ID`);

--
-- Индексы таблицы `b_module_to_module`
--
ALTER TABLE `b_module_to_module`
  ADD PRIMARY KEY (`ID`),
  ADD UNIQUE KEY `ux_module_to_module_unique_id` (`UNIQUE_ID`),
  ADD KEY `ix_module_to_module` (`FROM_MODULE_ID`(20),`MESSAGE_ID`(20),`TO_MODULE_ID`(20),`TO_CLASS`(20),`TO_METHOD`(20));

--
-- Индексы таблицы `b_numerator`
--
ALTER TABLE `b_numerator`
  ADD PRIMARY KEY (`ID`);

--
-- Индексы таблицы `b_numerator_sequence`
--
ALTER TABLE `b_numerator_sequence`
  ADD PRIMARY KEY (`NUMERATOR_ID`,`KEY`);

--
-- Индексы таблицы `b_operation`
--
ALTER TABLE `b_operation`
  ADD PRIMARY KEY (`ID`);

--
-- Индексы таблицы `b_option`
--
ALTER TABLE `b_option`
  ADD PRIMARY KEY (`MODULE_ID`,`NAME`),
  ADD KEY `ix_option_name` (`NAME`);

--
-- Индексы таблицы `b_option_site`
--
ALTER TABLE `b_option_site`
  ADD PRIMARY KEY (`MODULE_ID`,`NAME`,`SITE_ID`),
  ADD KEY `ix_option_site_module_site` (`MODULE_ID`,`SITE_ID`);

--
-- Индексы таблицы `b_perf_cache`
--
ALTER TABLE `b_perf_cache`
  ADD PRIMARY KEY (`ID`),
  ADD UNIQUE KEY `IX_B_PERF_CACHE_0` (`HIT_ID`,`NN`),
  ADD KEY `IX_B_PERF_CACHE_1` (`COMPONENT_ID`);

--
-- Индексы таблицы `b_perf_cluster`
--
ALTER TABLE `b_perf_cluster`
  ADD PRIMARY KEY (`ID`);

--
-- Индексы таблицы `b_perf_component`
--
ALTER TABLE `b_perf_component`
  ADD PRIMARY KEY (`ID`),
  ADD UNIQUE KEY `IX_B_PERF_COMPONENT_0` (`HIT_ID`,`NN`);

--
-- Индексы таблицы `b_perf_error`
--
ALTER TABLE `b_perf_error`
  ADD PRIMARY KEY (`ID`),
  ADD KEY `IX_B_PERF_ERROR_0` (`HIT_ID`);

--
-- Индексы таблицы `b_perf_history`
--
ALTER TABLE `b_perf_history`
  ADD PRIMARY KEY (`ID`);

--
-- Индексы таблицы `b_perf_hit`
--
ALTER TABLE `b_perf_hit`
  ADD PRIMARY KEY (`ID`),
  ADD KEY `IX_B_PERF_HIT_0` (`DATE_HIT`);

--
-- Индексы таблицы `b_perf_index_ban`
--
ALTER TABLE `b_perf_index_ban`
  ADD PRIMARY KEY (`ID`);

--
-- Индексы таблицы `b_perf_index_complete`
--
ALTER TABLE `b_perf_index_complete`
  ADD PRIMARY KEY (`ID`),
  ADD KEY `ix_b_perf_index_complete_0` (`TABLE_NAME`);

--
-- Индексы таблицы `b_perf_index_suggest`
--
ALTER TABLE `b_perf_index_suggest`
  ADD PRIMARY KEY (`ID`),
  ADD KEY `ix_b_perf_index_suggest_0` (`SQL_MD5`);

--
-- Индексы таблицы `b_perf_index_suggest_sql`
--
ALTER TABLE `b_perf_index_suggest_sql`
  ADD PRIMARY KEY (`SUGGEST_ID`,`SQL_ID`),
  ADD KEY `ix_b_perf_index_suggest_sql_0` (`SQL_ID`,`SUGGEST_ID`);

--
-- Индексы таблицы `b_perf_sql`
--
ALTER TABLE `b_perf_sql`
  ADD PRIMARY KEY (`ID`),
  ADD UNIQUE KEY `IX_B_PERF_SQL_0` (`HIT_ID`,`NN`),
  ADD KEY `IX_B_PERF_SQL_1` (`COMPONENT_ID`);

--
-- Индексы таблицы `b_perf_sql_backtrace`
--
ALTER TABLE `b_perf_sql_backtrace`
  ADD PRIMARY KEY (`SQL_ID`,`NN`);

--
-- Индексы таблицы `b_perf_tab_column_stat`
--
ALTER TABLE `b_perf_tab_column_stat`
  ADD PRIMARY KEY (`ID`),
  ADD KEY `ix_b_perf_tab_column_stat` (`TABLE_NAME`,`COLUMN_NAME`);

--
-- Индексы таблицы `b_perf_tab_stat`
--
ALTER TABLE `b_perf_tab_stat`
  ADD PRIMARY KEY (`TABLE_NAME`);

--
-- Индексы таблицы `b_perf_test`
--
ALTER TABLE `b_perf_test`
  ADD PRIMARY KEY (`ID`),
  ADD KEY `IX_B_PERF_TEST_0` (`REFERENCE_ID`);

--
-- Индексы таблицы `b_posting`
--
ALTER TABLE `b_posting`
  ADD PRIMARY KEY (`ID`);

--
-- Индексы таблицы `b_posting_email`
--
ALTER TABLE `b_posting_email`
  ADD PRIMARY KEY (`ID`),
  ADD KEY `ix_posting_email_status` (`POSTING_ID`,`STATUS`),
  ADD KEY `ix_posting_email_email` (`POSTING_ID`,`EMAIL`);

--
-- Индексы таблицы `b_posting_file`
--
ALTER TABLE `b_posting_file`
  ADD UNIQUE KEY `UK_POSTING_POSTING_FILE` (`POSTING_ID`,`FILE_ID`);

--
-- Индексы таблицы `b_posting_group`
--
ALTER TABLE `b_posting_group`
  ADD UNIQUE KEY `UK_POSTING_POSTING_GROUP` (`POSTING_ID`,`GROUP_ID`);

--
-- Индексы таблицы `b_posting_rubric`
--
ALTER TABLE `b_posting_rubric`
  ADD UNIQUE KEY `UK_POSTING_POSTING_RUBRIC` (`POSTING_ID`,`LIST_RUBRIC_ID`);

--
-- Индексы таблицы `b_rating`
--
ALTER TABLE `b_rating`
  ADD PRIMARY KEY (`ID`);

--
-- Индексы таблицы `b_rating_component`
--
ALTER TABLE `b_rating_component`
  ADD PRIMARY KEY (`ID`),
  ADD KEY `IX_RATING_ID_1` (`RATING_ID`,`ACTIVE`,`NEXT_CALCULATION`);

--
-- Индексы таблицы `b_rating_component_results`
--
ALTER TABLE `b_rating_component_results`
  ADD PRIMARY KEY (`ID`),
  ADD KEY `IX_ENTITY_TYPE_ID` (`ENTITY_TYPE_ID`),
  ADD KEY `IX_COMPLEX_NAME` (`COMPLEX_NAME`),
  ADD KEY `IX_RATING_ID_2` (`RATING_ID`,`COMPLEX_NAME`);

--
-- Индексы таблицы `b_rating_results`
--
ALTER TABLE `b_rating_results`
  ADD PRIMARY KEY (`ID`),
  ADD KEY `IX_RATING_3` (`RATING_ID`,`ENTITY_TYPE_ID`,`ENTITY_ID`),
  ADD KEY `IX_RATING_4` (`RATING_ID`,`ENTITY_ID`);

--
-- Индексы таблицы `b_rating_rule`
--
ALTER TABLE `b_rating_rule`
  ADD PRIMARY KEY (`ID`);

--
-- Индексы таблицы `b_rating_rule_vetting`
--
ALTER TABLE `b_rating_rule_vetting`
  ADD PRIMARY KEY (`ID`),
  ADD KEY `RULE_ID` (`RULE_ID`,`ENTITY_TYPE_ID`,`ENTITY_ID`);

--
-- Индексы таблицы `b_rating_user`
--
ALTER TABLE `b_rating_user`
  ADD PRIMARY KEY (`ID`),
  ADD KEY `RATING_ID` (`RATING_ID`,`ENTITY_ID`),
  ADD KEY `IX_B_RAT_USER_2` (`ENTITY_ID`);

--
-- Индексы таблицы `b_rating_vote`
--
ALTER TABLE `b_rating_vote`
  ADD PRIMARY KEY (`ID`),
  ADD KEY `IX_RAT_VOTE_ID` (`RATING_VOTING_ID`,`USER_ID`),
  ADD KEY `IX_RAT_VOTE_ID_2` (`ENTITY_TYPE_ID`,`ENTITY_ID`,`USER_ID`),
  ADD KEY `IX_RAT_VOTE_ID_3` (`OWNER_ID`,`CREATED`),
  ADD KEY `IX_RAT_VOTE_ID_5` (`CREATED`,`VALUE`),
  ADD KEY `IX_RAT_VOTE_ID_6` (`ACTIVE`),
  ADD KEY `IX_RAT_VOTE_ID_7` (`RATING_VOTING_ID`,`CREATED`),
  ADD KEY `IX_RAT_VOTE_ID_8` (`ENTITY_TYPE_ID`,`CREATED`),
  ADD KEY `IX_RAT_VOTE_ID_9` (`CREATED`,`USER_ID`),
  ADD KEY `IX_RAT_VOTE_ID_10` (`USER_ID`,`OWNER_ID`);

--
-- Индексы таблицы `b_rating_vote_group`
--
ALTER TABLE `b_rating_vote_group`
  ADD PRIMARY KEY (`ID`),
  ADD KEY `RATING_ID` (`GROUP_ID`,`TYPE`);

--
-- Индексы таблицы `b_rating_voting`
--
ALTER TABLE `b_rating_voting`
  ADD PRIMARY KEY (`ID`),
  ADD KEY `IX_ENTITY_TYPE_ID_2` (`ENTITY_TYPE_ID`,`ENTITY_ID`,`ACTIVE`),
  ADD KEY `IX_ENTITY_TYPE_ID_4` (`TOTAL_VALUE`);

--
-- Индексы таблицы `b_rating_voting_prepare`
--
ALTER TABLE `b_rating_voting_prepare`
  ADD PRIMARY KEY (`ID`),
  ADD KEY `IX_RATING_VOTING_ID` (`RATING_VOTING_ID`);

--
-- Индексы таблицы `b_rating_voting_reaction`
--
ALTER TABLE `b_rating_voting_reaction`
  ADD PRIMARY KEY (`ENTITY_TYPE_ID`,`ENTITY_ID`,`REACTION`);

--
-- Индексы таблицы `b_rating_weight`
--
ALTER TABLE `b_rating_weight`
  ADD PRIMARY KEY (`ID`);

--
-- Индексы таблицы `b_rest_ap`
--
ALTER TABLE `b_rest_ap`
  ADD PRIMARY KEY (`ID`),
  ADD KEY `ix_b_rest_ap` (`USER_ID`,`PASSWORD`,`ACTIVE`);

--
-- Индексы таблицы `b_rest_app`
--
ALTER TABLE `b_rest_app`
  ADD PRIMARY KEY (`ID`),
  ADD UNIQUE KEY `ux_b_rest_app1` (`CLIENT_ID`);

--
-- Индексы таблицы `b_rest_app_lang`
--
ALTER TABLE `b_rest_app_lang`
  ADD PRIMARY KEY (`ID`),
  ADD UNIQUE KEY `ux_b_rest_app_lang1` (`APP_ID`,`LANGUAGE_ID`);

--
-- Индексы таблицы `b_rest_app_log`
--
ALTER TABLE `b_rest_app_log`
  ADD PRIMARY KEY (`ID`),
  ADD KEY `ix_b_rest_app_log1` (`APP_ID`);

--
-- Индексы таблицы `b_rest_ap_permission`
--
ALTER TABLE `b_rest_ap_permission`
  ADD PRIMARY KEY (`ID`),
  ADD UNIQUE KEY `ux_b_rest_ap_perm1` (`PASSWORD_ID`,`PERM`);

--
-- Индексы таблицы `b_rest_configuration_storage`
--
ALTER TABLE `b_rest_configuration_storage`
  ADD PRIMARY KEY (`ID`);

--
-- Индексы таблицы `b_rest_event`
--
ALTER TABLE `b_rest_event`
  ADD PRIMARY KEY (`ID`),
  ADD UNIQUE KEY `ux_b_rest_event_app_event` (`APP_ID`,`EVENT_NAME`(50),`EVENT_HANDLER`(180),`USER_ID`,`CONNECTOR_ID`(70)),
  ADD KEY `ix_b_rest_event_event_name` (`EVENT_NAME`);

--
-- Индексы таблицы `b_rest_event_offline`
--
ALTER TABLE `b_rest_event_offline`
  ADD PRIMARY KEY (`ID`),
  ADD UNIQUE KEY `ux_b_rest_event_offline1` (`MESSAGE_ID`(50),`APP_ID`,`CONNECTOR_ID`(100),`PROCESS_ID`(50)),
  ADD KEY `ix_b_rest_event_offline2` (`TIMESTAMP_X`),
  ADD KEY `ix_b_rest_event_offline3` (`APP_ID`,`CONNECTOR_ID`),
  ADD KEY `ix_b_rest_event_offline4` (`PROCESS_ID`);

--
-- Индексы таблицы `b_rest_integration`
--
ALTER TABLE `b_rest_integration`
  ADD PRIMARY KEY (`ID`);

--
-- Индексы таблицы `b_rest_log`
--
ALTER TABLE `b_rest_log`
  ADD PRIMARY KEY (`ID`);

--
-- Индексы таблицы `b_rest_owner_entity`
--
ALTER TABLE `b_rest_owner_entity`
  ADD PRIMARY KEY (`ID`),
  ADD UNIQUE KEY `ix_b_rest_owner_entity` (`ENTITY_TYPE`,`ENTITY`);

--
-- Индексы таблицы `b_rest_placement`
--
ALTER TABLE `b_rest_placement`
  ADD PRIMARY KEY (`ID`),
  ADD UNIQUE KEY `ux_b_rest_placement1` (`APP_ID`,`PLACEMENT`(100),`PLACEMENT_HANDLER`(200)),
  ADD KEY `ix_b_rest_placement3` (`PLACEMENT`(100),`ADDITIONAL`(100));

--
-- Индексы таблицы `b_rest_placement_lang`
--
ALTER TABLE `b_rest_placement_lang`
  ADD PRIMARY KEY (`ID`),
  ADD UNIQUE KEY `b_rest_placement_lang_unique` (`PLACEMENT_ID`,`LANGUAGE_ID`);

--
-- Индексы таблицы `b_rest_stat`
--
ALTER TABLE `b_rest_stat`
  ADD PRIMARY KEY (`APP_ID`,`STAT_DATE`,`METHOD_ID`);

--
-- Индексы таблицы `b_rest_stat_app`
--
ALTER TABLE `b_rest_stat_app`
  ADD PRIMARY KEY (`APP_ID`),
  ADD KEY `ix_b_rest_stat_app_code` (`APP_CODE`);

--
-- Индексы таблицы `b_rest_stat_method`
--
ALTER TABLE `b_rest_stat_method`
  ADD PRIMARY KEY (`ID`),
  ADD UNIQUE KEY `ux_b_rest_stat_method` (`NAME`);

--
-- Индексы таблицы `b_rest_usage_entity`
--
ALTER TABLE `b_rest_usage_entity`
  ADD PRIMARY KEY (`ID`),
  ADD UNIQUE KEY `ix_b_rest_usage_entity` (`ENTITY_TYPE`,`ENTITY_ID`,`SUB_ENTITY_TYPE`,`SUB_ENTITY_NAME`);

--
-- Индексы таблицы `b_rest_usage_stat`
--
ALTER TABLE `b_rest_usage_stat`
  ADD PRIMARY KEY (`STAT_DATE`,`ENTITY_ID`),
  ADD KEY `ix_b_rest_usage` (`ENTITY_ID`,`STAT_DATE`);

--
-- Индексы таблицы `b_search_content`
--
ALTER TABLE `b_search_content`
  ADD PRIMARY KEY (`ID`),
  ADD UNIQUE KEY `UX_B_SEARCH_CONTENT` (`MODULE_ID`,`ITEM_ID`),
  ADD KEY `IX_B_SEARCH_CONTENT_1` (`MODULE_ID`,`PARAM1`(50),`PARAM2`(50)),
  ADD KEY `IX_B_SEARCH_CONTENT_2` (`ENTITY_ID`(50),`ENTITY_TYPE_ID`);

--
-- Индексы таблицы `b_search_content_freq`
--
ALTER TABLE `b_search_content_freq`
  ADD UNIQUE KEY `UX_B_SEARCH_CONTENT_FREQ` (`STEM`,`LANGUAGE_ID`,`SITE_ID`);

--
-- Индексы таблицы `b_search_content_param`
--
ALTER TABLE `b_search_content_param`
  ADD KEY `IX_B_SEARCH_CONTENT_PARAM` (`SEARCH_CONTENT_ID`,`PARAM_NAME`),
  ADD KEY `IX_B_SEARCH_CONTENT_PARAM_1` (`PARAM_NAME`,`PARAM_VALUE`(50),`SEARCH_CONTENT_ID`);

--
-- Индексы таблицы `b_search_content_right`
--
ALTER TABLE `b_search_content_right`
  ADD UNIQUE KEY `UX_B_SEARCH_CONTENT_RIGHT` (`SEARCH_CONTENT_ID`,`GROUP_CODE`);

--
-- Индексы таблицы `b_search_content_site`
--
ALTER TABLE `b_search_content_site`
  ADD PRIMARY KEY (`SEARCH_CONTENT_ID`,`SITE_ID`);

--
-- Индексы таблицы `b_search_content_stem`
--
ALTER TABLE `b_search_content_stem`
  ADD UNIQUE KEY `UX_B_SEARCH_CONTENT_STEM` (`STEM`,`LANGUAGE_ID`,`TF`,`PS`,`SEARCH_CONTENT_ID`),
  ADD KEY `IND_B_SEARCH_CONTENT_STEM` (`SEARCH_CONTENT_ID`);

--
-- Индексы таблицы `b_search_content_text`
--
ALTER TABLE `b_search_content_text`
  ADD PRIMARY KEY (`SEARCH_CONTENT_ID`);

--
-- Индексы таблицы `b_search_content_title`
--
ALTER TABLE `b_search_content_title`
  ADD UNIQUE KEY `UX_B_SEARCH_CONTENT_TITLE` (`SITE_ID`,`WORD`,`SEARCH_CONTENT_ID`,`POS`),
  ADD KEY `IND_B_SEARCH_CONTENT_TITLE` (`SEARCH_CONTENT_ID`);

--
-- Индексы таблицы `b_search_custom_rank`
--
ALTER TABLE `b_search_custom_rank`
  ADD PRIMARY KEY (`ID`),
  ADD KEY `IND_B_SEARCH_CUSTOM_RANK` (`SITE_ID`,`MODULE_ID`);

--
-- Индексы таблицы `b_search_phrase`
--
ALTER TABLE `b_search_phrase`
  ADD PRIMARY KEY (`ID`),
  ADD KEY `IND_PK_B_SEARCH_PHRASE_SESS_PH` (`SESSION_ID`,`PHRASE`(50)),
  ADD KEY `IND_PK_B_SEARCH_PHRASE_SESS_TG` (`SESSION_ID`,`TAGS`(50)),
  ADD KEY `IND_PK_B_SEARCH_PHRASE_TIME` (`TIMESTAMP_X`);

--
-- Индексы таблицы `b_search_stem`
--
ALTER TABLE `b_search_stem`
  ADD PRIMARY KEY (`ID`),
  ADD UNIQUE KEY `UX_B_SEARCH_STEM` (`STEM`);

--
-- Индексы таблицы `b_search_suggest`
--
ALTER TABLE `b_search_suggest`
  ADD PRIMARY KEY (`ID`),
  ADD KEY `IND_B_SEARCH_SUGGEST` (`FILTER_MD5`,`PHRASE`(50),`RATE`),
  ADD KEY `IND_B_SEARCH_SUGGEST_PHRASE` (`PHRASE`(50),`RATE`),
  ADD KEY `IND_B_SEARCH_SUGGEST_TIME` (`TIMESTAMP_X`);

--
-- Индексы таблицы `b_search_tags`
--
ALTER TABLE `b_search_tags`
  ADD PRIMARY KEY (`SEARCH_CONTENT_ID`,`SITE_ID`,`NAME`),
  ADD KEY `IX_B_SEARCH_TAGS_0` (`NAME`);

--
-- Индексы таблицы `b_search_user_right`
--
ALTER TABLE `b_search_user_right`
  ADD UNIQUE KEY `UX_B_SEARCH_USER_RIGHT` (`USER_ID`,`GROUP_CODE`);

--
-- Индексы таблицы `b_security_sitecheck`
--
ALTER TABLE `b_security_sitecheck`
  ADD PRIMARY KEY (`ID`);

--
-- Индексы таблицы `b_sec_filter_mask`
--
ALTER TABLE `b_sec_filter_mask`
  ADD PRIMARY KEY (`ID`);

--
-- Индексы таблицы `b_sec_frame_mask`
--
ALTER TABLE `b_sec_frame_mask`
  ADD PRIMARY KEY (`ID`);

--
-- Индексы таблицы `b_sec_iprule`
--
ALTER TABLE `b_sec_iprule`
  ADD PRIMARY KEY (`ID`),
  ADD KEY `ix_b_sec_iprule_active_to` (`ACTIVE_TO`);

--
-- Индексы таблицы `b_sec_iprule_excl_ip`
--
ALTER TABLE `b_sec_iprule_excl_ip`
  ADD PRIMARY KEY (`IPRULE_ID`,`RULE_IP`);

--
-- Индексы таблицы `b_sec_iprule_excl_mask`
--
ALTER TABLE `b_sec_iprule_excl_mask`
  ADD PRIMARY KEY (`IPRULE_ID`,`RULE_MASK`);

--
-- Индексы таблицы `b_sec_iprule_incl_ip`
--
ALTER TABLE `b_sec_iprule_incl_ip`
  ADD PRIMARY KEY (`IPRULE_ID`,`RULE_IP`);

--
-- Индексы таблицы `b_sec_iprule_incl_mask`
--
ALTER TABLE `b_sec_iprule_incl_mask`
  ADD PRIMARY KEY (`IPRULE_ID`,`RULE_MASK`);

--
-- Индексы таблицы `b_sec_recovery_codes`
--
ALTER TABLE `b_sec_recovery_codes`
  ADD PRIMARY KEY (`ID`),
  ADD KEY `ix_b_sec_recovery_codes_user_id` (`USER_ID`);

--
-- Индексы таблицы `b_sec_session`
--
ALTER TABLE `b_sec_session`
  ADD PRIMARY KEY (`SESSION_ID`),
  ADD KEY `ix_b_sec_session_time` (`TIMESTAMP_X`);

--
-- Индексы таблицы `b_sec_user`
--
ALTER TABLE `b_sec_user`
  ADD PRIMARY KEY (`USER_ID`);

--
-- Индексы таблицы `b_sec_virus`
--
ALTER TABLE `b_sec_virus`
  ADD PRIMARY KEY (`ID`);

--
-- Индексы таблицы `b_sec_white_list`
--
ALTER TABLE `b_sec_white_list`
  ADD PRIMARY KEY (`ID`);

--
-- Индексы таблицы `b_seo_adv_autolog`
--
ALTER TABLE `b_seo_adv_autolog`
  ADD PRIMARY KEY (`ID`),
  ADD KEY `ix_b_seo_adv_autolog1` (`ENGINE_ID`),
  ADD KEY `ix_b_seo_adv_autolog2` (`TIMESTAMP_X`);

--
-- Индексы таблицы `b_seo_adv_banner`
--
ALTER TABLE `b_seo_adv_banner`
  ADD PRIMARY KEY (`ID`),
  ADD UNIQUE KEY `ux_b_seo_adv_banner` (`ENGINE_ID`,`XML_ID`),
  ADD KEY `ix_b_seo_adv_banner1` (`CAMPAIGN_ID`),
  ADD KEY `ix_b_seo_adv_banner2` (`AUTO_QUANTITY_OFF`,`AUTO_QUANTITY_ON`);

--
-- Индексы таблицы `b_seo_adv_campaign`
--
ALTER TABLE `b_seo_adv_campaign`
  ADD PRIMARY KEY (`ID`),
  ADD UNIQUE KEY `ux_b_seo_adv_campaign` (`ENGINE_ID`,`XML_ID`);

--
-- Индексы таблицы `b_seo_adv_group`
--
ALTER TABLE `b_seo_adv_group`
  ADD PRIMARY KEY (`ID`),
  ADD UNIQUE KEY `ux_b_seo_adv_group` (`ENGINE_ID`,`XML_ID`),
  ADD KEY `ix_b_seo_adv_group1` (`CAMPAIGN_ID`);

--
-- Индексы таблицы `b_seo_adv_link`
--
ALTER TABLE `b_seo_adv_link`
  ADD PRIMARY KEY (`LINK_TYPE`,`LINK_ID`,`BANNER_ID`);

--
-- Индексы таблицы `b_seo_adv_log`
--
ALTER TABLE `b_seo_adv_log`
  ADD PRIMARY KEY (`ID`),
  ADD KEY `ix_b_seo_adv_log1` (`ENGINE_ID`),
  ADD KEY `ix_b_seo_adv_log2` (`TIMESTAMP_X`);

--
-- Индексы таблицы `b_seo_adv_order`
--
ALTER TABLE `b_seo_adv_order`
  ADD PRIMARY KEY (`ID`),
  ADD UNIQUE KEY `ux_b_seo_adv_order` (`ENGINE_ID`,`CAMPAIGN_ID`,`BANNER_ID`,`ORDER_ID`),
  ADD KEY `ix_b_seo_adv_order1` (`ORDER_ID`,`PROCESSED`);

--
-- Индексы таблицы `b_seo_adv_region`
--
ALTER TABLE `b_seo_adv_region`
  ADD PRIMARY KEY (`ID`),
  ADD UNIQUE KEY `ux_b_seo_adv_region` (`ENGINE_ID`,`XML_ID`),
  ADD KEY `ix_b_seo_adv_region1` (`PARENT_ID`);

--
-- Индексы таблицы `b_seo_keywords`
--
ALTER TABLE `b_seo_keywords`
  ADD PRIMARY KEY (`ID`),
  ADD KEY `ix_b_seo_keywords_url` (`URL`,`SITE_ID`);

--
-- Индексы таблицы `b_seo_search_engine`
--
ALTER TABLE `b_seo_search_engine`
  ADD PRIMARY KEY (`ID`),
  ADD UNIQUE KEY `ux_b_seo_search_engine_code` (`CODE`);

--
-- Индексы таблицы `b_seo_service_log`
--
ALTER TABLE `b_seo_service_log`
  ADD PRIMARY KEY (`ID`);

--
-- Индексы таблицы `b_seo_service_queue`
--
ALTER TABLE `b_seo_service_queue`
  ADD PRIMARY KEY (`ID`),
  ADD KEY `IX_B_SEO_SERVICE_QUEUE_TYPE` (`TYPE`),
  ADD KEY `IX_B_SEO_SERVICE_SERVICE_TYPE_CLIENT_ID` (`SERVICE_TYPE`,`CLIENT_ID`);

--
-- Индексы таблицы `b_seo_service_rtg_queue`
--
ALTER TABLE `b_seo_service_rtg_queue`
  ADD PRIMARY KEY (`ID`),
  ADD KEY `IX_B_SEO_SRV_RTG_QUEUE_1` (`ACTION`,`DATE_AUTO_REMOVE`),
  ADD KEY `IX_B_SEO_SRV_RTG_QUEUE_2` (`TYPE`,`ACTION`);

--
-- Индексы таблицы `b_seo_service_subscription`
--
ALTER TABLE `b_seo_service_subscription`
  ADD PRIMARY KEY (`ID`),
  ADD KEY `IX_B_SEO_SERVICE_SUB_1` (`TYPE`,`GROUP_ID`);

--
-- Индексы таблицы `b_seo_service_webhook`
--
ALTER TABLE `b_seo_service_webhook`
  ADD PRIMARY KEY (`ID`),
  ADD KEY `IX_B_SEO_SERVICE_WEBHOOK_1` (`TYPE`,`EXTERNAL_ID`);

--
-- Индексы таблицы `b_seo_sitemap`
--
ALTER TABLE `b_seo_sitemap`
  ADD PRIMARY KEY (`ID`);

--
-- Индексы таблицы `b_seo_sitemap_entity`
--
ALTER TABLE `b_seo_sitemap_entity`
  ADD PRIMARY KEY (`ID`),
  ADD KEY `ix_b_seo_sitemap_entity_1` (`ENTITY_TYPE`,`ENTITY_ID`),
  ADD KEY `ix_b_seo_sitemap_entity_2` (`SITEMAP_ID`);

--
-- Индексы таблицы `b_seo_sitemap_iblock`
--
ALTER TABLE `b_seo_sitemap_iblock`
  ADD PRIMARY KEY (`ID`),
  ADD KEY `ix_b_seo_sitemap_iblock_1` (`IBLOCK_ID`),
  ADD KEY `ix_b_seo_sitemap_iblock_2` (`SITEMAP_ID`);

--
-- Индексы таблицы `b_seo_sitemap_runtime`
--
ALTER TABLE `b_seo_sitemap_runtime`
  ADD PRIMARY KEY (`ID`),
  ADD KEY `ix_seo_sitemap_runtime1` (`PID`,`PROCESSED`,`ITEM_TYPE`,`ITEM_ID`);

--
-- Индексы таблицы `b_seo_yandex_direct_stat`
--
ALTER TABLE `b_seo_yandex_direct_stat`
  ADD PRIMARY KEY (`ID`),
  ADD UNIQUE KEY `ux_seo_yandex_direct_stat` (`BANNER_ID`,`DATE_DAY`),
  ADD KEY `ix_seo_yandex_direct_stat1` (`CAMPAIGN_ID`);

--
-- Индексы таблицы `b_short_uri`
--
ALTER TABLE `b_short_uri`
  ADD PRIMARY KEY (`ID`),
  ADD KEY `ux_b_short_uri_1` (`SHORT_URI_CRC`),
  ADD KEY `ux_b_short_uri_2` (`URI_CRC`);

--
-- Индексы таблицы `b_site_template`
--
ALTER TABLE `b_site_template`
  ADD PRIMARY KEY (`ID`),
  ADD KEY `ix_site_template_site` (`SITE_ID`);

--
-- Индексы таблицы `b_smile`
--
ALTER TABLE `b_smile`
  ADD PRIMARY KEY (`ID`);

--
-- Индексы таблицы `b_smile_lang`
--
ALTER TABLE `b_smile_lang`
  ADD PRIMARY KEY (`ID`),
  ADD UNIQUE KEY `UX_SMILE_SL` (`TYPE`,`SID`,`LID`);

--
-- Индексы таблицы `b_smile_set`
--
ALTER TABLE `b_smile_set`
  ADD PRIMARY KEY (`ID`);

--
-- Индексы таблицы `b_sms_template`
--
ALTER TABLE `b_sms_template`
  ADD PRIMARY KEY (`ID`),
  ADD KEY `ix_sms_message_name` (`EVENT_NAME`(50));

--
-- Индексы таблицы `b_sms_template_site`
--
ALTER TABLE `b_sms_template_site`
  ADD PRIMARY KEY (`TEMPLATE_ID`,`SITE_ID`);

--
-- Индексы таблицы `b_sm_version_history`
--
ALTER TABLE `b_sm_version_history`
  ADD PRIMARY KEY (`ID`);

--
-- Индексы таблицы `b_socialservices_ap`
--
ALTER TABLE `b_socialservices_ap`
  ADD PRIMARY KEY (`ID`),
  ADD KEY `ix_socialservices_ap1` (`USER_ID`,`DOMAIN`);

--
-- Индексы таблицы `b_socialservices_contact`
--
ALTER TABLE `b_socialservices_contact`
  ADD PRIMARY KEY (`ID`),
  ADD KEY `ix_b_socialservices_contact1` (`USER_ID`),
  ADD KEY `ix_b_socialservices_contact2` (`CONTACT_USER_ID`),
  ADD KEY `ix_b_socialservices_contact3` (`TIMESTAMP_X`),
  ADD KEY `ix_b_socialservices_contact4` (`LAST_AUTHORIZE`);

--
-- Индексы таблицы `b_socialservices_contact_connect`
--
ALTER TABLE `b_socialservices_contact_connect`
  ADD PRIMARY KEY (`ID`),
  ADD KEY `ix_b_socialservices_contact_connect1` (`CONTACT_ID`),
  ADD KEY `ix_b_socialservices_contact_connect2` (`LINK_ID`),
  ADD KEY `ix_b_socialservices_contact_connect3` (`LAST_AUTHORIZE`);

--
-- Индексы таблицы `b_socialservices_message`
--
ALTER TABLE `b_socialservices_message`
  ADD PRIMARY KEY (`ID`);

--
-- Индексы таблицы `b_socialservices_user`
--
ALTER TABLE `b_socialservices_user`
  ADD PRIMARY KEY (`ID`),
  ADD UNIQUE KEY `IX_B_SOCIALSERVICES_USER` (`XML_ID`,`EXTERNAL_AUTH_ID`),
  ADD KEY `IX_B_SOCIALSERVICES_US_3` (`LOGIN`),
  ADD KEY `IX_B_SOCIALSERVICES_US_4` (`USER_ID`,`EXTERNAL_AUTH_ID`);

--
-- Индексы таблицы `b_socialservices_user_link`
--
ALTER TABLE `b_socialservices_user_link`
  ADD PRIMARY KEY (`ID`),
  ADD KEY `ix_b_socialservices_user_link_5` (`SOCSERV_USER_ID`),
  ADD KEY `ix_b_socialservices_user_link_6` (`LINK_USER_ID`,`TIMESTAMP_X`),
  ADD KEY `ix_b_socialservices_user_link_7` (`LINK_UID`);

--
-- Индексы таблицы `b_socialservices_zoom_meeting`
--
ALTER TABLE `b_socialservices_zoom_meeting`
  ADD PRIMARY KEY (`ID`),
  ADD KEY `IX_B_SOCIALSERVICES_ZOOM_MEETING_1` (`CONFERENCE_EXTERNAL_ID`),
  ADD KEY `IX_B_SOCIALSERVICES_ZOOM_MEETING_2` (`ENTITY_TYPE_ID`,`ENTITY_ID`);

--
-- Индексы таблицы `b_socialservices_zoom_meeting_recording`
--
ALTER TABLE `b_socialservices_zoom_meeting_recording`
  ADD PRIMARY KEY (`ID`),
  ADD KEY `IX_B_SOCIALSERVICES_ZOOM_MEETING_RECORDING_1` (`MEETING_ID`);

--
-- Индексы таблицы `b_sticker`
--
ALTER TABLE `b_sticker`
  ADD PRIMARY KEY (`ID`);

--
-- Индексы таблицы `b_sticker_group_task`
--
ALTER TABLE `b_sticker_group_task`
  ADD PRIMARY KEY (`GROUP_ID`,`TASK_ID`);

--
-- Индексы таблицы `b_subscription`
--
ALTER TABLE `b_subscription`
  ADD PRIMARY KEY (`ID`),
  ADD UNIQUE KEY `UK_SUBSCRIPTION_EMAIL` (`EMAIL`,`USER_ID`),
  ADD KEY `IX_DATE_CONFIRM` (`CONFIRMED`,`DATE_CONFIRM`);

--
-- Индексы таблицы `b_subscription_rubric`
--
ALTER TABLE `b_subscription_rubric`
  ADD UNIQUE KEY `UK_SUBSCRIPTION_RUBRIC` (`SUBSCRIPTION_ID`,`LIST_RUBRIC_ID`);

--
-- Индексы таблицы `b_task`
--
ALTER TABLE `b_task`
  ADD PRIMARY KEY (`ID`),
  ADD KEY `ix_task` (`MODULE_ID`,`BINDING`,`LETTER`,`SYS`);

--
-- Индексы таблицы `b_task_operation`
--
ALTER TABLE `b_task_operation`
  ADD PRIMARY KEY (`TASK_ID`,`OPERATION_ID`);

--
-- Индексы таблицы `b_translate_diff`
--
ALTER TABLE `b_translate_diff`
  ADD PRIMARY KEY (`ID`),
  ADD UNIQUE KEY `IXU_TRNSL_DIFF` (`FILE_ID`,`LANG_ID`,`AGAINST_LANG_ID`),
  ADD KEY `IX_TRNSL_DIFF_PATH` (`PATH_ID`,`LANG_ID`);

--
-- Индексы таблицы `b_translate_file`
--
ALTER TABLE `b_translate_file`
  ADD PRIMARY KEY (`ID`),
  ADD UNIQUE KEY `IX_TRNSL_FL_PATH` (`PATH_ID`,`LANG_ID`),
  ADD KEY `IX_TRNSL_FULL_PATH` (`FULL_PATH`(255));

--
-- Индексы таблицы `b_translate_path`
--
ALTER TABLE `b_translate_path`
  ADD PRIMARY KEY (`ID`),
  ADD UNIQUE KEY `IX_TRNSL_PTH_NAME` (`PARENT_ID`,`NAME`),
  ADD KEY `IX_TRNSL_PTH_PARENT` (`PARENT_ID`,`IS_DIR`,`IS_LANG`),
  ADD KEY `IX_TRNSL_PTH_PATH` (`PATH`(255));

--
-- Индексы таблицы `b_translate_path_lang`
--
ALTER TABLE `b_translate_path_lang`
  ADD PRIMARY KEY (`ID`),
  ADD KEY `IX_TRNSL_LNG_PATH` (`PATH`(255));

--
-- Индексы таблицы `b_translate_path_tree`
--
ALTER TABLE `b_translate_path_tree`
  ADD PRIMARY KEY (`ID`),
  ADD UNIQUE KEY `IX_TRNSL_ANCESTOR` (`PARENT_ID`,`DEPTH_LEVEL`,`PATH_ID`),
  ADD UNIQUE KEY `IX_TRNSL_DESCENDANT` (`PATH_ID`,`PARENT_ID`,`DEPTH_LEVEL`);

--
-- Индексы таблицы `b_translate_phrase`
--
ALTER TABLE `b_translate_phrase`
  ADD PRIMARY KEY (`ID`),
  ADD UNIQUE KEY `IXU_TRNSL_PHR_PATH_CODE` (`PATH_ID`,`LANG_ID`,`CODE`),
  ADD KEY `IX_TRNSL_PHR_PATH` (`PATH_ID`,`CODE`),
  ADD KEY `IX_TRNSL_FILE` (`FILE_ID`);
ALTER TABLE `b_translate_phrase` ADD FULLTEXT KEY `IXF_TRNSL_PHR` (`PHRASE`);

--
-- Индексы таблицы `b_ui_entity_editor_config`
--
ALTER TABLE `b_ui_entity_editor_config`
  ADD PRIMARY KEY (`ID`),
  ADD KEY `ENTITY_TYPE_ID` (`ENTITY_TYPE_ID`),
  ADD KEY `CATEGORY` (`CATEGORY`);

--
-- Индексы таблицы `b_ui_entity_editor_config_ac`
--
ALTER TABLE `b_ui_entity_editor_config_ac`
  ADD PRIMARY KEY (`ID`),
  ADD KEY `ACCESS_CODE` (`ACCESS_CODE`),
  ADD KEY `CONFIG_ID` (`CONFIG_ID`);

--
-- Индексы таблицы `b_undo`
--
ALTER TABLE `b_undo`
  ADD PRIMARY KEY (`ID`);

--
-- Индексы таблицы `b_urlpreview_metadata`
--
ALTER TABLE `b_urlpreview_metadata`
  ADD PRIMARY KEY (`ID`),
  ADD KEY `IX_URLPREVIEW_METADATA_URL` (`URL`(255));

--
-- Индексы таблицы `b_urlpreview_route`
--
ALTER TABLE `b_urlpreview_route`
  ADD PRIMARY KEY (`ID`),
  ADD UNIQUE KEY `UX_URLPREVIEW_ROUTE_ROUTE` (`ROUTE`(255));

--
-- Индексы таблицы `b_user`
--
ALTER TABLE `b_user`
  ADD PRIMARY KEY (`ID`),
  ADD UNIQUE KEY `ix_login` (`LOGIN`,`EXTERNAL_AUTH_ID`),
  ADD KEY `ix_b_user_email` (`EMAIL`),
  ADD KEY `ix_b_user_activity_date` (`LAST_ACTIVITY_DATE`),
  ADD KEY `IX_B_USER_XML_ID` (`XML_ID`),
  ADD KEY `ix_user_last_login` (`LAST_LOGIN`),
  ADD KEY `ix_user_date_register` (`DATE_REGISTER`);

--
-- Индексы таблицы `b_user_access`
--
ALTER TABLE `b_user_access`
  ADD PRIMARY KEY (`ID`),
  ADD KEY `ix_ua_user_provider` (`USER_ID`,`PROVIDER_ID`),
  ADD KEY `ix_ua_user_access` (`USER_ID`,`ACCESS_CODE`),
  ADD KEY `ix_ua_access` (`ACCESS_CODE`),
  ADD KEY `ix_ua_provider` (`PROVIDER_ID`);

--
-- Индексы таблицы `b_user_access_check`
--
ALTER TABLE `b_user_access_check`
  ADD UNIQUE KEY `ux_uac_user_provider` (`USER_ID`,`PROVIDER_ID`);

--
-- Индексы таблицы `b_user_auth_action`
--
ALTER TABLE `b_user_auth_action`
  ADD PRIMARY KEY (`ID`),
  ADD KEY `ix_auth_action_user` (`USER_ID`,`PRIORITY`),
  ADD KEY `ix_auth_action_date` (`ACTION_DATE`);

--
-- Индексы таблицы `b_user_auth_code`
--
ALTER TABLE `b_user_auth_code`
  ADD PRIMARY KEY (`USER_ID`,`CODE_TYPE`);

--
-- Индексы таблицы `b_user_counter`
--
ALTER TABLE `b_user_counter`
  ADD PRIMARY KEY (`USER_ID`,`SITE_ID`,`CODE`),
  ADD KEY `ix_buc_tag` (`TAG`),
  ADD KEY `ix_buc_code` (`CODE`),
  ADD KEY `ix_buc_ts` (`TIMESTAMP_X`),
  ADD KEY `ix_buc_sent_userid` (`SENT`,`USER_ID`);

--
-- Индексы таблицы `b_user_digest`
--
ALTER TABLE `b_user_digest`
  ADD PRIMARY KEY (`USER_ID`);

--
-- Индексы таблицы `b_user_field`
--
ALTER TABLE `b_user_field`
  ADD PRIMARY KEY (`ID`),
  ADD UNIQUE KEY `ux_user_type_entity` (`ENTITY_ID`,`FIELD_NAME`);

--
-- Индексы таблицы `b_user_field_confirm`
--
ALTER TABLE `b_user_field_confirm`
  ADD PRIMARY KEY (`ID`),
  ADD KEY `ix_b_user_field_confirm1` (`USER_ID`,`CONFIRM_CODE`);

--
-- Индексы таблицы `b_user_field_enum`
--
ALTER TABLE `b_user_field_enum`
  ADD PRIMARY KEY (`ID`),
  ADD UNIQUE KEY `ux_user_field_enum` (`USER_FIELD_ID`,`XML_ID`);

--
-- Индексы таблицы `b_user_field_lang`
--
ALTER TABLE `b_user_field_lang`
  ADD PRIMARY KEY (`USER_FIELD_ID`,`LANGUAGE_ID`);

--
-- Индексы таблицы `b_user_field_permission`
--
ALTER TABLE `b_user_field_permission`
  ADD PRIMARY KEY (`ID`),
  ADD KEY `ROLE_ID` (`ENTITY_TYPE_ID`),
  ADD KEY `GROUP_ID` (`USER_FIELD_ID`),
  ADD KEY `PERMISSION_ID` (`PERMISSION_ID`);

--
-- Индексы таблицы `b_user_group`
--
ALTER TABLE `b_user_group`
  ADD UNIQUE KEY `ix_user_group` (`USER_ID`,`GROUP_ID`),
  ADD KEY `ix_user_group_group` (`GROUP_ID`);

--
-- Индексы таблицы `b_user_hit_auth`
--
ALTER TABLE `b_user_hit_auth`
  ADD PRIMARY KEY (`ID`),
  ADD KEY `IX_USER_HIT_AUTH_1` (`HASH`),
  ADD KEY `IX_USER_HIT_AUTH_2` (`USER_ID`),
  ADD KEY `IX_USER_HIT_AUTH_3` (`TIMESTAMP_X`);

--
-- Индексы таблицы `b_user_index`
--
ALTER TABLE `b_user_index`
  ADD PRIMARY KEY (`USER_ID`);
ALTER TABLE `b_user_index` ADD FULLTEXT KEY `IXF_B_USER_INDEX_1` (`SEARCH_USER_CONTENT`);
ALTER TABLE `b_user_index` ADD FULLTEXT KEY `IXF_B_USER_INDEX_2` (`SEARCH_DEPARTMENT_CONTENT`);
ALTER TABLE `b_user_index` ADD FULLTEXT KEY `IXF_B_USER_INDEX_3` (`SEARCH_ADMIN_CONTENT`);

--
-- Индексы таблицы `b_user_option`
--
ALTER TABLE `b_user_option`
  ADD PRIMARY KEY (`ID`),
  ADD UNIQUE KEY `ux_user_category_name` (`USER_ID`,`CATEGORY`,`NAME`);

--
-- Индексы таблицы `b_user_password`
--
ALTER TABLE `b_user_password`
  ADD PRIMARY KEY (`ID`),
  ADD KEY `ix_user_password_user_date` (`USER_ID`,`DATE_CHANGE`);

--
-- Индексы таблицы `b_user_phone_auth`
--
ALTER TABLE `b_user_phone_auth`
  ADD PRIMARY KEY (`USER_ID`),
  ADD UNIQUE KEY `ix_user_phone_auth_number` (`PHONE_NUMBER`);

--
-- Индексы таблицы `b_user_profile_history`
--
ALTER TABLE `b_user_profile_history`
  ADD PRIMARY KEY (`ID`),
  ADD KEY `ix_profile_history_user` (`USER_ID`),
  ADD KEY `ix_profile_history_date` (`DATE_INSERT`);

--
-- Индексы таблицы `b_user_profile_record`
--
ALTER TABLE `b_user_profile_record`
  ADD PRIMARY KEY (`ID`),
  ADD KEY `ix_profile_record_history_field` (`HISTORY_ID`,`FIELD`);

--
-- Индексы таблицы `b_user_session`
--
ALTER TABLE `b_user_session`
  ADD PRIMARY KEY (`SESSION_ID`),
  ADD KEY `ix_user_session_time` (`TIMESTAMP_X`);

--
-- Индексы таблицы `b_user_stored_auth`
--
ALTER TABLE `b_user_stored_auth`
  ADD PRIMARY KEY (`ID`),
  ADD KEY `ux_user_hash` (`USER_ID`);

--
-- Индексы таблицы `b_utm_blog_comment`
--
ALTER TABLE `b_utm_blog_comment`
  ADD PRIMARY KEY (`ID`),
  ADD KEY `ix_utm_BLOG_COMMENT_2` (`VALUE_ID`),
  ADD KEY `ix_utm_BLOG_COMMENT_3` (`FIELD_ID`,`VALUE_INT`,`VALUE_ID`);

--
-- Индексы таблицы `b_utm_blog_post`
--
ALTER TABLE `b_utm_blog_post`
  ADD PRIMARY KEY (`ID`),
  ADD KEY `ix_utm_BLOG_POST_2` (`VALUE_ID`),
  ADD KEY `ix_utm_BLOG_POST_3` (`FIELD_ID`,`VALUE_INT`,`VALUE_ID`);

--
-- Индексы таблицы `b_utm_forum_message`
--
ALTER TABLE `b_utm_forum_message`
  ADD PRIMARY KEY (`ID`),
  ADD KEY `ix_utm_FORUM_MESSAGE_2` (`VALUE_ID`),
  ADD KEY `ix_utm_FORUM_MESSAGE_3` (`FIELD_ID`,`VALUE_INT`,`VALUE_ID`);

--
-- Индексы таблицы `b_utm_iblock_3_section`
--
ALTER TABLE `b_utm_iblock_3_section`
  ADD PRIMARY KEY (`ID`),
  ADD KEY `ix_utm_IBLOCK_3_SECTION_2` (`VALUE_ID`),
  ADD KEY `ix_utm_IBLOCK_3_SECTION_3` (`FIELD_ID`,`VALUE_INT`,`VALUE_ID`);

--
-- Индексы таблицы `b_uts_blog_comment`
--
ALTER TABLE `b_uts_blog_comment`
  ADD PRIMARY KEY (`VALUE_ID`);

--
-- Индексы таблицы `b_uts_blog_post`
--
ALTER TABLE `b_uts_blog_post`
  ADD PRIMARY KEY (`VALUE_ID`);

--
-- Индексы таблицы `b_uts_forum_message`
--
ALTER TABLE `b_uts_forum_message`
  ADD PRIMARY KEY (`VALUE_ID`);

--
-- Индексы таблицы `b_uts_iblock_3_section`
--
ALTER TABLE `b_uts_iblock_3_section`
  ADD PRIMARY KEY (`VALUE_ID`);

--
-- Индексы таблицы `b_vote`
--
ALTER TABLE `b_vote`
  ADD PRIMARY KEY (`ID`),
  ADD KEY `IX_CHANNEL_ID` (`CHANNEL_ID`);

--
-- Индексы таблицы `b_vote_answer`
--
ALTER TABLE `b_vote_answer`
  ADD PRIMARY KEY (`ID`),
  ADD KEY `IX_QUESTION_ID` (`QUESTION_ID`);

--
-- Индексы таблицы `b_vote_attached_object`
--
ALTER TABLE `b_vote_attached_object`
  ADD PRIMARY KEY (`ID`),
  ADD KEY `IX_VOTE_AO_1` (`OBJECT_ID`),
  ADD KEY `IX_VOTE_AO_2` (`MODULE_ID`,`ENTITY_TYPE`,`ENTITY_ID`);

--
-- Индексы таблицы `b_vote_channel`
--
ALTER TABLE `b_vote_channel`
  ADD PRIMARY KEY (`ID`);

--
-- Индексы таблицы `b_vote_channel_2_group`
--
ALTER TABLE `b_vote_channel_2_group`
  ADD PRIMARY KEY (`ID`),
  ADD KEY `IX_VOTE_CHANNEL_ID_GROUP_ID` (`CHANNEL_ID`,`GROUP_ID`);

--
-- Индексы таблицы `b_vote_channel_2_site`
--
ALTER TABLE `b_vote_channel_2_site`
  ADD PRIMARY KEY (`CHANNEL_ID`,`SITE_ID`);

--
-- Индексы таблицы `b_vote_event`
--
ALTER TABLE `b_vote_event`
  ADD PRIMARY KEY (`ID`),
  ADD KEY `IX_USER_ID` (`VOTE_USER_ID`),
  ADD KEY `IX_B_VOTE_EVENT_2` (`VOTE_ID`,`IP`);

--
-- Индексы таблицы `b_vote_event_answer`
--
ALTER TABLE `b_vote_event_answer`
  ADD PRIMARY KEY (`ID`),
  ADD KEY `IX_EVENT_QUESTION_ID` (`EVENT_QUESTION_ID`);

--
-- Индексы таблицы `b_vote_event_question`
--
ALTER TABLE `b_vote_event_question`
  ADD PRIMARY KEY (`ID`),
  ADD KEY `IX_EVENT_ID` (`EVENT_ID`);

--
-- Индексы таблицы `b_vote_question`
--
ALTER TABLE `b_vote_question`
  ADD PRIMARY KEY (`ID`),
  ADD KEY `IX_VOTE_ID` (`VOTE_ID`);

--
-- Индексы таблицы `b_vote_user`
--
ALTER TABLE `b_vote_user`
  ADD PRIMARY KEY (`ID`),
  ADD UNIQUE KEY `UX_VOTE_COOKIE_USER` (`COOKIE_ID`,`AUTH_USER_ID`);

--
-- AUTO_INCREMENT для сохранённых таблиц
--

--
-- AUTO_INCREMENT для таблицы `b_admin_notify`
--
ALTER TABLE `b_admin_notify`
  MODIFY `ID` int(11) NOT NULL AUTO_INCREMENT, AUTO_INCREMENT=5;

--
-- AUTO_INCREMENT для таблицы `b_admin_notify_lang`
--
ALTER TABLE `b_admin_notify_lang`
  MODIFY `ID` int(11) NOT NULL AUTO_INCREMENT;

--
-- AUTO_INCREMENT для таблицы `b_agent`
--
ALTER TABLE `b_agent`
  MODIFY `ID` int(11) NOT NULL AUTO_INCREMENT, AUTO_INCREMENT=79;

--
-- AUTO_INCREMENT для таблицы `b_app_password`
--
ALTER TABLE `b_app_password`
  MODIFY `ID` int(11) NOT NULL AUTO_INCREMENT;

--
-- AUTO_INCREMENT для таблицы `b_b24connector_button_site`
--
ALTER TABLE `b_b24connector_button_site`
  MODIFY `ID` int(11) NOT NULL AUTO_INCREMENT;

--
-- AUTO_INCREMENT для таблицы `b_bitrixcloud_option`
--
ALTER TABLE `b_bitrixcloud_option`
  MODIFY `ID` int(11) NOT NULL AUTO_INCREMENT, AUTO_INCREMENT=5;

--
-- AUTO_INCREMENT для таблицы `b_blog`
--
ALTER TABLE `b_blog`
  MODIFY `ID` int(11) NOT NULL AUTO_INCREMENT;

--
-- AUTO_INCREMENT для таблицы `b_blog_category`
--
ALTER TABLE `b_blog_category`
  MODIFY `ID` int(11) NOT NULL AUTO_INCREMENT;

--
-- AUTO_INCREMENT для таблицы `b_blog_comment`
--
ALTER TABLE `b_blog_comment`
  MODIFY `ID` int(11) NOT NULL AUTO_INCREMENT;

--
-- AUTO_INCREMENT для таблицы `b_blog_group`
--
ALTER TABLE `b_blog_group`
  MODIFY `ID` int(11) NOT NULL AUTO_INCREMENT;

--
-- AUTO_INCREMENT для таблицы `b_blog_image`
--
ALTER TABLE `b_blog_image`
  MODIFY `ID` int(11) NOT NULL AUTO_INCREMENT;

--
-- AUTO_INCREMENT для таблицы `b_blog_post`
--
ALTER TABLE `b_blog_post`
  MODIFY `ID` int(11) NOT NULL AUTO_INCREMENT;

--
-- AUTO_INCREMENT для таблицы `b_blog_post_category`
--
ALTER TABLE `b_blog_post_category`
  MODIFY `ID` int(11) NOT NULL AUTO_INCREMENT;

--
-- AUTO_INCREMENT для таблицы `b_blog_post_param`
--
ALTER TABLE `b_blog_post_param`
  MODIFY `ID` int(11) NOT NULL AUTO_INCREMENT;

--
-- AUTO_INCREMENT для таблицы `b_blog_site_path`
--
ALTER TABLE `b_blog_site_path`
  MODIFY `ID` int(11) NOT NULL AUTO_INCREMENT;

--
-- AUTO_INCREMENT для таблицы `b_blog_socnet`
--
ALTER TABLE `b_blog_socnet`
  MODIFY `ID` int(11) NOT NULL AUTO_INCREMENT;

--
-- AUTO_INCREMENT для таблицы `b_blog_socnet_rights`
--
ALTER TABLE `b_blog_socnet_rights`
  MODIFY `ID` int(11) NOT NULL AUTO_INCREMENT;

--
-- AUTO_INCREMENT для таблицы `b_blog_trackback`
--
ALTER TABLE `b_blog_trackback`
  MODIFY `ID` int(11) NOT NULL AUTO_INCREMENT;

--
-- AUTO_INCREMENT для таблицы `b_blog_user`
--
ALTER TABLE `b_blog_user`
  MODIFY `ID` int(11) NOT NULL AUTO_INCREMENT;

--
-- AUTO_INCREMENT для таблицы `b_blog_user2blog`
--
ALTER TABLE `b_blog_user2blog`
  MODIFY `ID` int(11) NOT NULL AUTO_INCREMENT;

--
-- AUTO_INCREMENT для таблицы `b_blog_user2user_group`
--
ALTER TABLE `b_blog_user2user_group`
  MODIFY `ID` int(11) NOT NULL AUTO_INCREMENT;

--
-- AUTO_INCREMENT для таблицы `b_blog_user_group`
--
ALTER TABLE `b_blog_user_group`
  MODIFY `ID` int(11) NOT NULL AUTO_INCREMENT, AUTO_INCREMENT=3;

--
-- AUTO_INCREMENT для таблицы `b_blog_user_group_perms`
--
ALTER TABLE `b_blog_user_group_perms`
  MODIFY `ID` int(11) NOT NULL AUTO_INCREMENT;

--
-- AUTO_INCREMENT для таблицы `b_cache_tag`
--
ALTER TABLE `b_cache_tag`
  MODIFY `ID` bigint(20) NOT NULL AUTO_INCREMENT, AUTO_INCREMENT=382;

--
-- AUTO_INCREMENT для таблицы `b_checklist`
--
ALTER TABLE `b_checklist`
  MODIFY `ID` int(11) NOT NULL AUTO_INCREMENT, AUTO_INCREMENT=2;

--
-- AUTO_INCREMENT для таблицы `b_clouds_copy_queue`
--
ALTER TABLE `b_clouds_copy_queue`
  MODIFY `ID` int(32) NOT NULL AUTO_INCREMENT;

--
-- AUTO_INCREMENT для таблицы `b_clouds_delete_queue`
--
ALTER TABLE `b_clouds_delete_queue`
  MODIFY `ID` int(32) NOT NULL AUTO_INCREMENT;

--
-- AUTO_INCREMENT для таблицы `b_clouds_file_bucket`
--
ALTER TABLE `b_clouds_file_bucket`
  MODIFY `ID` int(11) NOT NULL AUTO_INCREMENT;

--
-- AUTO_INCREMENT для таблицы `b_clouds_file_hash`
--
ALTER TABLE `b_clouds_file_hash`
  MODIFY `ID` int(32) NOT NULL AUTO_INCREMENT;

--
-- AUTO_INCREMENT для таблицы `b_clouds_file_resize`
--
ALTER TABLE `b_clouds_file_resize`
  MODIFY `ID` int(11) NOT NULL AUTO_INCREMENT;

--
-- AUTO_INCREMENT для таблицы `b_clouds_file_save`
--
ALTER TABLE `b_clouds_file_save`
  MODIFY `ID` int(32) NOT NULL AUTO_INCREMENT;

--
-- AUTO_INCREMENT для таблицы `b_component_params`
--
ALTER TABLE `b_component_params`
  MODIFY `ID` int(11) NOT NULL AUTO_INCREMENT, AUTO_INCREMENT=199;

--
-- AUTO_INCREMENT для таблицы `b_composite_log`
--
ALTER TABLE `b_composite_log`
  MODIFY `ID` int(11) NOT NULL AUTO_INCREMENT;

--
-- AUTO_INCREMENT для таблицы `b_composite_page`
--
ALTER TABLE `b_composite_page`
  MODIFY `ID` int(11) NOT NULL AUTO_INCREMENT;

--
-- AUTO_INCREMENT для таблицы `b_consent_agreement`
--
ALTER TABLE `b_consent_agreement`
  MODIFY `ID` int(11) NOT NULL AUTO_INCREMENT;

--
-- AUTO_INCREMENT для таблицы `b_consent_field`
--
ALTER TABLE `b_consent_field`
  MODIFY `ID` int(11) NOT NULL AUTO_INCREMENT;

--
-- AUTO_INCREMENT для таблицы `b_consent_user_consent`
--
ALTER TABLE `b_consent_user_consent`
  MODIFY `ID` int(11) NOT NULL AUTO_INCREMENT;

--
-- AUTO_INCREMENT для таблицы `b_consent_user_consent_item`
--
ALTER TABLE `b_consent_user_consent_item`
  MODIFY `ID` int(11) NOT NULL AUTO_INCREMENT;

--
-- AUTO_INCREMENT для таблицы `b_culture`
--
ALTER TABLE `b_culture`
  MODIFY `ID` int(11) NOT NULL AUTO_INCREMENT, AUTO_INCREMENT=3;

--
-- AUTO_INCREMENT для таблицы `b_event`
--
ALTER TABLE `b_event`
  MODIFY `ID` int(11) NOT NULL AUTO_INCREMENT, AUTO_INCREMENT=29;

--
-- AUTO_INCREMENT для таблицы `b_event_log`
--
ALTER TABLE `b_event_log`
  MODIFY `ID` int(11) NOT NULL AUTO_INCREMENT, AUTO_INCREMENT=232;

--
-- AUTO_INCREMENT для таблицы `b_event_message`
--
ALTER TABLE `b_event_message`
  MODIFY `ID` int(11) NOT NULL AUTO_INCREMENT, AUTO_INCREMENT=32;

--
-- AUTO_INCREMENT для таблицы `b_event_type`
--
ALTER TABLE `b_event_type`
  MODIFY `ID` int(11) NOT NULL AUTO_INCREMENT, AUTO_INCREMENT=69;

--
-- AUTO_INCREMENT для таблицы `b_favorite`
--
ALTER TABLE `b_favorite`
  MODIFY `ID` int(11) NOT NULL AUTO_INCREMENT;

--
-- AUTO_INCREMENT для таблицы `b_file`
--
ALTER TABLE `b_file`
  MODIFY `ID` int(11) NOT NULL AUTO_INCREMENT, AUTO_INCREMENT=135;

--
-- AUTO_INCREMENT для таблицы `b_file_preview`
--
ALTER TABLE `b_file_preview`
  MODIFY `ID` int(11) NOT NULL AUTO_INCREMENT;

--
-- AUTO_INCREMENT для таблицы `b_file_search`
--
ALTER TABLE `b_file_search`
  MODIFY `ID` int(11) NOT NULL AUTO_INCREMENT;

--
-- AUTO_INCREMENT для таблицы `b_filters`
--
ALTER TABLE `b_filters`
  MODIFY `ID` int(11) NOT NULL AUTO_INCREMENT;

--
-- AUTO_INCREMENT для таблицы `b_form`
--
ALTER TABLE `b_form`
  MODIFY `ID` int(18) NOT NULL AUTO_INCREMENT;

--
-- AUTO_INCREMENT для таблицы `b_form_2_group`
--
ALTER TABLE `b_form_2_group`
  MODIFY `ID` int(18) NOT NULL AUTO_INCREMENT;

--
-- AUTO_INCREMENT для таблицы `b_form_answer`
--
ALTER TABLE `b_form_answer`
  MODIFY `ID` int(18) NOT NULL AUTO_INCREMENT;

--
-- AUTO_INCREMENT для таблицы `b_form_crm`
--
ALTER TABLE `b_form_crm`
  MODIFY `ID` int(18) NOT NULL AUTO_INCREMENT;

--
-- AUTO_INCREMENT для таблицы `b_form_crm_field`
--
ALTER TABLE `b_form_crm_field`
  MODIFY `ID` int(18) NOT NULL AUTO_INCREMENT;

--
-- AUTO_INCREMENT для таблицы `b_form_crm_link`
--
ALTER TABLE `b_form_crm_link`
  MODIFY `ID` int(18) NOT NULL AUTO_INCREMENT;

--
-- AUTO_INCREMENT для таблицы `b_form_field`
--
ALTER TABLE `b_form_field`
  MODIFY `ID` int(18) NOT NULL AUTO_INCREMENT;

--
-- AUTO_INCREMENT для таблицы `b_form_field_filter`
--
ALTER TABLE `b_form_field_filter`
  MODIFY `ID` int(18) NOT NULL AUTO_INCREMENT;

--
-- AUTO_INCREMENT для таблицы `b_form_field_validator`
--
ALTER TABLE `b_form_field_validator`
  MODIFY `ID` int(18) NOT NULL AUTO_INCREMENT;

--
-- AUTO_INCREMENT для таблицы `b_form_menu`
--
ALTER TABLE `b_form_menu`
  MODIFY `ID` int(18) NOT NULL AUTO_INCREMENT;

--
-- AUTO_INCREMENT для таблицы `b_form_result`
--
ALTER TABLE `b_form_result`
  MODIFY `ID` int(18) NOT NULL AUTO_INCREMENT;

--
-- AUTO_INCREMENT для таблицы `b_form_result_answer`
--
ALTER TABLE `b_form_result_answer`
  MODIFY `ID` int(18) NOT NULL AUTO_INCREMENT;

--
-- AUTO_INCREMENT для таблицы `b_form_status`
--
ALTER TABLE `b_form_status`
  MODIFY `ID` int(18) NOT NULL AUTO_INCREMENT;

--
-- AUTO_INCREMENT для таблицы `b_form_status_2_group`
--
ALTER TABLE `b_form_status_2_group`
  MODIFY `ID` int(18) NOT NULL AUTO_INCREMENT;

--
-- AUTO_INCREMENT для таблицы `b_forum`
--
ALTER TABLE `b_forum`
  MODIFY `ID` int(10) NOT NULL AUTO_INCREMENT;

--
-- AUTO_INCREMENT для таблицы `b_forum_dictionary`
--
ALTER TABLE `b_forum_dictionary`
  MODIFY `ID` int(11) NOT NULL AUTO_INCREMENT, AUTO_INCREMENT=5;

--
-- AUTO_INCREMENT для таблицы `b_forum_email`
--
ALTER TABLE `b_forum_email`
  MODIFY `ID` int(11) NOT NULL AUTO_INCREMENT;

--
-- AUTO_INCREMENT для таблицы `b_forum_file`
--
ALTER TABLE `b_forum_file`
  MODIFY `ID` int(18) NOT NULL AUTO_INCREMENT;

--
-- AUTO_INCREMENT для таблицы `b_forum_filter`
--
ALTER TABLE `b_forum_filter`
  MODIFY `ID` int(11) NOT NULL AUTO_INCREMENT, AUTO_INCREMENT=152;

--
-- AUTO_INCREMENT для таблицы `b_forum_group`
--
ALTER TABLE `b_forum_group`
  MODIFY `ID` int(11) NOT NULL AUTO_INCREMENT;

--
-- AUTO_INCREMENT для таблицы `b_forum_group_lang`
--
ALTER TABLE `b_forum_group_lang`
  MODIFY `ID` int(11) NOT NULL AUTO_INCREMENT;

--
-- AUTO_INCREMENT для таблицы `b_forum_letter`
--
ALTER TABLE `b_forum_letter`
  MODIFY `ID` int(11) NOT NULL AUTO_INCREMENT, AUTO_INCREMENT=38;

--
-- AUTO_INCREMENT для таблицы `b_forum_message`
--
ALTER TABLE `b_forum_message`
  MODIFY `ID` bigint(20) NOT NULL AUTO_INCREMENT;

--
-- AUTO_INCREMENT для таблицы `b_forum_perms`
--
ALTER TABLE `b_forum_perms`
  MODIFY `ID` int(11) NOT NULL AUTO_INCREMENT;

--
-- AUTO_INCREMENT для таблицы `b_forum_pm_folder`
--
ALTER TABLE `b_forum_pm_folder`
  MODIFY `ID` int(11) NOT NULL AUTO_INCREMENT, AUTO_INCREMENT=5;

--
-- AUTO_INCREMENT для таблицы `b_forum_points`
--
ALTER TABLE `b_forum_points`
  MODIFY `ID` int(11) NOT NULL AUTO_INCREMENT;

--
-- AUTO_INCREMENT для таблицы `b_forum_points2post`
--
ALTER TABLE `b_forum_points2post`
  MODIFY `ID` int(11) NOT NULL AUTO_INCREMENT;

--
-- AUTO_INCREMENT для таблицы `b_forum_private_message`
--
ALTER TABLE `b_forum_private_message`
  MODIFY `ID` bigint(10) NOT NULL AUTO_INCREMENT;

--
-- AUTO_INCREMENT для таблицы `b_forum_rank`
--
ALTER TABLE `b_forum_rank`
  MODIFY `ID` int(11) NOT NULL AUTO_INCREMENT;

--
-- AUTO_INCREMENT для таблицы `b_forum_rank_lang`
--
ALTER TABLE `b_forum_rank_lang`
  MODIFY `ID` int(11) NOT NULL AUTO_INCREMENT;

--
-- AUTO_INCREMENT для таблицы `b_forum_service_deleted_message`
--
ALTER TABLE `b_forum_service_deleted_message`
  MODIFY `ID` bigint(20) NOT NULL AUTO_INCREMENT;

--
-- AUTO_INCREMENT для таблицы `b_forum_service_statistic_queue`
--
ALTER TABLE `b_forum_service_statistic_queue`
  MODIFY `ID` bigint(10) NOT NULL AUTO_INCREMENT;

--
-- AUTO_INCREMENT для таблицы `b_forum_stat`
--
ALTER TABLE `b_forum_stat`
  MODIFY `ID` bigint(20) NOT NULL AUTO_INCREMENT;

--
-- AUTO_INCREMENT для таблицы `b_forum_subscribe`
--
ALTER TABLE `b_forum_subscribe`
  MODIFY `ID` int(10) NOT NULL AUTO_INCREMENT;

--
-- AUTO_INCREMENT для таблицы `b_forum_topic`
--
ALTER TABLE `b_forum_topic`
  MODIFY `ID` bigint(20) NOT NULL AUTO_INCREMENT;

--
-- AUTO_INCREMENT для таблицы `b_forum_user`
--
ALTER TABLE `b_forum_user`
  MODIFY `ID` bigint(10) NOT NULL AUTO_INCREMENT;

--
-- AUTO_INCREMENT для таблицы `b_forum_user_forum`
--
ALTER TABLE `b_forum_user_forum`
  MODIFY `ID` int(11) NOT NULL AUTO_INCREMENT;

--
-- AUTO_INCREMENT для таблицы `b_forum_user_topic`
--
ALTER TABLE `b_forum_user_topic`
  MODIFY `ID` bigint(20) NOT NULL AUTO_INCREMENT;

--
-- AUTO_INCREMENT для таблицы `b_geoip_handlers`
--
ALTER TABLE `b_geoip_handlers`
  MODIFY `ID` int(11) NOT NULL AUTO_INCREMENT, AUTO_INCREMENT=4;

--
-- AUTO_INCREMENT для таблицы `b_group`
--
ALTER TABLE `b_group`
  MODIFY `ID` int(11) NOT NULL AUTO_INCREMENT, AUTO_INCREMENT=7;

--
-- AUTO_INCREMENT для таблицы `b_hlbd_tegicases`
--
ALTER TABLE `b_hlbd_tegicases`
  MODIFY `ID` int(11) UNSIGNED NOT NULL AUTO_INCREMENT, AUTO_INCREMENT=12;

--
-- AUTO_INCREMENT для таблицы `b_hlbd_tegifiltra`
--
ALTER TABLE `b_hlbd_tegifiltra`
  MODIFY `ID` int(11) UNSIGNED NOT NULL AUTO_INCREMENT, AUTO_INCREMENT=12;

--
-- AUTO_INCREMENT для таблицы `b_hlblock_entity`
--
ALTER TABLE `b_hlblock_entity`
  MODIFY `ID` int(11) UNSIGNED NOT NULL AUTO_INCREMENT, AUTO_INCREMENT=4;

--
-- AUTO_INCREMENT для таблицы `b_hlblock_entity_rights`
--
ALTER TABLE `b_hlblock_entity_rights`
  MODIFY `ID` int(11) UNSIGNED NOT NULL AUTO_INCREMENT;

--
-- AUTO_INCREMENT для таблицы `b_hot_keys`
--
ALTER TABLE `b_hot_keys`
  MODIFY `ID` int(11) NOT NULL AUTO_INCREMENT, AUTO_INCREMENT=25;

--
-- AUTO_INCREMENT для таблицы `b_hot_keys_code`
--
ALTER TABLE `b_hot_keys_code`
  MODIFY `ID` int(11) NOT NULL AUTO_INCREMENT, AUTO_INCREMENT=140;

--
-- AUTO_INCREMENT для таблицы `b_iblock`
--
ALTER TABLE `b_iblock`
  MODIFY `ID` int(11) NOT NULL AUTO_INCREMENT, AUTO_INCREMENT=23;

--
-- AUTO_INCREMENT для таблицы `b_iblock_12_index_val`
--
ALTER TABLE `b_iblock_12_index_val`
  MODIFY `ID` int(11) NOT NULL AUTO_INCREMENT, AUTO_INCREMENT=6;

--
-- AUTO_INCREMENT для таблицы `b_iblock_13_index_val`
--
ALTER TABLE `b_iblock_13_index_val`
  MODIFY `ID` int(11) NOT NULL AUTO_INCREMENT, AUTO_INCREMENT=6;

--
-- AUTO_INCREMENT для таблицы `b_iblock_element`
--
ALTER TABLE `b_iblock_element`
  MODIFY `ID` int(11) NOT NULL AUTO_INCREMENT, AUTO_INCREMENT=79;

--
-- AUTO_INCREMENT для таблицы `b_iblock_element_property`
--
ALTER TABLE `b_iblock_element_property`
  MODIFY `ID` int(11) NOT NULL AUTO_INCREMENT, AUTO_INCREMENT=135;

--
-- AUTO_INCREMENT для таблицы `b_iblock_element_prop_m21`
--
ALTER TABLE `b_iblock_element_prop_m21`
  MODIFY `ID` int(11) NOT NULL AUTO_INCREMENT;

--
-- AUTO_INCREMENT для таблицы `b_iblock_iproperty`
--
ALTER TABLE `b_iblock_iproperty`
  MODIFY `ID` int(11) NOT NULL AUTO_INCREMENT;

--
-- AUTO_INCREMENT для таблицы `b_iblock_offers_tmp`
--
ALTER TABLE `b_iblock_offers_tmp`
  MODIFY `ID` int(11) UNSIGNED NOT NULL AUTO_INCREMENT;

--
-- AUTO_INCREMENT для таблицы `b_iblock_property`
--
ALTER TABLE `b_iblock_property`
  MODIFY `ID` int(11) NOT NULL AUTO_INCREMENT, AUTO_INCREMENT=193;

--
-- AUTO_INCREMENT для таблицы `b_iblock_property_enum`
--
ALTER TABLE `b_iblock_property_enum`
  MODIFY `ID` int(11) NOT NULL AUTO_INCREMENT, AUTO_INCREMENT=17;

--
-- AUTO_INCREMENT для таблицы `b_iblock_property_feature`
--
ALTER TABLE `b_iblock_property_feature`
  MODIFY `ID` int(11) NOT NULL AUTO_INCREMENT, AUTO_INCREMENT=35;

--
-- AUTO_INCREMENT для таблицы `b_iblock_right`
--
ALTER TABLE `b_iblock_right`
  MODIFY `ID` int(11) NOT NULL AUTO_INCREMENT;

--
-- AUTO_INCREMENT для таблицы `b_iblock_rss`
--
ALTER TABLE `b_iblock_rss`
  MODIFY `ID` int(11) NOT NULL AUTO_INCREMENT;

--
-- AUTO_INCREMENT для таблицы `b_iblock_section`
--
ALTER TABLE `b_iblock_section`
  MODIFY `ID` int(11) NOT NULL AUTO_INCREMENT, AUTO_INCREMENT=4;

--
-- AUTO_INCREMENT для таблицы `b_landing`
--
ALTER TABLE `b_landing`
  MODIFY `ID` int(18) NOT NULL AUTO_INCREMENT;

--
-- AUTO_INCREMENT для таблицы `b_landing_binding`
--
ALTER TABLE `b_landing_binding`
  MODIFY `ID` int(18) NOT NULL AUTO_INCREMENT;

--
-- AUTO_INCREMENT для таблицы `b_landing_block`
--
ALTER TABLE `b_landing_block`
  MODIFY `ID` int(18) NOT NULL AUTO_INCREMENT;

--
-- AUTO_INCREMENT для таблицы `b_landing_block_last_used`
--
ALTER TABLE `b_landing_block_last_used`
  MODIFY `ID` int(18) NOT NULL AUTO_INCREMENT;

--
-- AUTO_INCREMENT для таблицы `b_landing_chat`
--
ALTER TABLE `b_landing_chat`
  MODIFY `ID` int(18) NOT NULL AUTO_INCREMENT;

--
-- AUTO_INCREMENT для таблицы `b_landing_chat_binding`
--
ALTER TABLE `b_landing_chat_binding`
  MODIFY `ID` int(18) NOT NULL AUTO_INCREMENT;

--
-- AUTO_INCREMENT для таблицы `b_landing_cookies_agreement`
--
ALTER TABLE `b_landing_cookies_agreement`
  MODIFY `ID` int(18) NOT NULL AUTO_INCREMENT;

--
-- AUTO_INCREMENT для таблицы `b_landing_demo`
--
ALTER TABLE `b_landing_demo`
  MODIFY `ID` int(18) NOT NULL AUTO_INCREMENT;

--
-- AUTO_INCREMENT для таблицы `b_landing_designer_repo`
--
ALTER TABLE `b_landing_designer_repo`
  MODIFY `ID` int(18) NOT NULL AUTO_INCREMENT;

--
-- AUTO_INCREMENT для таблицы `b_landing_domain`
--
ALTER TABLE `b_landing_domain`
  MODIFY `ID` int(18) NOT NULL AUTO_INCREMENT;

--
-- AUTO_INCREMENT для таблицы `b_landing_entity_lock`
--
ALTER TABLE `b_landing_entity_lock`
  MODIFY `ID` int(18) NOT NULL AUTO_INCREMENT;

--
-- AUTO_INCREMENT для таблицы `b_landing_entity_rights`
--
ALTER TABLE `b_landing_entity_rights`
  MODIFY `ID` int(18) NOT NULL AUTO_INCREMENT;

--
-- AUTO_INCREMENT для таблицы `b_landing_file`
--
ALTER TABLE `b_landing_file`
  MODIFY `ID` int(18) NOT NULL AUTO_INCREMENT;

--
-- AUTO_INCREMENT для таблицы `b_landing_filter_block`
--
ALTER TABLE `b_landing_filter_block`
  MODIFY `ID` int(18) NOT NULL AUTO_INCREMENT;

--
-- AUTO_INCREMENT для таблицы `b_landing_filter_entity`
--
ALTER TABLE `b_landing_filter_entity`
  MODIFY `ID` int(18) NOT NULL AUTO_INCREMENT;

--
-- AUTO_INCREMENT для таблицы `b_landing_folder`
--
ALTER TABLE `b_landing_folder`
  MODIFY `ID` int(18) NOT NULL AUTO_INCREMENT;

--
-- AUTO_INCREMENT для таблицы `b_landing_hook_data`
--
ALTER TABLE `b_landing_hook_data`
  MODIFY `ID` int(18) NOT NULL AUTO_INCREMENT;

--
-- AUTO_INCREMENT для таблицы `b_landing_placement`
--
ALTER TABLE `b_landing_placement`
  MODIFY `ID` int(18) NOT NULL AUTO_INCREMENT;

--
-- AUTO_INCREMENT для таблицы `b_landing_repo`
--
ALTER TABLE `b_landing_repo`
  MODIFY `ID` int(18) NOT NULL AUTO_INCREMENT;

--
-- AUTO_INCREMENT для таблицы `b_landing_role`
--
ALTER TABLE `b_landing_role`
  MODIFY `ID` int(18) NOT NULL AUTO_INCREMENT;

--
-- AUTO_INCREMENT для таблицы `b_landing_site`
--
ALTER TABLE `b_landing_site`
  MODIFY `ID` int(18) NOT NULL AUTO_INCREMENT;

--
-- AUTO_INCREMENT для таблицы `b_landing_syspage`
--
ALTER TABLE `b_landing_syspage`
  MODIFY `ID` int(18) NOT NULL AUTO_INCREMENT;

--
-- AUTO_INCREMENT для таблицы `b_landing_template`
--
ALTER TABLE `b_landing_template`
  MODIFY `ID` int(18) NOT NULL AUTO_INCREMENT, AUTO_INCREMENT=8;

--
-- AUTO_INCREMENT для таблицы `b_landing_template_ref`
--
ALTER TABLE `b_landing_template_ref`
  MODIFY `ID` int(18) NOT NULL AUTO_INCREMENT;

--
-- AUTO_INCREMENT для таблицы `b_landing_update_block`
--
ALTER TABLE `b_landing_update_block`
  MODIFY `ID` int(18) NOT NULL AUTO_INCREMENT;

--
-- AUTO_INCREMENT для таблицы `b_landing_urlchecker_host`
--
ALTER TABLE `b_landing_urlchecker_host`
  MODIFY `ID` int(18) NOT NULL AUTO_INCREMENT;

--
-- AUTO_INCREMENT для таблицы `b_landing_urlchecker_status`
--
ALTER TABLE `b_landing_urlchecker_status`
  MODIFY `ID` int(18) NOT NULL AUTO_INCREMENT;

--
-- AUTO_INCREMENT для таблицы `b_landing_urlchecker_whitelist`
--
ALTER TABLE `b_landing_urlchecker_whitelist`
  MODIFY `ID` int(18) NOT NULL AUTO_INCREMENT;

--
-- AUTO_INCREMENT для таблицы `b_landing_urlrewrite`
--
ALTER TABLE `b_landing_urlrewrite`
  MODIFY `ID` int(18) NOT NULL AUTO_INCREMENT;

--
-- AUTO_INCREMENT для таблицы `b_landing_view`
--
ALTER TABLE `b_landing_view`
  MODIFY `ID` int(18) NOT NULL AUTO_INCREMENT;

--
-- AUTO_INCREMENT для таблицы `b_list_rubric`
--
ALTER TABLE `b_list_rubric`
  MODIFY `ID` int(11) NOT NULL AUTO_INCREMENT;

--
-- AUTO_INCREMENT для таблицы `b_log_notification`
--
ALTER TABLE `b_log_notification`
  MODIFY `ID` int(10) UNSIGNED NOT NULL AUTO_INCREMENT;

--
-- AUTO_INCREMENT для таблицы `b_log_notification_action`
--
ALTER TABLE `b_log_notification_action`
  MODIFY `ID` int(10) UNSIGNED NOT NULL AUTO_INCREMENT;

--
-- AUTO_INCREMENT для таблицы `b_main_mail_blacklist`
--
ALTER TABLE `b_main_mail_blacklist`
  MODIFY `ID` int(11) NOT NULL AUTO_INCREMENT;

--
-- AUTO_INCREMENT для таблицы `b_main_mail_sender`
--
ALTER TABLE `b_main_mail_sender`
  MODIFY `ID` int(11) NOT NULL AUTO_INCREMENT;

--
-- AUTO_INCREMENT для таблицы `b_medialib_collection`
--
ALTER TABLE `b_medialib_collection`
  MODIFY `ID` int(11) NOT NULL AUTO_INCREMENT, AUTO_INCREMENT=2;

--
-- AUTO_INCREMENT для таблицы `b_medialib_item`
--
ALTER TABLE `b_medialib_item`
  MODIFY `ID` int(11) NOT NULL AUTO_INCREMENT, AUTO_INCREMENT=3;

--
-- AUTO_INCREMENT для таблицы `b_medialib_type`
--
ALTER TABLE `b_medialib_type`
  MODIFY `ID` int(11) NOT NULL AUTO_INCREMENT, AUTO_INCREMENT=4;

--
-- AUTO_INCREMENT для таблицы `b_messageservice_message`
--
ALTER TABLE `b_messageservice_message`
  MODIFY `ID` int(18) NOT NULL AUTO_INCREMENT;

--
-- AUTO_INCREMENT для таблицы `b_messageservice_rest_app`
--
ALTER TABLE `b_messageservice_rest_app`
  MODIFY `ID` int(18) NOT NULL AUTO_INCREMENT;

--
-- AUTO_INCREMENT для таблицы `b_messageservice_rest_app_lang`
--
ALTER TABLE `b_messageservice_rest_app_lang`
  MODIFY `ID` int(18) NOT NULL AUTO_INCREMENT;

--
-- AUTO_INCREMENT для таблицы `b_module_group`
--
ALTER TABLE `b_module_group`
  MODIFY `ID` int(11) NOT NULL AUTO_INCREMENT, AUTO_INCREMENT=3;

--
-- AUTO_INCREMENT для таблицы `b_module_to_module`
--
ALTER TABLE `b_module_to_module`
  MODIFY `ID` int(11) NOT NULL AUTO_INCREMENT, AUTO_INCREMENT=325;

--
-- AUTO_INCREMENT для таблицы `b_numerator`
--
ALTER TABLE `b_numerator`
  MODIFY `ID` int(10) UNSIGNED NOT NULL AUTO_INCREMENT;

--
-- AUTO_INCREMENT для таблицы `b_operation`
--
ALTER TABLE `b_operation`
  MODIFY `ID` int(11) NOT NULL AUTO_INCREMENT, AUTO_INCREMENT=121;

--
-- AUTO_INCREMENT для таблицы `b_perf_cache`
--
ALTER TABLE `b_perf_cache`
  MODIFY `ID` int(18) NOT NULL AUTO_INCREMENT;

--
-- AUTO_INCREMENT для таблицы `b_perf_cluster`
--
ALTER TABLE `b_perf_cluster`
  MODIFY `ID` int(11) NOT NULL AUTO_INCREMENT;

--
-- AUTO_INCREMENT для таблицы `b_perf_component`
--
ALTER TABLE `b_perf_component`
  MODIFY `ID` int(18) NOT NULL AUTO_INCREMENT;

--
-- AUTO_INCREMENT для таблицы `b_perf_error`
--
ALTER TABLE `b_perf_error`
  MODIFY `ID` int(18) NOT NULL AUTO_INCREMENT;

--
-- AUTO_INCREMENT для таблицы `b_perf_history`
--
ALTER TABLE `b_perf_history`
  MODIFY `ID` int(18) NOT NULL AUTO_INCREMENT;

--
-- AUTO_INCREMENT для таблицы `b_perf_hit`
--
ALTER TABLE `b_perf_hit`
  MODIFY `ID` int(11) NOT NULL AUTO_INCREMENT;

--
-- AUTO_INCREMENT для таблицы `b_perf_index_ban`
--
ALTER TABLE `b_perf_index_ban`
  MODIFY `ID` int(11) NOT NULL AUTO_INCREMENT;

--
-- AUTO_INCREMENT для таблицы `b_perf_index_complete`
--
ALTER TABLE `b_perf_index_complete`
  MODIFY `ID` int(11) NOT NULL AUTO_INCREMENT;

--
-- AUTO_INCREMENT для таблицы `b_perf_index_suggest`
--
ALTER TABLE `b_perf_index_suggest`
  MODIFY `ID` int(11) NOT NULL AUTO_INCREMENT;

--
-- AUTO_INCREMENT для таблицы `b_perf_sql`
--
ALTER TABLE `b_perf_sql`
  MODIFY `ID` int(18) NOT NULL AUTO_INCREMENT;

--
-- AUTO_INCREMENT для таблицы `b_perf_tab_column_stat`
--
ALTER TABLE `b_perf_tab_column_stat`
  MODIFY `ID` int(11) NOT NULL AUTO_INCREMENT;

--
-- AUTO_INCREMENT для таблицы `b_perf_test`
--
ALTER TABLE `b_perf_test`
  MODIFY `ID` int(18) NOT NULL AUTO_INCREMENT;

--
-- AUTO_INCREMENT для таблицы `b_posting`
--
ALTER TABLE `b_posting`
  MODIFY `ID` int(11) NOT NULL AUTO_INCREMENT;

--
-- AUTO_INCREMENT для таблицы `b_posting_email`
--
ALTER TABLE `b_posting_email`
  MODIFY `ID` int(11) NOT NULL AUTO_INCREMENT;

--
-- AUTO_INCREMENT для таблицы `b_rating`
--
ALTER TABLE `b_rating`
  MODIFY `ID` int(11) NOT NULL AUTO_INCREMENT, AUTO_INCREMENT=5;

--
-- AUTO_INCREMENT для таблицы `b_rating_component`
--
ALTER TABLE `b_rating_component`
  MODIFY `ID` int(11) NOT NULL AUTO_INCREMENT, AUTO_INCREMENT=10;

--
-- AUTO_INCREMENT для таблицы `b_rating_component_results`
--
ALTER TABLE `b_rating_component_results`
  MODIFY `ID` int(11) NOT NULL AUTO_INCREMENT, AUTO_INCREMENT=262;

--
-- AUTO_INCREMENT для таблицы `b_rating_results`
--
ALTER TABLE `b_rating_results`
  MODIFY `ID` int(11) NOT NULL AUTO_INCREMENT, AUTO_INCREMENT=3;

--
-- AUTO_INCREMENT для таблицы `b_rating_rule`
--
ALTER TABLE `b_rating_rule`
  MODIFY `ID` int(11) NOT NULL AUTO_INCREMENT, AUTO_INCREMENT=6;

--
-- AUTO_INCREMENT для таблицы `b_rating_rule_vetting`
--
ALTER TABLE `b_rating_rule_vetting`
  MODIFY `ID` int(11) NOT NULL AUTO_INCREMENT;

--
-- AUTO_INCREMENT для таблицы `b_rating_user`
--
ALTER TABLE `b_rating_user`
  MODIFY `ID` int(11) NOT NULL AUTO_INCREMENT, AUTO_INCREMENT=4;

--
-- AUTO_INCREMENT для таблицы `b_rating_vote`
--
ALTER TABLE `b_rating_vote`
  MODIFY `ID` int(11) NOT NULL AUTO_INCREMENT;

--
-- AUTO_INCREMENT для таблицы `b_rating_vote_group`
--
ALTER TABLE `b_rating_vote_group`
  MODIFY `ID` int(11) NOT NULL AUTO_INCREMENT, AUTO_INCREMENT=7;

--
-- AUTO_INCREMENT для таблицы `b_rating_voting`
--
ALTER TABLE `b_rating_voting`
  MODIFY `ID` int(11) NOT NULL AUTO_INCREMENT;

--
-- AUTO_INCREMENT для таблицы `b_rating_voting_prepare`
--
ALTER TABLE `b_rating_voting_prepare`
  MODIFY `ID` int(11) NOT NULL AUTO_INCREMENT;

--
-- AUTO_INCREMENT для таблицы `b_rating_weight`
--
ALTER TABLE `b_rating_weight`
  MODIFY `ID` int(11) NOT NULL AUTO_INCREMENT, AUTO_INCREMENT=2;

--
-- AUTO_INCREMENT для таблицы `b_rest_ap`
--
ALTER TABLE `b_rest_ap`
  MODIFY `ID` int(11) NOT NULL AUTO_INCREMENT;

--
-- AUTO_INCREMENT для таблицы `b_rest_app`
--
ALTER TABLE `b_rest_app`
  MODIFY `ID` int(11) NOT NULL AUTO_INCREMENT;

--
-- AUTO_INCREMENT для таблицы `b_rest_app_lang`
--
ALTER TABLE `b_rest_app_lang`
  MODIFY `ID` int(11) NOT NULL AUTO_INCREMENT;

--
-- AUTO_INCREMENT для таблицы `b_rest_app_log`
--
ALTER TABLE `b_rest_app_log`
  MODIFY `ID` int(11) NOT NULL AUTO_INCREMENT;

--
-- AUTO_INCREMENT для таблицы `b_rest_ap_permission`
--
ALTER TABLE `b_rest_ap_permission`
  MODIFY `ID` int(11) NOT NULL AUTO_INCREMENT;

--
-- AUTO_INCREMENT для таблицы `b_rest_configuration_storage`
--
ALTER TABLE `b_rest_configuration_storage`
  MODIFY `ID` int(11) NOT NULL AUTO_INCREMENT;

--
-- AUTO_INCREMENT для таблицы `b_rest_event`
--
ALTER TABLE `b_rest_event`
  MODIFY `ID` int(11) NOT NULL AUTO_INCREMENT;

--
-- AUTO_INCREMENT для таблицы `b_rest_event_offline`
--
ALTER TABLE `b_rest_event_offline`
  MODIFY `ID` int(11) NOT NULL AUTO_INCREMENT;

--
-- AUTO_INCREMENT для таблицы `b_rest_integration`
--
ALTER TABLE `b_rest_integration`
  MODIFY `ID` int(11) NOT NULL AUTO_INCREMENT;

--
-- AUTO_INCREMENT для таблицы `b_rest_log`
--
ALTER TABLE `b_rest_log`
  MODIFY `ID` int(11) NOT NULL AUTO_INCREMENT;

--
-- AUTO_INCREMENT для таблицы `b_rest_owner_entity`
--
ALTER TABLE `b_rest_owner_entity`
  MODIFY `ID` int(11) NOT NULL AUTO_INCREMENT;

--
-- AUTO_INCREMENT для таблицы `b_rest_placement`
--
ALTER TABLE `b_rest_placement`
  MODIFY `ID` int(11) NOT NULL AUTO_INCREMENT;

--
-- AUTO_INCREMENT для таблицы `b_rest_placement_lang`
--
ALTER TABLE `b_rest_placement_lang`
  MODIFY `ID` int(11) NOT NULL AUTO_INCREMENT;

--
-- AUTO_INCREMENT для таблицы `b_rest_stat_method`
--
ALTER TABLE `b_rest_stat_method`
  MODIFY `ID` int(11) NOT NULL AUTO_INCREMENT;

--
-- AUTO_INCREMENT для таблицы `b_rest_usage_entity`
--
ALTER TABLE `b_rest_usage_entity`
  MODIFY `ID` int(11) NOT NULL AUTO_INCREMENT;

--
-- AUTO_INCREMENT для таблицы `b_search_content`
--
ALTER TABLE `b_search_content`
  MODIFY `ID` int(11) NOT NULL AUTO_INCREMENT, AUTO_INCREMENT=94;

--
-- AUTO_INCREMENT для таблицы `b_search_custom_rank`
--
ALTER TABLE `b_search_custom_rank`
  MODIFY `ID` int(11) NOT NULL AUTO_INCREMENT;

--
-- AUTO_INCREMENT для таблицы `b_search_phrase`
--
ALTER TABLE `b_search_phrase`
  MODIFY `ID` int(18) NOT NULL AUTO_INCREMENT;

--
-- AUTO_INCREMENT для таблицы `b_search_stem`
--
ALTER TABLE `b_search_stem`
  MODIFY `ID` int(11) NOT NULL AUTO_INCREMENT, AUTO_INCREMENT=392;

--
-- AUTO_INCREMENT для таблицы `b_search_suggest`
--
ALTER TABLE `b_search_suggest`
  MODIFY `ID` int(11) NOT NULL AUTO_INCREMENT;

--
-- AUTO_INCREMENT для таблицы `b_security_sitecheck`
--
ALTER TABLE `b_security_sitecheck`
  MODIFY `ID` int(11) NOT NULL AUTO_INCREMENT;

--
-- AUTO_INCREMENT для таблицы `b_sec_filter_mask`
--
ALTER TABLE `b_sec_filter_mask`
  MODIFY `ID` int(11) NOT NULL AUTO_INCREMENT;

--
-- AUTO_INCREMENT для таблицы `b_sec_frame_mask`
--
ALTER TABLE `b_sec_frame_mask`
  MODIFY `ID` int(11) NOT NULL AUTO_INCREMENT;

--
-- AUTO_INCREMENT для таблицы `b_sec_iprule`
--
ALTER TABLE `b_sec_iprule`
  MODIFY `ID` int(11) NOT NULL AUTO_INCREMENT;

--
-- AUTO_INCREMENT для таблицы `b_sec_recovery_codes`
--
ALTER TABLE `b_sec_recovery_codes`
  MODIFY `ID` int(11) NOT NULL AUTO_INCREMENT;

--
-- AUTO_INCREMENT для таблицы `b_seo_adv_autolog`
--
ALTER TABLE `b_seo_adv_autolog`
  MODIFY `ID` int(11) NOT NULL AUTO_INCREMENT;

--
-- AUTO_INCREMENT для таблицы `b_seo_adv_banner`
--
ALTER TABLE `b_seo_adv_banner`
  MODIFY `ID` int(11) NOT NULL AUTO_INCREMENT;

--
-- AUTO_INCREMENT для таблицы `b_seo_adv_campaign`
--
ALTER TABLE `b_seo_adv_campaign`
  MODIFY `ID` int(11) NOT NULL AUTO_INCREMENT;

--
-- AUTO_INCREMENT для таблицы `b_seo_adv_group`
--
ALTER TABLE `b_seo_adv_group`
  MODIFY `ID` int(11) NOT NULL AUTO_INCREMENT;

--
-- AUTO_INCREMENT для таблицы `b_seo_adv_log`
--
ALTER TABLE `b_seo_adv_log`
  MODIFY `ID` int(11) NOT NULL AUTO_INCREMENT;

--
-- AUTO_INCREMENT для таблицы `b_seo_adv_order`
--
ALTER TABLE `b_seo_adv_order`
  MODIFY `ID` int(11) NOT NULL AUTO_INCREMENT;

--
-- AUTO_INCREMENT для таблицы `b_seo_adv_region`
--
ALTER TABLE `b_seo_adv_region`
  MODIFY `ID` int(11) NOT NULL AUTO_INCREMENT;

--
-- AUTO_INCREMENT для таблицы `b_seo_keywords`
--
ALTER TABLE `b_seo_keywords`
  MODIFY `ID` int(11) NOT NULL AUTO_INCREMENT;

--
-- AUTO_INCREMENT для таблицы `b_seo_search_engine`
--
ALTER TABLE `b_seo_search_engine`
  MODIFY `ID` int(11) NOT NULL AUTO_INCREMENT, AUTO_INCREMENT=4;

--
-- AUTO_INCREMENT для таблицы `b_seo_service_log`
--
ALTER TABLE `b_seo_service_log`
  MODIFY `ID` int(11) NOT NULL AUTO_INCREMENT;

--
-- AUTO_INCREMENT для таблицы `b_seo_service_queue`
--
ALTER TABLE `b_seo_service_queue`
  MODIFY `ID` int(11) NOT NULL AUTO_INCREMENT;

--
-- AUTO_INCREMENT для таблицы `b_seo_service_rtg_queue`
--
ALTER TABLE `b_seo_service_rtg_queue`
  MODIFY `ID` int(11) NOT NULL AUTO_INCREMENT;

--
-- AUTO_INCREMENT для таблицы `b_seo_service_subscription`
--
ALTER TABLE `b_seo_service_subscription`
  MODIFY `ID` int(11) NOT NULL AUTO_INCREMENT;

--
-- AUTO_INCREMENT для таблицы `b_seo_service_webhook`
--
ALTER TABLE `b_seo_service_webhook`
  MODIFY `ID` int(11) NOT NULL AUTO_INCREMENT;

--
-- AUTO_INCREMENT для таблицы `b_seo_sitemap`
--
ALTER TABLE `b_seo_sitemap`
  MODIFY `ID` int(11) NOT NULL AUTO_INCREMENT;

--
-- AUTO_INCREMENT для таблицы `b_seo_sitemap_entity`
--
ALTER TABLE `b_seo_sitemap_entity`
  MODIFY `ID` int(11) NOT NULL AUTO_INCREMENT;

--
-- AUTO_INCREMENT для таблицы `b_seo_sitemap_iblock`
--
ALTER TABLE `b_seo_sitemap_iblock`
  MODIFY `ID` int(11) NOT NULL AUTO_INCREMENT;

--
-- AUTO_INCREMENT для таблицы `b_seo_sitemap_runtime`
--
ALTER TABLE `b_seo_sitemap_runtime`
  MODIFY `ID` int(11) NOT NULL AUTO_INCREMENT;

--
-- AUTO_INCREMENT для таблицы `b_seo_yandex_direct_stat`
--
ALTER TABLE `b_seo_yandex_direct_stat`
  MODIFY `ID` int(18) NOT NULL AUTO_INCREMENT;

--
-- AUTO_INCREMENT для таблицы `b_short_uri`
--
ALTER TABLE `b_short_uri`
  MODIFY `ID` int(11) NOT NULL AUTO_INCREMENT;

--
-- AUTO_INCREMENT для таблицы `b_site_template`
--
ALTER TABLE `b_site_template`
  MODIFY `ID` int(11) NOT NULL AUTO_INCREMENT, AUTO_INCREMENT=3;

--
-- AUTO_INCREMENT для таблицы `b_smile`
--
ALTER TABLE `b_smile`
  MODIFY `ID` int(11) NOT NULL AUTO_INCREMENT, AUTO_INCREMENT=25;

--
-- AUTO_INCREMENT для таблицы `b_smile_lang`
--
ALTER TABLE `b_smile_lang`
  MODIFY `ID` int(11) NOT NULL AUTO_INCREMENT, AUTO_INCREMENT=39;

--
-- AUTO_INCREMENT для таблицы `b_smile_set`
--
ALTER TABLE `b_smile_set`
  MODIFY `ID` int(11) NOT NULL AUTO_INCREMENT, AUTO_INCREMENT=3;

--
-- AUTO_INCREMENT для таблицы `b_sms_template`
--
ALTER TABLE `b_sms_template`
  MODIFY `ID` int(11) NOT NULL AUTO_INCREMENT, AUTO_INCREMENT=4;

--
-- AUTO_INCREMENT для таблицы `b_sm_version_history`
--
ALTER TABLE `b_sm_version_history`
  MODIFY `ID` int(11) NOT NULL AUTO_INCREMENT;

--
-- AUTO_INCREMENT для таблицы `b_socialservices_ap`
--
ALTER TABLE `b_socialservices_ap`
  MODIFY `ID` int(11) NOT NULL AUTO_INCREMENT;

--
-- AUTO_INCREMENT для таблицы `b_socialservices_contact`
--
ALTER TABLE `b_socialservices_contact`
  MODIFY `ID` int(11) NOT NULL AUTO_INCREMENT;

--
-- AUTO_INCREMENT для таблицы `b_socialservices_contact_connect`
--
ALTER TABLE `b_socialservices_contact_connect`
  MODIFY `ID` int(11) NOT NULL AUTO_INCREMENT;

--
-- AUTO_INCREMENT для таблицы `b_socialservices_message`
--
ALTER TABLE `b_socialservices_message`
  MODIFY `ID` int(11) NOT NULL AUTO_INCREMENT;

--
-- AUTO_INCREMENT для таблицы `b_socialservices_user`
--
ALTER TABLE `b_socialservices_user`
  MODIFY `ID` int(11) NOT NULL AUTO_INCREMENT;

--
-- AUTO_INCREMENT для таблицы `b_socialservices_user_link`
--
ALTER TABLE `b_socialservices_user_link`
  MODIFY `ID` int(11) NOT NULL AUTO_INCREMENT;

--
-- AUTO_INCREMENT для таблицы `b_socialservices_zoom_meeting`
--
ALTER TABLE `b_socialservices_zoom_meeting`
  MODIFY `ID` int(11) NOT NULL AUTO_INCREMENT;

--
-- AUTO_INCREMENT для таблицы `b_socialservices_zoom_meeting_recording`
--
ALTER TABLE `b_socialservices_zoom_meeting_recording`
  MODIFY `ID` int(11) NOT NULL AUTO_INCREMENT;

--
-- AUTO_INCREMENT для таблицы `b_sticker`
--
ALTER TABLE `b_sticker`
  MODIFY `ID` int(11) NOT NULL AUTO_INCREMENT;

--
-- AUTO_INCREMENT для таблицы `b_subscription`
--
ALTER TABLE `b_subscription`
  MODIFY `ID` int(11) NOT NULL AUTO_INCREMENT;

--
-- AUTO_INCREMENT для таблицы `b_task`
--
ALTER TABLE `b_task`
  MODIFY `ID` int(11) NOT NULL AUTO_INCREMENT, AUTO_INCREMENT=55;

--
-- AUTO_INCREMENT для таблицы `b_translate_diff`
--
ALTER TABLE `b_translate_diff`
  MODIFY `ID` int(18) NOT NULL AUTO_INCREMENT;

--
-- AUTO_INCREMENT для таблицы `b_translate_file`
--
ALTER TABLE `b_translate_file`
  MODIFY `ID` int(18) NOT NULL AUTO_INCREMENT;

--
-- AUTO_INCREMENT для таблицы `b_translate_path`
--
ALTER TABLE `b_translate_path`
  MODIFY `ID` int(18) NOT NULL AUTO_INCREMENT;

--
-- AUTO_INCREMENT для таблицы `b_translate_path_lang`
--
ALTER TABLE `b_translate_path_lang`
  MODIFY `ID` int(18) NOT NULL AUTO_INCREMENT;

--
-- AUTO_INCREMENT для таблицы `b_translate_path_tree`
--
ALTER TABLE `b_translate_path_tree`
  MODIFY `ID` int(18) NOT NULL AUTO_INCREMENT;

--
-- AUTO_INCREMENT для таблицы `b_translate_phrase`
--
ALTER TABLE `b_translate_phrase`
  MODIFY `ID` int(18) NOT NULL AUTO_INCREMENT;

--
-- AUTO_INCREMENT для таблицы `b_ui_entity_editor_config`
--
ALTER TABLE `b_ui_entity_editor_config`
  MODIFY `ID` int(10) UNSIGNED NOT NULL AUTO_INCREMENT;

--
-- AUTO_INCREMENT для таблицы `b_ui_entity_editor_config_ac`
--
ALTER TABLE `b_ui_entity_editor_config_ac`
  MODIFY `ID` int(10) UNSIGNED NOT NULL AUTO_INCREMENT;

--
-- AUTO_INCREMENT для таблицы `b_urlpreview_metadata`
--
ALTER TABLE `b_urlpreview_metadata`
  MODIFY `ID` int(11) NOT NULL AUTO_INCREMENT;

--
-- AUTO_INCREMENT для таблицы `b_urlpreview_route`
--
ALTER TABLE `b_urlpreview_route`
  MODIFY `ID` int(11) NOT NULL AUTO_INCREMENT, AUTO_INCREMENT=3;

--
-- AUTO_INCREMENT для таблицы `b_user`
--
ALTER TABLE `b_user`
  MODIFY `ID` int(11) NOT NULL AUTO_INCREMENT, AUTO_INCREMENT=2;

--
-- AUTO_INCREMENT для таблицы `b_user_access`
--
ALTER TABLE `b_user_access`
  MODIFY `ID` bigint(20) UNSIGNED NOT NULL AUTO_INCREMENT, AUTO_INCREMENT=10;

--
-- AUTO_INCREMENT для таблицы `b_user_auth_action`
--
ALTER TABLE `b_user_auth_action`
  MODIFY `ID` int(11) NOT NULL AUTO_INCREMENT;

--
-- AUTO_INCREMENT для таблицы `b_user_field`
--
ALTER TABLE `b_user_field`
  MODIFY `ID` int(11) NOT NULL AUTO_INCREMENT, AUTO_INCREMENT=33;

--
-- AUTO_INCREMENT для таблицы `b_user_field_confirm`
--
ALTER TABLE `b_user_field_confirm`
  MODIFY `ID` int(11) NOT NULL AUTO_INCREMENT;

--
-- AUTO_INCREMENT для таблицы `b_user_field_enum`
--
ALTER TABLE `b_user_field_enum`
  MODIFY `ID` int(11) NOT NULL AUTO_INCREMENT;

--
-- AUTO_INCREMENT для таблицы `b_user_field_permission`
--
ALTER TABLE `b_user_field_permission`
  MODIFY `ID` int(10) UNSIGNED NOT NULL AUTO_INCREMENT;

--
-- AUTO_INCREMENT для таблицы `b_user_hit_auth`
--
ALTER TABLE `b_user_hit_auth`
  MODIFY `ID` int(11) NOT NULL AUTO_INCREMENT;

--
-- AUTO_INCREMENT для таблицы `b_user_option`
--
ALTER TABLE `b_user_option`
  MODIFY `ID` int(11) NOT NULL AUTO_INCREMENT, AUTO_INCREMENT=2079;

--
-- AUTO_INCREMENT для таблицы `b_user_password`
--
ALTER TABLE `b_user_password`
  MODIFY `ID` bigint(20) NOT NULL AUTO_INCREMENT, AUTO_INCREMENT=2;

--
-- AUTO_INCREMENT для таблицы `b_user_profile_history`
--
ALTER TABLE `b_user_profile_history`
  MODIFY `ID` int(11) NOT NULL AUTO_INCREMENT;

--
-- AUTO_INCREMENT для таблицы `b_user_profile_record`
--
ALTER TABLE `b_user_profile_record`
  MODIFY `ID` int(11) NOT NULL AUTO_INCREMENT;

--
-- AUTO_INCREMENT для таблицы `b_user_stored_auth`
--
ALTER TABLE `b_user_stored_auth`
  MODIFY `ID` int(11) NOT NULL AUTO_INCREMENT, AUTO_INCREMENT=2;

--
-- AUTO_INCREMENT для таблицы `b_utm_blog_comment`
--
ALTER TABLE `b_utm_blog_comment`
  MODIFY `ID` int(11) NOT NULL AUTO_INCREMENT;

--
-- AUTO_INCREMENT для таблицы `b_utm_blog_post`
--
ALTER TABLE `b_utm_blog_post`
  MODIFY `ID` int(11) NOT NULL AUTO_INCREMENT;

--
-- AUTO_INCREMENT для таблицы `b_utm_forum_message`
--
ALTER TABLE `b_utm_forum_message`
  MODIFY `ID` int(11) NOT NULL AUTO_INCREMENT;

--
-- AUTO_INCREMENT для таблицы `b_utm_iblock_3_section`
--
ALTER TABLE `b_utm_iblock_3_section`
  MODIFY `ID` int(11) NOT NULL AUTO_INCREMENT;

--
-- AUTO_INCREMENT для таблицы `b_vote`
--
ALTER TABLE `b_vote`
  MODIFY `ID` int(18) NOT NULL AUTO_INCREMENT;

--
-- AUTO_INCREMENT для таблицы `b_vote_answer`
--
ALTER TABLE `b_vote_answer`
  MODIFY `ID` int(18) NOT NULL AUTO_INCREMENT;

--
-- AUTO_INCREMENT для таблицы `b_vote_attached_object`
--
ALTER TABLE `b_vote_attached_object`
  MODIFY `ID` int(11) NOT NULL AUTO_INCREMENT;

--
-- AUTO_INCREMENT для таблицы `b_vote_channel`
--
ALTER TABLE `b_vote_channel`
  MODIFY `ID` int(18) NOT NULL AUTO_INCREMENT;

--
-- AUTO_INCREMENT для таблицы `b_vote_channel_2_group`
--
ALTER TABLE `b_vote_channel_2_group`
  MODIFY `ID` int(18) NOT NULL AUTO_INCREMENT;

--
-- AUTO_INCREMENT для таблицы `b_vote_event`
--
ALTER TABLE `b_vote_event`
  MODIFY `ID` int(18) NOT NULL AUTO_INCREMENT;

--
-- AUTO_INCREMENT для таблицы `b_vote_event_answer`
--
ALTER TABLE `b_vote_event_answer`
  MODIFY `ID` int(18) NOT NULL AUTO_INCREMENT;

--
-- AUTO_INCREMENT для таблицы `b_vote_event_question`
--
ALTER TABLE `b_vote_event_question`
  MODIFY `ID` int(18) NOT NULL AUTO_INCREMENT;

--
-- AUTO_INCREMENT для таблицы `b_vote_question`
--
ALTER TABLE `b_vote_question`
  MODIFY `ID` int(18) NOT NULL AUTO_INCREMENT;

--
-- AUTO_INCREMENT для таблицы `b_vote_user`
--
ALTER TABLE `b_vote_user`
  MODIFY `ID` int(18) NOT NULL AUTO_INCREMENT;
COMMIT;

/*!40101 SET CHARACTER_SET_CLIENT=@OLD_CHARACTER_SET_CLIENT */;
/*!40101 SET CHARACTER_SET_RESULTS=@OLD_CHARACTER_SET_RESULTS */;
/*!40101 SET COLLATION_CONNECTION=@OLD_COLLATION_CONNECTION */;
